"Id","Predicted"
30944,0.0353917130956845
35598,0.087805553283044
44990,0.0510473121662763
12688,0.0212160368734045
37613,0.0619984703850615
2264,0.00943446204679396
28768,0.0794852840679903
15290,0.423048295309025
13140,0.0373421996906871
6045,0.00546109286522145
40068,0.349933349426369
1952,0.0215946130472858
20662,0.0897152835939952
40837,0.359858677578395
8580,0.0195725831466808
16750,0.0130887799879665
42420,0.519058481398699
23237,0.0436679860841398
14734,0.0223112457116939
37968,0.0505042019732337
9623,0.0486494422245725
33745,0.15258285054744
15939,0.0231088721821769
9536,0.0140967550310751
955,0.0242805907842528
37901,0.0567047947825127
10800,0.0284615852445619
1447,0.00193756917390133
21022,0.205611081055633
44988,0.226174926982152
3294,0.0650001531714356
16298,0.027230016313886
26003,0.0167846822462891
20434,0.0472938118965718
4218,0.00674427340089207
20557,0.0300328585793529
23491,0.0206889988448745
18894,0.0409530192122408
1034,0.0230046797971755
16853,0.0391817299815118
19817,0.0383432894232639
34328,0.0937845469312885
44694,0.0362247378842393
16295,0.021933299880215
24495,0.0286972588792976
8082,0.0428836990185188
33319,0.0901081345824902
2634,0.00559742157218378
9657,0.0518720359836337
13845,0.0332772176461154
20962,0.0499242832969179
14432,0.0271089262254558
10097,0.0185136378684619
842,0.0373932026445429
27178,0.0772214644492559
39134,0.0641676213788423
9061,0.0325842497907083
10440,0.0369122553411318
27923,0.0244143026924767
39292,0.0362198406121952
40132,0.44834627532546
42283,0.475276335922566
22327,0.0425717823084769
6670,0.0228435118200837
17063,0.153950276873757
7928,0.00692335986152386
28631,0.0434612254949742
30718,0.253528245415692
37488,0.0974049628000638
1676,0.0105416823902872
21812,0.0244498267545263
23009,0.0547505596809454
3942,0.00507141586946076
43358,0.479919522255743
35311,0.0380936394860196
30580,0.102776993819678
28066,0.0201044939333643
31976,0.0679277191663613
38467,0.0101428338988643
6217,0.00442086117252633
33586,0.0707360147626018
38602,0.0226254517326453
12071,0.0168324585530625
20821,0.0168109281221986
10090,0.020894067456124
16722,0.0434640504339106
320,0.0165192225477356
36408,0.107147826852271
18118,0.44614221540786
38607,0.040837643440538
38547,0.0310364148455302
17919,0.00876901837732881
5128,0.00486810939190943
470,0.00857195656594139
237,0.0108106630895945
8140,0.57422026127796
11777,0.0426477350593431
40652,0.399475954894313
10904,0.0347424715553944
35340,0.0540399068068986
44130,0.0738271149041582
24738,0.0185652924559992
7063,0.0065316585688977
36624,0.134828691445357
22054,0.0258186947128845
1327,0.0156281536446419
13421,0.0267261412838682
15246,0.0888322052259676
3595,0.00740815097631656
8826,0.00719094085263326
13400,0.0991131257145826
30652,0.0476447742750343
4897,0.116193321585928
12622,0.0124696323443358
12960,0.127836325965821
39940,0.20520361761001
36316,0.0980519389792333
16735,0.0164491238398164
2307,0.00517410866205477
36511,0.0699590882568002
31877,0.0735792758855702
8642,0.00133665310530658
26079,0.152902492616605
43742,0.120769971037332
40216,0.784506842573331
41997,0.592497994727443
370,0.0117133906983754
44563,0.107790489581149
24982,0.011540048360081
16556,0.0119736462460591
20759,0.625160171854332
32444,0.256488924199198
35987,0.072474935019686
42987,0.782395442393764
40762,0.11961856310487
7431,0.0194681545139334
1343,0.0098478468124851
22564,0.0933462861325489
15627,0.0081611360377958
42584,0.0754751686475232
42695,0.0272253888501935
12101,0.0111146410712062
37384,0.0439081310314435
41271,0.165673511130529
31319,0.327097998253579
17015,0.0934829872454893
38074,0.0302000331417453
33250,0.0606433931518951
34177,0.955639579642428
9304,0.0220991182211561
31598,0.0797938990826507
18220,0.0201294209647589
13414,0.0392708151147259
30913,0.0572105350868646
41536,0.407870987033486
33814,0.0749797086328574
3168,0.0110760572747637
9661,0.00695534179463342
21500,0.121294706654368
10613,0.614569665397469
19602,0.0116017070092301
44639,0.167821162199384
36188,0.058727445140793
461,0.013913950250457
12010,0.281677925410347
32302,0.952812854471637
1910,0.00525180415746298
3549,0.901393754900001
19587,0.525521764593034
35512,0.0253956533684935
41242,0.730224661047278
37703,0.0659654401711048
42436,0.224290772170154
14408,0.0571908016506646
34666,0.0691387488847516
26728,0.0164135967256197
17488,0.0289285125635988
16151,0.0730838048178316
14221,0.018849113494436
32962,0.0659008417444663
42876,0.0384548004312364
44066,0.0647807593230173
15400,0.0411978556812088
2218,0.0405808033574751
41324,0.0733931930702384
3886,0.0325441021934573
15122,0.043904091107346
28021,0.0455708475351808
39009,0.0156475184359372
1760,0.00894232812953062
31217,0.350051849753567
4658,0.00597401381270376
45202,0.510532619620519
25187,0.021247582435291
38205,0.0611903710467344
30845,0.0399251574298206
9134,0.0353886718898591
34397,0.0658186397688937
42224,0.136401724849586
35759,0.0628264401398807
19409,0.0329133206629435
38834,0.0389794992315633
39790,0.663629008975275
10246,0.0269918429466098
16434,0.0443649569816206
7022,0.0168727098036579
36977,0.0119417279487132
27930,0.0210437319484691
31732,0.131427779721449
19861,0.102597319191926
5900,0.019911793609177
20414,0.0435823582274737
9463,0.0400105479511589
38427,0.0248965483830263
14032,0.0267980611262504
15172,0.0681196723755764
23450,0.0130930180749097
19888,0.0354768645946124
31780,0.158789510130211
11230,0.0304581591588925
18923,0.162756124508836
41417,0.983921336031561
5215,0.00809305141746339
18410,0.0228136140677114
8956,0.0446037248530109
38568,0.0319415053961224
4887,0.00532749288861505
28285,0.228974331447397
7473,0.0259810537854892
3045,0.00423386176495022
33901,0.190953152566306
35021,0.0355337868177416
29015,0.0327293413672381
3968,0.00442510437962314
8596,0.0525381192231995
32082,0.157866983487394
1134,0.00465809034767733
45045,0.496617260290792
33772,0.144324100147078
13266,0.0401393528543785
21907,0.0429460317305651
8929,0.0120792080363987
20398,0.133564219688127
26298,0.0220552225691001
36328,0.0219372437137103
15691,0.201405443228869
29373,0.0411837481640709
25955,0.0432180485814927
41917,0.391617216044673
40658,0.136913371257919
6298,0.00871244820115957
3069,0.0275969447077762
11260,0.0189363875235944
24267,0.0315226274518351
33825,0.151840008983432
4496,0.0134415386935483
21146,0.0305188056940405
2593,0.00765533386425122
6083,0.00190881402016469
1556,0.00916675483176176
14072,0.205261310542929
29324,0.0873690008639041
27936,0.0332198195190649
15768,0.0233107623972167
14977,0.0238533668710953
6584,0.00571028023319038
44313,0.746224830401985
37170,0.119725104095931
43992,0.197239045524655
6285,0.00815564504451719
6122,0.00434307254770824
24732,0.0682578129073789
24809,0.0170684167964172
38711,0.0128628985364199
25181,0.0261192854355624
4099,0.00870289674998573
3582,0.0117152736929711
19865,0.0359918815567945
41098,0.0490500629052959
7138,0.0330052278863758
43087,0.151718176612296
24687,0.0357038337752898
544,0.0119514328429939
4706,0.0147042590870865
18896,0.17709503033576
1897,0.00536097482881693
15134,0.0833486274399361
19281,0.0365993937710124
7934,0.0134051107542641
43940,0.0711906160836099
3887,0.00391589847064797
21933,0.0424663365254344
29645,0.0457792491515494
33396,0.0419839554319329
5930,0.0824977438155657
28231,0.0196913488358473
20353,0.214869903690414
38701,0.750892327845346
20582,0.0509842127836626
8141,0.108839594427998
24754,0.0269461542082689
14609,0.072503911883191
14715,0.0175283703859176
29116,0.0339834539034491
23504,0.0108913347373884
26879,0.0400777393466679
21075,0.0420699595463486
9583,0.0210409185196715
13848,0.0643205847522673
6548,0.00333095220596408
31831,0.0769786472727367
40583,0.0353478610744135
41276,0.319639687867857
9971,0.0415372578735971
21053,0.0894076595872699
21029,0.0700282375976585
27391,0.100554560979054
36154,0.0627995507201431
24827,0.0479967984637946
23434,0.0380049874084589
17059,0.0445483375983426
7015,0.00886406822559375
1928,0.00961947873637177
16470,0.131466613041761
33127,0.031720937270236
13332,0.049002963559693
43972,0.674526598170718
37566,0.0232326074142304
34438,0.326516526851474
1839,0.00530428355339241
5986,0.0112293844488783
4057,0.00415918087898154
33020,0.849631403989579
44457,0.143834653833422
21396,0.0508951350082897
1484,0.0182043056710405
16671,0.0541864201911711
29573,0.15376446577899
32717,0.0669186830128067
17696,0.0283090647453329
25332,0.177047912258126
4544,0.0288353728547863
36972,0.0266392593646374
10238,0.0177032103303158
28438,0.285400755443446
34361,0.842742986788147
8482,0.0356577938622211
11154,0.025491929971219
10001,0.0642607169502217
14569,0.0425738044654054
6747,0.00808200161878668
33327,0.154389459088067
33016,0.0379038805260415
40508,0.0583984524903285
36731,0.436183231826451
37997,0.0470524685498759
13690,0.00415720382215189
40985,0.589848089615207
40774,0.243306243687545
26038,0.027428336965313
1845,0.01469411441511
25519,0.0949351468675528
35773,0.0424142998408895
28374,0.0310508312648451
32947,0.174914796633556
11464,0.114044704894858
38084,0.0269995254587902
16089,0.0299662547017211
33229,0.0830473158617007
4991,0.008197816799575
34744,0.149229449607943
1038,0.0153180266899178
6752,0.0643269633829864
2343,0.0320390280958937
21231,0.112950397764772
21935,0.0545789100780849
17441,0.0480604207386482
38852,0.016308412447192
12488,0.00713893830241369
7329,0.0172519597730503
17004,0.0465305558255279
14486,0.0171862883059974
33620,0.0254118937222206
37796,0.0160955731373771
24885,0.0754782140442352
29500,0.73126407462039
41012,0.0461787434433461
38840,0.0261811294961988
32073,0.120121140210996
9218,0.0194777088553414
23801,0.0535144860204194
34790,0.0662490675752525
1983,0.0203865794562028
35769,0.0439873119866602
35601,0.0837370605517581
23345,0.0636584664328213
8714,0.00917275834587047
20034,0.116513416094545
31030,0.0514463623265478
44767,0.0233706802735064
35581,0.0378016232449038
13335,0.0139586126161498
39376,0.143922031974317
13310,0.0875884186622259
16865,0.894821216128588
28115,0.0438472226812244
36119,0.0280236448900256
32452,0.0804420654651851
24607,0.0244890559209308
41080,0.193247701468592
6817,0.041602129338792
27492,0.0128074405561605
23238,0.0132158921779811
35660,0.0853143063778378
27841,0.0315622957666565
5065,0.00742350119890339
25363,0.540601540933792
21640,0.052596398080795
12682,0.0505873248479031
24568,0.0323961268759685
31413,0.0584769572648763
5556,0.10097933321396
1667,0.0134935044668228
29215,0.0916650218811099
7162,0.00588842053968442
27387,0.036278129250942
8149,0.0334833269389668
42479,0.239884502799418
44252,0.00609921160457878
32275,0.305734167950211
14678,0.0152367913133274
22067,0.0409068732376611
43111,0.137655536022011
18507,0.270142798772379
43180,0.554733478614507
36922,0.0351603798900569
36175,0.233203526445223
45072,0.370946627217457
38202,0.0444320357338655
31499,0.0666624283610822
10457,0.00480802884987996
7384,0.0048933310706455
35885,0.0381080652336799
4749,0.0105078746060062
42572,0.536677562717479
12102,0.0111681901280716
17216,0.0190701554016297
3843,0.00979417235106663
10379,0.0261863573239321
28154,0.0179448886593793
22144,0.0654608517085803
25790,0.959017498488043
14785,0.16252123271331
11163,0.0244620523128145
18148,0.00589105878514961
41569,0.551697605073783
20562,0.065024080167718
11905,0.0013598841069285
35377,0.0360287194607719
16498,0.505234981246656
6525,0.0103633980437118
16299,0.16360518893038
8121,0.0216844301407484
34504,0.167426529780354
29430,0.284111759773799
27274,0.0287402461776869
37895,0.187846526846475
1053,0.0338204508808206
7331,0.0111041064305418
26575,0.041066865016565
23687,0.014970752152271
6394,0.0302197987384301
2865,0.0624141824942376
3162,0.0104660069253168
43449,0.328810844616342
21120,0.395104555773467
13641,0.013152369039452
30469,0.0394925494041276
29391,0.0878391028477879
22869,0.0828994668498996
40431,0.032781672830161
17866,0.00866484462087433
30301,0.442523395204683
3008,0.0119013238790848
12771,0.0609237262196919
13128,0.0353933112528144
20194,0.105568159943672
351,0.0102161500471285
38524,0.0344711327533801
24733,0.546788693315373
17598,0.11724811888477
476,0.00915011648791408
14007,0.0568465293374373
625,0.0714792965625816
27858,0.0888362609429498
21692,0.0838811913636576
8188,0.0151829570186572
26259,0.0601154689403779
12958,0.0258169700539239
40396,0.0149197152678506
14642,0.442691458178874
43080,0.179508518465455
37946,0.0580795159864978
41789,0.307550066885697
20574,0.120197887107288
17873,0.0275939671040567
9557,0.11634856113132
30895,0.0352762772491579
10225,0.0347738953492378
11585,0.0180760046513025
3810,0.0363850889885222
7147,0.00972340104410096
19330,0.0404329112452599
41437,0.907010509383815
4893,0.00748128003544362
35101,0.0191286822265592
21355,0.0552055099429236
8187,0.186853357329315
22911,0.040159527998621
15006,0.00737835131084599
27275,0.00959623900787984
38550,0.0380599902559757
33167,0.245035368703848
36913,0.194186287458453
41006,0.472750989807034
13944,0.0746602883591172
33436,0.120567834439068
5895,0.0116089581001807
43775,0.09832719383031
33868,0.528096499462133
13222,0.0342207004932473
39904,0.19339702235513
28357,0.0404665864075965
14768,0.0244466464804481
36562,0.731998506926009
8259,0.00800293565358028
4864,0.0251833656627583
36676,0.0567256111538721
39115,0.0568173729442553
2546,0.0332014441995006
34212,0.715461141524475
4056,0.0903920229447618
5224,0.0257370416206929
28722,0.0728507990290043
16236,0.0453453179899554
41610,0.993114252805617
31417,0.479735023934753
9883,0.0278207755633916
41837,0.500206343149637
27824,0.479489401431826
8966,0.0255138856364422
41953,0.160426007660326
5142,0.0133890902714949
36001,0.0381823310678537
1751,0.0271551768424267
16111,0.0662307347505716
30193,0.199703331596235
10911,0.028344488990499
14541,0.0345363044512985
39033,0.0334359705564109
15770,0.188349109733483
13741,0.0885398792306516
33543,0.0439898345940787
43682,0.113768810027283
42394,0.381207402315872
31039,0.0801484320193409
34360,0.12760807793915
26519,0.150350973019886
34753,0.0488444069455153
16397,0.0158493831796205
5679,0.00706990367167197
10422,0.0369961938769665
17850,0.0390170853858984
35348,0.055343916382902
960,0.00393230917910228
36957,0.0915627204826743
1844,0.0198731965484667
31693,0.198150942875164
11652,0.0351754115505897
25825,0.0601559420206631
25528,0.0190694763462336
17247,0.0104973396164619
32400,0.102691308496429
32307,0.25074322652704
26933,0.101649133119559
32327,0.349454170650164
26752,0.0458155641129922
5975,0.00475180954209495
1163,0.0143956508045114
32011,0.129277512365998
44015,0.340330995631396
1913,0.00764387372646474
17284,0.0150625228847537
28002,0.804186696256752
29246,0.0368958290556476
4027,0.0118260454198652
14513,0.0113128831006245
36796,0.0398733898711108
27086,0.0351476844802362
7920,0.00529504526888641
27778,0.658444787969573
19790,0.0555677693313135
7124,0.0508307274534479
44513,0.552561199971832
28952,0.0301637417535985
17067,0.0315444957011456
16444,0.0625346280092701
19135,0.891637817343917
7604,0.0107082633976228
23602,0.00681341067337352
31385,0.446447180462792
21534,0.249561238403835
32118,0.110598976767159
44962,0.874962416357415
33018,0.312335124352911
12261,0.16263155614906
17151,0.0231749063943797
39358,0.0350580534953262
28833,0.0118840595241697
17579,0.0703950594862621
38771,0.047978833782689
39656,0.13260147143458
19935,0.0183780874692183
42136,0.0901580950619298
38949,0.0287063892306504
1226,0.0254499822298774
40280,0.201277797938287
8407,0.0147813273305713
15518,0.0577324709195268
43213,0.484259543467975
8628,0.0172535136564606
40957,0.0891595908451168
39012,0.0403958198165974
42289,0.46034263123365
27957,0.0199370842057886
28883,0.0498790381075615
21281,0.021571602315116
31756,0.129111899074787
16078,0.0132856964983317
6331,0.0158039127999734
25557,0.132808428760507
7254,0.00789495763732898
4079,0.00625080155299763
39386,0.423664643220663
28409,0.0220614545194858
39418,0.63404207287289
14907,0.0187474376047833
20932,0.0366295845306058
11649,0.0269107537822794
34729,0.0249525591025852
4463,0.0230417282739902
15377,0.0264463267531369
1956,0.00963855738091222
36633,0.0603079663787869
6672,0.01224744934316
21244,0.018991512094696
28957,0.100908238359873
19180,0.237898432586435
19556,0.0275630765385662
4386,0.015645151822054
17959,0.0164537159156037
17341,0.0150570545391889
43927,0.988368642299827
11339,0.0126607982308772
15530,0.649766418700468
361,0.019917606065348
15166,0.0191305699617866
23441,0.0337575457071986
34903,0.0168258968895209
14256,0.0366976472383277
5187,0.00737338455423185
27010,0.0318524103378777
32970,0.0720515161448768
22543,0.170428662857549
13564,0.0870178030058995
12483,0.00731855097832551
43897,0.848892746928961
2201,0.0192159058470621
25069,0.0287314960674497
10837,0.0340765517375686
18995,0.0344733510284599
41152,0.0430561816612439
30951,0.024685360214007
29938,0.176899589311544
39220,0.0828489589365931
35250,0.0575883098817756
978,0.036290269967198
42235,0.0827757134503231
35784,0.152350283407558
13175,0.616572349357929
26967,0.0251323655467923
17884,0.0221928759180772
11333,0.00810343793725927
12195,0.0176724253407305
18481,0.0553639113115914
2579,0.00619636779558429
32280,0.0893462808890878
7498,0.00385582353002659
14489,0.0208146979124566
1111,0.0104082615063171
13242,0.0714012954332905
39836,0.238495797866624
36101,0.257618724567672
8286,0.161089391973043
26664,0.0813891031187828
30781,0.0814903265449165
16270,0.0350936681436266
40889,0.401954248755484
4508,0.0109098553131559
28677,0.0503496355080264
7417,0.00857198548274579
18287,0.0331326026965415
37896,0.0340146774207193
43373,0.13959630507357
29971,0.106381601619806
11296,0.00759018537073402
6524,0.00142419621835386
10067,0.0284367023844278
2918,0.00605814940369311
975,0.0080986465177596
34245,0.0680481657537495
38572,0.110661360158443
10991,0.0145769481774061
21366,0.49938898127286
14024,0.0461200066132053
39841,0.695509349000949
8292,0.0228327340850085
1428,0.00631812975060226
28972,0.238288319112551
25745,0.0270376718100608
29294,0.231368593193517
8180,0.0218863898424599
24570,0.223775228754197
24844,0.0342742801276871
10154,0.0973066499334178
35957,0.333131820462524
44612,0.099840768752813
26923,0.0350674303657963
23997,0.201860516762673
41459,0.757421701568882
5222,0.00828679231939492
17198,0.0194953067974339
4387,0.00946843614536087
24328,0.0787191423955025
38790,0.0349648950392443
28574,0.0598121474263592
21681,0.0373386757190995
20807,0.0335993941061106
4421,0.00620724648172746
40482,0.181834851981104
13398,0.0186550833598427
40389,0.0965651779577112
14741,0.213368184137231
39804,0.223389622875419
34710,0.0350465927944017
38780,0.0168055224034787
16597,0.0609453279829207
23155,0.0301360767744802
4328,0.00937702590496902
10045,0.0349814520724946
539,0.00405985166658585
1463,0.234609631328794
12644,0.00325563256929009
11218,0.0400409195889268
19889,0.572504896925029
6837,0.00785590877723799
39471,0.114436168294158
20269,0.298201411365198
26777,0.363718468015803
39743,0.0743581381077761
45021,0.863288892479985
27238,0.199415711406648
3864,0.015787247513304
43285,0.411001236656785
30989,0.0669468762075935
42163,0.22508796147297
19514,0.0555731207918319
17773,0.0414747513813057
28731,0.152936385936945
2779,0.0191334410233736
35694,0.0503819518765701
988,0.035274702174034
15375,0.0594876479315263
22930,0.0196347087128259
18006,0.443119734801637
11240,0.0994663271914515
23353,0.00287733067293707
25588,0.0491077651788102
1540,0.00814043397164469
2933,0.0140148638450804
27291,0.0109081502860424
37459,0.0514425548350251
30840,0.0590554147564947
36088,0.665493143411497
2939,0.0126421393524284
40789,0.0433708297222242
40188,0.714266510469126
20683,0.0550601766203107
21177,0.684171412171671
11894,0.0200768006323702
45131,0.291019542660597
25990,0.0174809340239592
19770,0.0246589768573584
35641,0.107703321737692
36816,0.0724157300200833
17366,0.00687472760193257
41391,0.295374788621017
13068,0.179106665418286
45170,0.0414606829552416
44152,0.844486687662738
31906,0.102454761771276
29619,0.184900582863104
38322,0.0459178577813606
40975,0.125719800747895
41414,0.610543462584093
24883,0.0286617322096935
35270,0.188658556792888
21260,0.0146039544083698
34433,0.050152205600427
38072,0.0369976378161073
40246,0.594035628125691
41584,0.768023590924509
39805,0.0709537477927299
41725,0.983471981595133
36058,0.12044201446576
39109,0.182865197775883
13255,0.256153948245629
14744,0.0941068369714158
40277,0.689802893996844
38264,0.218289062443746
32707,0.0278827950984125
17011,0.0277643439443174
19053,0.232240628074493
24077,0.137090931269005
25040,0.0210740854160232
17192,0.0420491836654698
41438,0.891364673923341
19877,0.0258195209941502
18807,0.0253639141326167
30809,0.0176283854409248
25552,0.0944672336503035
3796,0.0304235013459392
2642,0.0515698994360337
11216,0.0369923796249156
24487,0.0573567763656292
39787,0.979650710114408
6231,0.0116039480477195
11844,0.0633269732399133
21689,0.0655563748998769
11097,0.0182903895242056
14471,0.0169441915079692
20833,0.038033841673812
25392,0.20687496404459
23757,0.0504087004235987
12038,0.0327795364921037
15444,0.106867784735802
39605,0.0962757677658162
11787,0.0124010721323284
34208,0.0275081778008789
5151,0.0296452896219537
35372,0.0171190175761704
3325,0.0188889455615268
28076,0.0256304819026283
17939,0.0908864488392983
35528,0.0388293476846878
22438,0.0580707835713231
3691,0.0267585448373517
40108,0.1015033005926
39496,0.127639431804556
21049,0.0350855696242187
10123,0.0254514269729999
29376,0.0413959257604147
17573,0.0496178402049791
2569,0.00656583332646317
8268,0.114788710221456
34338,0.153694694002107
7638,0.14598703016599
2916,0.0113433676444625
4896,0.0505088648738948
25081,0.139016412689588
37051,0.0543709457152683
39857,0.732945305545027
33762,0.158426855382531
39737,0.0803030509431102
12887,0.272814555718676
21963,0.00432036125412303
32434,0.149457632568355
8324,0.00471043597373018
19362,0.0239563160450499
27053,0.0220177965625945
9074,0.0592691169857502
30900,0.063785914207432
32971,0.0995204284026314
20389,0.0331959376918869
13858,0.0372803796923037
3838,0.0175031973117294
1299,0.0754566805514529
13889,0.131417438920396
2357,0.016670671414657
2972,0.00738086185623229
1621,0.00476341050504145
5520,0.0412533624479571
18102,0.000897131997798533
43639,0.0221268114815253
31476,0.896698982611091
9736,0.00332602920181293
6290,0.00787114190130214
18132,0.0384543448161765
3629,0.00590562273218528
12063,0.00399233089180697
45102,0.925602920272809
15873,0.0522850282394792
3128,0.0966503861622648
26074,0.0217192697347995
5512,0.00582318497321119
41386,0.399821499766514
43866,0.018716654925237
10523,0.00729327197023182
19447,0.0257730846621729
5292,0.0137277076698726
29299,0.111369773799004
19004,0.134822048771564
24773,0.0379771312056871
15999,0.0531099623393963
42352,0.654584635741883
34733,0.0214835926315917
28676,0.0160808608016301
31304,0.377525604529818
25336,0.321601190809504
17451,0.00325698141031515
12338,0.0472562043407631
8845,0.0146979173056976
26070,0.335679448839244
41923,0.460249602002369
4675,0.00385162122899775
33947,0.362010134568795
4941,0.0260230159665894
17933,0.0233124296937785
427,0.0129789295791688
43493,0.0449251395345319
10843,0.0186330709304775
6952,0.00491259817170764
34256,0.0419571329812022
14901,0.0234428503434441
13891,0.0136255462159123
34670,0.0497931021866982
4770,0.0112725704421134
9931,0.00674297223560032
11233,0.0157723117166194
17682,0.0728802825577187
37991,0.159192821925695
34470,0.09384337361557
4714,0.0131535878558153
7430,0.022765106011006
26431,0.0245925936758383
22561,0.227345217482332
5552,0.0135050939107905
7425,0.0114967322775974
39557,0.205496654229755
30217,0.0449646341153345
35162,0.0236315237128781
4529,0.0131534395442721
6917,0.0494157067953934
26016,0.277085038432335
11899,0.0235559502623128
26643,0.0433442671045478
18338,0.00131756470517511
33463,0.192326857226022
7568,0.00905858169328123
31121,0.149841590890883
42970,0.0606582245738133
25276,0.036759571141518
42823,0.142254937345076
3895,0.00928018961435241
31130,0.0635464524228857
25637,0.0175963657543531
38191,0.0242565200650326
38236,0.030982974372355
32145,0.79981534674018
40041,0.277932764943559
37268,0.0244707261847462
44448,0.156111128562706
26214,0.0253464902246319
13225,0.0815248271510476
1873,0.00486129445251283
11518,0.0193251193065402
39595,0.474177086567696
22320,0.0439372678317126
19918,0.0520347339321407
17833,0.0144039299524221
14389,0.0128751180620573
2737,0.00920534082554651
5045,0.0143851745211473
34972,0.0416144540002506
39991,0.760025204923276
13136,0.0532039682641455
38355,0.0276705761932997
34410,0.0197571710924904
33068,0.0595749044806297
9749,0.0285649548976657
13907,0.0767892280028797
24196,0.0524527291939113
25165,0.0486884915520046
9565,0.057060349461864
19086,0.0540774339125994
10814,0.117288839642858
22215,0.106923308087221
11668,0.0122162443752036
35137,0.0181728082033892
38400,0.256400909274872
27303,0.0660151043939073
18425,0.045575395851363
8916,0.0117752179824545
29881,0.0376545298342017
34444,0.11513081824759
498,0.00961014812118927
4955,0.0184038213885866
34015,0.188464412150844
20739,0.0288191306874361
27512,0.0306307086926316
33830,0.114566946570313
8327,0.0748885337263662
23231,0.0915606530537719
33450,0.213067490381829
354,0.0073676065496982
30794,0.0977580510225723
39336,0.0164125394453972
31501,0.999829085684692
34005,0.211125374282198
15131,0.0223124753667628
31698,0.149714658516863
32502,0.0412333911790653
25693,0.58987401426847
32413,0.0869898217804685
30496,0.088881756898793
10678,0.0207311388450306
12949,0.0669944219477355
21464,0.0379832489930343
17128,0.0914352791505687
34368,0.198351481131329
38128,0.0640077074228385
22865,0.0411500620485113
23621,0.0848339280928918
36039,0.0304651228682279
14019,0.029109055117302
29512,0.142960557068847
38578,0.588711239887859
16059,0.0427664902274054
42935,0.0365494581950102
19200,0.0636229077714899
24046,0.301581682910604
40978,0.0328764372038833
38744,0.0245249719259379
43569,0.220896631634847
28849,0.0715442783428046
34230,0.0325387065089219
11418,0.0676818681863973
35437,0.0497709474075685
8886,0.0997267732157044
40432,0.0309332492329277
11628,0.0237056698707985
23844,0.132800934342602
5140,0.00547544057657236
20032,0.0091033633750748
17567,0.033212203176965
25297,0.0327412204337457
29919,0.306487711821551
10656,0.0593689144967818
35207,0.051408796237318
26315,0.277797469679286
43512,0.354614979311031
39152,0.0497464901877813
15241,0.548982234153085
24149,0.99999993138293
34565,0.11130969695131
22387,0.0758297983976565
20685,0.118081054410478
1091,0.00381631627054672
33743,0.83777949284002
22432,0.0800715743483863
19033,0.0310969373746245
13551,0.0316185445038435
9916,0.0242299980275723
8063,0.0868897112781513
23291,0.0209578890730242
4704,0.00857030461060878
41424,0.258972485927185
21303,0.100243467835892
14970,0.0198723965930899
34104,0.0764844454273102
12477,0.00246369360341326
23560,0.00257839812078185
21103,0.0475026476705723
5888,0.00947780665494853
36237,0.0379164155272612
25918,0.114078481630757
36602,0.775308706426357
15439,0.353557564364205
26130,0.536493133288714
25275,0.0226823273217264
6018,0.0499854719752307
24175,0.00894334605046249
11974,0.00296643854040391
8997,0.12120401788614
16625,0.0284024416932051
44177,0.367662087228482
11431,0.0303592892605468
30574,0.0272912382529026
19112,0.0431175790488439
7803,0.228853538164991
44570,0.0495179674315114
1157,0.00733604427869609
10424,0.00561357096454549
1584,0.0364470372016923
8852,0.145533675903587
42326,0.910697670375269
11926,0.00155354165051866
11881,0.00126572337214998
43186,0.333802992610391
36016,0.0206509653531248
4516,0.0144752417169042
14684,0.0177936369174668
37774,0.170930719069456
28929,0.0245964421377468
25789,0.186789448716756
10691,0.0240897354078317
22082,0.084615518889769
31420,0.48779107949203
9042,0.0228510438273394
37712,0.348826899678583
43678,0.518568776216477
4794,0.0055941382105141
43660,0.0177351181811382
9006,0.00628073043684616
34511,0.0815389389433445
42558,0.251187023423066
31175,0.193216897551519
27234,0.534047212189993
8687,0.0657279056421108
4945,0.0460283482250609
30070,0.127941961822073
15573,0.0324389537745144
43281,0.300196206904968
12957,0.0764864437645506
12048,0.0215396837007027
24902,0.0333146672054306
19606,0.01916635874832
27835,0.0586896388566081
7192,0.126563518589045
34297,0.53394151939668
7461,0.670961323382907
21480,0.0288905065652879
11849,0.10466148331338
37649,0.0502770372601309
24117,0.793493107447965
38010,0.0406823649872848
3074,0.0124952696132286
32182,0.0621582562274762
17716,0.0299419153399157
26303,0.0120175145439435
10756,0.0193931654776356
4974,0.00738132285555722
28402,0.0686283628359331
4453,0.00464442861620007
23307,0.0281964865380568
40491,0.632190897610991
44815,0.229356899108717
4859,0.0115433959486437
22134,0.0297375097516087
40251,0.240956066956314
6492,0.00740773708580591
37223,0.0988847973234736
23485,0.0402467210082001
26015,0.0406732751550974
4814,0.0473553100524269
31433,0.639986207286798
22042,0.0612770800337749
5990,0.156376859800003
44334,0.979535084780624
379,0.0167598040466628
17928,0.0299798437426831
39720,0.0372280187038755
21173,0.0466061182404329
21999,0.0834745407746124
19130,0.0417230206960115
40044,0.115688657683184
9436,0.019964177360281
8500,0.0221988418745551
10027,0.0125707765833532
31277,0.394430365299164
11062,0.0164781089024502
43202,0.847434279137319
26262,0.0168074163456908
9107,0.0606123859996783
16493,0.0211370152242
19588,0.0317661185213618
23566,0.0340882693329166
22253,0.021407882415003
542,0.00951830250302963
19383,0.0332178150092275
38980,0.0564241612221135
11229,0.0131425261664652
28403,0.0104182683372462
26300,0.124677131702173
7833,0.00937986853165087
11411,0.052708615591747
31242,0.439153131532459
40526,0.346108414230273
38112,0.0226436011937155
20527,0.105137085325975
27057,0.0204215120252825
12407,0.0345187208239358
43688,0.55857914863173
5064,0.00852960132742239
43525,0.91370132980216
33144,0.0401289084823196
23472,0.232783557364391
33604,0.0708916430187317
41762,0.267623753772045
5003,0.0281759331196756
27331,0.0771501680606227
14876,0.0339417907113154
45193,0.116056091859803
40366,0.419075315542957
1945,0.010154539911815
7169,0.0108312271692
10268,0.0307988554668686
5989,0.00641919432070583
41756,0.189094484561035
40871,0.0285564724460895
27380,0.033657629875078
7588,0.0120169425942292
9482,0.0486831045302945
1180,0.00625054049309049
24499,0.022588930647276
11783,0.00254774532896634
11093,0.0233105056229418
21086,0.042034871745515
10740,0.034618394770176
35843,0.0153182065773888
35741,0.0294984624008407
15092,0.0278852129027128
6088,0.00741508880602391
8193,0.0239173688875641
5087,0.0186362949641998
4588,0.00503651444694127
12633,0.00427230575311655
31924,0.107650359226305
18668,0.00212712640574534
18884,0.0457616487062299
27764,0.671910366188248
18739,0.000998651970379296
32504,0.116726136056075
24573,0.0264544520001313
29330,0.155844774745378
36192,0.039346260352272
18586,0.104155955616747
21463,0.0604848248112598
5109,0.0560393820533526
35664,0.0470971507292255
10131,0.0230648566330413
24921,0.0243688635758436
14069,0.0360146418775501
30952,0.0866699774629541
32105,0.155578239211952
32498,0.0575667140311075
6113,0.34768513419249
32360,0.0366262509269827
37825,0.03450686814341
10515,0.0235720228498702
18621,0.0293409994313751
28158,0.0397025773360816
12061,0.0227325620498759
1263,0.0116854484200846
10592,0.0341679996432825
755,0.00654780974768755
11440,0.0477342988080166
21676,0.0590602873096351
4053,0.00964540039191817
38298,0.0166557442062516
44260,0.00285621748666284
24007,0.0468621603969501
40689,0.0879329138172174
4369,0.00616012285272802
13261,0.272040027656105
32130,0.0434208631225423
8397,0.0144298812734154
39197,0.500287900518539
31395,0.550356452752522
38752,0.0388613498320037
24208,0.016500385490886
3020,0.0831128841495282
19946,0.0963116361106398
11253,0.0764651504582582
40170,0.130717406770295
29731,0.135888273026301
9133,0.0431994311367283
14101,0.0364103871865494
35119,0.273288181056575
8437,0.0189999788164548
1737,0.00885058158105411
29575,0.0665373796012336
26734,0.0246661041257905
15723,0.310585363136897
453,0.0115724300252299
16185,0.494726210622514
1572,0.0430291437697637
38605,0.0187314686103969
1794,0.00533104452401122
18457,0.0668368167650225
2394,0.0165311691936977
22386,0.0330474767543967
3889,0.0201696451950585
13104,0.0287008996515811
4630,0.105916793777317
986,0.019771885089371
22506,0.14317726835518
18817,0.00301585887050344
15954,0.0179103343817559
13786,0.0294896225411227
23284,0.00939017953826646
43736,0.196352558010462
25878,0.0703208028315201
5633,0.00379417101500918
37218,0.0724552350747831
22472,0.0518814313909324
42914,0.47465228987858
33571,0.194803000281112
8793,0.0112999716229553
34434,0.0496532888077795
11548,0.0379643540061961
36782,0.0076999827456713
26362,0.0322524048948868
20960,0.0604540922959539
27158,0.0159980684697151
30594,0.0196260381035118
19226,0.0569833222840074
32966,0.101557917587067
39448,0.0615526251875535
27184,0.0957996025836045
32677,0.0678598254038946
4512,0.0156441056986578
11828,0.0183273851738992
22856,0.0630952956367876
43450,0.664083518016357
39036,0.0500865587411532
32249,0.0469985171426334
24376,0.00709261339961651
38079,0.123312575966495
18438,0.0742209059629257
9587,0.636546840396415
20679,0.132749671925381
30271,0.0878722481257208
24970,0.148609105903129
42837,0.0662485983343547
45196,0.529915739943645
5214,0.00649195059835832
35483,0.0413526533666011
4641,0.0632919679522049
25058,0.178259145945674
36566,0.499330373127609
3211,0.0110270034197201
40903,0.114355794659027
40364,0.849570851373137
27402,0.0274966024833717
38743,0.0106974845875823
4039,0.00422569950380333
38382,0.0161716713553185
6786,0.0107224090169909
19610,0.0375298682650434
44919,0.0915546308236004
574,0.0196225100390826
5387,0.00664154399828098
39783,0.277978788126218
5551,0.00248800844046726
28092,0.0875828528036196
41287,0.161105971090261
37554,0.0123296937257752
28335,0.040705567834599
5115,0.0160704837732854
23529,0.0777448706290351
38429,0.171373839748011
44425,0.277939905737054
28813,0.0274423867465326
25098,0.0130519346185938
34465,0.0343734396214168
10439,0.019190793982942
26097,0.0481347485641012
24382,0.292269296281297
17443,0.0540777644490264
39281,0.153246025470013
20865,0.329983567566165
9655,0.022144563499804
18639,0.00640953140516188
39179,0.0384336686148454
8665,0.0401504716198978
24048,0.0147051832255173
24748,0.0875785443740154
40742,0.0251626199380462
13561,0.0252858753451626
4384,0.00514359924923394
12744,0.0650626835640604
12002,0.00939987332656502
5042,0.0532864776122856
12749,0.0224420200489792
33441,0.0334373400040797
33649,0.0405692887136957
2021,0.00870134861307738
21561,0.0716106493413673
31610,0.282183705317173
3938,0.0132791185887142
26356,0.0960138261557701
39683,0.0487392942388174
19913,0.0296556621859599
32985,0.141772946147604
1063,0.0244626803335955
17262,0.0288859783562265
24661,0.361689044622863
18093,0.0177794603028789
26367,0.381739635173636
3879,0.00672883699860271
1238,0.00905736622859346
11133,0.0525511519794153
29527,0.0548942200699325
17292,0.0116888247572373
12683,0.0289320415369362
20261,0.091386576453498
32069,0.227632312208588
22618,0.0207315023083605
5530,0.00593656507783633
27480,0.0283510631268647
15561,0.0284900961712109
25314,0.0457795055636046
7747,0.0556412379749609
10412,0.0383142987793476
2857,0.0313288649115511
33768,0.181418873732739
38048,0.0268141086814916
37270,0.0216106745934714
4011,0.0145826459762022
24131,0.0348938023981152
4356,0.0039533851099446
14595,0.00966172934988807
6138,0.0149259874436541
20857,0.487462002348443
28613,0.303794563491426
11775,0.0133422542771291
43501,0.19548939659221
13933,0.435933816757936
14470,0.101701726030474
42059,0.308319430727563
4321,0.00833581664024736
38380,0.403985878886217
13105,0.22346331933001
35455,0.590040535475634
1120,0.0102638450180263
27978,0.0530201502670447
6374,0.0097379571034686
23511,0.00845527498158809
6687,0.00671515138917222
30969,0.0360705275823082
44753,0.873917213247342
1468,0.0117830783677489
26018,0.116578316886428
449,0.0100327112035042
42062,0.834561385718253
21140,0.0371953748538784
1065,0.00845101405117482
31382,0.624747625251033
14275,0.0421104768982078
13403,0.0596079493132881
18136,0.0305338019659774
1333,0.0395145576822222
11157,0.020877346692803
14001,0.00709251338471599
40825,0.0357917096169921
10496,0.018561278224714
5842,0.0157616132478028
42888,0.0548877160562176
11929,0.0164314189968165
10618,0.0384481780075269
3605,0.00105455125991681
21608,0.0279364077453801
38312,0.133212905322306
29754,0.0509765272529981
6089,0.0173036842680066
14622,0.0926196151941465
29085,0.0368243691424306
14574,0.0461937626289727
31185,0.164257864207079
18494,0.0363133826634616
24569,0.0307904006958871
25269,0.0358846054400391
474,0.00557851201257201
15350,0.0532083807566254
32383,0.178851224708198
604,0.0102917968391429
9036,0.0210828744168876
571,0.00626657418611398
40172,0.22780918755684
27754,0.325563589609599
35690,0.0660516524139719
39927,0.129873525878598
40564,0.101892632096262
35522,0.0381904817306478
17278,0.0144243530059242
36815,0.0470150499569396
25894,0.0798897424527215
1644,0.0176751941901841
32931,0.169213661715163
4172,0.00406104953571817
36985,0.647600931500435
32436,0.266530779731041
29831,0.0649444124696794
35004,0.179479219884732
1052,0.00677914109664732
8562,0.0314645521258638
36760,0.035362176690182
22895,0.00879702250172959
30283,0.0917351372453445
31359,0.489696824597086
12003,0.00299874101806397
18055,0.237190836302821
39648,0.652448079177089
9859,0.121011653604881
23851,0.0475105950893254
3087,0.00832726378865412
12050,0.0334715827459537
18541,0.903763611978436
40248,0.338254893849153
5446,0.0110864274357395
19977,0.0398978330964894
6017,0.00398173130801117
12760,0.742200252193826
7865,0.018425151774971
16976,0.621647447494975
35481,0.0736049204254955
29153,0.119529335015936
3412,0.00739289235078294
35961,0.0406388154114901
21084,0.0922956253437346
23132,0.0723212399591497
36263,0.168849578548881
4158,0.00473097812531555
41780,0.315439009827081
19192,0.0471741012472774
42130,0.219716977843375
13869,0.035722692178672
2190,0.0400269422007297
16951,0.047284131160996
20529,0.0312825779774016
37363,0.0403470419067483
29907,0.184852042985834
9537,0.0523758294397339
3798,0.00467413025973015
43036,0.191724798103587
43964,0.231120620313718
16534,0.0110184646183914
31507,0.127834945667738
9241,0.0466357333741204
31887,0.454343769535982
35671,0.722712292903529
29395,0.0963145826701076
29589,0.0592313405466176
32359,0.125221627336981
5039,0.0138976716749709
6559,0.010484034888267
20558,0.0252507665491611
6936,0.00279347933866422
28408,0.0168824548423298
12536,0.00822677379414185
4944,0.154295991499715
6915,0.00827921947357495
14857,0.0397843515456255
21263,0.055412059951946
13259,0.0336981446615443
252,0.00523151223996501
29392,0.179947890485428
15872,0.0241119346943726
20939,0.169089759503012
40053,0.298844418357346
22735,0.0145200855073874
35296,0.0833249970384719
30127,0.0593319086255938
29630,0.477040173788093
18230,0.0190498996893494
37724,0.0116805793746073
13063,0.0653169140671781
11261,0.00213048561538348
38998,0.0430308040474359
5145,0.157511978135344
26490,0.0656260252561829
9825,0.0236491662013829
39331,0.0537940794475468
40813,0.0701569889389516
22886,0.124028355037929
11021,0.0521287389631302
3207,0.02099973900685
38244,0.429842815240625
3165,0.0241499310121696
20965,0.0548637585394148
26794,0.0612298226483179
19816,0.128009975849099
4528,0.0112699288680755
2971,0.00714510471338891
23276,0.0357892832842315
40843,0.131509555332226
29812,0.122087708113612
6499,0.0244366740612803
16037,0.0122127220722263
962,0.0114063830119693
40341,0.099072319575465
24387,0.0994485179646377
16989,0.034951509695076
35693,0.0889463250650351
15892,0.0200912812470933
28591,0.0291178762436052
22995,0.034982876368216
24735,0.0191093444509457
12614,0.00515667583465077
337,0.0108933291799926
4258,0.0190107466479646
10645,0.0467650380889007
5420,0.00452960354812841
18310,0.0638851967314955
43996,0.0375221119919708
16317,0.0708796844400278
32622,0.273615921468029
11490,0.067972103222834
36337,0.0753033252725086
5424,0.00497439948981863
4923,0.00959397815151847
10738,0.0170520510517681
35756,0.0663757109078076
33429,0.17448560855107
13180,0.0148800415830364
22897,0.0877553703473285
13970,0.0768612438262143
5776,0.0146681871106285
16417,0.0839795687828336
11696,0.0239997934682714
8698,0.00207754214508905
36596,0.18563810524573
31014,0.0867904425835858
3209,0.016066735703487
9481,0.0123650816524006
25480,0.415112221332217
1767,0.0103978043921353
37482,0.0786651629327639
34634,0.0513674830936127
24311,0.0238554588837709
14091,0.015773504134565
44553,0.468075635085112
12818,0.0404133660164285
15520,0.241487778643341
37147,0.0692072987522529
45121,0.41757534812048
26750,0.0680441149086129
12512,0.0171507420783897
24268,0.0134864963099278
30091,0.181640299735705
43825,0.135434706815253
29785,0.0449411925082575
23167,0.00662196369404046
27527,0.0614289026365956
24973,0.0214082667207186
19338,0.0367014418482349
6782,0.0103091955822542
13968,0.0865179829122098
9783,0.156528325716261
31944,0.107397212791291
644,0.0190338538944769
26265,0.0576748071118783
5719,0.349223196940721
38194,0.00923260341236569
27258,0.0510002653503917
36122,0.0457777598885132
10781,0.0465587195219813
45132,0.611765979396307
23769,0.0103198861973756
31892,0.104895186377717
38631,0.0446274510005676
3466,0.00388387317323144
12801,0.037038878320907
18004,0.0164424024682605
42871,0.383177615542707
12968,0.0596638874482589
40679,0.0740301559522124
3440,0.0156966349013514
1470,0.00448869355146321
44140,0.0919245524608343
18073,0.597969732175335
40999,0.0680130531692566
42932,0.0991435902153432
33957,0.481439504856294
38551,0.0329057280382825
13329,0.0150855853608155
963,0.00993592129558501
12895,0.0175975910986627
40292,0.0834317222012978
18869,0.0707452416481056
5878,0.0163287231839298
42359,0.0462863012558128
31143,0.0881156249093192
16023,0.0266414858006848
40075,0.242785197025319
12304,0.00845483299945221
19485,0.243517619014609
23963,0.048840828038877
43878,0.212976872924502
5657,0.0107004795350354
3779,0.0049877987106929
22585,0.0503198795300901
12447,0.0161036232299519
44754,0.369424512205872
28147,0.0616242009406022
9990,0.0355554088150724
35619,0.0765535097016173
22855,0.0394889221377872
31922,0.0659896948042499
14661,0.0243619163409915
3821,0.00865669548641341
33100,0.0521603660389357
9577,0.0568769105710491
554,0.00999616991251254
181,0.017276508581574
7788,0.0102199179910454
42427,0.078476415266036
39390,0.116915279014025
14026,0.0296712141245185
9943,0.0524306593237275
25044,0.0250651440185247
27852,0.077108645200972
35086,0.0538678161498221
5097,0.0130330294748502
41846,0.131459957041896
9144,0.27443720915368
13094,0.014708658215648
12803,0.00637314645228654
32535,0.265847859442217
22454,0.0854077030660826
17056,0.0511230052104908
17544,0.00779189638875395
15149,0.0419262348556621
24829,0.0580519820799831
21643,0.034346212419466
7732,0.0104028616320141
38967,0.0464463205017316
22503,0.204919478515285
17769,0.0347659768424471
37146,0.26899570610843
30157,0.0406159112175426
41951,0.201013276251459
1234,0.00772077062313157
11279,0.00238446190151751
42665,0.060740718252444
18984,0.32477183331272
1399,0.0166604819279213
36552,0.0612923040753999
6047,0.00945755607974074
19660,0.0464032364904165
10352,0.0210065121164029
40113,0.186593402054389
19470,0.0457927242607643
8650,0.195132864954927
2931,0.0105580872329143
1966,0.00791135344396081
32211,0.104179547691728
24717,0.0468478783244252
8507,0.00846430516960862
20543,0.0727490228939351
15150,0.585477508975957
7294,0.00678385992158847
39579,0.194494476264164
27220,0.0294002082217843
22914,0.0370463003395946
9890,0.0178263216328167
33760,0.123792504022962
21340,0.108861974993634
8819,0.0863166375476064
12480,0.00508237164085344
19564,0.0407905317236726
39330,0.504997160789585
30236,0.0898733134837951
24867,0.0673186202906302
20313,0.220586393047121
30099,0.213094098440623
8733,0.00912313758009781
31956,0.111078734610964
41223,0.100546022743718
21436,0.0478236026571862
34646,0.078564660222979
23425,0.0110685218559655
19088,0.0675396007384276
15529,0.0190901692531758
15129,0.0434313881768655
9974,0.0211971661305064
26624,0.0636267213523729
3802,0.0145177039651146
16960,0.295705566655273
36344,0.0575837994302512
34463,0.0633243403246025
9567,0.00130299969200043
8032,0.0194586372955806
33710,0.0506502892316176
26140,0.0689286002413229
36214,0.215418401185433
11975,0.0301236667252735
35943,0.0252400425592955
39123,0.350169325414624
25942,0.0749610387964807
32680,0.807751920571734
2257,0.016196755236023
35406,0.0283978913634338
40509,0.0477654591543571
26475,0.0273962637347952
29211,0.166720385126672
45166,0.132710788815935
27653,0.0272106183512585
26758,0.0472508433381734
6370,0.0285693387902815
12874,0.0157075915561089
13518,0.0380871309358288
13081,0.0167161134694546
29021,0.0523918789731766
39008,0.110138909092212
32008,0.0371899231444565
32849,0.109358150687622
456,0.0133586727504351
34140,0.334607020866344
38686,0.139107226703121
6551,0.00514800286231332
39886,0.0950102259515432
5467,0.00837347275459597
35189,0.0566504434803891
27256,0.00971999646113481
32074,0.074807878657752
18217,0.319641330158442
44343,0.0939404685944453
12788,0.0748210144351299
23754,0.0431787189219763
14761,0.279606019184795
12645,0.00299554156176061
26420,0.0120195810207674
18008,0.0402374512804176
37108,0.189757270604177
26656,0.024733543131881
36802,0.115424409134066
19681,0.059175003458193
36480,0.0224203364753127
19323,0.0394632281669406
21180,0.093793606343599
11836,0.0178986870297487
21588,0.0699375874248118
23759,0.0236565109811723
3661,0.0147462299520816
36321,0.0271296119231662
43085,0.0657985985751545
8986,0.0390337743767615
36575,0.030180624962311
15334,0.0276842781455015
7593,0.051823366759488
43716,0.0085709031539193
16632,0.0325490278520305
9864,0.0264472194374057
43030,0.94319765175767
7357,0.0047030098439611
34165,0.918349326828164
23821,0.0221561079576646
21218,0.0374307962845318
26101,0.725051372549268
3471,0.011631810020553
12647,0.0106618775100709
8464,0.00521097936996949
32770,0.0596202956141211
12435,0.0371648590829517
30426,0.0664156323663159
14205,0.0239290460191063
44097,0.0655882114005436
14755,0.0122074180081407
19381,0.0750903568468902
1979,0.00586420606893315
42766,0.0907879875337513
27216,0.0404246369222118
11941,0.0160678321288006
11686,0.0266572278999188
25794,0.0384213043893359
16652,0.0253439612343118
15946,0.0908210190667203
34201,0.131887804337884
31475,0.432489431443375
4358,0.00710211384986765
33048,0.574572991229008
758,0.0174091102296837
31387,0.37473229452089
4449,0.030513040662134
23180,0.0227569761684357
3449,0.0143437676761278
30506,0.0556668040829287
24378,0.0219899399618049
21370,0.043718810561076
3092,0.0170400046779356
4163,0.00759404016373701
3315,0.528250500070976
12680,0.120013244294686
35547,0.053650835388252
21430,0.0337073400967564
29394,0.106785401297896
21398,0.113849748444802
11265,0.0270086253341096
6510,0.00999588242394846
7469,0.00384939304696728
32384,0.696109693285862
9360,0.00266334547586128
30483,0.0605414996463744
37386,0.032790063582839
40915,0.406356103425862
32640,0.0549404206735537
10640,0.0627954967412356
12037,0.00698991842717345
9205,0.0438628374687933
1492,0.0220006663773426
9208,0.0340740665325519
39119,0.0281044011392521
44052,0.283588070249653
23015,0.107347792717291
34155,0.188218696350954
17515,0.0121843649593448
29944,0.118323646625017
333,0.00798566038208951
19216,0.0660054886068946
20930,0.0394963962733231
38286,0.0442696211922632
25233,0.037878562209906
17874,0.0379703941065932
9022,0.0734623467407635
31683,0.0623987621577531
42036,0.143965943098561
8155,0.0611243275990645
2721,0.846266554809259
1698,0.00983899001460906
36113,0.017531519314771
38823,0.0142303953144519
22669,0.031033277239201
28567,0.0614354012072325
41491,0.531105149769831
27289,0.0374708564023648
41234,0.101387584438493
5321,0.00609893359165485
25027,0.0191026051228039
38992,0.0287481941943484
28434,0.0331664007587872
1805,0.0270404524683835
5854,0.00556268255104442
3405,0.0107088447973247
6604,0.00707656080928056
24958,0.286035288694024
24636,0.0691266124847217
23725,0.00347728355454568
21033,0.286369310849863
44937,0.340590287138733
31557,0.476528739137156
16612,0.0352370811447036
38559,0.0652572965675308
43376,0.386839227474246
16458,0.0458166379342467
25530,0.0258218320082152
29861,0.0762859216281689
23643,0.0247264676587027
12898,0.046026993864657
408,0.00834283903622778
33536,0.0270005631645297
39908,0.200407254068181
30820,0.0427081526554217
38634,0.0188098325189515
38025,0.128136837104345
30393,0.166660158372915
11742,0.0212132608062975
1010,0.0110365966534554
19430,0.0456869702313065
27971,0.0332074191442227
23811,0.0190578379927573
23140,0.0424411478151917
30835,0.0458887619717497
38851,0.0556587623154597
28799,0.0453351921137424
9811,0.0297724170500623
33393,0.0541834276207218
34120,0.124883979540402
30185,0.0877877884044222
31409,0.276451379500279
39082,0.0588957785919085
15132,0.0496783066459479
5386,0.0111263201806999
28319,0.0218995715372539
24090,0.0479205827664235
35648,0.0661448208057314
29587,0.108857482309728
38596,0.0259328233440107
2020,0.0132487910753367
17985,0.0143767887148054
5035,0.925237440741091
18035,0.0323853387865946
9981,0.0391448195466439
14529,0.0417286981995764
24300,0.0728411249385817
9020,0.0136296700037171
17018,0.0345048075083993
12737,0.0903239569922446
34690,0.0597533753212535
34837,0.0271008171702507
6177,0.0223779782790787
30844,0.0214081707452584
39684,0.0818997414719277
32702,0.0576768232110229
10857,0.0085775921671146
2906,0.00533108998579528
26009,0.0326360928720058
10151,0.108839958994235
5687,0.000930764709050831
570,0.521068081586356
24146,0.0189363836783503
19554,0.0638971000762507
12841,0.169778094091729
3081,0.0400552995748104
32963,0.248317672735207
9499,0.025696588517912
35435,0.178446125939641
6942,0.00882935744686044
5356,0.0050755237791827
39149,0.0307999500699124
17064,0.0525970473241467
38443,0.57894598988587
27733,0.0165110440127621
13229,0.198175263391545
26652,0.0336672733202798
3959,0.0107089035726498
216,0.00985912817192571
35826,0.0218907185168273
3623,0.00649333597017714
36439,0.0523513437062166
24107,0.246539732541629
43461,0.921069201539163
18715,0.0075591754522864
31561,0.219373948532495
24695,0.0169819900626003
5848,0.00691582693365024
21839,0.088522869544178
29721,0.30239617139336
9772,0.0533094655092042
5992,0.0067462677311862
29605,0.481129036755291
30522,0.0427727463380787
39014,0.110539660372008
29513,0.160230241524413
801,0.0128178076231267
27564,0.0172042207704413
26679,0.0394585173829549
40705,0.0407529526570274
41948,0.862635247540535
11392,0.0817468636832133
35674,0.0384485481775296
29203,0.188950458769885
32047,0.804837114602147
14736,0.0341038627729205
27276,0.0301835575927914
38035,0.250118154907806
24330,0.0636423701826105
34922,0.927254813810296
24012,0.0449886267927323
20806,0.630725366931053
27164,0.0516830731563902
11037,0.0114942411836372
1389,0.0343667886757751
6368,0.0144403236206303
32063,0.103663320988129
13784,0.0263584774327428
16669,0.056239353515003
8566,0.0163551998576624
37956,0.128288780709309
43106,0.684211138985082
35063,0.0363194083063016
39626,0.125443622707576
43198,0.881676009895286
30548,0.0393744573202433
33495,0.0986554970564442
8710,0.0653087651493264
3951,0.00313571663019293
31779,0.997824344077861
32026,0.123716403681926
10213,0.0436684950912642
16159,0.0353983383985787
43745,0.21502702323257
24769,0.0403109869290064
28463,0.124249276365245
23072,0.00593152317513349
27998,0.973294490539429
23718,0.00915078021711716
7812,0.942030076872342
1905,0.0220154883836699
6893,0.00509126941520771
18994,0.945105425811984
3262,0.0165225969345136
2767,0.00876771177184029
29235,0.0529915693240109
35419,0.0851305537825404
34578,0.00860526215539784
6361,0.0116960554250889
17074,0.0637887800970195
1599,0.0124560875065487
14915,0.191298376121304
23051,0.0260391349682128
8213,0.00944488213729965
28029,0.0208999606375522
34686,0.0288728853656418
39657,0.047777668253367
21343,0.0339102617056792
13699,0.0203004051197426
44882,0.405587002009123
26823,0.0381087576788951
14710,0.0343837728294464
18737,0.255762718917045
24109,0.0451610773777033
12855,0.0131861453845745
37548,0.0201306514491713
16930,0.0254725500457238
42410,0.314237908225765
27652,0.0848339552609614
18797,0.00728258373497664
8521,0.0249187455849199
3200,0.0169351546763163
40787,0.123689820306825
8302,0.0106869713980815
38543,0.107117197253513
32340,0.144437084368287
44411,0.103228142966077
21759,0.092320086132025
27890,0.0199906253381986
20489,0.0702160985186176
9729,0.0264786236199207
34996,0.0500965917453633
5647,0.0162351632752325
37764,0.0399550589723816
31441,0.273554783128462
41555,0.355432691299975
4246,0.0370631776494782
41758,0.208984793460627
23146,0.0306864435318271
29533,0.0229471339541923
27953,0.0578759714148468
2432,0.0106887079049788
37185,0.224623337868254
21778,0.0263238995695067
37966,0.194655252569191
31540,0.0684757234390983
40934,0.086584825826919
31140,0.0538356809403952
24475,0.125253245775592
39592,0.0773134687185692
8941,0.142650992366571
43241,0.318454078452646
28132,0.0406750985590657
21117,0.151521913346617
14644,0.460384445206534
29898,0.0979270075954465
25526,0.237747806882389
15778,0.0159326502890312
15434,0.070620770983681
24321,0.156724287153008
9456,0.206605317830124
11096,0.0181310083614645
39427,0.0945822408989014
19755,0.0384739819087907
808,0.00989896778471498
23584,0.0201136843053247
31512,0.165088562539824
12636,0.104150407652521
10192,0.00640420951267486
39997,0.267608106324883
3183,0.0169026587944695
30184,0.0715006017303264
20805,0.114871432580001
34636,0.575489093184989
30888,0.00853858093321179
29774,0.017718838370971
31159,0.0694797794834807
26042,0.163681121760593
42939,0.453173363846282
30629,0.171645764403783
289,0.0108660470960964
23008,0.119778441137481
12463,0.00599302473832237
21105,0.62167831294122
33699,0.955712537155058
7438,0.0127079764672573
28756,0.0483476437462454
34969,0.0412175975148469
33928,0.0945239948696182
17123,0.0246118778833785
17190,0.0184567766350362
37191,0.349464569827882
31996,0.102597894865919
19133,0.0367688940276559
1587,0.00861797018921913
37375,0.0527865855797745
7851,0.00149881091952694
22685,0.0290963446718655
38426,0.0974433071688866
5881,0.0563616470141385
32217,0.0946163922945335
4803,0.0602113168415775
29604,0.11407936081199
27802,0.0205101064250949
7688,0.00502361120211337
34067,0.458190499065276
14237,0.013005251788702
31322,0.212462029315371
28549,0.0599981588251182
44971,0.927388411250752
25536,0.0452937871946198
27551,0.0504118910731192
25354,0.0855950728657904
30461,0.523523429532802
44538,0.183712401367026
23959,0.0241203918199229
23546,0.028261626902288
31358,0.614077295710084
36194,0.0380003138493141
13685,0.351562621528102
39405,0.0890269036489321
17725,0.0858461646699738
17918,0.0158253713171858
12438,0.0141303197530628
1818,0.0227924559369651
16760,0.0388720085039487
29965,0.0470084820714556
26536,0.0559207254031616
19083,0.0654283285792633
43602,0.151291988629167
10493,0.0291828761454784
27642,0.0214154279976637
23574,0.0643198131311935
6866,0.0113878441488196
32806,0.156861426114441
19177,0.118255218815751
16895,0.0649957061602122
25873,0.0545013287559591
30695,0.0340723620525143
32927,0.0663094323185297
340,0.0119502584550831
6708,0.0090373294521061
32781,0.176963820611094
28456,0.0141075471277191
23615,0.0978488275443699
25656,0.0324120215263376
25577,0.580132685292182
25832,0.0366051112518518
29813,0.0242065757667309
13582,0.0210610777236503
12091,0.0547074643713074
2883,0.0891618701603942
8981,0.00529436519751071
38046,0.0179214064638937
6717,0.0125348722440066
27225,0.032140133591889
6071,0.0147211715903917
14385,0.629738569533427
2444,0.0192974842342907
36559,0.0273143165499024
30832,0.0221447005735533
35663,0.149712937644215
21917,0.0768609173383006
14229,0.0253113191842328
17555,0.0487165380618269
43158,0.96608200106666
38842,0.109982561367065
10078,0.0236200526662231
33300,0.0572979942952141
5814,0.00605699295398395
1623,0.00801187969478445
35393,0.221499387145482
36266,0.172250909643949
17104,0.0166800901560772
24026,0.13645034055542
263,0.00706991632756075
18516,0.0214143860896291
18119,0.0222183231537704
1768,0.053330285594223
19683,0.0585802661851097
42382,0.264523044740134
29305,0.0480372468624054
1987,0.191902689135607
2788,0.00705944218465081
13049,0.0185945015123641
24632,0.0532233282365938
9195,0.36262980574644
25391,0.052981232772472
9550,0.0211781319777659
44959,0.841921944242644
41817,0.328243929674716
5163,0.0459576525482333
24635,0.122897171093814
10669,0.0167164826410279
4817,0.0341652060391215
44229,0.09041220718855
10287,0.340358280447592
4018,0.0102438642757058
12243,0.0352786680559278
26371,0.058101070660949
23537,0.0153114389608948
2276,0.00900594929107729
5041,0.0087281705932183
35751,0.0355138103203627
33469,0.0492118733618501
13572,0.0421161492177802
27669,0.117499287296518
5858,0.00888209104046954
13688,0.00233615360671905
15994,0.122220738152612
6129,0.0121286193291576
4002,0.367525373081198
15440,0.487914454659904
27693,0.101484144000731
9035,0.0202325783723926
12637,0.0658652961057128
15481,0.0230278182880472
11401,0.0559809756631613
36535,0.0926975860744091
15677,0.0144158664129481
42140,0.0487109147459495
20507,0.0641073609486578
8025,0.178559766348194
44546,0.139934689054337
30142,0.783748891886419
42713,0.0450619209110389
12931,0.0643876193818953
24760,0.023399678645007
42252,0.0714848104512202
32229,0.111278017020615
44763,0.830053126081037
21423,0.0795836347651464
14588,0.0407720227057099
1397,0.00957722948588772
614,0.0103579265914136
15274,0.0325130200007769
22625,0.0580095060110392
1335,0.0053574059743628
19064,0.0717417631187585
35814,0.485658425001562
2580,0.00798482652324135
39048,0.0424169503238733
21044,0.0740724201600459
36604,0.0452245530372427
11395,0.000606274582324134
24526,0.0895428336120089
17301,0.0251591491716929
20169,0.0537279106912575
2802,0.0101518594529865
7728,0.0056687485532355
6889,0.0207109672065534
18973,0.0774199531930106
26602,0.0409146156520256
40628,0.0443310139994251
13484,0.0189214723451582
39499,0.15657962771318
18550,0.0306310727316373
12938,0.0504491886972021
39554,0.0586483532017248
982,0.0619315468472841
356,0.0135613620743706
6745,0.0100931546213061
42885,0.0287628931768666
280,0.0166051516326171
30477,0.068455265338515
25225,0.026377893596874
8827,0.0497425322135248
27790,0.0246322673600732
22214,0.0288877305328899
41243,0.0771780693365456
38090,0.294414498831388
24462,0.599923874832634
7519,0.0104978250518927
4059,0.00626561970843639
35020,0.0269554371918886
28616,0.0397206795418152
17982,0.0149727760705101
41280,0.557032883705135
45126,0.314332394535509
38821,0.0176657279930804
39147,0.0481162757086001
9414,0.0214438117882288
29467,0.0398771313169781
44641,0.108197477387467
10579,0.00667636730879372
31834,0.0595672826223779
27039,0.0901393122654267
13923,0.0937931516460292
38569,0.036211720632096
42461,0.69571805692504
42007,0.724924956048227
15216,0.0369923461176762
2587,0.00459618033555732
31885,0.336206632632289
19988,0.0467381649105977
39089,0.0411554280239072
43190,0.583401711546073
40390,0.298890615062021
6581,0.0184417256937387
11512,0.0293359311177671
39771,0.969063020868873
35085,0.117985067794948
27710,0.038272360304309
2219,0.00870894380704099
38294,0.625351839646973
38876,0.0279199103223735
25710,0.047739310909006
3352,0.104790531283198
17252,0.0156363295752513
15417,0.0620667068409904
17719,0.0498354633485779
19786,0.434496826629835
6427,0.0265230813529321
38389,0.0249790491603604
20987,0.0939367690414968
39677,0.221666011124423
12187,0.0185527184475453
30187,0.0995471759232068
21223,0.0340151970838146
17923,0.055703779732038
43658,0.0644860603100033
37734,0.054404308633526
18273,0.0288340565773685
25851,0.0406014956480796
1409,0.00284385765868132
15121,0.330079661133708
2787,0.0190874284088015
20072,0.214441808866759
7527,0.00539543376896795
27869,0.0381564067229683
19273,0.0453905793576326
19772,0.0501445305679399
39714,0.066709194856811
27478,0.677184941151973
15460,0.0220776042190557
15653,0.00761422499470731
4800,0.011301872013541
37058,0.0417682133674014
15249,0.00608323812119078
30710,0.0464924779159484
33718,0.836123585965179
43967,0.880730735367765
34176,0.1090570394984
16511,0.0548415996427739
25435,0.373448440587946
40283,0.798851758585305
23394,0.0759878314148987
24927,0.472666405687696
40672,0.100502485974837
6313,0.259669723895477
15856,0.0339009252599565
12820,0.166846049129964
23829,0.0288985193166462
13263,0.0227194899833694
21267,0.0397926294011374
7419,0.00810552571854308
25374,0.36690433236379
22152,0.748109561337674
22511,0.0501972630860642
32190,0.831081958413441
36218,0.0231570522161715
18051,0.171249483862909
28003,0.0228292118213681
34983,0.0608324186834318
34893,0.0632862645951343
21827,0.0781668089781496
22361,0.0386143694519607
8594,0.0291212383933366
19054,0.046325871891327
12754,0.227929491049291
37054,0.0783984653500421
8036,0.0341527606863488
20142,0.0415157118354921
35621,0.0264128998622914
2696,0.0137859684601236
4090,0.0178623714714375
7953,0.0020608454638702
22931,0.0193630667755923
30882,0.0347015367796187
34028,0.128949037607607
33465,0.121139169481292
22300,0.0430643317592085
7189,0.419942859079414
39046,0.259701531743341
6859,0.00868033995676835
23068,0.010527274484579
9556,0.0233397662396916
2730,0.00494252610912037
14116,0.0261442278669148
1627,0.00302689093257318
12227,0.0277709937402053
10118,0.0318152017140797
8352,0.0446947076002878
6902,0.0263569865743991
18918,0.164574780160628
28774,0.0279381935473955
31007,0.0454250414221277
29427,0.0569798652011682
10602,0.0269688143769869
27559,0.136396968212024
43161,0.525199085105279
12042,0.017821201527555
43175,0.827684651787356
43053,0.436958767135166
9584,0.0257164893386157
4844,0.363861782981571
10804,0.0109689472314124
35855,0.932334793827441
26721,0.343816561934404
10130,0.0536385659293917
20390,0.0704018632303294
43232,0.594433655427838
14564,0.224717421164958
28296,0.261656491330481
29540,0.0944754709991669
1107,0.00412609624198253
38209,0.0585719062099327
26181,0.4163712810259
22753,0.0644278893906865
35947,0.187793512286828
14282,0.0217193335053692
40074,0.114745801125838
23274,0.026142173421599
36958,0.175634009989491
18354,0.0197192645131118
35138,0.020651650968215
7691,0.0144189615832977
42103,0.108466168523426
21789,0.0773724595982863
5159,0.305662142306905
18172,0.319756454425714
1083,0.00779305713734363
39819,0.268312784559368
41859,0.574021200667436
3912,0.00485436398718913
13962,0.0367155642711829
18283,0.0341774359673898
1799,0.00476792786148875
15433,0.256408051777861
18359,0.0208096712126312
12442,0.0338169358965268
13223,0.042561180136124
27973,0.0318366159774312
1690,0.0044966388408007
18638,0.00104917553277431
11369,0.108605843066308
27129,0.0352245299383281
28537,0.0786224144821195
17185,0.00834615979291935
26417,0.0173798872991131
12402,0.017104742525677
12812,0.0692872539836619
22066,0.0124393310235503
17161,0.0495075946068357
36202,0.0422660750831981
33839,0.0398559468972023
20251,0.0215896016235035
25155,0.1969667112051
26284,0.0380687290644793
40330,0.0530295965330138
3837,0.0231502595693558
1541,0.0228828799029048
13788,0.1988634827058
19682,0.0519402854118091
42204,0.092982406053919
12781,0.0839551057852088
24281,0.111613657492049
16741,0.0317598284540005
17117,0.00495407906604887
37288,0.0888405844331594
9589,0.0143259063366158
32488,0.156053701080368
31037,0.0309379592027183
4551,0.0145210424942462
16252,0.0252227768727976
16876,0.0772734656105275
4724,0.00757198989746217
6690,0.00926673472180045
11080,0.0228180043200742
23427,0.0185544286033877
26509,0.887214635691043
38231,0.0173676161976318
42767,0.103619064502026
29996,0.124530389951514
26770,0.0420829397145498
30387,0.0195596628726776
14247,0.0425052257135188
31454,0.527131919610368
33737,0.207541946479055
26280,0.0602122348092427
43772,0.232592387556083
11177,0.024922523537373
15864,0.0180987022405273
33723,0.192234838757146
18959,0.0149046660641681
44793,0.489969598809977
12170,0.0430456857391498
38393,0.138837522627334
40377,0.322685172030702
44031,0.764598505566951
43333,0.483181296230588
24313,0.0483012909412706
7518,0.0106524506031116
23507,0.0273306130486732
21493,0.169319155124947
36230,0.0354134978252063
21213,0.471954190507578
17354,0.0147897549893048
39163,0.122271324389185
40451,0.0805858008640501
41156,0.0541781461026312
698,0.0106506939973662
39977,0.215769711054074
18139,0.0754453576118447
41505,0.233127185218458
26989,0.151739866375218
7742,0.0883337466394803
37093,0.063788907354264
12952,0.0216987131005375
8139,0.0172491058271405
37001,0.0794344465919293
31808,0.303690268963409
2333,0.0102725387133525
19616,0.0809549601062287
43490,0.175523417566141
14482,0.035221840103343
38893,0.040581925087128
41704,0.93237271394361
39276,0.0277843633919831
34128,0.339113897421143
26238,0.0457869985663567
40553,0.0553073135328943
34865,0.0634307011290239
3593,0.00320890813407476
20581,0.0325187305341536
33223,0.0290073669991793
6058,0.00583643421166064
32863,0.146776702484995
10026,0.00590703424094975
24887,0.141320020757507
16919,0.0434679906882506
42273,0.0751064478210413
43841,0.282680360498617
26314,0.0947403254279374
5017,0.00744189264634167
40368,0.665966874581075
16324,0.0413649835881239
26618,0.0662352709543016
11785,0.0212018811349453
34976,0.0578063938996229
9892,0.0287459693142463
39697,0.142107645580226
15579,0.231610138998483
43655,0.122241164807816
27080,0.153711269107872
38484,0.254635808813865
39470,0.0611528195702761
33187,0.0244078610919846
4855,0.00813152797239624
21901,0.012968943659022
33946,0.115401460732026
13042,0.0302922195654239
11959,0.0141953603322301
34554,0.071050356176648
32238,0.125690740143475
9678,0.0018087419606247
28633,0.0781798855296254
14524,0.0177689564891913
1354,0.00508032592417009
17720,0.0134823499586805
5712,0.00397047286975289
360,0.0106143623604359
31968,0.0346744612117628
8290,0.0069187591330809
33827,0.1061091284229
5984,0.00782917263154768
19833,0.0531554996869214
4176,0.00895105663244029
11507,0.0321889344100429
44454,0.0730950644092505
25388,0.0215430278783436
35590,0.0441920405086366
42564,0.0463398810271206
9855,0.024763646896735
15179,0.023459126002737
35667,0.0385350194180907
20825,0.261220579486824
15696,0.0394887482491412
3578,0.00126646598446368
9412,0.0171528881480378
38130,0.0417183541151524
36811,0.551710979108405
42378,0.231524334128776
34,0.00968560591149321
39756,0.0908137560399375
37266,0.0866486380769484
45151,0.578073527505106
31232,0.531413908287409
20379,0.0628697546397391
31015,0.0431944672386686
1664,0.00883807852756388
43383,0.78262343001987
11122,0.22819921264394
14843,0.0398109761673208
31725,0.0883805872645431
36376,0.0373919031407394
45109,0.0911911877790135
918,0.00656708123148089
13117,0.0486244584744995
24110,0.255101677367529
22456,0.0485337131867128
34844,0.0259213797990844
24650,0.119837506543634
25100,0.0214939703137697
42402,0.0892228162957324
13669,0.0767550515808581
41318,0.420927091268614
26747,0.50653458345667
42544,0.415528322284491
43303,0.399049949970399
37925,0.43422939926566
16767,0.0525210604351382
12658,0.0942263860384546
19822,0.0450025699403282
15183,0.571704785684088
40225,0.165458423507166
22981,0.0436306928199448
10650,0.0553679495483682
42206,0.0747850119450198
24006,0.0226671373756663
36713,0.0192577699449703
44575,0.142176903275689
11491,0.0390538955174926
2505,0.0122472439118904
38984,0.0699648266437671
34115,0.0998948641551499
25333,0.025189153570671
35219,0.191808820995262
18244,0.165099261354672
41238,0.334263354271
21081,0.124022778761676
39120,0.084723761804007
41371,0.0648169079750057
15182,0.0325350468967434
2034,0.0759351594335148
6401,0.016478471751161
36594,0.0148501858964099
15603,0.0557841732161117
9895,0.0255350585947332
2783,0.00816375781285264
28289,0.555750633538127
25458,0.12073123440516
17501,0.0211946899763209
37183,0.0207479543126145
22645,0.425884073717839
8743,0.012951770803338
29506,0.0918123918539789
6535,0.00433777125341169
41401,0.107308598255357
40157,0.0956552777967225
3078,0.00694343251478214
40486,0.0415521156334043
38697,0.0166355381535144
34291,0.0716386912765767
35253,0.0294840898141736
40772,0.107825543115555
8055,0.0519801368926885
20035,0.146219765186787
16000,0.0249318338859749
24443,0.0380483378503853
28642,0.0389982326618491
31757,0.0569525424103099
33893,0.266103912051582
39765,0.254729497939257
5300,0.0202135035625421
4784,0.0121222044506423
30338,0.0390655636951034
4994,0.0260467064035094
15188,0.0757020687944991
7285,0.00775354454916562
42403,0.994813602923952
11772,0.0168607949616078
4156,0.00450631317656955
9963,0.0410615044084982
27451,0.0123820947108949
41237,0.0778058342732664
24280,0.0294347626107906
34069,0.0591979561104235
27386,0.054600276799907
28639,0.165849764693574
29428,0.0475838829845803
12473,0.00532613856794339
25719,0.0904168735677293
14467,0.268129862683858
318,0.0232840464867472
24950,0.0146811208275442
8625,0.0333400425590533
16679,0.0148233845193604
1059,0.0101595838173354
23564,0.0563548216426829
21972,0.0555970653377248
11052,0.0302761614574237
21093,0.0438214195142037
26812,0.0278772899841377
32525,0.0354681691355685
20274,0.0474514574718842
1141,0.358511010491346
14501,0.0149095515069649
44700,0.0242389879028338
2537,0.00813676238427268
39270,0.081817484515967
19351,0.0649976072626916
23275,0.0320794623268595
26934,0.0514735500773649
4996,0.0148840603210847
7474,0.0107103351871454
7373,0.00758179975511517
5121,0.169077406536823
11882,0.00821650143787614
41834,0.564695608293554
35033,0.05938172010731
2125,0.00536802464287799
36547,0.121836262037501
4332,0.0143472948399776
21763,0.0421578283516358
39200,0.182462416889188
33857,0.0594264141930194
8872,0.0094796119550521
30346,0.0859220797114177
21760,0.221714332716728
25227,0.0419207256163783
26827,0.803407728934159
25571,0.0289498542589779
23165,0.0202317744266542
5250,0.0117449829540554
28835,0.0596455591985962
12417,0.0161678525507665
34885,0.0263848826275518
42319,0.0715336294471866
38625,0.0153467780252853
19979,0.0400037624558529
20350,0.0784804684571409
818,0.205870074915042
28398,0.0506247007047523
802,0.00630913790093665
38087,0.0181128061039472
11286,0.00710329935419978
7654,0.00806442661320477
34195,0.0776777774861448
29088,0.0329481108731699
19811,0.0676214608358311
12628,0.00631744590407848
25784,0.627130044017347
17191,0.0113561827979574
31227,0.614224840548745
12679,0.0265006327053649
11076,0.0291217237937039
34500,0.103630579703907
44519,0.695667244216377
17592,0.0561990505056447
3848,0.0361073009429714
39772,0.176263562631646
42180,0.0804624221441985
24915,0.0757984637770527
27374,0.0536761641280738
11816,0.0296514507324232
3070,0.00887642176156394
31980,0.216994805838542
39274,0.0184171004098876
25747,0.0408054510270688
37011,0.0483472377311963
15720,0.163388237575872
43472,0.765175241259599
24373,0.0387068493017694
36415,0.112875629438366
31208,0.41991645873918
43188,0.904340804660176
37955,0.116579718384232
11972,0.0123490965307108
4757,0.00467570349881507
2517,0.00912385185768221
19759,0.0611296927033915
39667,0.212175312101014
29431,0.102311835805709
24413,0.0198950139556318
39796,0.0887206900524423
14255,0.025722778148527
8992,0.0209656002490858
25045,0.0823903186371093
10096,0.0277440456485751
34174,0.277124551242895
44033,0.514079765156642
20359,0.0415998945554266
1328,0.00852970177189698
31782,0.0643109676019333
18423,0.0229956830614667
34404,0.0341725313559085
13082,0.0554369922747276
10196,0.0224834091499603
38491,0.034437837950894
21268,0.0288384063480914
16881,0.0185828670825443
15391,0.0473611820775104
14296,0.0288146319423109
11008,0.0347682668547073
12508,0.00392587004347922
32567,0.0888875092408502
11981,0.00224840618941675
4841,0.0204479242605317
39202,0.208547602198648
38320,0.0584620537237177
13973,0.0649621677516158
41296,0.286157576960816
10569,0.672195373987517
28109,0.451505520701899
16170,0.0612384021680327
32477,0.0800604436008758
2296,0.00181022866573045
30754,0.114416467012686
2861,0.00607078679642318
26077,0.108109445949109
42320,0.104164397079187
6505,0.00564127733718331
8694,0.0112520371110798
27336,0.0474333207983652
3562,0.0172090258268817
31245,0.226493378917192
43310,0.68117369331899
3258,0.00480022934808269
22293,0.057369019803004
6580,0.00970160235217258
30597,0.0545031367212294
17830,0.0264602148330233
5251,0.00850193427815332
32712,0.0361106449693337
8971,0.0279028734949164
37564,0.0195323582378938
7918,0.0064628889298978
14869,0.0401197998146911
35817,0.0486837790107777
35629,0.104688803601899
14044,0.0591756991714538
19601,0.241698134016861
19486,0.104477452996033
41679,0.175339098473884
43581,0.207841620428848
23223,0.0467542604728402
17288,0.0185527759733168
11043,0.113589937635216
8869,0.00794682400324367
6319,0.00484793183206968
6544,0.00558327265157303
6253,0.0120186975274531
28944,0.0278017693743762
526,0.0158760463239037
36283,0.074126003854661
35473,0.0339953063011204
27322,0.0619361317403407
22063,0.0402430526594247
23526,0.0531401751993572
17504,0.0239280515166328
25746,0.0414257690782334
30145,0.0952359225992732
24019,0.0591554211094835
17464,0.00960756538254015
8808,0.0173556910175257
14070,0.0210907742608382
16275,0.304840604508078
17932,0.0248609593644679
44874,0.120976459399259
34304,0.120250891482107
1164,0.0125521522617989
37728,0.0271622366855266
30928,0.0506940327026598
6382,0.0326442886831544
10597,0.0119400824577607
23712,0.0163545045802758
32980,0.177630684298733
2396,0.00857027012786343
18610,0.0216336969289615
37133,0.0257836132240302
654,0.0259155822511453
43617,0.049666790868724
15557,0.0204750944541334
2210,0.0822050148790619
31703,0.516321296043988
36053,0.0677100547296069
4914,0.00574824314628571
43153,0.285180054725742
18237,0.0285066845261918
40492,0.0562447969783608
15755,0.0995827167378147
2134,0.00416985413995006
13648,0.0278981436853991
10293,0.0267237377677552
460,0.00602893668081391
29366,0.0106479867296546
21882,0.0731824277458333
13606,0.0131217396573628
14996,0.0481396519849319
11478,0.0782813387018737
34762,0.0917718029625804
38642,0.0376031825188091
26270,0.156977638530038
33704,0.119402201851803
37193,0.0618496507740785
37004,0.0426356690278851
22970,0.0585106511909467
31431,0.44979671701131
41909,0.115807229064847
36008,0.0388659960388673
15496,0.0186162132661548
21474,0.034377554900307
26729,0.0281641851201847
30266,0.0350297764127888
2912,0.00451864276917029
18329,0.00534258440203811
27023,0.0155242311297848
18563,0.0582291105749855
10860,0.0147137959991939
26409,0.0340235043049954
33898,0.690548880587076
6700,0.00781078272042912
19380,0.247675817086712
20835,0.0366897595122838
4685,0.00701122066336411
10947,0.65687609081839
20430,0.0538089489678123
1000,0.0264512357096098
13277,0.118885581508659
18644,0.0150695570020865
31479,0.217616154838301
29597,0.0166290992077062
14202,0.0170022454108362
10887,0.121522121572739
9880,0.0277717477964724
25555,0.0166428166583081
25075,0.0478647197732116
15819,0.129644082655366
3242,0.00670147904463855
18504,0.0446335833176256
14534,0.0144246225512606
11290,0.0152972985346287
19668,0.254261338715334
28466,0.0394628600060133
7839,0.0214330596463369
29122,0.0384288602614
10950,0.147215485614978
14629,0.0503657915539002
10811,0.023152407532591
24963,0.0318989227595896
3365,0.0675466818774804
1122,0.195535409749775
34814,0.135113798759568
18932,0.039494401342609
30026,0.0359846577945811
33516,0.201582182378206
28872,0.0173173509845218
23531,0.0597580755596305
12574,0.00892767234043095
27604,0.0908831874445066
42325,0.177202856000616
4920,0.00995883367937588
28873,0.999821228267211
24509,0.0323706067763684
34770,0.0254823285787898
13964,0.0165905418331255
11155,0.0269004871822594
5267,0.00906266638662009
28951,0.0286541348623854
12197,0.00198983707565781
19012,0.0620214145459554
41680,0.368668425110747
36592,0.0331661122954426
21431,0.0798404922555424
40713,0.0645293005077779
31702,0.0901550971617759
17116,0.23239964450951
4726,0.147280086904653
345,0.00437630161783265
36653,0.0352271700787653
36209,0.0303281557045751
32142,0.112570043428753
15978,0.120984584469957
12092,0.0324411446857528
1445,0.00252612864291128
11017,0.0270916482820832
44045,0.0119083634905855
33869,0.311920805819867
9010,0.0102569033998012
7446,0.0244550629644709
25152,0.0243826924394678
22384,0.11655581547259
20701,0.0377345850712852
4925,0.0109624548396547
14790,0.0374862797911113
19831,0.0402885484498188
24861,0.0355196751688037
14448,0.79697647836073
42890,0.58030196612592
33965,0.35558268732392
27142,0.0492604302816817
43911,0.430058411578532
37958,0.0995436181907957
27563,0.0685792280837123
13501,0.0477635668155255
16725,0.605301670122193
19316,0.0478006562396109
13459,0.864918184689095
32009,0.0557936307732849
11716,0.282982691582892
36680,0.0633247437418864
42417,0.154835606038863
27863,0.0329474836261813
3387,0.00775976028067318
33265,0.0911913703317606
17485,0.092744018566295
42507,0.0846146820088088
27106,0.241058851474248
44494,0.631344420135319
15184,0.0617760471613783
22649,0.0640153877776451
26534,0.276847488266511
35334,0.165490857769063
13752,0.0313715596294585
9101,0.0224749565213004
20593,0.0479657226827245
37941,0.857528501583239
4514,0.0173814132014218
4104,0.0606377977076226
24710,0.182301970368066
2904,0.00495678939102794
22071,0.0920336327634493
28171,0.0262637507008303
2024,0.010198770179629
39859,0.363713318853625
8664,0.0159997724873435
8096,0.01141030631909
44728,0.634377176099665
1064,0.00794387156530582
15852,0.0170515894191688
20296,0.0552061207666527
15115,0.0377281083129475
29583,0.156029641309737
42863,0.0482926586550806
15643,0.288583018809433
311,0.0068607312401095
4992,0.0833771868274253
16357,0.356333978577091
8746,0.495078800248771
40276,0.308782792641761
44434,0.143295782088963
28200,0.0552503637234804
13908,0.0266122503694649
20520,0.0801419345388189
1736,0.0173998674507195
852,0.0290565969993913
12286,0.013707952055696
19309,0.0821692182216253
14802,0.0563796507431975
1853,0.00620224480453627
10931,0.031852951433275
44827,0.409298482938633
26205,0.0304343410058501
21379,0.0552951241158889
7025,0.00966219821805094
25322,0.0438315346864468
31315,0.306410554367366
39845,0.0625455124153637
32036,0.180200944163568
10902,0.0347928585975004
11756,0.0419962602259243
15786,0.0126098170444984
7725,0.0213764091956607
4209,0.0026521838149342
13526,0.0326241493445245
4125,0.012981668443643
3433,0.106095137528144
29985,0.0682766618298785
11880,0.015896253166736
18515,0.0194093448997268
9868,0.0291664870992156
40947,0.0500509977981145
7055,0.00984979774946278
19542,0.0672094611883321
14378,0.019056109530734
10777,0.0659697066979607
42008,0.59042672578668
14621,0.0131038369585673
28136,0.0344545894912692
16333,0.0448758853621652
38378,0.0486200344884428
30355,0.0312607528842754
15208,0.0449905613242727
45125,0.56001709138619
42255,0.158305926193101
31826,0.106771983086546
16570,0.0912534754831313
20351,0.0668613026761718
10056,0.0275326582240558
26532,0.0149887010998256
42959,0.835402964901742
38716,0.0290816997840918
41506,0.506188961953315
8670,0.0198884614543026
34313,0.040571459811278
27207,0.00850352684761923
8899,0.00760549037397343
33485,0.152153958538194
39107,0.113774219276162
27103,0.0768731109705858
38319,0.0198072377593401
9374,0.072397947252352
12433,0.043559029339195
2810,0.00672488632098185
34349,0.0211282863603064
16888,0.0352394000933822
7721,0.00369283044235503
36974,0.0321227749959903
29649,0.0271045932889077
42131,0.109696399919123
13375,0.0792134174875635
31339,0.718572037710908
15227,0.033028793890181
8713,0.0757813289809401
33953,0.277857755641101
33744,0.0672457191062933
35214,0.529313440809763
42862,0.570334260299815
23444,0.0463487650186583
26843,0.0302953533290091
24233,0.0287840728912721
10075,0.136556712820913
30059,0.456741513642311
44222,0.0117433935273685
21487,0.0199731674017027
30603,0.0534678049833307
38053,0.0459652568324761
19406,0.0346011059826057
18029,0.0291894911863164
24105,0.198433966864599
38916,0.0272707632168807
240,0.0120110714775746
24256,0.0577744685435038
37371,0.141092178019678
19898,0.0835489632667977
8729,0.0160973082949342
34647,0.0457345928395074
6165,0.00643069842270998
1626,0.00606857669582509
36546,0.0370531423760341
4731,0.114267711236413
42587,0.161798621230866
44690,0.178394172628303
9933,0.0432732727443931
4064,0.00886538601148498
24746,0.0439573014407214
9613,0.334920934420764
31993,0.0463778812883022
30549,0.370846757903348
38867,0.0613389901231337
18531,0.0256899818038964
36153,0.0184044509154018
17007,0.00923324868762005
40398,0.0675534535035927
6988,0.00418348786452521
1392,0.0990122683035177
30427,0.319018552218982
5247,0.00609874650494673
1393,0.0079731682295389
36944,0.0881040397633539
33834,0.0380133677148796
38604,0.0233670446613084
21775,0.125813215679935
2928,0.0305097828096351
9309,0.0189803959635249
36874,0.367825027195277
3120,0.00858143277951787
3065,0.00399682362209491
24610,0.0837160192667003
24888,0.04924446115205
4371,0.0163791733163261
13376,0.0574040652780903
28131,0.013130806240951
31811,0.0599538382169635
25675,0.445733121561822
38865,0.0669777195266444
4281,0.00308358432744449
26941,0.0179162728465211
37070,0.439650037532036
29511,0.15942370284682
17297,0.0118720443250567
32197,0.111992011814142
29195,0.727317077735596
21646,0.0313402773944164
41077,0.106230646725438
14926,0.0303740333228899
38954,0.0204654170197809
24401,0.0222196170523885
33878,0.727730209269945
27061,0.44391701420653
39238,0.129639285206687
18754,0.0248566023452926
23866,0.0428367029512121
37036,0.326592179000847
6085,0.00558254996093851
114,0.010049028271465
30587,0.0371927134553925
43859,0.268815573464883
23499,0.0532736790412961
23815,0.0315983315893764
4605,0.00794938924404033
37214,0.0853899422899283
21113,0.0891138893319528
23772,0.0873114542647968
18185,0.0281173876859544
42375,0.111728592815562
18315,0.0155110889528654
25712,0.0256827898377591
13868,0.252125602300073
10432,0.00754462532849151
14455,0.0272990303505223
39533,0.0807997568617451
31653,0.043456637993452
41585,0.251116131374171
30412,0.0898442685318312
18590,0.0803339864338625
2421,0.0439050884911058
24592,0.0255164900083375
39598,0.955162866707089
5969,0.00911426324660901
29809,0.0811093024268675
38664,0.0189231185226368
27353,0.137376410097897
31737,0.10212708241964
1875,0.00725926278361312
13767,0.0835585643560329
25601,0.0224867663500988
12237,0.0174253266048745
10607,0.0269542785047796
39555,0.113970798147943
8157,0.00959654836924443
39698,0.293931447507571
26754,0.0364400162888484
16870,0.00898771646450167
41810,0.1705706187957
3028,0.264762128757121
5902,0.071802988300611
38960,0.0498321945040867
44739,0.96431259173238
19914,0.043262032629534
43103,0.752177731892244
29871,0.254183647524738
9636,0.0112397175993781
6430,0.0434803865495519
35474,0.0736160371344051
42238,0.0622911524402726
24384,0.0445635429422752
30330,0.0665235943809226
18442,0.0285575147201462
31851,0.980936875783789
1969,0.0121158015459974
30451,0.0686577845915984
27609,0.0256106943815078
36131,0.135393448602681
40243,0.257180884500608
39445,0.0553322994123064
43283,0.785110230807534
10971,0.24545790109699
18620,0.00461757614453648
7794,0.0157258551651909
21559,0.066530439008444
32750,0.132037271767112
25960,0.0752914451568229
44000,0.0226828205887601
6590,0.0137355434585117
19466,0.0795370891545431
1138,0.0147347608996029
23825,0.0514256220556988
6050,0.00407949201589454
40523,0.187011088337687
35154,0.0659661448712172
40006,0.565446149076753
40670,0.209064540268319
490,0.0102097573853153
28252,0.0718903002390662
35331,0.0428843874838414
42617,0.0311753181053903
22087,0.0683912082434592
44921,0.343953260752116
44917,0.265731946060446
26570,0.145325296120715
32614,0.634243574254924
2954,0.00782547075241996
6680,0.0110872373718436
42668,0.191090875395176
34446,0.0375166958219885
18593,0.000459777039809613
28534,0.049846469590203
9062,0.0936104428730051
43488,0.685069837914662
39357,0.0214016360720333
6181,0.00543090679654083
42878,0.111215444222388
39840,0.163402173892594
14435,0.0270603685371421
24446,0.020023893786319
32587,0.100316677843964
17941,0.0648692075748847
15493,0.0277150563497723
18714,0.0000865163585365512
18725,0.00171001439991035
13270,0.0572131791301743
34968,0.246619133030751
39460,0.643796402555251
14850,0.0895586325455357
31139,0.165620024574942
39129,0.0514987439142057
7297,0.0228424137815283
19006,0.0145383969109192
6187,0.0836225305723954
36489,0.0204903617006791
31868,0.0440422757292221
19324,0.0258364061784653
15005,0.0142409538586148
38346,0.0326167332550531
28056,0.0378623339444362
43879,0.568192714516583
15658,0.0734587629418401
22345,0.12844754730778
38757,0.0320365991043344
38641,0.0183536751151897
26907,0.0212073492061784
41927,0.13907757049341
24624,0.0243625273931489
37425,0.038958811159396
30661,0.0276752320880183
25099,0.0195484853693646
33596,0.0543619378669097
44842,0.0947000297739171
18209,0.0424641777568577
12135,0.0195202493437284
3534,0.00843797739852412
2717,0.0152094518697211
11597,0.297177406980062
32552,0.125088403842943
17699,0.0451980462005836
6420,0.012572632616826
10462,0.0403637784569325
26672,0.0897622922381662
35533,0.0873817935312514
18928,0.204103349700099
6517,0.0181085639853019
7320,0.013978828028544
6941,0.0085201944301833
16696,0.0184540869857207
43059,0.986810180838534
23916,0.0763302381031255
25807,0.0550552895532203
23102,0.0219631331196818
24542,0.0284689268820654
5450,0.00910321029868299
14652,0.0338682033433977
11178,0.00948057096122489
20405,0.045446446687608
20259,0.0261025314914317
32318,0.0621605649110169
9183,0.0569781020894729
8240,0.0128730439756368
43684,0.378071712626693
27767,0.0457122842313277
28868,0.0837206368550885
5436,0.0172276204686656
30229,0.0252945918808344
21137,0.238680311236983
21296,0.0404836455255476
32805,0.379698339923045
23913,0.0327292590404911
33951,0.602329717970558
8205,0.0282720729089675
31303,0.411569813653325
27308,0.0419157964165267
11914,0.0315770666994908
15913,0.0312147023688664
11964,0.00702790597407565
26887,0.969107717405292
28990,0.129365034076917
7144,0.00952114289763081
2798,0.0185225033488099
41716,0.447931510728406
40089,0.108293518046413
34158,0.641459573680177
36619,0.0768945312237768
4098,0.00332788649214675
10408,0.037768663129926
13630,0.0614327856451602
16077,0.0646689328468947
38781,0.0289718515518137
16093,0.2432227002411
43811,0.0110099852435691
32930,0.614124100374569
32631,0.0642035229323334
34074,0.93847578064029
28588,0.0425952517843979
13925,0.0165888769972129
6570,0.00593045757941771
4469,0.011934303623995
8298,0.00664925889691472
23877,0.0831069169737079
15574,0.0314039309312311
13659,0.0396217641314877
17331,0.00251100534143418
1467,0.00789350820580409
30331,0.420716013723989
13679,0.0209291259970781
43104,0.328376828387669
23097,0.00953222505275131
29949,0.185797007477158
18053,0.0424695054742965
38372,0.0115339950278914
16567,0.061950538804807
43046,0.334907406913169
18392,0.0676268691422399
10799,0.0195093438799428
41027,0.101606105451848
18207,0.0424887456074748
19802,0.0156933956256569
41398,0.336405824502164
8608,0.0138559895610329
36270,0.0919744543537592
18356,0.0125216153042073
21302,0.0468308229740317
37982,0.0274253631870984
31938,0.403819744316108
19166,0.0502150194380003
38674,0.0227620022946326
21134,0.056841356914449
39818,0.215721952736369
10937,0.0658917381515034
10006,0.0359043998960188
34268,0.118543387828005
44091,0.0842231757465013
37735,0.0275199962763872
19446,0.954394096406773
36366,0.0715307963416064
25055,0.0574339806265049
16734,0.451990331092819
12828,0.0187533157641179
32170,0.194468233601007
19769,0.0600564326695078
33892,0.354748915694598
5234,0.0302946795496624
38746,0.302497224560364
23832,0.11719627597399
15294,0.0269316936065199
35715,0.0178498997963889
28030,0.0295086090388288
26349,0.0353234064341107
6513,0.0184349958313584
13668,0.0148831518342635
27959,0.0227079398659223
22447,0.0685894668368728
20913,0.0212435931360801
5916,0.00853079288673854
32662,0.115560614436174
10042,0.00667629512639662
38144,0.149781677257262
27304,0.0640583579466114
17709,0.0280977018573719
26714,0.036528451984915
38639,0.201842471973492
27417,0.0292725886243881
11018,0.0221631030276699
9215,0.0696443860419234
7486,0.0769552034322394
40267,0.268202192181288
38597,0.0814579856009622
21354,0.0671468622917314
25255,0.0290521285815768
37504,0.0295889507881661
23946,0.00692870823597697
43294,0.608190735019896
43725,0.016789365768341
13634,0.053403425790963
13172,0.0296225543542989
33912,0.86386783888889
23041,0.0346975635279193
9175,0.050971865909208
4181,0.00741642682286171
12673,0.0250236159700227
5233,0.0107888505803872
35827,0.0479003871374244
35417,0.0348766383600337
19091,0.0827549601971478
15615,0.11457020939063
32324,0.0471945839562904
30353,0.0685849473891249
19367,0.0434262855067381
37260,0.116449517745316
40991,0.0250284690726126
4843,0.00583834616500659
24346,0.0125730390789526
4922,0.0116431757011687
28184,0.0379021814468142
3114,0.00538045047082638
2018,0.0153164386274343
18634,0.0370693270758255
18740,0.00214340644113029
34840,0.0482774882903714
43591,0.179065197252239
41934,0.438799391382891
6546,0.00800147184628309
36051,0.00740555798772423
22623,0.0920066252790907
38370,0.0269157039385054
39550,0.468617278894971
20601,0.0224227876794734
28981,0.0426884184491649
17006,0.0269925538783432
836,0.00985280111491884
28667,0.0173340055165013
7062,0.0120484643127948
26446,0.0454977129092816
35909,0.0465810868921096
43983,0.250838613596026
11561,0.0107677408208461
10984,0.0166913694820935
19883,0.0357230821406771
1116,0.00405651911378492
13703,0.021679109589263
19287,0.459113228728351
6743,0.00564187875385017
20794,0.0655813489259324
8965,0.0338465475905852
34886,0.127004799964674
21769,0.0905172700184138
22714,0.0155049913625222
40968,0.837041843432208
642,0.00449201696858137
7846,0.0125358770713462
43766,0.364816218369793
41357,0.0191318439133486
39566,0.146445761411921
20752,0.0852917759514419
16837,0.0217859900018941
8533,0.227477488088395
14594,0.0287906315178823
23476,0.0344886569712839
1803,0.0111877564002898
8178,0.0553132020547343
25022,0.103482571291889
31513,0.149851450006265
33627,0.0495931009474149
39414,0.0805004188058142
20355,0.0354876683213443
8112,0.0404553212868094
33241,0.135136168022762
18684,0.0389158383664491
15838,0.0640813127014593
29479,0.0549527824931718
44686,0.177699704981746
2456,0.00621098304588318
39056,0.124663977048032
31461,0.255198342900169
37301,0.10049249831903
33097,0.126872497654314
21663,0.0474443099691207
36581,0.14305969895073
29110,0.13860214603401
35779,0.0402355593213293
20996,0.0458931894186745
18058,0.0401660477016032
13125,0.0323789823240322
6695,0.014976597396101
5385,0.00586227563344066
9470,0.0445615499100493
15207,0.0252491199278543
37625,0.049485473963677
20851,0.114867641689895
25880,0.0750237437985749
14668,0.190698044179953
15730,0.0106133226382342
18095,0.0113786924962681
16917,0.0397248185738448
35230,0.0279648649668303
41143,0.090504862660087
40052,0.0736464659029256
22730,0.0361612860533103
25958,0.15384455558742
5355,0.00652590825253162
28566,0.0416650780311184
41797,0.861117914902175
32254,0.0623554763350867
33786,0.190031962271285
44059,0.119728844006425
35645,0.0190819988002152
43868,0.166369624392744
17304,0.0142260437639429
37465,0.048435576386662
37167,0.0542307149980309
22641,0.054537114941517
36180,0.0223193536147418
25230,0.0218941908446091
28175,0.0792714678760202
36901,0.0261552384506701
25537,0.0253854519299465
3788,0.0232547813993923
25762,0.0167843468214276
32160,0.246570027313779
42630,0.362795007355646
42892,0.62558590398218
13893,0.331600623545255
29669,0.172751342034368
40633,0.0663963039315296
23135,0.0387182618273297
5987,0.0195204647441707
38250,0.114791188191785
13667,0.51194620821784
25461,0.0567919919815435
34741,0.128569118007776
21623,0.034028621005429
22257,0.0445586634653215
7131,0.00743958377561902
40579,0.117930285483524
7653,0.137725516383799
5495,0.0219054166224101
33637,0.0846697179265434
11693,0.215459219493772
15428,0.0560945729038127
18919,0.0546228748533602
35740,0.128617093336796
12549,0.00295224448306417
17604,0.0461409583927968
44058,0.584882535638406
20587,0.0404646882118412
8028,0.0179266023629911
18050,0.0515941410645793
43968,0.979112629640087
32719,0.0628450754091938
6694,0.00379310448384587
4041,0.00547450722303341
1482,0.0144422486168362
40250,0.131563803160718
38577,0.036607435830048
42877,0.136467142799367
22905,0.0487310137788262
28116,0.0239168600334354
6189,0.00801165376542518
743,0.00743634291976172
14819,0.0529077237435523
21847,0.0674281280687537
21203,0.0614126307113396
20773,0.065989581466245
23283,0.0488199630196201
35500,0.0120365721664227
8431,0.0305824504174636
39625,0.072547702859321
39054,0.0471368139497995
12558,0.00695806274476326
1887,0.0112621517812292
40892,0.0612673497259128
42082,0.259844086622863
42215,0.497458985847632
38897,0.103939392076779
36152,0.142466127527431
12966,0.0524626249619071
36716,0.0387028206530079
548,0.0104961360035058
34694,0.0421001718841993
22457,0.0503431652211786
7765,0.0416801049887841
9145,0.885348523937071
36689,0.0237115873904294
16166,0.00817398850378229
5983,0.00989090231894144
28751,0.0324924531737508
43447,0.280834002205865
44589,0.0117175523019999
3318,0.0145326124147967
42263,0.0602064434372975
39356,0.125753218301056
41050,0.202936308112659
18219,0.0183590938578949
42439,0.571611034939599
19875,0.013397675633565
20416,0.0525751212390382
39917,0.192248530897796
29906,0.133293335036806
12319,0.0328287467438257
15761,0.0482980217499312
33521,0.0357256067973394
14439,0.131616820985447
39452,0.17229417286916
28452,0.0634572328073665
20790,0.0369276296622839
2327,0.00795952925346355
26968,0.23401158923936
6356,0.00649383601534954
21612,0.0697154048572878
36220,0.0294804919921945
7457,0.00916421578120899
43276,0.593280875713948
17802,0.0157450260717791
12626,0.00313959758094753
3339,0.0185246286103942
2549,0.0343415529335409
41063,0.0742554147132151
10638,0.0208343149331427
33662,0.0922007311182895
19160,0.218798814765705
35204,0.0339624178204138
7629,0.0269976182668348
34497,0.0420482994251554
25971,0.0218346192907557
15345,0.0647982934693814
40319,0.132359931240902
10164,0.0136060710913614
32079,0.15266279141026
18339,0.0144676417494568
13805,0.0217053324734414
29825,0.0235930239345544
22111,0.0421390582967759
26382,0.0291338000532776
23509,0.00965447298252141
13440,0.209629436109226
41933,0.392658941059582
16114,0.015545881313748
40104,0.310202755797271
41603,0.152492754683686
41131,0.0613981055195029
40007,0.728283806586291
34606,0.0823233273146601
23857,0.153101896994697
4988,0.574393797400304
19830,0.0351471478370054
37993,0.0404185099613287
37877,0.0560759867849932
23482,0.0878818986308059
655,0.0278667741131712
25679,0.0578002695425544
39365,0.0848783375548541
13856,0.0729798913838341
14174,0.0493844990057289
40100,0.174454082104908
3129,0.0330339009371007
20977,0.172826291904456
34759,0.0458511364381435
39957,0.296044791857007
36289,0.0724819181283327
38807,0.00944741001505084
27962,0.00611376010052282
24637,0.0651613022024418
25360,0.06442582449903
33613,0.153365932613791
33454,0.148864085972559
20934,0.022041815932832
18596,0.0422253494734517
29531,0.00783810962049689
8747,0.0103689010473686
31279,0.486757460416322
5570,0.00886587155263347
12944,0.0221518747952485
31798,0.123439790371645
19990,0.0205359137375315
9725,0.0248112058426363
37660,0.0761240578533918
13642,0.071420452822312
36693,0.483728820756282
8577,0.00600586616652581
24433,0.0480896102169004
21475,0.312932374402834
1974,0.0133810044426394
2110,0.0231006589086625
20641,0.165056650997893
20548,0.0439994307079288
3085,0.0132144768444412
23247,0.0450225896871554
44746,0.693022849208613
21609,0.103469496567418
44410,0.456833010395719
31369,0.452828797239351
12317,0.0864844370818397
31263,0.100992122065194
28205,0.0155278180351542
31366,0.24995677152297
39811,0.227376862042782
40305,0.378419217337196
8825,0.0180925326502829
5004,0.0555810913035123
23962,0.0178983403634697
32467,0.235384762920455
19577,0.0531209313578114
16322,0.0405576913853331
5915,0.012742232544962
32152,0.628271315996305
19580,0.022802494827562
25403,0.0283760303267864
31109,0.145649143522298
28781,0.0148557037287804
10867,0.0189437403167675
36560,0.727196277610868
37200,0.0489156940815
28771,0.150794916827652
29289,0.212314796413526
31911,0.0385964839315846
9769,0.0541592927365875
126,0.0148269729988339
41378,0.72559106313908
16571,0.0465864381735346
44944,0.0182435370064248
8503,0.0813883189287468
40289,0.140071525913434
2342,0.0809384754346341
37071,0.0362325860561202
7366,0.0125065264282659
33724,0.0982569327414837
383,0.0230271824686335
34464,0.247106851338702
32911,0.0701667673720816
19403,0.0724094782535071
39934,0.118121523189332
6715,0.0132271317257447
16836,0.0464414521870719
4295,0.00969431137758877
43286,0.890787784093171
40433,0.0165826456642045
30883,0.0214723579898447
16431,0.169129512971775
17254,0.0517871191678748
23412,0.0699794139941812
36354,0.0791751571322111
7947,0.00781250744512646
42907,0.106888513201949
38847,0.0524294002671795
21864,0.0382479452163535
34900,0.332771075552237
35247,0.1056568220264
5070,0.011382659752479
39744,0.0649091255762252
38187,0.0347456760373622
5075,0.00768259442988542
6557,0.011146998208286
44276,0.106855252525144
5496,0.00818125545968279
38300,0.0857980681378045
30403,0.0832634090710127
13389,0.0235907516924698
495,0.00826094521017906
9182,0.0267354190768572
17924,0.245753767364674
22126,0.0695714567431648
23785,0.0384435298075334
10630,0.111079190333544
20426,0.056042558176037
29318,0.275560501340291
18286,0.747204765455364
44250,0.102235715010877
3001,0.00511525282579331
5597,0.0188544022838309
16566,0.0229761834500828
28912,0.043174501225258
3766,0.0105149288550105
33999,0.753080265663494
8113,0.0197472859216738
15982,0.0155575966113763
28079,0.0361651178443558
12573,0.00573840757972081
28656,0.0741999504043716
37280,0.14130559849606
44344,0.056377427992033
25041,0.00461693763611873
30943,0.014135020107509
44360,0.00799266379361351
13665,0.00873580155234594
30682,0.0527990635158552
16925,0.0163615870613019
33387,0.0418041741771711
20161,0.0385981209570046
36858,0.0644172832287215
32843,0.2119493891912
33413,0.255661634451962
3306,0.0625698512110174
30856,0.012281555811966
37830,0.0128447096479515
12199,0.022382979051564
35989,0.118628787885844
40479,0.0587627783510738
26732,0.023833873756307
38073,0.0370361160032697
17352,0.0108526549778177
24701,0.013775493638761
24087,0.120540492582275
7143,0.0325447341002078
9143,0.12187078645714
742,0.0172906488825028
38277,0.052648086934741
22577,0.0107580938230954
41030,0.17548304776405
24721,0.0120499113367601
42098,0.0532060047593283
26368,0.164723258675767
13539,0.0363758745720648
12017,0.00169900069137575
9315,0.0240775893546733
39423,0.112831580160287
36959,0.067426737293013
24840,0.886045977831407
3401,0.0042473022557545
39068,0.0500188221389633
42043,0.368304920761661
1679,0.00589619535822647
5351,0.00723001024131648
42081,0.666454963743843
16800,0.0110708180875874
29704,0.101344937119378
18258,0.0146714135824893
29196,0.100735618448671
43475,0.301653824859274
39062,0.0547536606628135
12470,0.00316692173845573
35401,0.029876081292581
12260,0.0789075877668291
26841,0.0303241240186537
255,0.0116812918643897
42852,0.790928337708476
37374,0.0304013376797919
39896,0.56045897190472
19552,0.0474663201087577
13794,0.057434540755503
24136,0.0109977418512928
22196,0.0533049117922433
41479,0.203009881858379
310,0.00632884217996733
12361,0.0106144000494851
23926,0.0967471495756652
23083,0.0793096722724058
12836,0.0148993827857655
16765,0.0349056467942593
25503,0.076631694074587
23976,0.028266326183499
42625,0.430449139031958
22349,0.0408243508497544
5744,0.0104974754377916
33578,0.0644503283538666
43630,0.534100831814718
39852,0.0775798035981605
7841,0.00753746919527016
18079,0.0107310791924087
23355,0.0304266564915091
30,0.015538543904221
44368,0.15143619738278
27644,0.919557326699252
4030,0.010270685088385
21920,0.0384142066412032
42679,0.0896861487634334
829,0.00789409925547594
20249,0.0763344994296485
26258,0.0117552813057235
28177,0.0372139407279078
34677,0.0473284383443332
41188,0.536815579549556
12118,0.0424736737433875
8455,0.0214854140136269
3374,0.66199821223696
34860,0.0470715352984723
35065,0.115350263762196
17894,0.0166978875327282
14637,0.0286943181912838
10510,0.0108458822230702
29161,0.0273792946429263
33227,0.0516081652081137
26477,0.0231407490163803
41483,0.949919504567714
8879,0.632185035036578
28275,0.946872609350282
20338,0.0235975278555971
42918,0.0805925163228511
32554,0.485925535110071
16273,0.017918139748196
43245,0.922935661267943
28660,0.0381335745125951
28005,0.0664849362142164
20647,0.0454216731297334
14682,0.0127881338208621
2482,0.00608970642909076
36086,0.520139085371678
16327,0.0907020348127297
17896,0.0343204006999761
5889,0.159505808079201
35669,0.0380467822224326
2612,0.00818610394180642
33179,0.0626903404915668
17648,0.0152781955713487
7487,0.0084974541610977
12103,0.0423234897517738
28325,0.0265886466467764
37252,0.047213782977956
30756,0.196934140994248
33774,0.361570241099463
2503,0.00997105353126705
44316,0.471718602893939
32470,0.0783410872510777
18685,0.035932507279062
27928,0.0328234362415206
6900,0.00549760422593282
42329,0.0704911500606317
23578,0.0285685209374168
12830,0.0626210707122242
10655,0.133096919463086
29711,0.167348837200477
5824,0.0147432839019723
27966,0.0302669732698235
108,0.00660848672212162
15421,0.0137513119719341
38338,0.0477842043900924
10594,0.779670863364784
16126,0.0910346088951449
18927,0.0779513164698151
42714,0.0634155834903576
43875,0.0785330863256009
44903,0.32056037687463
6064,0.00779278167681761
31754,0.452100606224648
21902,0.0687926192640776
23357,0.944736657398258
16354,0.0196840351151051
23719,0.00597901830344265
7336,0.00450545820425079
25404,0.0248458569986624
43228,0.712689686112394
39718,0.282220804191029
8340,0.00626556300291412
2426,0.0242237637668374
8015,0.0884466361010934
16376,0.0296162201026118
28424,0.0676054117245615
29693,0.156377791274401
13940,0.038345236474067
2558,0.00975603808490118
17157,0.0175890525257392
10369,0.0132903023966166
25597,0.0353581091218975
3653,0.0148018130903992
33972,0.502593280075766
629,0.012813492570121
9082,0.0854365658442462
1663,0.0660551966694822
1268,0.00579800782931871
16192,0.0393707986747137
7353,0.00827017802447285
6921,0.0127260614547961
10542,0.0401967273318247
22348,0.141424823871971
17774,0.00896185837661401
9344,0.0349743168242013
22632,0.0779089236282524
20242,0.0220751616438371
17628,0.0120386107661492
41381,0.188579449449771
21404,0.0144801173604659
32780,0.0399516803778104
14010,0.0276399862668491
3652,0.0301270289315632
33059,0.0528249184433587
12154,0.0196424536881554
26506,0.030757650545927
7535,0.0100934417061408
44786,0.0194208957450593
7941,0.00572125474887401
34757,0.0552250691571016
3969,0.0146443892445432
6711,0.015207491761616
40925,0.0456492439605317
26317,0.0313455000769197
23956,0.00906347614144564
7956,0.00744257743406151
730,0.00959262398497555
1722,0.00834588875792759
24016,0.115116850897143
44163,0.70492648601851
19607,0.0201113248525197
20387,0.670439201040398
37553,0.0098816797257192
9822,0.0403440254167144
12568,0.0139338895507606
20109,0.0522219618424126
9053,0.0107587244556755
36982,0.0296818252673288
29264,0.100519632219907
40589,0.120234570461777
40938,0.0319342246461679
6645,0.0111657119951441
43019,0.0372211185663866
28977,0.0292986799413422
28793,0.0249629515642219
31613,0.535708853405551
40662,0.0324568482747915
23164,0.0695801345896233
16181,0.0697819680001489
34889,0.0281311667681473
17342,0.160144560876257
25636,0.0332853004350815
14382,0.165645672865626
3664,0.0064775369943524
27082,0.0584173753404784
32153,0.413600196357203
16823,0.0875979880485218
22346,0.035930348883201
8102,0.013562666240049
4796,0.0939160252044306
39740,0.102140846837243
11255,0.819537296092016
17797,0.0711581277880044
22434,0.0689431804932764
9847,0.0484009034477374
13184,0.0516633098683801
8136,0.0328303601534516
19007,0.534788102464202
33861,0.084555780224896
15059,0.696051449225976
15336,0.0852402249368949
41827,0.309059711934206
21642,0.0653971510116983
36244,0.31918690615999
14726,0.0150378593156525
28547,0.0586640893444216
8876,0.0877309081387105
7017,0.0180566874038187
37621,0.0520322414790746
42113,0.0455992102164102
29803,0.063197065619907
15737,0.601749451562051
40833,0.0497249267601582
17423,0.0506164632438681
8688,0.0590597483399566
28359,0.598789161958208
30955,0.0794542412730919
41403,0.337458906391611
6451,0.018578115812271
21315,0.0246476430218455
36033,0.023908435821034
6198,0.00902325558314085
17927,0.250083957201137
8717,0.0522508218611057
25589,0.109719942002584
25715,0.230290550424141
15178,0.240282147524784
37112,0.070121660764502
40547,0.136031405144064
17899,0.0323260770919359
1608,0.010676807329117
9899,0.0208022608616783
14370,0.0107381295704699
1842,0.0203961665200264
4049,0.00375624165330673
27806,0.0667330661381326
34342,0.177105439234903
19233,0.0692957115806236
2602,0.0172609842176603
43912,0.231102636417673
41765,0.180195422959096
1971,0.0132299243873796
35099,0.0572303123240003
21251,0.0337870504090163
28203,0.0627952922431409
28708,0.0288116185644151
41918,0.992703754849559
16007,0.0617211004016508
15464,0.026910549474088
16140,0.025256928307064
18617,0.000484276481487734
39436,0.080560231076557
37552,0.0150573933605817
13877,0.0670341778395302
31800,0.212052315123333
24895,0.033960557483607
38507,0.158550735604084
3483,0.0376306817805284
292,0.109760615068269
3099,0.0277535896132586
7986,0.0684612539221583
21837,0.0614908967300433
6200,0.00479865320839216
34740,0.0307766865399496
2926,0.125113017479484
4152,0.0791746708332326
21277,0.0201264605091629
41736,0.118967111473529
1506,0.00718356583712443
25482,0.0386202424745051
39706,0.593212431178423
15363,0.105292023467061
26797,0.0170599578742921
1860,0.0109750011142993
14906,0.182616898062455
2891,0.00509244835659846
37617,0.0429369206742128
37879,0.0653862413000164
37705,0.0673571874748662
5315,0.0126003990521225
15436,0.018902787764711
6328,0.00981098776703391
13611,0.0302092998438944
41882,0.216671459525983
43361,0.617482141045263
1197,0.0112161168410573
4426,0.0158449897063052
32111,0.121901631663128
43240,0.562823253004698
39065,0.057770901819243
8890,0.356495574883692
44816,0.483562758821563
33125,0.149119668253684
29281,0.0707284080790399
8835,0.245940405120135
43130,0.156178671445527
5268,0.013020180044587
812,0.0065939029370687
19030,0.0729982899584045
9559,0.0296225660785473
24988,0.0699579875346053
5879,0.00419836128766402
21726,0.0847093496551591
15797,0.0737914696249538
6592,0.0106020627984289
33714,0.509719843393785
9718,0.806511373560736
37589,0.143309339318086
34215,0.0382430165784406
31727,0.71466911617818
31010,0.125267137676712
34911,0.0899380554563223
21362,0.0522346187850738
13381,0.226713979084309
16086,0.0175393600217108
15859,0.903329944174934
21207,0.0460510293241094
23266,0.463901835801512
32892,0.161981465642079
28564,0.0196254280436653
39522,0.276255715895764
13576,0.0536073434828221
6029,0.0062957414056022
11955,0.0192053628734345
25559,0.0520828339692058
37145,0.067151185176782
2246,0.00694491486074441
21678,0.0407620835369549
14788,0.0225338505227046
16348,0.105465283085613
24236,0.0283602118857473
42155,0.482390766253325
7309,0.0070122415414431
4217,0.0202949896639001
22961,0.0324740335090494
35733,0.386671300096137
34875,0.0339465741346683
27649,0.026641676178773
2528,0.0303908452449436
26851,0.14156747507368
8381,0.0214218441640937
18032,0.0252980436873497
29243,0.109934891385591
40919,0.376132725234422
4874,0.00948983992604241
38860,0.0503487449496581
15221,0.605287387187818
23952,0.0246510564532743
25390,0.151906165275775
39627,0.0753192765407393
45136,0.0302873961633335
27457,0.0265935193830804
45138,0.090772519775783
44023,0.198744245687851
41194,0.0360714699073782
44631,0.813297304721518
34085,0.792299691470368
35046,0.0401410199065254
364,0.0138194125830119
25505,0.135215556743885
24662,0.0560975513463196
13271,0.183526344213817
9086,0.0108313986017276
21584,0.0667589458613598
34891,0.0292518543340652
458,0.0495379378748688
23518,0.119286603910821
32094,0.140401629590468
25064,0.0181574214506065
25106,0.0329951961209949
40531,0.023520404887814
20069,0.0316527647399652
13431,0.0205955998051362
26318,0.0313889169228136
31120,0.355902564608034
33459,0.0976564609031828
31802,0.297778467533104
12278,0.0439238007589592
30447,0.0562234169591484
20148,0.0779821278973152
4556,0.00718809049266452
11345,0.0176938535518193
34408,0.0279487748764961
8802,0.00658521486264522
38070,0.0324680013896059
22322,0.0371948039733067
16287,0.0217962397272112
38531,0.0500859474800039
30162,0.0835882625929459
21684,0.141584796533566
40484,0.0299721257050275
11752,0.0210152839313396
39070,0.0489359524412677
27418,0.0434658323016636
33281,0.144651152903688
2595,0.0141375165399665
20093,0.0454893877058204
15534,0.0724304647790071
29566,0.103106496444246
8296,0.024520278393531
13892,0.106676067935308
32694,0.2892639587733
7939,0.0145312587622383
28955,0.118572062021691
14286,0.0136699024859936
29748,0.94176485721217
28917,0.122353033328383
23044,0.0488967505538743
22255,0.0504710520957781
43711,0.6561410021594
27416,0.121896240071711
27263,0.0268032815591773
28651,0.123398311583097
43114,0.228447836037534
34952,0.780323980455236
34299,0.0318880135587148
18208,0.023699875862758
19725,0.055997813116521
32820,0.0305161280683683
2839,0.00534109942209942
16707,0.01139393614289
27212,0.045806849493409
36212,0.0337170581671541
39534,0.0864282418445085
2089,0.0113699760088646
8803,0.0423559175271167
38935,0.242258520867642
17071,0.0514316504883659
9932,0.0643664421532546
5061,0.0137569586820712
42012,0.103460236810651
16647,0.0503970860244113
11320,0.160534268985089
44041,0.291904345298051
37338,0.0796940549919049
44858,0.910667339140173
26662,0.0491853629982408
817,0.00739695261715505
13321,0.0233019394287272
15721,0.42522494776874
13353,0.019472361871484
31587,0.106186540013101
15013,0.0441981457481555
42817,0.0273400738941787
13319,0.0220194642483491
1037,0.00692333141445897
21400,0.0371944882309751
44638,0.69527896142093
15757,0.0149848674070686
444,0.0152269437273274
4266,0.0291481031970379
3710,0.0601643498370516
4036,0.121000218087826
12316,0.0266324182867264
36769,0.0967845753331895
29267,0.283887335580423
7267,0.00739983752838596
41521,0.703775836883196
4650,0.0239885263332918
25743,0.0195684448036255
22594,0.0242569666734548
33655,0.0581802416862357
7903,0.00408656017361933
32673,0.0483198528965432
32671,0.203510206812012
6436,0.00749988700566012
34515,0.0612183591179121
32387,0.062940844790374
32414,0.186954275146597
3585,0.0104280248075407
17615,0.269465286922077
24765,0.03303400439416
11750,0.0754480890013221
17734,0.0102891094132641
28220,0.0243103500836193
10087,0.0240473207839047
11743,0.0160261009625388
34830,0.04558902251179
14457,0.0678943082749873
27674,0.0267840446280849
16489,0.0327899342514876
43578,0.207275677115151
12976,0.0270438394797907
44238,0.0305331077209867
6793,0.00871198378033023
5929,0.0768477860055634
7612,0.28955663143977
377,0.024724161400207
44181,0.0517214644841035
21176,0.0552359890959568
5296,0.0286672443078377
14814,0.0838070639016804
3613,0.0171658791099555
6293,0.00868975545686127
34162,0.176284876911991
27665,0.0141927208585492
28615,0.0244035622735699
28999,0.0468772469183185
25113,0.0541944053719138
7402,0.0147154529442493
38158,0.022616175375911
4370,0.00394340103720742
16146,0.470410617076287
5489,0.00379747368557226
17834,0.0142934808485018
22294,0.0424765639730187
42828,0.5790054314167
38587,0.036392581419297
20279,0.275619581330908
4575,0.0164227988538636
36387,0.0434663068139168
18500,0.0207525564046085
19800,0.116253544922516
23309,0.0203742375833115
28089,0.0471443224558499
34715,0.0661126271098584
28666,0.076458714764564
9222,0.012131704575538
9576,0.0626301747491739
343,0.00817594022583073
42532,0.651612255632297
11921,0.0126765646800283
16351,0.0420672144284566
35374,0.160420574582642
28367,0.0210533160818712
45024,0.316932699489934
4917,0.151164268674338
28323,0.149327610877898
42250,0.0665017009226783
34075,0.254520238912355
421,0.0446890071673998
37710,0.0436955337306622
29414,0.12864375938619
21038,0.111191412192788
13749,0.0403058813915421
553,0.0367508828534653
44264,0.2007477353075
14472,0.0657608354813084
1243,0.00400678044612635
43364,0.637428769768815
13478,0.0505418204180849
45016,0.795422406292896
43032,0.426749688199992
3579,0.0308851828137916
5499,0.00674018542154424
20227,0.0398031804478309
44020,0.26281260396533
44155,0.0397146511852083
2816,0.0127992378627425
13943,0.103614105069908
4003,0.00717746254322944
27795,0.0323704195925225
1682,0.0114228958352958
20092,0.0698249759000814
874,0.00541289859918824
12344,0.111618626545857
8391,0.00819573372850202
42391,0.387268519616864
15510,0.04760076315149
25792,0.0295313330492614
36133,0.153746406722012
31287,0.361948600986
15288,0.249507429709449
10360,0.0445145359599531
10305,0.0231409502278227
6615,0.00415229901797062
13455,0.041081584443793
22923,0.020690135773212
29626,0.0940178856812308
27482,0.0611601449248146
35257,0.1574399021217
6140,0.00527666153518195
38268,0.0180299908567694
7863,0.00603982655471875
3654,0.01307460866855
30067,0.0422504318923285
120,0.0105532650617684
23061,0.205092977030537
41115,0.156991102303774
9921,0.0420640496112089
8754,0.0736398603902064
26060,0.242355401368973
15117,0.0274931506594387
42132,0.0980869738897284
9235,0.0128385941091928
41202,0.160226590284024
18382,0.0427558695967566
9572,0.0173140227509674
7631,0.0229229103788374
3227,0.0144202678926335
20979,0.0513381641094459
33855,0.740001257680892
32936,0.0565341029018511
24106,0.213380259176708
21095,0.0469076773195376
2870,0.00468620190116034
18893,0.0705824988414041
26738,0.0493827431764328
21393,0.0324102002800408
10894,0.0293181396484038
33416,0.114364978430632
38431,0.0237736340890934
30537,0.105812745406957
29072,0.156551110889537
33978,0.177245718623067
6073,0.00939218131151951
7448,0.00712208726417858
23039,0.0675743688712652
2815,0.00530612016232924
27450,0.0600323129756088
3419,0.00539906821971386
34547,0.0232623903691741
38175,0.058257902558906
25117,0.0289315963812002
45211,0.115138998779432
37602,0.516588958998394
31487,0.22427402759533
30972,0.0926891326019663
4171,0.0179491970437027
36679,0.351607591679472
2338,0.00587448366490448
30917,0.0192840641619389
5138,0.119411972624781
26129,0.0420000117648761
31230,0.3531162713037
5668,0.0344561546147119
3101,0.0192441459921775
31097,0.173700696476638
27072,0.0503314779038185
35133,0.0385294014683896
23620,0.440724192038814
21732,0.0485671630586839
38601,0.0389345226871186
13294,0.0249920275220004
31768,0.0241503834070989
9611,0.00598653453757775
44197,0.154053656223863
3044,0.00809689104721401
28349,0.551821827165789
42286,0.114306905221871
28180,0.0185338203387581
25440,0.277826708638405
40444,0.117653050619123
10458,0.0844980096915087
5610,0.00329918883244972
34616,0.0367292222276573
38745,0.0404381050257076
35097,0.23409855307225
16337,0.131904593415417
25561,0.0543688012773386
6409,0.00884905973657556
10580,0.0298694439271707
34146,0.250153946889393
25924,0.0173155705256817
43409,0.320074721371085
35982,0.0882989250030212
34992,0.65208573102205
14502,0.018970627892727
30711,0.0235970283369348
5797,0.0114812418655289
15618,0.0160328418855094
14113,0.0112686779003016
17424,0.0131272719263822
12486,0.941661022045863
34572,0.0365596151214321
35651,0.0355490465760723
22241,0.0175006686240907
228,0.00769251955774258
22836,0.0447261329244953
16754,0.0281356224125624
31654,0.138688659652617
12398,0.0471217045436686
4616,0.0168476372814909
3097,0.0295538036484293
12868,0.0314508110230988
11794,0.0993170640449317
41775,0.703323804695634
14173,0.0200688305821022
36781,0.217970050912039
17206,0.0290545529660647
40600,0.0444882244954979
3743,0.00930430482790827
2872,0.0135573777314965
43929,0.47817363037362
1403,0.0050953077585494
34561,0.022459575117692
19777,0.0178024238106865
6987,0.593638243008689
9040,0.0252573752057063
23788,0.0128583370643359
22416,0.0442643982667039
7837,0.018844505571225
36586,0.0836472967728323
8417,0.0218034414170536
5786,0.0123661157793369
44445,0.178809899252215
11244,0.0282538280776314
15589,0.105157100036147
29182,0.0350381448941601
36817,0.0493367237264191
27490,0.0237344787948601
41495,0.715995057093829
20672,0.0151340204269732
15187,0.0644336109967375
18862,0.0369796572899247
21699,0.0524051432746041
20604,0.299101625268921
20886,0.149276940051267
26767,0.0383319692123761
29472,0.0276609803623218
21519,0.0462577959672572
3747,0.0207925817910306
9150,0.0129589307582807
872,0.043861671972663
11684,0.0125221743887391
24621,0.0890548085080507
22636,0.202926994034415
12762,0.0107290725151021
4511,0.0930645631525995
4555,0.00832413044759826
28595,0.0189285073674306
8629,0.560374880257554
30825,0.0211933542461516
44865,0.335850218691234
34372,0.263116378487335
9527,0.00676214567533501
5506,0.0193025404388206
3126,0.00423062549343596
18238,0.00715936672932363
14646,0.704861691648867
44470,0.611213737000908
9760,0.0279702355175726
28605,0.105836434978353
25936,0.12635276137508
9622,0.0370930053107362
37603,0.0596785787520374
38304,0.0496486637130308
25849,0.0385235307690535
36834,0.244433624191613
19832,0.0815528714872656
22186,0.178635047555425
36030,0.0119183881305942
41983,0.24318660519917
22038,0.415970973675995
12384,0.0666369997398896
31659,0.109653888089595
41720,0.233527348949857
42380,0.291963658934412
5295,0.00973476286028862
12987,0.197411397972978
15606,0.151442928572872
29875,0.0500341429462246
6634,0.0146574895855472
33263,0.183506831490722
23614,0.045901179293568
2944,0.0112848843297428
12950,0.0392718767520931
37290,0.0342921541180599
7626,0.00635955059045111
16682,0.0130380879924154
35525,0.0832586939001049
42594,0.00268078219107473
30713,0.0432683034268653
14076,0.025865534648283
23589,0.0158494801155165
26864,0.25148718882175
1004,0.00660931752778555
14040,0.058511204290206
22916,0.0633763511777869
17305,0.0463581906046357
36057,0.0300833717028377
13174,0.0370502595872358
15443,0.0556470869957584
5307,0.02156049593279
8359,0.0304504536543361
18460,0.00885390972182335
43648,0.677982879043003
42271,0.311782703385838
32902,0.126770412831587
31327,0.332567887095379
32808,0.11898648430276
11467,0.0270268934114918
31554,0.170845375509386
14013,0.0405077673425276
28196,0.0596950766831588
20510,0.208075944145171
33165,0.0617077521126113
24555,0.0314317462975488
759,0.00432644874900641
7633,0.0791145200389961
21337,0.0250022918806961
36067,0.0505244046023218
36738,0.0325600970004786
29037,0.806615555999677
7481,0.266472051406853
19294,0.0393877435369952
33440,0.0237387937390504
34441,0.0170880113661301
17265,0.020152196994355
7637,0.0136249192113848
32228,0.0743406655704022
30769,0.0804514375341019
8172,0.017079883749766
19341,0.186972426200048
18170,0.0419788195846994
4626,0.0382788204898817
33967,0.250743074445712
6603,0.0355669354096013
8817,0.0201578089562176
5737,0.0154294039775949
43979,0.0788880552222002
29791,0.0164191169118743
42318,0.0829926753105635
35658,0.036010785578628
5522,0.0059264055674134
17478,0.0795250263721285
30002,0.124970272563538
44911,0.871473354567351
23020,0.138460281527802
40487,0.187371942773305
13832,0.130972380736625
43971,0.6731898077138
6861,0.0106478948066049
6930,0.00489675037993619
18158,0.0285529799319856
29902,0.0389764824757062
1611,0.00707561931968582
39642,0.119716197827692
34123,0.269279929909366
20097,0.074805450164855
30545,0.0671544796466951
22078,0.0366176485979452
33940,0.15752449307781
45149,0.345748024701524
43978,0.123824328314415
12169,0.0141560194744465
10716,0.0377987180926602
31867,0.31098087941911
26982,0.0600633389709609
5093,0.00840162175048541
44548,0.500638106507221
33432,0.0932566995291336
30896,0.045410025369541
12592,0.0252280523546123
30432,0.10734382386114
24406,0.00512220112394397
26215,0.0952086408123642
3672,0.00683152861748941
40386,0.103635161057275
25451,0.0172025349950027
9624,0.0138436175181676
14148,0.0177326220560762
5360,0.0026970029092295
6750,0.0398485052494697
26861,0.0633328669649436
39773,0.228414350442276
28565,0.0253110802552331
13898,0.0106223504772234
14846,0.066354903311291
6875,0.218217750184696
38094,0.0534879753452265
17343,0.0102215551526254
877,0.0100366219604014
41620,0.293049590794308
28678,0.0285437618691575
14038,0.0354327305981632
43892,0.271380597126714
30632,0.0436025613286392
19747,0.0418532297286703
35652,0.0502258183560366
13836,0.0310955250446865
8739,0.0515259415893167
36143,0.0886558223658087
31783,0.0557109956941867
40407,0.0530380715399039
33029,0.0707476749277908
12634,0.0171458678395938
30049,0.0424623804451612
2893,0.0347344481209791
35813,0.0381177995968065
24395,0.0272017438012414
30442,0.14199157185357
24761,0.032559066642051
41748,0.86788382803256
39655,0.308301670562697
28903,0.178487285306414
42247,0.21967308965439
6236,0.0223030811084859
4317,0.0497819046766741
22827,0.0101027260812914
3196,0.0159844223571309
12873,0.843500961428857
16358,0.0297009412010007
6162,0.0105499327042151
9978,0.0384923087279788
25975,0.0777583785808892
11161,0.107705331629039
29943,0.199955105222471
7311,0.010288714729926
24447,0.222594486007708
7203,0.00974873087201856
38759,0.00960028834514647
18349,0.0169682742609737
43674,0.475958711083091
21948,0.0328578364411646
7190,0.0516324273944496
26910,0.0689743354732861
8462,0.00473814188157466
14358,0.0267511194939278
27562,0.05000185724778
31218,0.340365651344404
21527,0.0521586482307437
26927,0.141236032066506
6256,0.00677690257318691
40747,0.0611449906583741
26495,0.0664994326460668
17666,0.019214445155075
35243,0.0611331566109641
31825,0.0718997912480333
37963,0.0369610410697907
898,0.148967456948618
25580,0.0682918727220468
1658,0.00555485089668747
31647,0.0867082645658988
33468,0.121700052299077
22817,0.123716641495261
16133,0.0343246650108354
11976,0.0137443069507501
33767,0.164415557244983
38446,0.0560883875926874
35949,0.0348734259545563
31637,0.137452573167288
45042,0.139200911840113
7253,0.234400881130503
31812,0.157195801310533
16916,0.0396007984365022
3992,0.0126791461117905
1948,0.00494877386680556
42729,0.0552320215512711
153,0.961253688784536
2542,0.0237909492681611
17467,0.0310112157289727
22716,0.0489574919143608
7950,0.00946985064080556
41625,0.620185758445737
11453,0.384422979456191
40726,0.646767368178087
97,0.0243665467215317
5606,0.00528096033776066
14917,0.0198028994543486
41105,0.16781029644317
6547,0.00473525944354742
41631,0.339507361719846
4613,0.0186439881895888
18168,0.0116409394481085
44673,0.163102782991119
25704,0.320143110544108
7533,0.00693097640052058
22566,0.481930958538876
24451,0.0218314524222019
33657,0.0652652872583974
9277,0.0116096469443751
1666,0.046726301366862
17723,0.0686759824652484
32561,0.206656611748764
1427,0.0220978884788228
41669,0.239936671352826
19322,0.0892309459925798
21555,0.0135225165834416
29596,0.0606293389159403
29890,0.0316518778952881
9640,0.00777042885573727
39985,0.112881642767609
42704,0.571463011110428
327,0.0107478272266595
44854,0.42424638136931
29848,0.0696745881597931
32915,0.117483153085907
15874,0.0156663425133307
29096,0.105122959233607
11576,0.0149992926548398
6991,0.0135017873569975
17596,0.0154449518890615
42021,0.165177325985302
12355,0.183165901019857
34557,0.0555083208067891
34731,0.0132790148627342
6532,0.0177755742925397
18162,0.478402437228315
37767,0.0292918895381079
24750,0.0220034668212725
22758,0.0267564768140183
24040,0.0713444158212563
29402,0.0589414501745192
1906,0.00458725943504998
41681,0.359634576923501
28788,0.0235400563333493
38646,0.036396046252042
16527,0.0390710432092522
10868,0.0318189275838913
37894,0.0480022079397363
30988,0.0611032256414507
41535,0.358634341917932
10244,0.0267155536771558
19013,0.0254106647159387
25501,0.0228321763235505
3957,0.0265561327118142
15630,0.0320439483746435
2969,0.00443847555135346
15016,0.015269510427873
4101,0.00770053346395139
19279,0.102574717763656
40425,0.0529160276841383
15660,0.569126125070086
31067,0.057102254546906
15287,0.124603736593034
38415,0.0345574214140098
40559,0.0265606831668119
7933,0.0162824261871015
43744,0.126850391728388
38810,0.0248965581588956
3806,0.00711607592471105
28857,0.0148217709438133
12175,0.0148958680502451
4799,0.00631122382070535
26782,0.0438457610670508
7111,0.00926557645313347
32457,0.0819864847395587
41411,0.909404663642707
10676,0.00233277079476157
31152,0.256663924674089
35701,0.0256286438424176
39620,0.164587136677718
37847,0.0107389909797547
14550,0.053037558199651
24450,0.0362516093644736
23046,0.0751178138877786
29259,0.0797399129454523
4324,0.00647759466149727
41127,0.108124695034616
36123,0.102556013120593
20115,0.040342631423733
38627,0.0158946989464432
36164,0.070417356133192
40334,0.0671694374440919
42316,0.0340844561610738
19812,0.0487122768252832
24325,0.14242987806798
16293,0.0481507596514129
37914,0.0566914949986827
9064,0.0207031806236659
2706,0.00384745494050665
26289,0.0226167415509766
13477,0.0480644716548166
37517,0.0329704371468317
16238,0.0246703493227735
18554,0.0229724714343951
21448,0.0512224172313679
27787,0.0442680398694505
22664,0.0662210560688938
28242,0.302692327159634
1749,0.0128705493309043
30126,0.186614608809684
535,0.0137532694738115
6267,0.0674980834030609
24535,0.0522325727678434
23724,0.0410338518401472
2707,0.00161876203799569
44846,0.220249364666195
15368,0.0251197382164831
17920,0.26202615442435
466,0.018119482163281
42667,0.137656565967784
11324,0.0225781894744538
38283,0.0193358516314711
33379,0.0373184549634156
3531,0.0163247982937075
38023,0.0321570644409008
34959,0.131101624895045
28018,0.029860644563257
31415,0.81813003713005
33435,0.209996450623766
21526,0.0452442872777309
811,0.0071821577325656
32735,0.346896539337424
29468,0.131305788445512
27138,0.0130951258865784
28901,0.0559089558001661
8495,0.0436570151972803
18787,0.0167460401213477
19433,0.0335211534956028
425,0.0118122325954812
28190,0.293513390218732
43517,0.668463570534013
945,0.00839716543490897
28012,0.0282307345738898
1889,0.0224173495615394
38366,0.161967274395518
3249,0.0140165591167609
10921,0.0132381166330661
31365,0.371952586787341
10551,0.0170366166436187
22802,0.0361179590280066
22350,0.00929162712023781
23142,0.0574613120964172
42089,0.163074945803802
34161,0.941066857596063
19191,0.0346456730811536
3758,0.00998476850217187
17683,0.0147175286340097
12358,0.0356801053726634
37647,0.149843030716751
1585,0.0195340012028216
36146,0.0419225144849746
30973,0.153491825695227
23681,0.0115861609400382
4479,0.0160730561889332
28646,0.350669052631703
42198,0.370589273490693
4618,0.0178912396374711
4187,0.00948010591745286
1051,0.0090144976099222
17187,0.00394474818318584
25481,0.0343520567034302
42752,0.0347774087905007
32518,0.143340612376002
7383,0.0101206753070575
21076,0.0471313175906039
20813,0.0662460679670575
21131,0.0666897930503015
19643,0.0377299674016052
30472,0.113623036521819
31766,0.662933362785502
18475,0.0330603944144574
32539,0.226508222527033
10823,0.0473886142378715
11555,0.069131967953118
16902,0.308839727136987
12590,0.00264317481657301
28086,0.0318112348987789
15284,0.0168554402726804
17290,0.0373641258282197
32829,0.234824563044253
44809,0.27436047191933
21133,0.0227525231688026
26457,0.0578961574029899
5494,0.00876621392020635
19688,0.00413397610207451
26173,0.0217986675285243
17560,0.0130253590507868
18169,0.0844497248296883
16485,0.0414727336378848
35680,0.0388685028383475
7073,0.00829258798379108
26481,0.145261250866956
36787,0.0409613828729439
13038,0.181515687202036
5999,0.00836322066756832
26629,0.0302407854114237
13394,0.0319970612667765
14830,0.0996514183565624
10832,0.0220716186078962
37136,0.0149105271254662
36027,0.0209976439817576
42957,0.745793746838197
28110,0.0224019779957574
31349,0.554691834606527
14357,0.0909220998970223
27615,0.0462328439462555
1398,0.0112393536624208
15357,0.0477887602165153
23138,0.0255351473722109
35061,0.0199606140437731
1385,0.00749737623121157
4454,0.10102279156456
38803,0.0161120809287067
44670,0.383576539999779
10189,0.00343378702282972
27395,0.0260845874141411
26299,0.0504725908087612
28663,0.0183700473246777
40312,0.244782326531331
28060,0.110357680166833
41542,0.1960301626026
10717,0.102595656389787
28993,0.0652908429458831
31457,0.543267766703541
868,0.0104318262798418
1539,0.00435819615163019
41356,0.0820955555276708
15649,0.0116871407933868
4298,0.00891232728668756
11045,0.0268875235416334
6469,0.0242427298387362
23480,0.0298125706279315
7257,0.0138984415325421
21256,0.018844995661204
32282,0.353350278602484
8204,0.037769671353479
38489,0.0542835646726625
15401,0.041469879592007
34478,0.0408090953496919
11962,0.000665305050042302
37936,0.0309329650208014
27822,0.116720915706853
10145,0.00954773672252134
18218,0.0646576031033743
24227,0.0167515751766054
28973,0.0915737603814033
9045,0.854187576959625
36940,0.0306669513702792
15517,0.0120991464236036
823,0.0106893596741317
29577,0.0831770302508758
43691,0.290168319292266
22353,0.275890709078072
42845,0.180746330064946
41052,0.0984030251935223
42785,0.355260679512967
38591,0.500775442342913
34082,0.534909847949822
16055,0.233044021300714
12210,0.00921614782786889
40097,0.418019338822339
29451,0.102042807146573
6395,0.0077464265628635
6650,0.0095512037564836
3681,0.00475624584059564
21311,0.0118298578039618
25966,0.137647103888163
18773,0.114876488079224
13895,0.0856413031356127
40117,0.103359182189604
28711,0.428577790481488
29094,0.0673471632486572
14417,0.0320920752039603
30423,0.0368271465258403
39724,0.193214522953643
43102,0.0155362699348893
44374,0.0556394857335413
1647,0.0475407094422295
37139,0.0317952022332768
39095,0.157457444552675
9406,0.0128629098614338
21973,0.0478988446578927
713,0.00437848031409947
28440,0.0152572417483759
39660,0.0717889863786052
21188,0.154114245169701
16695,0.0368006056931935
23872,0.0557512095928341
32119,0.111652028790977
10791,0.0566792209681847
7579,0.00307276175548405
2300,0.00808850162003382
28715,0.0222241922390437
38907,0.0265209039899856
16992,0.162444963291623
34833,0.191099968435013
31559,0.113444410640119
17351,0.0300405876100396
44127,0.0104159038908881
33370,0.0568085565608741
1099,0.00458007018278058
16180,0.70624801364722
22733,0.028075903965753
16659,0.026303811395616
32184,0.341979872228369
10441,0.145342007725976
17594,0.0387591227468748
36126,0.0870916660881438
29227,0.112080730299301
7332,0.01348486598012
11136,0.0144883007199846
27808,0.104758149126294
11314,0.0116619881081823
10133,0.0551483193559967
42539,0.36753235487651
22077,0.0651753122754396
30942,0.0508843090387001
35248,0.0594504020364272
35726,0.0265288867899622
40723,0.0625959290705203
6926,0.0126224928896405
23163,0.0268546629055563
32597,0.422435176566589
8275,0.0543981815844335
8091,0.014070787561524
34661,0.128866917050747
4979,0.0235624874783294
37678,0.0666247967350096
38773,0.0435033498892369
22544,0.0665518220817998
24517,0.0771592703084326
9019,0.0123581292228389
25691,0.0185053779512139
23740,0.0384188663361416
38065,0.118522093118082
40707,0.430283795617647
31961,0.778807061732201
13715,0.0599756225195915
1295,0.0110760703927658
10786,0.0464235434154723
36018,0.0357994292877386
7206,0.0286746018412618
19570,0.0467444151951591
11272,0.0160939309909308
44709,0.230578446480704
21762,0.0344613371166581
45025,0.15920737307156
15429,0.0379961545915068
40176,0.38125126224652
28870,0.0200704138530236
9485,0.0287820945458974
32695,0.0517060731472842
26241,0.0219589042635557
34001,0.270418078527315
28629,0.038099685939729
34835,0.480851700532193
11886,0.00488929054328542
10778,0.0383210694792775
15015,0.0250285520257702
40480,0.0874233971072119
7988,0.00926724026586111
42033,0.21321151482785
13990,0.0358119299284742
30907,0.0603406740899157
41784,0.0916198190437064
42762,0.18773661937903
36973,0.0186360539112294
39982,0.279796043805695
14705,0.0115647701555932
28747,0.0416986536238273
12045,0.0198227109205707
36855,0.0430743230570817
18090,0.0149689597432942
15324,0.019305066461553
38190,0.0522429979493021
30837,0.0148345081190435
999,0.29812910532948
9245,0.243177391001403
36831,0.0402499928877827
29496,0.0670756498955989
6277,0.013788612082523
36884,0.0661435665545547
39203,0.0302290941105714
37075,0.0460659663089659
33384,0.0330506485240393
21626,0.0204064953713552
25575,0.201420607960744
22252,0.0166540509184758
36951,0.172777497574646
4461,0.0168615469782696
6238,0.00992877449466895
27900,0.0423012378204795
32620,0.0807839150832734
3003,0.0160400870679297
6114,0.00524482557377396
40164,0.785392519755943
15176,0.909012429581073
42517,0.802252709645209
42603,0.289835216984744
34869,0.0503330006036271
41915,0.900038291284477
13481,0.129934569755543
13340,0.0625206494884622
8019,0.0153530920319241
42886,0.122853253263801
22088,0.722913447141592
25116,0.0224277186919419
12677,0.0107758842654356
36812,0.36188591048415
6380,0.00610150909987925
41448,0.0330709804463066
5579,0.00473777473752746
28979,0.0721541556197604
15785,0.0104129141402727
25162,0.0151469135790501
7743,0.00748439557351707
14572,0.023787849094627
5030,0.0230731124713161
45137,0.00346367991923755
5253,0.00726211668331739
9887,0.0134594555937722
19571,0.0217825103975132
36221,0.0173664373063081
23516,0.0213090819816701
23194,0.0285356124081996
5859,0.0346662239126527
21504,0.0523399736952845
2566,0.00418821433267538
26191,0.677278077987966
21851,0.0603053332444764
4265,0.00461213929380742
6834,0.0285938995431341
33476,0.043962375348668
34466,0.0545811156823926
35110,0.0453873960827713
24214,0.0245601594719388
6528,0.00769582885782841
17689,0.106409420296369
17981,0.0287305962752533
5582,0.00705999666253072
38440,0.072577955320232
40920,0.364002794964261
19887,0.203826419999665
17235,0.0256722897185751
5713,0.019497133728146
42614,0.0596268993684107
23304,0.0349526777978835
29889,0.0514255783621923
40945,0.141237266987945
24419,0.0215957629563974
6359,0.0159606530638624
1505,0.00652465836980276
41957,0.28119939915263
31679,0.0647072670388235
33664,0.0426102658850316
9261,0.0198515983911656
28100,0.0147243298097153
15771,0.0556797684357025
14651,0.0809592895802345
15924,0.0227061852697342
41989,0.126309538507204
19498,0.139531054128567
25311,0.0445887410766625
24936,0.0993238198127967
13388,0.0352614390446387
22234,0.109089910443221
279,0.00687864643280269
28657,0.0440186803002412
10700,0.0462902352220573
22588,0.0905703013253478
8377,0.0348583377299857
17597,0.0219142211482587
29968,0.0584527722086422
7483,0.00595414151493555
45019,0.393384602416696
40870,0.0793062521663484
43974,0.897665429989817
26105,0.205864185159766
16009,0.118141162860097
1562,0.00956532439496563
11779,0.0617685856556829
27761,0.0611892594062223
25447,0.0215664497580961
4998,0.00492679838118098
31971,0.266603621596937
29738,0.0539418746021751
4372,0.00420399342434512
11006,0.0475166434936868
21900,0.0290644863763753
37606,0.0552862882138944
33221,0.477155321066882
9692,0.226092686808059
23029,0.0230362924977956
15928,0.0661626028656285
25965,0.030086682373957
42861,0.732210834475576
42248,0.0709710418179799
23849,0.103213867498936
42415,0.5232881368563
13437,0.0155433593881517
44992,0.676068962829093
31241,0.248271367226251
17421,0.0677131830756935
8429,0.0232099884786307
20491,0.0411475644625894
1592,0.00994971127321302
17373,0.0473147080418977
23917,0.0584787215490213
13773,0.0343715455490265
15585,0.0268594141788429
25672,0.0848781280391219
10005,0.0401489724802316
43392,0.0555652765029258
30808,0.0456405300542642
21261,0.0108126642960742
16780,0.302218944187432
36712,0.0140498125572356
43210,0.336243301799367
25051,0.272308660111449
38058,0.0402641257252676
22870,0.0261431786224077
31194,0.0968827208742091
28736,0.0201023902516246
32208,0.599564655966927
31567,0.128618365487966
32796,0.0944223753417395
3212,0.0348414980094729
31054,0.24268924102693
26111,0.933481150290304
14555,0.0159819984467445
24865,0.0494038845296857
32068,0.329585226184334
17,0.0103023261191479
28551,0.108862802583158
14396,0.0237109933808914
32147,0.230001947114084
17240,0.014897696907016
6077,0.00781639287246763
21037,0.433958859038677
33140,0.091823410508854
42940,0.103923959066461
16222,0.0229639131521564
40209,0.171879702673438
31733,0.0693900988902235
37818,0.125993858462308
2197,0.00602089906773672
11462,0.0700705621668209
37872,0.0396906323115565
30621,0.0603791908047609
6594,0.0080830436328931
7351,0.0339542227812629
33727,0.0989584268320923
16389,0.0435307856236918
8605,0.0340041930247787
4080,0.0228844261566201
3960,0.0124010886493401
26620,0.0556123692442104
22295,0.0554520094315797
24272,0.753875579221316
34088,0.60218148584141
38887,0.0564766855069589
33961,0.329736448352255
14078,0.410642645285615
13364,0.0495379372103473
11568,0.0306743216050236
1135,0.0108430470508305
38240,0.0247795124742146
13264,0.00943799671448369
11644,0.00779771406419776
29684,0.0559640946969061
24369,0.00474917826540685
34870,0.656794014832653
6003,0.0190783089235577
30747,0.036187758471772
14749,0.468689075779536
7110,0.0201896616507511
34380,0.111019454445248
35238,0.0555974499579821
37593,0.25599071370059
188,0.0164096456700318
34813,0.102955538884951
41024,0.0301290695738066
28682,0.0862209066657593
26427,0.030322205492874
1661,0.00561383189222392
28851,0.0398213578353371
5332,0.0107615518782998
27373,0.0543896642160853
29997,0.0692110778907176
31894,0.104055100947958
14679,0.0273900245341514
26726,0.0671946797027542
29419,0.0422814138622632
40288,0.169380654780174
10111,0.0481834944343771
33622,0.0849583750585103
25412,0.039690661231336
6984,0.00770504249626221
5705,0.00394625794180568
45208,0.20296523137753
32389,0.635836159870757
34569,0.016686367335243
4735,0.00404192011005734
891,0.0248372635120279
1753,0.0116310196225508
14510,0.00349436634530062
33889,0.0458578022753326
6095,0.00648488874329579
43386,0.8807711093229
1486,0.00460607329332673
1437,0.0109707251977791
38618,0.0429817857469274
13276,0.0129449199614069
12381,0.00799307599011441
2395,0.0158599528927082
10262,0.0400550763653975
20117,0.0146000562997014
1991,0.0110905867558634
29199,0.0460446330189479
17717,0.0654294567816996
17444,0.00416002209873795
2057,0.00545723471988259
27755,0.0307817455896216
35559,0.517938453436318
677,0.00597169122655948
98,0.0104521419004131
8898,0.00438507970127739
4990,0.00684497921225549
37579,0.0617140316301223
38717,0.0343169363975505
22179,0.0274016282855245
17188,0.146936660683294
2174,0.0309335928586533
17714,0.0850448936429568
106,0.00834774744745206
8042,0.01673586504621
22047,0.083395652102806
2813,0.00967252622105265
33784,0.148061698969069
25254,0.0350905724977334
21321,0.0260820904050405
27756,0.0171079532020789
22358,0.0671530120043209
43543,0.243343943244236
2716,0.00445530830539178
30173,0.0161707307828845
6243,0.0146493884113503
23538,0.0191761786090162
44157,0.112645238033175
26244,0.0464482791406242
22776,0.0303842900900199
26858,0.0723657432195031
35579,0.015834404546534
3726,0.00213170547547787
11595,0.0373356010493936
3319,0.0150441284845633
3403,0.00822284761383907
44540,0.686118704781006
11168,0.0139859940620961
28199,0.0523809379288822
17339,0.0235109051670285
20427,0.179797792097339
41697,0.764593263025954
11933,0.143624146954795
14386,0.0203604958077795
39348,0.034494175461798
25141,0.0133046789210749
36983,0.0522485824921118
19758,0.0683435223153836
3429,0.0285411959130627
23645,0.15627327692608
967,0.00781866040024384
41677,0.267155487827487
8662,0.00555467955340471
4579,0.00730447694958748
31741,0.0319422381754861
2645,0.00316480664125267
13936,0.0663791495365154
38778,0.0123829350178385
7944,0.0044028616752874
11169,0.035678623111932
27135,0.0426078351490642
4533,0.0198301155449214
29201,0.631120957652227
28348,0.0251642185782455
33991,0.193997364925397
37839,0.0129397405859665
19132,0.0560842375722466
776,0.027139821963039
32651,0.121774630291369
33883,0.328217795378352
26451,0.0367085799122508
6186,0.00916094835029898
17619,0.020121431916991
26350,0.036464274232096
6251,0.00627446438697849
13552,0.0368424182493456
6230,0.0131761164469601
1877,0.00683658908507896
26745,0.0336439129962816
30064,0.181433099464017
12046,0.00025732118119832
19920,0.050295515769361
2269,0.0282718581128726
30003,0.103394835685641
8145,0.0308042275894023
23856,0.0367361853345832
23161,0.0549879479449912
40708,0.174377305379599
417,0.0634390533172756
8579,0.0127413853131733
16227,0.0113211751146746
10240,0.0435219970719807
5357,0.00596708048250204
16872,0.231831675612365
1357,0.00616797227327216
29895,0.0316300611850358
34202,0.191934863671976
27083,0.0366402845160562
15601,0.0334018769239185
22172,0.300407777288936
44499,0.951668282399897
36132,0.0402327634201597
16956,0.0675546093945171
38379,0.344427312268784
2936,0.00703803176820169
6137,0.0236478142310031
37983,0.0180205115161082
37809,0.0118319319299165
15807,0.0281951019882305
2092,0.00509907451687519
24836,0.0597056945252994
27235,0.520905169774254
3184,0.00329067254791052
11939,0.0164113478085589
22710,0.0328019623161343
18981,0.0378310067338104
25466,0.113399958723829
22786,0.0650971001366957
30968,0.589559242802006
2260,0.0190298872586291
76,0.00876882380213507
33858,0.0991080959804792
24942,0.0632184704344923
23363,0.0154594163733008
39084,0.0772310842775494
33897,0.252131645964419
37192,0.0938877022271003
20141,0.103672853648439
8643,0.0128115560965726
13525,0.059325918533514
21068,0.0159919614115666
19059,0.0952290644929451
14649,0.372583550071561
6445,0.00862363610542723
3718,0.00847509559506866
9323,0.0201139957039645
37512,0.37937822383841
11547,0.448733980271136
37405,0.0712402855520583
4430,0.0147986619444373
11707,0.00937718422603262
31467,0.0490074254304306
514,0.00548316692233034
20006,0.0878236038584935
25793,0.0829900923188417
44951,0.390776953799755
23884,0.175034657936054
18543,0.0351965574751301
3829,0.0160630528748325
20963,0.115799547332041
43434,0.714002325009876
735,0.0385500308586766
18225,0.036225343801248
31846,0.0872134228142246
6068,0.00608451515698064
11562,0.00576029682047797
41129,0.060613179638418
16723,0.0362596217993507
19618,0.0562678185752167
6278,0.00752208923178432
12347,0.0410217197023181
10297,0.0290862349036108
439,0.022130103454635
35,0.0243390459119027
21739,0.0269696363913639
492,0.0087903941440545
21467,0.0683520624940322
6152,0.00632875210666453
12265,0.0141093123768419
9279,0.0153265275372428
22927,0.232483251075979
28607,0.0133499056096683
7348,0.00583189521511585
34169,0.0767446203303343
14341,0.00819562248730978
4835,0.0123814198872475
25996,0.116450505561036
2012,0.00816762744051207
28260,0.0419265006536294
18865,0.0875226012742339
24000,0.0566154769333134
10121,0.0136028508843818
19156,0.236305733343276
23677,0.0131642737547852
34362,0.152580863325914
11937,0.0173507034106794
37569,0.0397673973021354
2423,0.00873272997763518
8167,0.0262252891675089
7511,0.00434230353187493
2348,0.59038637881412
19459,0.0590741147736176
12603,0.00565238519917979
42836,0.221869746979987
33226,0.0280853830089969
24292,0.0633114093605199
41678,0.0828578605918954
4498,0.00316777376164447
9645,0.0169893661396869
37850,0.0877296529185596
4699,0.00200488610096408
11662,0.010852572274573
44606,0.0126213665872042
8201,0.0184172793797162
4424,0.00673168646758337
25817,0.160607907610869
7849,0.0170776328520989
28329,0.042724915745535
35100,0.034149418849328
34754,0.14685077261409
32543,0.0507131270501375
12090,0.67331330887553
40673,0.876792292769104
12506,0.0051982885831973
32652,0.0509711770588154
21181,0.0660312313142008
16564,0.035215694576568
44272,0.0531742140402456
28561,0.159879513724436
26655,0.104638875587749
4903,0.0203112086826878
40989,0.0797115523829098
18072,0.0472011443863802
3048,0.0323945810390648
16770,0.0114809950730279
2553,0.00217922010332146
13763,0.0198388323856739
24094,0.0970163109498047
3571,0.0193941295270387
28283,0.017417922759805
29268,0.98806970610981
16941,0.0723108922843514
10718,0.0437633498093947
40468,0.0481432859029883
10063,0.0299720798204523
32332,0.261912187394057
22491,0.0399547028833893
20826,0.0396716762348859
16394,0.0352071839485097
27977,0.0223497190650894
17810,0.0360796818925956
41291,0.0880609238707708
13695,0.021039746254579
15827,0.109090964804975
29423,0.110126521259156
29961,0.0821763555956994
24688,0.0266814858169495
27633,0.0127054829935509
6289,0.00934077477872029
23679,0.00595585337722137
17409,0.0286419750732064
16438,0.0668681744847982
39000,0.0387470503797974
18931,0.0689811443271863
29819,0.0948374135438173
17148,0.0583757918262394
43300,0.757706658550559
3208,0.00607000485980451
31909,0.14211389205889
35882,0.0502429213807537
43255,0.887249863624307
24381,0.188171417500791
26279,0.0247049390455674
43471,0.328895607678944
36348,0.0410157294820153
34149,0.600537983345389
16617,0.0467750829425238
8218,0.0299657679079822
39108,0.213058917066389
41721,0.129254602095868
32049,0.115946745183153
33084,0.146655460928465
6586,0.0130020260983873
12191,0.0215329652076878
2694,0.00269489975580097
24762,0.0362822143751878
40264,0.231768090074922
33561,0.131314049068636
7386,0.0111287137888541
36739,0.0316699366998751
21005,0.304590042211778
23139,0.01539575670181
16811,0.0301130176572616
34594,0.0857202611825742
30411,0.0860593389953788
34687,0.0116348800965859
27180,0.0487941145086353
6808,0.0237503784748733
26553,0.072844841304616
10389,0.0100332151968806
24706,0.362976452290368
22208,0.0480009281725207
34476,0.952594184677573
22161,0.105886031563889
10143,0.0386252882507137
28331,0.0307071414052154
2064,0.00410170108355984
31735,0.070380324536947
16329,0.0200280990978093
10333,0.028114549369904
28815,0.0359258647399859
5521,0.0171596704345495
17349,0.0100936496340287
3745,0.0203055917598295
22389,0.413864516345743
11378,0.112524470333268
32329,0.0929622575276306
17420,0.0175432343660675
14511,0.0160923974116018
1440,0.00369539003931337
9233,0.0318386302149139
12485,0.0109182651618553
3279,0.00508969518727339
5658,0.00614408841504501
39516,0.0722211911121107
8346,0.0561984742521668
24013,0.033750774502937
37026,0.0379111492332184
27215,0.125871190372433
5000,0.0301358134525077
21211,0.0207993273867138
13625,0.0635969861208474
41434,0.40711757398053
36655,0.52968225807731
40795,0.10855370645157
29532,0.0264373546783198
13987,0.838264212321681
15262,0.0438985926434634
36996,0.011593994901016
21743,0.0433310071656496
39711,0.473508181451677
17846,0.0553261397208416
22308,0.0408765979345748
14244,0.0422709848506239
29313,0.14763616202154
26098,0.0400548656387009
7000,0.0172609253085839
18741,0.00159656299275205
14277,0.0482749724786134
45034,0.209612517257618
29420,0.0800024182545372
27260,0.0876007513026872
40011,0.239906746308701
14464,0.0788525885220652
42011,0.611654845758206
14873,0.0305941191748893
30678,0.203318464315758
31269,0.299256357399142
27591,0.0309406621986751
26925,0.0347199792556839
7194,0.00684070991537938
6673,0.0237125471728936
32020,0.231877483750885
30615,0.0379666410123303
9585,0.0167082217853886
12776,0.141042571368099
35284,0.0899522942621193
36507,0.0272481215433201
39424,0.0992658272268925
37247,0.0661599522182656
40474,0.115865843181812
33911,0.217594605779131
31018,0.230421314173674
9206,0.921711161760655
1472,0.0208500603710738
7316,0.00764257174493333
2603,0.0220067390931032
38702,0.0313169430840519
19549,0.0271233752986239
83,0.00618672307008285
23378,0.0346107063935071
5715,0.00585463340205194
21374,0.0550430905091615
18707,0.0199354085531761
8128,0.0218000810596071
18688,0.0613893506834135
43798,0.348454972172587
20969,0.428075046093734
35804,0.0355800151689839
20943,0.0829015788728308
8951,0.00903716335071984
39256,0.0292667246169239
10949,0.68760689148124
23185,0.0107661588725896
25266,0.0822058661930884
30425,0.0593141385604029
30364,0.30187919768078
36667,0.0172722331590813
26488,0.0340548193442896
12256,0.23072011994835
24858,0.0622717492279686
38677,0.0260251210586412
23295,0.0274798415480248
3034,0.00889040963286909
32421,0.168908804446811
11761,0.0329391339647348
41278,0.126372800028699
10608,0.0404045525537539
41711,0.242257587116596
31116,0.103918276550676
24198,0.0143529298851315
15541,0.0490934239728372
37815,0.0543387255873315
32676,0.0908930011005664
30726,0.100308102217855
17963,0.00154277761865988
28641,0.0578142060984834
29639,0.0866041759252928
13062,0.0190433210533068
34775,0.0350857086916678
8513,0.00208684537720319
15787,0.0594517145407964
44893,0.201409612673217
43994,0.747154547581888
10561,0.0128393166365914
36002,0.225141887282887
34020,0.124360723593461
36771,0.0303878748011736
23354,0.00897127272306071
31966,0.0539047832799912
7767,0.0218784456822994
13585,0.0455208289384987
42952,0.803214615355465
29113,0.0871723166813689
9023,0.0291284926816596
30290,0.0641486945185101
43075,0.540962527659945
36647,0.0759945838154325
15893,0.0149772415241804
5794,0.00733544387084227
43576,0.463367632795176
26512,0.0272610527296426
22548,0.085055284501441
28754,0.150063191550025
14494,0.0107202071797896
26573,0.029930219806822
9209,0.0144561932815876
25845,0.0620584125638749
14050,0.0338887077443105
19128,0.0300013877329533
21045,0.0590477443546366
40122,0.142845493221607
3872,0.013469698701796
18674,0.0681278493206921
13205,0.183313055378284
17126,0.0160236855434148
22617,0.0464495775041044
41545,0.163603430156852
3839,0.0675267495148223
39296,0.0228885789285632
21924,0.0252753279314643
1624,0.00795526538403829
33881,0.141269080073166
8323,0.0702813944564244
26109,0.0249610903389974
20493,0.0706157594836536
35341,0.0412818197803773
38030,0.0116875134265463
13536,0.0418249873594801
2041,0.00382452049075787
33061,0.0344734044520282
25193,0.0381191065225213
24430,0.0356499540060884
44759,0.266763092677207
45075,0.387603683665835
36699,0.0478184383392671
27745,0.0271905203279617
33829,0.0745596374459966
15394,0.114726076665197
9766,0.0107616089071443
19385,0.0448820687764825
31381,0.384914025005546
23973,0.0449193968105883
4189,0.00478226906129717
23173,0.0513327409763201
39391,0.0877844974188852
35024,0.0591951728186939
18891,0.121305604665612
35388,0.0596110334821957
28599,0.0264423916816802
5240,0.0211091860187836
43382,0.100342841374634
225,0.655571332095325
40994,0.0460069020537704
22782,0.0476720073141049
41179,0.0496275663684662
7104,0.00788911698424972
26915,0.0162275094835221
3479,0.00784829397993161
44012,0.848517262971632
38224,0.0170207888272897
12484,0.0114668456758985
19370,0.822352411587315
7792,0.00488042727056271
38281,0.54239298411101
339,0.0540850218187502
21705,0.710030370702907
26247,0.305214343437644
9836,0.0313853635568401
37447,0.032269154318229
31042,0.139870164690475
27439,0.031022934661387
29700,0.095047255250057
5596,0.00690093075003804
43326,0.489606442668537
22499,0.0810428359560331
28399,0.0556551707245713
21946,0.187027716318902
1510,0.00845627741822444
8336,0.343292499533336
25001,0.0690885873607731
11023,0.0546069174427825
28776,0.0118822686195196
8197,0.0184624600767547
12391,0.0928569919918189
13354,0.0630384366103519
29957,0.0803123763677895
2127,0.0188929645057591
17828,0.606040269883982
36847,0.0923324113913108
39325,0.0623136189901522
173,0.00929968267748332
31947,0.0526652809478842
25217,0.0378262997360519
8291,0.0178006093858938
13469,0.0124472932894747
40888,0.164621617366646
35392,0.0239446897987332
3174,0.00667902795533849
24984,0.0671848407205475
23100,0.0279904486212999
14866,0.0366216219313238
43322,0.429278491297883
18235,0.0180986516235929
34094,0.391583450436221
21115,0.235737941020227
41690,0.0882941011805739
29759,0.266863351819087
4892,0.0555174029004031
25105,0.021436250101787
19584,0.0222142703031733
8222,0.0280643008766578
42961,0.0871259635855272
33715,0.424466269387191
33860,0.0308803584850192
32994,0.21823573157403
29515,0.00851485560174839
10776,0.0212988519892422
26183,0.0772104722267853
33152,0.119241881957241
6879,0.00620208220778397
28000,0.0300541107468427
41743,0.965033983418773
11843,0.0141358442130946
35105,0.023367971369715
24025,0.00682259265243748
4391,0.00165653405526911
20185,0.0525551295941066
44382,0.0984829201280976
26558,0.430484542908357
4884,0.00505500258689181
42613,0.162053749173086
9923,0.104712427472811
1571,0.00951165221102905
31528,0.0988238307602651
42456,0.778785714329575
44253,0.657426614979445
39057,0.0498452980116541
39854,0.232398771938528
39975,0.161147205584648
5907,0.00627268785923888
40031,0.0982197169372615
29905,0.0715966257072974
37267,0.0268494828071166
9805,0.144397536646517
23344,0.00487548040555501
12218,0.0258042089452253
17781,0.301938404102051
12078,0.0305508498629991
21097,0.0321880255721707
43459,0.422608285765573
1202,0.00499756848885841
43510,0.810914835105534
23001,0.108899822419092
2256,0.00830578473433955
31795,0.2163689148474
35420,0.0441723212077242
22120,0.0850409953523852
9518,0.0349752496175856
1222,0.0448937640090876
35174,0.252341766767262
36861,0.0287067213517186
28339,0.312158071558678
3913,0.0596462510036742
9246,0.0253121160671486
33934,0.528105691387951
16592,0.0815324883942406
7259,0.0045574004550389
28118,0.0743233953759815
23370,0.757688779268087
26535,0.0442493022816517
25976,0.0295501033920036
24490,0.021620033354614
40374,0.246909965938505
281,0.0332012061483343
4921,0.00871100219394691
20168,0.121739359022927
26764,0.0381466784071155
23762,0.0188510305698622
17367,0.0253900654321764
44791,0.606016505260769
26546,0.0138345223333532
27543,0.0622947487814576
25663,0.0997684897864092
8219,0.0775493255853631
18307,0.19005924385586
23302,0.020760616085344
21885,0.544780889696096
12964,0.022260419296345
21428,0.0581503445020028
8242,0.0975990615877281
22600,0.0488433682947167
2121,0.00430593685005987
1833,0.799730663208961
39652,0.13911361001468
11372,0.0329540119030159
28223,0.0216615237495171
30323,0.0197471496250102
41913,0.782619878217193
3270,0.0106552039914716
15709,0.0420365758233827
29614,0.543452292956756
9796,0.135991970122048
21845,0.0401434213393045
25446,0.0517540273885018
43523,0.273597745422395
39708,0.156782572308961
2195,0.00823072105167771
11116,0.440085658080598
4063,0.00604138933931911
9113,0.0493978723971103
15745,0.0370240471861347
34399,0.404563843794458
25525,0.0461084870164722
29409,0.177322629308001
12685,0.0601333353991207
32209,0.127530585332237
42946,0.110155354386836
38349,0.104884524305175
3541,0.00237842384948571
30691,0.0281302331720229
4467,0.0038173910314638
39353,0.247960472526833
29602,0.0228480733409456
20469,0.0297932667097587
44371,0.0184853496827335
31080,0.0609801057264718
23795,0.0290040466532881
1377,0.0166957863229396
36452,0.0296294257504493
14115,0.011958624112914
32764,0.0464811670169517
30055,0.140151789168696
21234,0.0548357923663313
10058,0.00839134958482067
2704,0.249211437962366
29466,0.133857443401757
9265,0.0142470901618798
41778,0.348627127262533
25195,0.0384776239438364
1497,0.014785435106767
17217,0.0412143960626086
17818,0.0528375877518244
16548,0.205400945154784
21157,0.0907618981876753
30857,0.0249008733880553
19938,0.0859004685316712
579,0.00784066916684058
35080,0.131840833522809
27859,0.0477832440672267
15341,0.0553313419721209
33344,0.205234447207224
5870,0.00559996804098537
44785,0.879959789972543
789,0.0166601549936778
15488,0.0843917697626583
14535,0.0168479309983814
8369,0.0136522072104311
23359,0.0582743064793133
39355,0.0963948725977748
43961,0.387284602961608
38549,0.0159715516421308
7069,0.039101670379886
39285,0.0313429105600688
13142,0.0900254289157466
26235,0.031960049655793
32965,0.0439175839232528
34027,0.346184542710963
25532,0.0373490503544134
23118,0.0682974956710459
1993,0.00759836872459292
26621,0.0148433534364649
44301,0.394091157779352
35768,0.173079212265748
32732,0.137777093425548
2278,0.00281713236608981
2493,0.00671541369183778
5882,0.00497741575453063
16492,0.0238345316686891
25863,0.0378894579324647
42434,0.217965698497737
40205,0.280549002514181
11832,0.00784711408604386
1924,0.0101449936389863
37960,0.0108448477956498
4446,0.00801860179227951
38095,0.0461768338285589
38708,0.0662413607527989
44119,0.878298389450874
16483,0.386205548675916
501,0.00462920726114655
5513,0.00835255493649629
25289,0.0291803241568748
15205,0.051653626425593
10696,0.0503580298006427
22187,0.0370878853987949
5337,0.00751897922681739
36969,0.0218530025188028
33910,0.0874065413805105
36573,0.601791304958436
33977,0.275109139510009
14292,0.02068749338
35788,0.0421602307906857
35516,0.940107486736156
5282,0.0149345576159314
44625,0.440871406749858
12922,0.0155569644912113
37411,0.922102215123417
21417,0.0410874348685185
32431,0.117742628458641
19521,0.970001782100694
22948,0.0307183525258092
40258,0.240319213118427
2419,0.0473790275626749
8473,0.0448127425731126
37278,0.0381144905015361
19691,0.577397760306692
3930,0.0457729250883701
23930,0.0670622400753132
8529,0.0942965948624011
35739,0.383667085720416
7524,0.00667622416099535
13559,0.0549056045953832
22628,0.0537940560342861
32354,0.0691517974275558
3219,0.0342066449140792
10036,0.0195076725641078
28836,0.0134949631342404
37256,0.019087087014978
7520,0.00514320274891156
24317,0.0137611528005935
26908,0.0180731514547442
23738,0.0247514317386333
8434,0.0473936686355653
38239,0.0695957077632461
17643,0.999428171687101
26344,0.102438068604766
7016,0.00909217821129915
3066,0.0116008405245651
20297,0.895413776394958
22068,0.811944268223677
26798,0.0396723960655298
5139,0.00240940924000737
7706,0.0217733777096319
15964,0.0863681511747809
23702,0.0266171903215146
13580,0.0369649545155483
43101,0.159212659973222
33759,0.11515483871326
39192,0.0480939387548368
11531,0.0342190089206393
3334,0.0067625324118713
6297,0.0116017158358684
16863,0.0269305762118822
37161,0.0585885875383149
31822,0.0577546307622519
13289,0.155559917135292
23221,0.0272380172041738
13291,0.15509650033385
7142,0.00715327585474924
23184,0.0680193953487527
31157,0.137707541514024
6203,0.00923655015019552
34540,0.0662312268814919
13956,0.0273476294428061
20655,0.0191454858397593
42574,0.266502396010884
32000,0.843110550414828
13496,0.0219333698169192
8390,0.0398383604427017
32110,0.018831745836478
2213,0.00967548186215067
5600,0.00391352568100221
1464,0.0093661442919347
26285,0.973507077895226
1532,0.00673658932978873
784,0.0115198357377726
44528,0.287564638580326
20633,0.0452560056706131
4439,0.0088052799537929
21248,0.00368640547972775
44402,0.626600779171222
33882,0.345726261348443
11404,0.0219142330269206
32365,0.38348582600925
13736,0.0306360769315406
35067,0.134620704023848
29773,0.0515509091012866
29946,0.041202290735352
11887,0.0108057138407731
19145,0.033201277223627
10877,0.0209417118604654
35358,0.0752617251322038
22271,0.0608458935667208
9663,0.011647401704499
11114,0.0259420347345557
27311,0.0228734065823427
36907,0.0454009410430789
1816,0.0497625387128048
771,0.00583490545462411
2794,0.0124321892029981
32794,0.950981982062763
32447,0.11683009213329
38576,0.864169080727926
13996,0.0200463635019707
26993,0.0237497762366686
42829,0.527746781996825
3103,0.00311814370752452
14988,0.00756610572140483
37597,0.217989752501402
27120,0.248742118047487
37899,0.0276279898566461
6676,0.0103916998235746
19750,0.0214817527462182
24577,0.0379428552479635
44701,0.120111566954655
3980,0.0187443201276924
8260,0.025815232572547
6523,0.0101626125110784
42056,0.116385222957198
24232,0.0860786770844205
4435,0.00998992439316775
37888,0.222146903718049
14081,0.0138589407466034
9490,0.0114282091694192
13107,0.0780292913784571
37654,0.185673858161251
27327,0.0452087311269569
36677,0.445183771339497
4759,0.0228220400631995
20936,0.43558655566742
28336,0.0782531921944219
22270,0.0674087519370551
19453,0.0448719010177754
42984,0.357552695306915
3216,0.00990694420175513
32064,0.192282582649278
26584,0.0418004182176438
17621,0.234164546189544
1379,0.0140809302943339
8361,0.0187224676113858
19726,0.0732334545169073
32929,0.0723812803167981
15060,0.0704519139253636
33438,0.132092517381401
7261,0.00321352706352772
11690,0.000677297941529491
33821,0.246909999491946
1595,0.0126721410139442
13971,0.0751389052118837
27411,0.0331109837270631
31807,0.0773262788555144
10502,0.0127155739223894
36481,0.109945822512756
23773,0.634294335038908
32584,0.124574045524395
19866,0.0174058066462528
37452,0.314386385330705
4165,0.00497740063784234
16168,0.00974445758561728
40434,0.078019605795668
11050,0.0113173472300286
13499,0.0312676533384209
10772,0.0157990850871833
33674,0.0267341710150814
10770,0.0371463893308469
44347,0.605075797358724
34883,0.0776630873847782
25323,0.00861636858897852
2283,0.00419988262985061
36299,0.0218088596229802
34239,0.157249527642328
19531,0.03345470281265
35929,0.0914553223273203
23209,0.0440000962272469
24896,0.0492621752428258
29229,0.0795742313710338
38164,0.0298938759343421
23400,0.0626280111315337
12284,0.0195154111515542
20781,0.0626510091223186
2551,0.12158602900254
7969,0.00946986511542185
31655,0.0526266252386047
23469,0.0175375872210748
32713,0.043664822045349
13646,0.0456814090934236
32004,0.108229548393053
33443,0.0600283209944357
2833,0.0751339447617186
7193,0.0239623648687616
13059,0.145270612360132
38371,0.0769997032303774
35657,0.0875936385375321
35293,0.0409236397359275
12080,0.00427549484683586
26102,0.0740774673708356
20872,0.0776657773391791
20189,0.0208716577354287
26375,0.0578566412676
28555,0.0203405475489681
31748,0.221812194552739
28855,0.0383952533999609
11692,0.0423031953749769
4411,0.0144921427258498
33706,0.26112637981113
30566,0.0748453088838297
20062,0.0780194023881058
4042,0.00917230854331402
16255,0.0218549575256329
25410,0.0180832161856509
7927,0.212098094051187
21408,0.0694311314756927
19874,0.0216984643064083
38487,0.0291999538531163
2562,0.044741805269284
35938,0.0559191462857053
13233,0.0779732972360571
34933,0.0692728018471571
26290,0.523712142066939
38013,0.227682423081412
8591,0.0130908688089873
21653,0.0699890530465938
9239,0.0139598709267975
33056,0.200949155187128
33466,0.0626542993209455
32309,0.0782170869645744
17242,0.0199924437040861
43910,0.752341704182637
8685,0.011426260272087
22642,0.112777984865615
25988,0.0717874548431676
3194,0.0397796479167744
16231,0.266974934234186
26204,0.0316914188272738
23294,0.0642214087268273
8539,0.0222689720520452
43792,0.709444042009594
26196,0.02171965882198
44588,0.0167701506439298
32,0.0134871778492312
9776,0.355097858219917
10900,0.017090785762878
5025,0.0988971525182086
26707,0.0267164148550552
1128,0.00304497954429596
35303,0.0380486964725391
11288,0.113952967504353
11173,0.0512240319013154
8048,0.017550346986417
26106,0.229169646444447
34599,0.0240983119451779
15259,0.0431613532147797
14532,0.0490161216297229
21102,0.110820134954121
26071,0.0346869163792402
21273,0.0283499777062061
26172,0.0407787959522212
36763,0.044329414398955
13269,0.943884883103167
21661,0.0459594654783483
18416,0.0256124795862537
4005,0.0372947975936937
21279,0.0340913967407039
40800,0.391204104415002
33437,0.200996850926138
40182,0.186003373025009
19056,0.0727679915330825
30386,0.305896369808075
2136,0.0457178913470297
5280,0.0578713128440417
34237,0.241196538135258
42988,0.844575635455587
21825,0.0317684205998085
5252,0.101821721748419
39531,0.0819504457354246
35975,0.0254960856579401
167,0.00788396276416617
41823,0.542486725232593
11442,0.0325286748895492
8587,0.0216512387093428
32977,0.411356438707151
11475,0.0404279791657338
5476,0.0190682877757136
14200,0.0139919670940346
28436,0.0414974135006472
15306,0.0444681047594968
35940,0.0993442115287706
9467,0.0272627529490889
27491,0.10709556820346
5370,0.0392966630471899
44009,0.281886674886323
37175,0.0374476147764342
31729,0.0715144948243288
26093,0.0887024852989005
27831,0.0532078604576137
5021,0.00897182523323172
43219,0.399499476867502
36438,0.0384923910289319
33781,0.161851006114142
17678,0.0229278318446481
42922,0.111434219870836
1695,0.00731471690787774
18525,0.019788646426163
10249,0.017237788403362
28272,0.0193100074633094
20651,0.0918142812572606
25809,0.020128178411987
35914,0.0429579518995581
29068,0.0753696522273206
25223,0.0330040915895636
40585,0.0515181232677915
10451,0.0144148132987436
16692,0.0379081786202803
16401,0.0643254033263376
32236,0.139440324364862
39619,0.0582760873613681
26091,0.0478293493134399
12708,0.0211535486044668
13301,0.126571900585317
13445,0.0166791544214505
20668,0.327081644209377
30204,0.0485552951764696
37156,0.0523052461858066
17983,0.037920442558296
34675,0.0659469713737793
40824,0.0750734866383328
26515,0.0301749125716786
43756,0.128616344265795
39704,0.0853426049578781
9884,0.0338736034794978
42383,0.0735881614701069
19288,0.0435110334215437
3269,0.0104124746492585
863,0.0151839688237853
12089,0.0332571030324408
2996,0.0200678134338188
2705,0.00543234046941074
29688,0.0311346913062175
42536,0.155339253746622
11042,0.0567144465237534
1586,0.0326015302399983
29144,0.0673131928959103
26293,0.0335156849460968
44888,0.699787482617131
8638,0.00583851498991397
1684,0.00866906580000504
25640,0.0387644934056663
29445,0.0600514308169331
36761,0.297615624138784
12205,0.0017644468563391
10442,0.0155548518879421
6013,0.00607189700004503
35057,0.0448341952489205
22436,0.0490212335983426
33011,0.116783810554936
1291,0.0112186161284297
11291,0.777322005521289
19907,0.0347632539098289
3862,0.00556731988443541
40470,0.0887225194972094
4045,0.00596835307624091
33905,0.104861087744566
38479,0.0560055230738885
3182,0.00497084093068438
3100,0.012791396206156
37165,0.0446104376209186
33162,0.0678727282872082
39099,0.326872826694429
31629,0.240890009254416
6023,0.00507902426562158
16898,0.413933644719098
36949,0.0259454321888224
30716,0.088081609735652
35064,0.0438127965881898
43669,0.085623995626552
34960,0.0470180416660298
13080,0.0659714218572881
20349,0.107943035347074
8999,0.0388390353568402
28640,0.0329995452824208
38554,0.0895970194901614
29369,0.101677275549173
38948,0.0281056772477289
36952,0.0423092349465425
6268,0.00948117238322746
3850,0.012810322190258
8576,0.021922738468238
28520,0.036469891207106
45139,0.0438558209501901
13818,0.0204452929381866
44702,0.219262034481528
34234,0.0148007444900686
5078,0.0397486859575219
14975,0.0246349272102923
28513,0.022894105005937
20143,0.214180176604923
6703,0.0342140149452483
9046,0.0411468487202603
35255,0.0260641365486397
42384,0.597005495079412
14863,0.0658250733235759
32979,0.0848895307061126
8660,0.0698060935548534
38656,0.0244945787055517
13053,0.07980587461756
25101,0.0140751197603371
20763,0.0474687028096689
36838,0.0329123429110771
1944,0.00686522522874466
31236,0.543576654150025
346,0.0604364531818352
7007,0.0355794813457499
37632,0.0348103235498814
1044,0.00727386652069723
12807,0.0235999976573147
8245,0.0340427348602279
5236,0.0588938289990271
41476,0.880653769463548
16964,0.0411651138822005
45086,0.758468469782046
39398,0.160376880255158
15163,0.00464667870084229
8675,0.0728563854863396
38208,0.0350982692033751
37230,0.0550624062192104
41733,0.111690433619831
31882,0.100411971464489
16573,0.0183016908892388
21604,0.0877860234229692
20181,0.0695652610243468
17335,0.115050330214367
36725,0.0696350943440771
16206,0.229374594266052
26661,0.0946502691641093
24932,0.0263164354202242
23898,0.0504871240063627
20724,0.0277560736966845
16516,0.808219696761049
9779,0.0320953510909891
44844,0.890247054358304
38895,0.021835971980354
24547,0.0550177504158652
33173,0.149644116020215
23943,0.0292086913524953
20804,0.167229768108565
23177,0.0573311171961103
33345,0.296337342773679
22174,0.0416907992454629
40169,0.546691433046822
29673,0.0532174840617537
30256,0.26434693025908
16533,0.0597571109716726
6877,0.0145678844352974
18953,0.0636669853259211
39647,0.128137044703231
23873,0.0548422900347175
44758,0.859779353695688
44258,0.118344569995515
14210,0.0497558259092651
8351,0.0134601069269978
6435,0.0209141877268228
40137,0.318421821679917
10402,0.10489236857324
32372,0.396880544121166
37131,0.0339711792648109
6934,0.161128324880028
11498,0.0207343879110333
36670,0.0410166099456359
28950,0.131247264721033
25231,0.0242297997338677
6739,0.009616174674988
37351,0.0235590760023118
39602,0.136532289963372
29095,0.128126113403462
18149,0.0136307536854698
4501,0.0122030693142822
10973,0.0288579340903158
9945,0.0123563693086053
30110,0.0169735670551725
1750,0.135165220711366
38853,0.0383439965845763
33410,0.204950031852665
24213,0.0557183028882281
22404,0.054227743416057
16693,0.90877348558081
25065,0.367492338159797
20268,0.0340659051266035
41596,0.242844880645573
22193,0.0354537486228178
9347,0.0216042209520005
44954,0.31367066155032
19845,0.0520043603975109
9891,0.0401929792218525
38027,0.0309630532163142
24908,0.0675921496652524
20315,0.0301825811149902
4829,0.0155164195653484
27286,0.031713911579884
25143,0.0251157234779177
44900,0.930800486175074
13177,0.0756743629492455
29228,0.0445711059251863
19862,0.122558616581412
34575,0.0468225272724421
43077,0.585012605111874
13476,0.0381507706189451
26485,0.0397415082058444
23814,0.0414636929317805
41729,0.166008874828668
15789,0.00721634845995934
20994,0.0425424090202293
19445,0.874768935149793
32410,0.119085674182389
20691,0.0589101051923229
7913,0.0152813397798263
23175,0.0218946994325811
44365,0.76356999118337
7423,0.0575324896332455
19597,0.0407095200246709
45083,0.165189759096129
5258,0.0125843867392424
13491,0.0140754392114885
36075,0.041025796829034
27002,0.0718677487735789
8913,0.0186729753617593
7722,0.00453323127936437
41988,0.269706579088576
31132,0.189016663024283
27301,0.0329337594394444
21566,0.116980730931462
34429,0.0603809240994254
41737,0.133279663289788
31158,0.128082738335281
44429,0.29403564229938
14223,0.89415398610014
31000,0.0168582982775558
31720,0.065141294364344
22862,0.0628621368414579
35637,0.0596730378363831
21015,0.017479101019617
7919,0.00424003703480761
10938,0.0187708160477841
39001,0.0475712018783574
4220,0.00344873199913969
34981,0.0461684448891274
13830,0.0698445013836589
24200,0.0175747773796679
10798,0.042622415337319
1577,0.0090664548330473
28214,0.0733473261316509
43846,0.0267716936802872
27179,0.0726315953780853
18490,0.0318918491130478
40573,0.055263375042613
2710,0.150354302349985
11749,0.0315918722447026
37119,0.0289276570571643
29379,0.0618051787761423
42686,0.0302519651520425
7981,0.011599997793376
2014,0.00423104227468081
14352,0.0139969309720013
40700,0.0856936379327113
3665,0.00541900570306694
41076,0.258795732629084
22441,0.0237850609838941
6989,0.0149873144417208
36518,0.0147865415755326
38793,0.0153980310959635
9540,0.042763600208059
6134,0.0107116812529279
5663,0.00809203774728713
14326,0.0462666931918915
44623,0.984725454491894
32230,0.270827079222618
1490,0.0044943382209782
21606,0.117138315493748
16088,0.0591201996016763
10842,0.0666205590654161
2404,0.00937995253645626
35109,0.0323614691561041
25515,0.0235909861511005
6787,0.0110606930456455
35649,0.021546727906374
14427,0.0325324789315799
8472,0.0527371292931214
20415,0.0554929277275055
11967,0.00966791712590395
29518,0.259113157585309
21832,0.0253076180415314
25002,0.269404783643869
8037,0.0169697824548795
10082,0.0153822870131638
12747,0.0584912135459101
30558,0.0928027747870512
35527,0.048036872417344
35344,0.0829697619566225
2273,0.00666963533352227
13423,0.0273594016988861
172,0.00772972535778567
2818,0.109445336485852
7057,0.0137131614853871
13725,0.0606392091883046
26531,0.0257386160843093
43729,0.161525758742243
25977,0.0734504774777432
26776,0.163643185693503
21630,0.154286969802505
39504,0.114991177149816
13811,0.0458013084835076
21945,0.969698164935849
25237,0.0640151921410523
39577,0.365831065106095
39837,0.226581499413763
44635,0.772945645375957
8897,0.0162615918971186
15512,0.0708566670009208
3178,0.00514438915800194
1788,0.0320439056169683
38434,0.214449088605976
37333,0.0637991966887746
36666,0.0337087395957011
39486,0.0554646836857671
10019,0.0415003841956127
33677,0.0448405804840172
22752,0.0429518825603042
31147,0.0591583451578844
8257,0.156307639704892
31608,0.0695006899931096
26248,0.0375718859282082
6958,0.0065567069116067
6591,0.0153374743004241
15437,0.0203352695683896
13603,0.0398242098730325
38966,0.0319762848470234
42055,0.32290840090198
22399,0.166676602914165
31484,0.238186860092595
21012,0.0699216669652859
2838,0.0114776085987402
38616,0.0752292854083456
23308,0.0446823442329673
8049,0.00957563400330033
24672,0.119226589999237
31074,0.126774599059522
35837,0.758147101682964
20111,0.0609436651604328
35447,0.0200521962419684
7113,0.0115039313287268
11786,0.033847569278649
37539,0.0709157139152103
37063,0.0307917481719943
32974,0.0683048831354867
3448,0.00391960084304748
8056,0.0116599769626881
39380,0.0364098169724493
28525,0.0279587383972238
38256,0.0293536614053868
39178,0.0942011580952245
10614,0.0410685197700246
10833,0.0528479264037186
39402,0.651939336824351
4861,0.00699822225040268
1311,0.00580860110638158
21295,0.0346954649275515
6701,0.0218460591491205
41904,0.498401689630386
28915,0.0161432560262192
18821,0.00213044752036645
5262,0.0102453045531263
4112,0.00632886319426227
2974,0.00682512745720124
2287,0.00932656517948922
4845,0.0347642585803413
983,0.00561871979860858
16555,0.016961028007018
19219,0.0867043881325645
2646,0.00582864981603601
44011,0.547407920595525
30267,0.0857294494848026
2925,0.0074756968808842
18546,0.158361087821107
14168,0.218967421486582
35398,0.102902593169758
20898,0.158438288284295
39670,0.0197745053011519
10750,0.0421427381187134
44931,0.0385048326095332
24453,0.0213339525804277
26403,0.0633975328309572
31593,0.491360440478806
8084,0.0232537125505589
34325,0.163307322591676
15817,0.0422889725733986
11266,0.057288537292532
24278,0.0940883438037115
31219,0.390673382452475
33294,0.0994432118135051
27526,0.0117516854758606
1439,0.0237118388943517
29842,0.103087639086411
34796,0.0863795504157473
19843,0.0154139146173846
24367,0.0312498480878294
41549,0.548089893008452
41042,0.0539744134929139
6406,0.0150004827244794
43985,0.010100483750013
9882,0.0111722126859884
26120,0.0193582715713758
29923,0.106557584598206
23474,0.619748984260112
35016,0.0359481718403325
40199,0.145881012121456
39963,0.210162837774053
13453,0.023872915608801
38183,0.113099851788641
26010,0.0321061726428154
18512,0.00991025823591403
2412,0.0276244024189876
28302,0.00665711794745827
15527,0.304496955810927
43599,0.262409341585961
21002,0.0413814188000289
31902,0.131198172215824
13030,0.0149653082212093
9029,0.115529331240135
38385,0.0930758166894604
1412,0.0154385273425622
3187,0.00455153824929583
27383,0.202623072621506
10344,0.0590401750789927
37148,0.0272662103374975
14849,0.209273600393323
34359,0.0787673296635166
36880,0.0210318601445761
18935,0.077547882106564
30748,0.999899858378466
41360,0.0499179955468946
38221,0.0299639171965091
9349,0.0192474502174628
9942,0.0345046808160298
43728,0.00991338433991894
16814,0.129509714960393
19916,0.210515903020713
848,0.00762195051517302
29830,0.0738474869732126
5311,0.0212525230442768
29050,0.0561242314147135
31276,0.535944600332452
1579,0.00346442204046247
35422,0.0494589744993887
41489,0.185738035825163
24059,0.79018610803078
1229,0.00616885253267033
42305,0.137289167183037
28340,0.0500831754414948
44051,0.443017524931864
25716,0.034954557567724
31238,0.722687832115505
9842,0.0365530966404568
2631,0.00679483694711722
19087,0.0476547022824426
10682,0.0139773019998401
18968,0.0349950663383841
38573,0.0275439166338645
12273,0.0324217956557967
13134,0.0403723985979427
13217,0.0355670534647296
39931,0.131175680941647
8868,0.0216493012225642
8985,0.0246320608282654
36176,0.097993243522096
8864,0.0134289857435795
33251,0.15634826989578
41804,0.1709976121782
34199,0.12418402128708
11301,0.0269162758846748
4066,0.00647934377290395
33477,0.0741156805145955
17189,0.0141740195169098
31209,0.132640971554638
12228,0.0206050794111184
6884,0.00755538400255834
32263,0.172285691835043
44676,0.798257689185943
1139,0.135344398039444
1802,0.00977882495797474
15932,0.0189529194672605
2207,0.0114185296984603
12070,0.018922407082475
44662,0.295172213297345
4415,0.0138698129115815
7554,0.0080236260458107
18337,0.0751513567862226
14022,0.0253795882193549
4785,0.00875833115603406
27435,0.030096889767166
38342,0.0894022398267865
34246,0.326610735208594
38845,0.114582193550234
17350,0.0127964291722925
13071,0.0340004108049374
44077,0.0768658245250155
21482,0.0143029336934136
9564,0.0478244516971423
44584,0.652518563035478
42712,0.344344518446482
27666,0.0163378042484361
25690,0.0472272643070499
8707,0.762978718958703
39945,0.12751695403521
25991,0.0168570370557958
43677,0.25837280251423
22535,0.0857028786449368
6759,0.0106550057774079
33635,0.295055634848819
13216,0.112091096717792
14235,0.0205420165671964
19084,0.0402016233784722
3205,0.0240635484105811
40505,0.0805180542342362
13141,0.0425667387614936
6292,0.00725301019952832
20167,0.0580046228380904
14725,0.224269221752991
44851,0.753265691571893
749,0.00772843711508527
12190,0.0087398931309907
36843,0.0131701443874129
41528,0.151961000045216
10176,0.0349750902692586
10430,0.272963413838315
21154,0.0134105729674957
10044,0.0205586985532914
38926,0.0555289453651846
9597,0.0360463951560908
1677,0.0118128070710769
38288,0.0474457007971388
875,0.0298657295505232
36247,0.0503544638702132
9898,0.0209020975181517
21662,0.0445023265899925
4651,0.00773021626149189
42512,0.395440324132549
39456,0.331531301059233
4457,0.0142240266124941
12297,0.0215449044002046
42223,0.143532013211623
7341,0.00790764340802066
1223,0.00903457932558639
9794,0.0209520563124418
25272,0.013999725868523
29651,0.234717540108315
11223,0.00695649161508604
19930,0.20041105855653
26026,0.41385672454729
22542,0.0599406906041349
30503,0.0661073603365443
35627,0.0658131817804674
39168,0.0385280520661601
11999,0.000591092708510527
33047,0.196738148380297
27870,0.0500614407128491
3782,0.00270387178523525
26099,0.0362804516075245
17089,0.0414710390886113
37035,0.113957362718115
44732,0.830025719737932
37883,0.0231824321001647
10020,0.0685471605058188
27803,0.033517974255643
11399,0.0404212029256181
30117,0.0940238698102311
15769,0.0641513536023492
29737,0.0384745222928869
44342,0.0451546573655951
15001,0.04529191535248
2701,0.0227318318912101
42905,0.507976002716349
19910,0.0819787905792412
2341,0.00604046530122842
7232,0.01184132055474
28635,0.0351622117879032
24604,0.0176576058906674
21179,0.0253452496819251
14125,0.1312705574943
27535,0.0246100699955863
26863,0.0448498498975114
24820,0.0345244698200153
14314,0.0793459795239955
43267,0.474871239475053
5599,0.103210201550146
19285,0.089173039479719
30984,0.0144197288384585
29112,0.0587654993601741
44251,0.728705742331821
6721,0.0141156999904839
29918,0.0334441778456642
4081,0.0174379872160351
19413,0.168304711022941
28294,0.0468675793297168
8164,0.00978045118796354
14958,0.0162920992083901
12379,0.151769671982915
22356,0.0740985258456279
40956,0.0497948946691632
549,0.00787539510338393
10377,0.00785714171752652
8355,0.00741665435480695
37656,0.0347756219810253
38777,0.00889688295935016
29464,0.12436668658873
35976,0.141530662198223
30230,0.123183497556031
29680,0.0270557977403301
26123,0.0188006628811082
4932,0.101296637308957
17585,0.0163868531188801
21925,0.224275629170687
5012,0.0222944812604727
40596,0.0631674903073446
6518,0.012399826767896
19574,0.0991054046637498
27780,0.0560124011368835
5362,0.0222309345422821
36654,0.0258143948901409
20765,0.0207248323288627
38477,0.0455206242481398
19174,0.289924452057853
10694,0.228916194901356
37671,0.0307565293488455
17650,0.127255901468782
17132,0.29123377245126
22978,0.385887629555643
7686,0.0118339657842422
29787,0.107097647952581
42803,0.225663534221805
27277,0.0236536697545082
7216,0.0132964715594942
17724,0.0146087986397722
32955,0.741827581103646
24990,0.0338797514248606
25692,0.0275317905471926
19712,0.0984238113733093
14670,0.0233679468224958
17034,0.0839409093710068
8402,0.0176399721502073
23965,0.0909449170626978
40049,0.144727629868096
2570,0.0112456378962437
8894,0.013547590051783
4687,0.00674157196483885
3603,0.0973706827781708
33920,0.766198656524474
29115,0.0709315635527562
3800,0.00773173592659543
34843,0.0354221266960294
24356,0.00761548062380752
29631,0.743639981980607
7908,0.0125180380859067
8062,0.0222891211823209
29629,0.0476954208498259
38102,0.0215952137358823
13498,0.0495263818357478
11321,0.0563976638584923
42170,0.391287551947488
10463,0.00815113896605634
15254,0.0290119102975818
33264,0.0716214116339637
7263,0.00685983252393708
19107,0.460216613410211
9336,0.0524252623373611
35946,0.166387759099439
40986,0.102342189725345
21250,0.180315512024795
28247,0.0325308661005115
32185,0.0519269837945997
17681,0.124567923189045
23373,0.102210965674496
9850,0.0214879053818702
10165,0.52147650574843
14000,0.0186117648565508
41353,0.0978483448035158
14403,0.0390001522140976
23958,0.019547195729404
12524,0.00576179807087167
18498,0.0331935223537444
161,0.00692525949611884
6063,0.0128827188112131
29844,0.0415942035506529
6171,0.00741808555537664
9359,0.0176963855906833
9472,0.0226901340744068
44613,0.104503730990567
352,0.0890539675028891
33314,0.0598027138567779
26983,0.00879199347158213
14281,0.0340772956410906
30239,0.0398552376014046
44440,0.337489143901278
624,0.016087633534648
37441,0.247587744294279
27171,0.024240703254386
19151,0.784267527616428
19097,0.024910619973308
7940,0.00795156416471771
1503,0.00192890837837789
34556,0.0338020141724616
25729,0.029103759647392
33225,0.0975730878812114
27698,0.0187297384643152
15766,0.0141929735482
29171,0.218905961739976
32649,0.252278415568947
43078,0.446797302032856
25668,0.0198431228144178
1156,0.0124380701720362
28411,0.0511749275221098
36144,0.0469700906211574
41623,0.29440016984489
10619,0.00984992842972307
32143,0.14492653851866
25985,0.345069224834882
14356,0.0124823021656454
10673,0.0484956637199903
43886,0.0134065726771131
2477,0.00982580698560946
176,0.0311143085007493
1829,0.0215201572889526
17762,0.0810526624773223
28630,0.276331035059412
41195,0.0812991254803595
14648,0.0198771738632678
3414,0.0988780908577193
6762,0.0091642909984158
18692,0.0562260280096637
2608,0.0154043007213884
24067,0.0174301092610047
7497,0.00471306125061886
10011,0.0181739180823118
36904,0.09437402494496
12139,0.00669252782250546
6704,0.00985365322906465
26522,0.0586967351370252
29653,0.0342579772943409
31418,0.375047251346674
37326,0.032959273369719
2414,0.0427218602287978
38884,0.029454520140006
4084,0.012359379918282
40844,0.0768000470283081
41307,0.0631972811518112
14354,0.220236826161973
10796,0.0304294132422831
2938,0.00832781945694884
12095,0.00481557502657825
1183,0.0276475440026978
32690,0.888681317256264
20410,0.0248236144275168
6562,0.0134404673123887
44720,0.221417357793274
11137,0.0143144356213663
31489,0.257779296203827
8927,0.0273935849428055
15181,0.776657525145254
6854,0.011577650572595
6805,0.0034510965153665
26929,0.0426279711438909
29399,0.0176330784352008
16802,0.0221941437524309
33668,0.0220726455226024
43278,0.858190088684403
38075,0.0241503368099727
9164,0.0218811794043879
38326,0.0246362530369051
44502,0.789087238278527
24284,0.0224436971111728
19327,0.0765766178779209
19461,0.0282419611513586
42254,0.27335870579037
34919,0.0474218478832271
14434,0.0261005561086423
21685,0.0666177686583216
23168,0.0107003377641632
40846,0.0857137854110782
42114,0.368573282170296
11335,0.104251167029583
33076,0.0299682263404034
13386,0.0343203100290071
6534,0.013679083949838
3156,0.00972359371042578
26264,0.0222235010412796
10768,0.05946739187446
25197,0.0372418245363276
5421,0.0325306384609102
12816,0.0223289136758229
35511,0.817135323618532
6882,0.00351223385228699
26092,0.0698661612745348
38896,0.0472960582627589
28759,0.0242686337912901
25495,0.040025799154143
8463,0.0179504230775581
2175,0.0184612591181835
20580,0.0625855438245136
3994,0.00431409811188807
28479,0.0444661390645224
8276,0.0167288410727534
884,0.00503101760841022
17921,0.122139475874804
592,0.00575472289630067
16085,0.103380950984602
35304,0.0378897449789963
5691,0.0083417946619639
24340,0.0547631268745117
20246,0.584094173812512
24753,0.0119002805318777
18557,0.117125646284506
41537,0.0859019527029489
976,0.00653997811850655
21610,0.00978736540527143
32225,0.0756190560146321
34650,0.0203598644403675
41102,0.0999524013553765
42638,0.0676572070585024
38517,0.0357870252949234
40168,0.731740402590133
29475,0.183233506219076
5108,0.00104032236297321
41929,0.316117593483835
15252,0.0127768536413364
28911,0.0217244456458927
26029,0.40394391675985
11666,0.0335163946776903
37961,0.0224495170735489
44583,0.479698153361615
1003,0.147520078941118
35719,0.0279655131699436
8018,0.046718290416742
33154,0.0672102439152005
16060,0.0387656198409965
32037,0.602150538268511
8338,0.00914134164392545
4666,0.00703225847108148
29317,0.0627563326731164
5335,0.0299434540302013
32057,0.171451064388649
42097,0.0262505511990904
20964,0.0216260362836926
35963,0.0282655512787798
35678,0.00860992388048067
14145,0.142941600936749
12641,0.00811510704073591
6433,0.0119026797070678
13280,0.0507894335535369
5367,0.195316172443199
21934,0.0707182840733531
16967,0.0406513597689499
767,0.00735065287743226
13447,0.0278914863353678
31667,0.0786169441231588
41023,0.174911378985373
18598,0.0677782972809453
20973,0.0225447601230859
30499,0.0388657286363958
18021,0.305297020415807
4087,0.0167340757829053
17428,0.0375699162675389
25560,0.0402856246097292
30212,0.443782186260205
12839,0.0271785551403841
35991,0.0676550194989811
4291,0.00569509354072994
1207,0.00791316980376734
30258,0.0389773352117829
2656,0.0130517115741513
14273,0.0251746856226639
14808,0.203010214153251
11142,0.0439123190660789
3160,0.00576182627238286
34386,0.44033570536181
44568,0.126400346134469
44324,0.509668965800682
3058,0.0105832308356107
2738,0.0137064205756367
699,0.00991340096645275
12882,0.0431930669361756
41836,0.0788041041198984
39242,0.0179145469605378
19392,0.0522321699867115
27143,0.0368775473179327
36892,0.101817722308847
6898,0.00463854718070048
43424,0.952300206250038
29100,0.0471557723477835
44418,0.0968943410488927
33321,0.0496600763338472
5071,0.00236880579885204
27992,0.0385926155049519
5191,0.00431889336603574
11508,0.813606834911906
27469,0.0563465953844172
17487,0.0300307794318774
40912,0.12567578478122
11295,0.0160159506251936
45061,0.795306779782307
28803,0.112611550348394
5844,0.00370692959739114
40200,0.54634437754917
20622,0.165064045557813
38200,0.0880152996904218
26153,0.386472184246229
6281,0.0121261954299113
15047,0.0603185492334343
24996,0.0718853722507857
39503,0.0835041813827032
29131,0.153143987952098
38818,0.0362305169660882
42282,0.169842551638353
34376,0.0582400707372707
39672,0.269327873809659
20027,0.139665662926981
24553,0.0142132714588878
44336,0.0494789846808995
30380,0.0939688982174923
44369,0.539154581047003
11520,0.992030688857109
12405,0.00825130614571102
28789,0.0444668197191794
20485,0.0638845610014907
27985,0.0258104232774765
29634,0.314158592325847
23897,0.0509093780160975
13651,0.0710207215789753
21650,0.0553970346783659
3729,0.0213008446764681
25108,0.0298520851541039
44124,0.00768945812875957
26165,0.0151643818511369
19308,0.0885125033323142
5851,0.00542027333585269
5956,0.00799824398620326
9416,0.0650893052555201
28014,0.0156497120428485
29001,0.115634529249385
24187,0.101035707721207
40151,0.236308258932502
14375,0.147993540198309
23680,0.0410585104318774
24225,0.156809958362378
20496,0.0593343466068059
26505,0.163284573805206
35158,0.0777928370155726
13121,0.0526080397212308
6116,0.00821931789280903
19369,0.0317825008451287
3143,0.00478518870042633
43965,0.767970864427209
10270,0.00454902831399383
25523,0.0456780231546801
45120,0.716300990175922
20988,0.0368700530540121
5317,0.0146705888185255
18395,0.000819594184215132
16600,0.0209747946624651
13652,0.0586860272546939
30306,0.184792961073435
37239,0.0331375662265216
36467,0.0570379275703276
22276,0.055605900900525
36503,0.0288369975801948
28429,0.0342798667744198
32866,0.452490228805578
35005,0.134772283343397
21326,0.331232255998169
18834,0.102843002001816
38635,0.0188922111463452
37091,0.0783366140379186
27145,0.0137977014494686
8436,0.0115787287061163
41702,0.226191906726379
21174,0.0216292177987732
6446,0.0158118575613232
40839,0.0810924801306679
43734,0.464920018287204
9008,0.0163905984370202
32759,0.0571034904814229
32394,0.083998683932405
1892,0.00932826897137277
38413,0.0909995190162172
22073,0.046761374007959
5981,0.0101389814518527
2103,0.004540251908909
32437,0.0625852947459077
20726,0.985372115640509
15142,0.126392567277518
6612,0.00941527840215324
21421,0.0101342288504165
1809,0.00952194211158874
39252,0.532059027484143
35981,0.378443063429904
1674,0.00279048694603787
12496,0.0827005827093879
33732,0.0826370741335421
2577,0.0209592289517017
31609,0.0490492733978099
35891,0.0159913661252543
25574,0.0309956980772084
8531,0.0309024149183915
23576,0.0345857584470722
18019,0.323237644086628
29545,0.0257480741873302
24579,0.0257845792394147
10735,0.00170157094810174
23761,0.0309481704171169
21243,0.0596847611288491
9128,0.0257649913583
25682,0.0410980998056127
17639,0.0104968719111386
17608,0.0346193533173133
12459,0.0368693373481677
16772,0.00975685362954303
623,0.00688095115515066
40964,0.214964964781757
26783,0.935405241060563
14366,0.0179566987609552
23775,0.0384028631866094
692,0.014571462421105
29123,0.0752142445592835
1246,0.00640203841360422
8745,0.0261710188377648
9610,0.0271209399591329
5701,0.0149938539114719
6098,0.031983979520134
14021,0.0244016348976509
22849,0.041738269964418
10466,0.0181895107862171
30554,0.0842751448267338
41187,0.59465982978823
33766,0.553516585671082
20326,0.0382485576506504
3350,0.00475143559298155
32969,0.0605798389439069
754,0.0354061419667604
2853,0.0146086965122087
14269,0.0239983809170922
13341,0.0531004507286741
26160,0.114402691059009
19204,0.0149789718757759
12152,0.00670733589237656
16162,0.0615106005382126
2961,0.0301338707683203
8855,0.118070831664919
37826,0.0124391255610377
40105,0.110524620115064
13327,0.0225420956098305
40950,0.108578475707013
19124,0.143187701255929
21118,0.638243134514435
5574,0.00886805317245262
37178,0.0216310246733892
8559,0.0171435743710814
8388,0.0084029775713949
9522,0.0228051231143928
13756,0.0220170907078194
21992,0.152472531944503
16210,0.0629670361339811
19424,0.0437908014270129
8865,0.0124651290827412
29029,0.0603435185685671
41776,0.247205106040729
11953,0.00121453247056156
15662,0.0260769300110403
28482,0.185929925564856
26991,0.0651001723245102
10387,0.0189965639910465
13370,0.0384239495403983
611,0.0086812642638497
4233,0.00529542664157448
40391,0.139546438555674
29121,0.225218376383332
14974,0.0172184812178821
17641,0.0237872541914601
13643,0.0511735520330394
12602,0.0189210443714329
36241,0.0489437238780372
25468,0.508387606849797
15349,0.0377235267705855
38177,0.06688627578541
17230,0.0561694605335993
42881,0.742600129127147
1026,0.0299829352922975
1886,0.860277383655548
6112,0.0444804012995062
38713,0.0772603630253079
201,0.0508004214015577
9437,0.0252204730379319
20325,0.177192540344319
9531,0.0341374884645018
29406,0.0387999579246114
18476,0.0229252816629525
6876,0.0377545250101711
42633,0.0825305236702475
42433,0.282843831286806
40664,0.126395846999685
36522,0.0131576621460168
21959,0.0272930327790221
43590,0.651466192661437
21477,0.0496938563053741
30038,0.0160231255217022
17975,0.09974621436701
38318,0.0223038277768723
11041,0.0159655354182077
680,0.00755443998918743
33266,0.111262520506231
42669,0.201113231202931
7580,0.0119974396358271
5748,0.0198487567293666
14965,0.655444387868005
43530,0.173003862418749
21928,0.0713005050499277
5735,0.0076595366031598
35711,0.0334998705385139
24815,0.0245432333156761
35967,0.0658707742628432
25112,0.0530408422315524
15845,0.0231767126864001
25046,0.010859889600512
11175,0.0565963625560957
23835,0.0292280778060554
7909,0.0143070472802533
24221,0.0469391968348473
32891,0.0770789854333111
18174,0.0041659737485879
23986,0.0169160426956819
17047,0.017219222314334
2920,0.0103388760928787
41492,0.327621648624356
42757,0.175349421208423
24275,0.126860921328519
31952,0.209468425843154
25882,0.0308890498619163
463,0.00615009350062785
30245,0.0250957306065861
2263,0.00399584409107205
16155,0.0140788167241869
10919,0.0146608381304727
30569,0.047089387687965
25649,0.0399330733030871
27842,0.206834493333446
670,0.00638988017013657
2417,0.0123097604110089
33160,0.213145560056962
27033,0.0522567828360407
22568,0.164031483145385
43769,0.0938182886599719
27825,0.0132909099741264
42323,0.2704220315909
43016,0.723909281140918
40091,0.256040652116838
8857,0.00422436218123691
17280,0.65768117955329
1450,0.00622297191839669
41396,0.772578326562416
1423,0.00440896492206278
13078,0.110821807299322
34407,0.256116289403316
34856,0.09575115275186
35326,0.0235282314417202
18618,0.00729196197255625
8186,0.0800638530436886
24673,0.018022503324293
4911,0.0278554714640502
30539,0.153877912685336
28304,0.102190786138734
37713,0.0481265254420099
7303,0.00945779738693463
28920,0.0605873914331773
1828,0.0156613834189648
13420,0.0393633876691253
2165,0.00714481574991894
19789,0.0313775775879782
6193,0.0401976802390765
13237,0.0473379677342794
26901,0.0179252171488091
23145,0.0531795605060778
36482,0.0539370120893117
31284,0.445819173348592
43013,0.213668244094512
5834,0.0198316795337358
36450,0.0580970067589284
2151,0.0161037402654523
43423,0.0743012394464659
11213,0.0214276972635538
40629,0.682509351746595
19657,0.054872550761373
3919,0.00727705411929278
25803,0.0837946664721106
13231,0.0626254260405707
27826,0.035459025670467
41339,0.535701541884011
26237,0.0299271286149405
16826,0.0979334081205647
11346,0.0839803669897512
4504,0.00652540370580129
43045,0.766824563789981
9369,0.00996670461614209
38460,0.014686349674357
41824,0.578455995898796
38497,0.109012758731993
27597,0.0242897134022129
39631,0.362377653075542
42151,0.0485058937616944
38963,0.280025161738464
4867,0.158004862395208
33153,0.956411285394595
4493,0.0586040225466273
32267,0.0667755671313375
4940,0.0143425521367786
5422,0.0263309196230482
41089,0.0424887402474023
44073,0.439123359053113
43467,0.209473461437124
35452,0.0692657709375271
14872,0.642954866499068
1117,0.00478063153543604
40646,0.1508184804936
932,0.0112537675719716
35169,0.00832295449800658
20371,0.0716393229321998
44065,0.246586934279139
38881,0.0666672567089183
21308,0.0613205666553875
6168,0.00768402253265852
1808,0.0132545790604294
2660,0.00503718729405306
29465,0.229479749540133
23158,0.125226397447352
11317,0.4370667281305
6522,0.00719012410858789
33548,0.105444759905806
35170,0.0701813474300366
32653,0.0343944587726513
32524,0.0642349912994033
32836,0.481607878356788
7049,0.0177793096889994
28758,0.0227607374661349
6839,0.146638091616838
14799,0.0707005282862493
14789,0.0726048081029155
30898,0.0200229562275357
37315,0.22088867790515
44027,0.791614918884289
1603,0.00466685608224223
38994,0.0693226925482926
8427,0.0690570649046601
39375,0.0910921718968368
32448,0.271217597336753
15815,0.0470999161990457
24582,0.362496608069397
32319,0.49724997431116
32262,0.122193800979468
18269,0.0432985915913672
26724,0.0465340670816005
20417,0.0517357942948834
29042,0.034947638961962
20165,0.0384753003866307
19077,0.0687447311328883
41892,0.236366126790057
36780,0.053224450154677
12431,0.0231196056405802
20766,0.041900408799675
22693,0.0439732246089323
9849,0.129373458363641
32938,0.396828166581088
44465,0.623524766150652
43010,0.41395479311518
18344,0.0141647750586059
5871,0.150267021148213
30381,0.830045108895582
12388,0.0123469106999885
2458,0.00409224239355144
24440,0.0286722543950691
45043,0.476340959882898
39734,0.121577437797064
3955,0.00547355134816864
762,0.00704087736485879
16779,0.133367282929581
39894,0.188152434354192
25039,0.0655751265283954
13196,0.0217884938628684
15734,0.0339299575797577
617,0.0194245591720187
24677,0.0350183125205568
25895,0.0126596725422469
38760,0.166079870791904
20459,0.0534704553277646
30268,0.0936931335789619
26580,0.0620998843138477
12487,0.00553646262039714
26947,0.0445034179126545
34967,0.0915353515096082
36409,0.0543102170773046
45112,0.440570981126009
40455,0.0278076305418488
10978,0.0133506518739199
34811,0.0877734477111594
3849,0.00716192962933884
10170,0.0344465062900424
24605,0.0214938381202833
28378,0.0533733127961301
14478,0.00175220863492575
35396,0.0745605696978292
32222,0.115665772976554
24801,0.0182475843073495
16096,0.0428681899645857
33083,0.0181809771019912
35161,0.0311843430494394
15302,0.0309441677005947
22495,0.0675174265079113
32600,0.0547949114246376
7247,0.011003680094217
19513,0.0533519231819151
22867,0.161143706322802
14266,0.0111326782018555
37427,0.0312543763105212
32872,0.129522004095191
26049,0.0677897008969345
24459,0.027136663543468
13124,0.0674933890788592
24363,0.0129155462318925
5883,0.00782796205359215
9260,0.0124768150585992
13055,0.102672951474357
15833,0.0240696444588569
28659,0.0241655080672571
24923,0.286383371194568
12378,0.0360381643734789
15511,0.136786235522343
34442,0.180476580041241
9095,0.0363226174700699
10081,0.0327457320594237
19082,0.0878310817806967
14632,0.0621561758958878
3858,0.0192880359853739
11336,0.417702227360655
35725,0.0863798531998459
40325,0.406953890480925
14995,0.0180027075638375
2498,0.0176792868533145
41014,0.162924782449083
7427,0.012797781542221
21418,0.0588672814308119
32602,0.122461476221273
40621,0.0417913924959909
24531,0.0395863493347099
30492,0.808632691358917
17289,0.0235284934818586
1567,0.00668280956265348
8123,0.00826713557971711
16815,0.180265944352068
6777,0.0184608607126403
13983,0.0115610584654001
43009,0.0736814787154824
18582,0.0398550158266207
31574,0.522230230265367
8840,0.0248051374430214
20375,0.0608825966015644
15014,0.0323640027441432
36849,0.0341129395701129
17433,0.026631550041441
42565,0.775757058548417
41281,0.26061649644131
5339,0.00822896775565503
10858,0.075794310452815
30829,0.0307350484568089
14616,0.0248333003522044
20354,0.0281544841441122
38469,0.699984183808327
31038,0.0662640083133127
15090,0.0359224643547643
38644,0.0789287080313229
12532,0.0298542620115365
19960,0.0307545805787462
19489,0.0487642848112465
33555,0.259130947409052
28397,0.0455842002297527
38148,0.0311572276611796
30402,0.0855286509507421
36066,0.0292933467226142
28295,0.0614369325692973
22285,0.0575261861492334
2502,0.027688538970855
18801,0.152070536159982
31058,0.116777666783576
13214,0.130121000944564
29508,0.0710939339164141
35220,0.0425002657724859
1023,0.0122496922491817
40799,0.421886255973408
44303,0.00798994540664727
11943,0.123108083974156
32733,0.0631551712221929
13562,0.0318708602073207
43468,0.73926832013585
7861,0.00698567627373755
26642,0.0298563407335165
35112,0.0228475603148611
25186,0.0299513846855542
11748,0.0259520749026456
39382,0.0413116154492756
37166,0.0587816462437095
4347,0.00582290026840664
23317,0.0409857666896732
13814,0.0275247375703651
740,0.00796677484663059
26471,0.161209759646217
35535,0.0992507967833329
21185,0.0356604648761109
5553,0.271756391330395
15271,0.026266923415248
43025,0.538147197344976
21932,0.122832105860166
1175,0.00870498085840425
25615,0.0752690837756103
15763,0.0270325415015763
13568,0.0555949674073524
26541,0.0348289674112216
19709,0.0609653402772767
21974,0.0485005108663188
44949,0.112716916873783
43137,0.365689415668445
34827,0.0170389790230747
34648,0.0818996277493134
27107,0.0328408335431819
28685,0.0719594358808652
32158,0.152136469953426
1812,0.010498906233372
37827,0.115726479456954
6986,0.0285858572452532
16467,0.0523373783140406
43426,0.173928305853533
33938,0.241769834388136
8813,0.0298547855972135
37464,0.0319317758627002
21655,0.0526219505836485
2680,0.0329845641785184
20837,0.0461053794908895
25908,0.0216674198960339
21109,0.0230618474360402
39869,0.0942759420452969
6576,0.00942327215079541
34550,0.0732984908750824
7083,0.0140277263098546
8014,0.0162748242428618
1151,0.0185059495638463
22482,0.200547455278146
36875,0.0467617368994367
30612,0.0193557117285477
37970,0.162497724715783
17851,0.0142286971054569
11128,0.0935910082784053
7439,0.00904997469791888
1558,0.00464226100775908
19255,0.05287849014422
23764,0.00613862742656729
20365,0.10399513355271
37917,0.048777179949631
14334,0.0251265196958803
36443,0.0357749977678962
13163,0.128119684902147
3808,0.00384194999255699
10916,0.199310204238111
18260,0.027738704024506
21085,0.0873540253467418
14878,0.128666955411023
7781,0.0309231768503632
18589,0.0440756410843502
12934,0.042672456794922
29909,0.167739733758775
22532,0.0045766482572969
37455,0.97665115782324
7273,0.0117779887316658
15451,0.0115132201022476
5601,0.0164675271840855
37382,0.0339093293117798
4427,0.0217482265376591
27522,0.32788550964522
44136,0.179805597012011
8833,0.620005033493413
21791,0.0443191421833285
16792,0.0324572960083271
40501,0.054173101154731
39279,0.249588873390374
19544,0.0563386056113806
13091,0.0867654581104324
16179,0.0403699614325532
27561,0.363501700650613
44436,0.357910358836378
12595,0.00917097753003371
30526,0.0461518058608916
32426,0.0960159785316217
4494,0.0101105973816441
8530,0.0192567332977773
26518,0.0893180704216508
42516,0.493613868409937
31635,0.0761706705773274
22605,0.116501283256092
29925,0.134663600914237
1537,0.0181465135983361
6084,0.0109230080585176
18135,0.039943927388537
21232,0.0265391958276178
8035,0.364697486232142
44899,0.984360052073851
8993,0.0219015723588531
40061,0.392973291160801
39733,0.660538909830017
36417,0.0401293004896906
23010,0.0802497736403743
18514,0.00141711151727422
12241,0.00240017578950674
7492,0.0166502960204548
18101,0.00748397382005043
25439,0.157835982388829
25358,0.0785011489843222
21135,0.0180076165919225
34761,0.0333741753381373
38714,0.167285565932228
10106,0.0476034457649047
36423,0.0721604224245476
15508,0.0401052763930478
18564,0.0271557428457768
3396,0.00546960709500644
25770,0.0381973647172778
44894,0.391190552667788
13358,0.628551792241281
14828,0.0158083979335706
9039,0.215410284827588
13745,0.047148475853364
29662,0.0494702788691311
10409,0.0717616237948254
16796,0.012657153151302
13532,0.490744121606722
23433,0.0102077954919123
12575,0.0388240950841716
42707,0.00276515658592253
7943,0.00113708030004728
37532,0.0287808263867305
36063,0.105155182246685
37258,0.0647567439105618
35182,0.312377444935725
35808,0.0357192344855377
28097,0.0610257727395151
34876,0.0229135654038366
35338,0.0409999397308756
41710,0.241251404262575
13911,0.0961698572832405
13186,0.0289273395484336
41908,0.922002973275952
19950,0.0553862698929299
12404,0.0131346205543336
35611,0.715746832331873
37024,0.108696686260344
34240,0.125631718775341
30366,0.0329692075046812
24127,0.0430262751674081
32591,0.0782561991068452
12935,0.00090398304151387
3278,0.00647473791326738
42964,0.562052300485214
24194,0.0119902046968738
12564,0.00338011154673831
8791,0.0196283712318451
7129,0.0288730448279182
37820,0.0255270174488673
17875,0.00753722729120388
21494,0.144337711803344
15736,0.0537520314809838
38196,0.0901043230827977
27854,0.130546852359514
11186,0.0254454341339694
8767,0.0233993833965082
14424,0.947772174627334
26169,0.0351856643456148
15257,0.00958369550398788
5283,0.0215314828936082
40485,0.0145135677564854
5665,0.0244699704537998
40397,0.0212105731804771
28193,0.0345264612023663
13713,0.0138440282127009
17886,0.10303240430692
7408,0.0156989890935043
22879,0.0168465685106957
36993,0.0688771114608592
11801,0.0896623371672603
28084,0.0332924580908306
23225,0.0436185733278591
31950,0.0407860125438737
41877,0.184575585147549
35142,0.0410136868403752
2042,0.00392070208336372
26819,0.0180480601201892
34649,0.10007266970166
21872,0.134311702433949
34413,0.0143886345663315
7590,0.00828260532834316
11818,0.0212884558578944
17809,0.170140568662835
16645,0.226243160133144
18904,0.0361421965649747
6773,0.0324693861408684
14446,0.0218125310049534
40586,0.190419937426158
13772,0.031699146143853
35599,0.583357696619657
19336,0.0335011825896973
17425,0.0264474531001071
27989,0.0456262792389739
34558,0.290641992432322
23542,0.0685522293284024
34721,0.0247623025714783
8712,0.00759513208900704
15077,0.0236069451589079
10863,0.031458620351021
35356,0.0479912907909269
18917,0.0662394076129383
39307,0.0158782446488731
35622,0.567174264963418
3783,0.0192269227548131
22720,0.0460510797432407
41752,0.172840044945562
22792,0.0569948329821665
3933,0.0124134793880783
44704,0.972790293781909
8880,0.00694396580187675
26574,0.0325389434550783
8922,0.0320518037914185
20240,0.047521822252216
7195,0.00753485708453422
3935,0.00442759391341074
5609,0.00562280383337056
6901,0.0201322613499437
11492,0.250169086500968
12594,0.00269500215982752
41453,0.829877527133769
22371,0.0499874689171725
28710,0.0455767721189077
34794,0.0285367523034558
35597,0.0144457939367458
36688,0.0427965449377572
29104,0.0442604879573676
1443,0.0103165148996003
27840,0.0282103748341482
6262,0.0744522450823666
33921,0.854480531233584
24718,0.124383006416237
36931,0.0474532236040348
11297,0.168304778858224
42850,0.155489359635791
21579,0.0431649357705809
34191,0.0373333463540095
42520,0.79846085522148
10134,0.0797444560903649
40274,0.137739613955189
38396,0.0299155903645671
20464,0.0228217535102189
7361,0.00689226643381873
33787,0.359586702301261
44176,0.17535638646715
19941,0.0314711912062276
29811,0.0384136359944508
22011,0.0642800503343937
308,0.00478883689696413
12763,0.0132496138883
8104,0.0347599476178695
42811,0.62317359167807
12008,0.0175218410252651
24147,0.0318850963819578
4525,0.0149791678927857
10428,0.308352239963074
15069,0.0665200593034949
16260,0.0961948898957153
20613,0.0833170760552987
43649,0.027258070320006
32335,0.605143146691472
11118,0.0143836137049471
40493,0.0747393178194377
451,0.0184002044497791
13929,0.0194520035916348
7915,0.174233201869055
31410,0.538863893778786
18296,0.00600932498511777
14704,0.0355816615511469
30491,0.0359641284374302
12171,0.00125754675017425
6785,0.00784845172999387
8684,0.0313207167274304
14544,0.00794741254325382
4718,0.0117227303611819
35647,0.0184276993463985
267,0.0131065657671016
27020,0.329352974087259
26771,0.034870063689813
1501,0.00597954030767307
22010,0.515733293740002
6828,0.00945902425694118
44443,0.190815631451305
37918,0.0533504483908083
51,0.0115345674656258
31031,0.0744754021812188
40379,0.260381128549194
13601,0.0114595301958148
2523,0.00787136207861446
6593,0.0353203137764605
25326,0.0161327842025839
44799,0.48769054212437
1861,0.400664701599585
20556,0.045031480803448
15756,0.974979381474339
20900,0.0559537330197793
45020,0.328212939526287
21644,0.0547763966096676
30251,0.235164821768723
7340,0.0129926321078284
15369,0.0534956206437131
4527,0.022362217342395
22556,0.130491114568462
8834,0.0216407989374991
29461,0.196185539183064
32240,0.0657733584408227
3259,0.0321627588141081
39354,0.0305888561540579
2360,0.00966333450809468
19608,0.0350867443005831
23487,0.022754578270162
5976,0.00856739491161872
1908,0.0119541331054205
38329,0.0333917442572716
24035,0.146384276139793
25177,0.0302844811281304
13292,0.0195330164990429
36472,0.0306563724799399
34233,0.314968225169946
41096,0.402123535022331
2301,0.00603433763627852
18290,0.0213183607323326
15608,0.0268783827615252
26646,0.0731076292469064
44102,0.157328774142808
28542,0.264422796570356
5361,0.0223173905641009
16795,0.45379290820382
32703,0.176087900744872
30202,0.0763195809267309
34295,0.0171401962633841
3893,0.0059863227240776
20918,0.0749364616829856
6552,0.0139320355208566
16774,0.0236768808202452
28450,0.110453142257693
40567,0.0710848321253728
17680,0.0906107225527758
25987,0.0414118163842862
23212,0.0421870086214581
43704,0.723055927207064
21690,0.112562521866696
42934,0.629589641188749
7445,0.00645268558025258
33065,0.290423312992433
28164,0.149917833130265
25984,0.978155877859284
15364,0.0458566797071713
35229,0.110315636242374
21854,0.0659206589878658
21221,0.098192206042995
780,0.0100944867529157
24088,0.339078616647547
33595,0.0507037229744735
43463,0.542886853802174
2030,0.0068405200689693
40694,0.0689106940420194
28040,0.0378366362397928
5452,0.00487495104015459
38033,0.030216506134467
33903,0.565569869736875
17028,0.0155507360079919
20332,0.692435932569582
36427,0.0471371945848753
41258,0.0512502509023507
25206,0.107785998653387
36673,0.0268207660031475
1998,0.00585374123576507
39971,0.240911328877499
27914,0.0565613672893544
15104,0.0227974288883237
12963,0.00368715049975557
24839,0.183330709052203
9340,0.0474153505778845
11039,0.286299695630259
2890,0.0297107830326336
20925,0.0318347502547492
8928,0.0217086606644416
30816,0.0244967255006133
32505,0.036710439492137
1520,0.00354046971087963
17092,0.395186283721506
10007,0.0364521372990154
29535,0.0252950172031047
44543,0.605310547447762
43165,0.866944785095095
12946,0.064987544785292
34218,0.0411273390611213
22919,0.0180028786364572
3344,0.00953557406579908
8184,0.0238648289861352
1590,0.0108270010478263
13471,0.0214717710381148
13605,0.069529068454469
44692,0.427340978137221
12021,0.00948406804094811
24639,0.0098070723414484
36400,0.0365522276730283
23923,0.0705148055829755
19283,0.211686231329293
17492,0.00480894781106319
35732,0.179585363736042
1776,0.00799311392041685
15621,0.0370266729220252
42656,0.0363131978891945
13675,0.00811317475324784
8330,0.0109855823835584
23467,0.0419830876103924
11289,0.0150815268777498
33377,0.191104722310866
37672,0.0114404817908451
44994,0.863814720405839
37605,0.0520662005925928
39130,0.379983296014739
43311,0.926409425135595
41097,0.0561220969993472
16225,0.00876807979191089
24118,0.217433593695023
861,0.0173453983652236
30075,0.841717141538728
31215,0.472509016617677
9219,0.427097018458336
27251,0.0755175275104051
30001,0.504689955204931
45189,0.378516154352039
1639,0.0314419434155595
35459,0.176548821298592
9546,0.00990163664573303
19337,0.169075033535561
29206,0.134730749802898
29627,0.041398143053927
32890,0.0822579051995097
1161,0.00840335913841866
27659,0.285506053303693
4720,0.123249970934113
39268,0.0702547387664158
9492,0.108339794060986
43095,0.105533773441085
34688,0.302191182244038
11330,0.0389109660643131
12751,0.0138331141740706
40703,0.250766305179739
15854,0.0238934810492965
16109,0.0667804837923556
2086,0.0218556968444096
9618,0.0518671492674422
21824,0.0174270772949431
26579,0.0443181675588991
18255,0.00309712114121952
17651,0.0874381661773409
36579,0.0342820808248411
22016,0.0326187878190652
36425,0.0519006896613205
19614,0.866131812906479
30606,0.065287331214523
19021,0.0755870487772894
1121,0.0102836274815592
806,0.0102815144193488
37343,0.0454738374111806
15353,0.0835686331663242
15478,0.0206290075079072
7632,0.0362861075759689
12613,0.00553030309381718
6931,0.0178400926084632
8934,0.00757292461627472
13075,0.0186766576514287
5673,0.0131036806388369
39871,0.119464112408049
9598,0.0231547056701876
28342,0.0282732921602987
38789,0.0172234555410303
29140,0.094058826190727
37624,0.30684739416888
10245,0.0412448095061471
1405,0.00318054130881149
6519,0.00496697760917377
33062,0.131265568445219
3417,0.00734647603676315
16487,0.0686878903302812
29868,0.0588937926017427
35127,0.0600482982081469
4303,0.00841455742971244
42233,0.410374418461949
21619,0.0574896687473848
18609,0.00519545499094862
9553,0.0581829855544686
14143,0.173572691983547
2899,0.00804058695303318
42680,0.397321975858888
11483,0.04525559120308
43672,0.751505021283807
4743,0.0112920796749082
12340,0.05404929622904
32078,0.141700762667566
13837,0.0148087485184957
32347,0.124122537387892
39305,0.021003666881791
26508,0.0910474598928207
1018,0.00744548262640713
1402,0.0233148916741305
30762,0.0795536894622939
40571,0.181598727000032
36324,0.101362869493531
43563,0.0380339075516298
16486,0.032235445637071
8616,0.00788909616092068
2782,0.0162597191946923
20134,0.0628903074814969
20754,0.0409380821471918
23129,0.124293632951455
5742,0.0743692351939479
14234,0.250088722866278
41460,0.194463088397947
21001,0.0324440834514266
4061,0.0221041250081267
35084,0.084388871690654
15000,0.0100685860159157
13226,0.0353740493170789
13961,0.0218241394144058
18010,0.0219910970371086
22590,0.0859766844373522
28317,0.0150303758263551
11001,0.0277086890169002
21345,0.0583736512177222
36690,0.0283642925544521
43643,0.906932043722935
17540,0.035678310157848
4292,0.0110583375241028
29517,0.21853559101699
22421,0.892497873125474
45027,0.546728051792771
11966,0.00382042242684495
11038,0.0102921065187756
34501,0.0456505876697101
647,0.0218914282013811
1388,0.048568499720034
25144,0.022545666545245
4693,0.00237412611982678
26695,0.69393437191764
44294,0.0666289562073164
9767,0.0180008695908956
17076,0.00954278590186435
39102,0.0503300966828893
25866,0.0727269713889448
17468,0.0124198106112834
21327,0.0762518137707366
20395,0.0150935421637053
5542,0.0426557662335493
9391,0.00973671651488058
9367,0.0994978795070411
38827,0.192316392309457
30855,0.0207248734224669
16974,0.0494624490482612
26203,0.122092145005232
36685,0.163331917508011
29340,0.0587449347212954
44811,0.269680848203543
20552,0.0499189877839441
27172,0.0261795803925148
33207,0.0416771221138327
33282,0.0456248450304972
33023,0.0348831972023583
1783,0.0180998207765983
15298,0.212657728761336
22675,0.0371826447803538
33233,0.0988224608068111
14394,0.0477964826575235
22395,0.0631636585080848
25756,0.0474721119579177
21427,0.075082981567561
10202,0.0324121437628171
29245,0.579737071653423
35498,0.0434663953544335
7711,0.0117021968361761
25086,0.0241259585895066
5639,0.00906369930897172
9741,0.0221695099109532
8447,0.0145372628375411
9992,0.142139619993479
30417,0.049374285476805
42210,0.0490130543619003
33283,0.0646190427158054
7694,0.0161370594657735
16246,0.0278463319719868
26039,0.0242761563807175
3416,0.00934691349027634
11753,0.0453000511403528
38357,0.0827713788777692
24868,0.0222515207145703
6868,0.0137925415376409
23052,0.073523651891495
43147,0.718990391218609
33210,0.083795730052854
11377,0.227657084893249
5474,0.00587120380100719
21270,0.0349905344674899
38968,0.0170008216021668
39055,0.184303219485483
44839,0.038119065738296
24438,0.0461036304522101
34060,0.638842564031937
37250,0.0596230234559361
11826,0.0379510441373102
20503,0.0450613984003275
42706,0.076664440512541
22486,0.0326650647021496
18954,0.101399043471542
9823,0.698626276751259
44054,0.00807979269370831
36625,0.133389950071666
31990,0.101608026832591
36517,0.107400099215453
2071,0.00380029195861335
27888,0.0662727523236404
12593,0.0206327438217597
26442,0.0301533253883671
22822,0.0209285140928307
8601,0.00457393597188868
7019,0.0102637191764621
12835,0.0369299126858899
31904,0.0865892290506828
35662,0.0342142838868978
42979,0.666530918263273
4827,0.0144339497903266
12352,0.0151706073580051
12745,0.0646992922796467
18528,0.0429568093764514
44836,0.0296216958517145
16535,0.184533842322756
14187,0.0411649374304754
19277,0.037649603413517
33541,0.0379141130950641
15926,0.0329991487507418
45152,0.0413622245850842
34779,0.423782724566828
6340,0.00559209423349391
9906,0.0260111402934362
19851,0.0737470262649593
19842,0.026717326902849
21585,0.0825315420813153
25914,0.00659917906812836
34406,0.377623713094159
10393,0.0380161461292955
39855,0.634956550168632
7146,0.115138097326367
35337,0.097368960286988
14796,0.0309391281818483
36902,0.0346854525816066
3254,0.0157639160229209
11428,0.254090372368369
33098,0.135184929721003
25683,0.17664762039129
30235,0.0290810382043932
7090,0.0053186922030557
12838,0.0256430903746175
31466,0.0614005914380024
42450,0.711310128584916
43355,0.512932607309016
38501,0.0145484876131729
21358,0.0291779693513501
37521,0.0179955141176043
29348,0.0967151270265359
34720,0.0773005633426085
38694,0.0112962496380462
41941,0.888871470295221
37496,0.191588962552229
23559,0.0234728043664326
13638,0.0294835232396805
37018,0.336023509411185
29293,0.0666599979550505
5493,0.00659500765599891
12289,0.0252810493017628
18447,0.0425025042603455
15039,0.0857667735857893
3330,0.0149858192721231
3732,0.00905633324829908
36536,0.0312403556217242
38921,0.0471804836313026
8798,0.0825984172268028
14776,0.046994848867442
21437,0.0223774903610312
2403,0.0111135388747952
37844,0.0443993508276054
31224,0.176977924163473
37549,0.347679717227015
23243,0.121542503541931
18978,0.0489249027203602
42478,0.890626993885843
30453,0.124314880037323
39833,0.0950903962543531
34916,0.0435380141221099
9818,0.0365584407829081
32194,0.117394990073606
25331,0.115448677445519
18789,0.000926868733166941
38155,0.0352631425136886
36167,0.0693969724621703
26694,0.019006896946228
18001,0.0606566170617739
4333,0.00446483102840645
26166,0.0623919046588465
42989,0.839922018461275
17055,0.0370272852871406
4772,0.00691210101330238
39431,0.0633079023601033
11000,0.0246843245020056
33309,0.0418811453274398
32889,0.158666636632056
14157,0.0148159776603332
20815,0.380023154175848
28896,0.0396670260228098
11393,0.051524539713913
62,0.128835947329629
44876,0.398416673923357
21419,0.0504861974005305
41380,0.167404679943198
31787,0.395633396530625
23539,0.0194671494972954
17964,0.0257280674054508
43998,0.417985870191385
17728,0.00383126266079714
10622,0.111338683304615
12879,0.0339095939424664
7987,0.0216615554538863
18810,0.0115678742853898
21701,0.149878394598985
24862,0.130471707725415
3054,0.0114254626002368
1523,0.00568625619588698
33981,0.34021153467228
36684,0.0206851922076315
24724,0.0746036650960953
15243,0.0238388310307357
11730,0.162692371952667
26702,0.0223926303221449
15416,0.210435721399469
115,0.00878673350532627
10473,0.0140166495687281
36539,0.230836181892896
12276,0.0244171059942659
17294,0.0491514837372668
41026,0.476888123129223
44572,0.476989438295271
33994,0.116338800471881
31578,0.101078902372214
30507,0.163844229145454
39439,0.0443691169301996
13829,0.0165335070832469
5263,0.00562300000135519
4918,0.00720033970836877
5338,0.0388130265524616
42571,0.175087204048751
29854,0.0361658523204976
41114,0.260993534951229
35465,0.191822657886427
22804,0.383353370306741
8423,0.00970599098289244
29075,0.0670079496818473
20634,0.853051475951057
39614,0.0658621232944607
3260,0.0242976554832931
40709,0.129706453786067
23319,0.00903761476427027
27267,0.0367171285256849
37881,0.225914224481088
4377,0.00325282897362709
33288,0.0409359672928989
3676,0.0130085864022113
36839,0.0550566966769921
42519,0.116478874539035
5334,0.0128942747051887
17459,0.00324429245246978
5182,0.00500071186275247
37811,0.107123469523613
41039,0.0697445158657064
2648,0.0127861424376702
42658,0.0496535786077168
18345,0.0196990986972064
13960,0.114639439380989
3828,0.00662055539867095
16046,0.0950705487843022
30578,0.0276725396597909
8214,0.0838288480900749
241,0.0046446487473009
26599,0.737921066151362
40429,0.0648269833933691
31021,0.463072047092088
37977,0.0273104930526748
11631,0.0182904380100684
28812,0.0346941930815584
14080,0.0155230161454426
18007,0.126031646720513
10311,0.0186680760927665
10288,0.0327150233880687
22893,0.011917569425344
45080,0.424830508773728
12752,0.015147213774566
34491,0.0373163882108093
40317,0.235879066040259
43712,0.221106179729986
24091,0.0169550508032922
3775,0.0833801029311605
35708,0.0398924226690248
28982,0.588795126161701
21442,0.0444603122680651
26170,0.0260502461383605
32177,0.121850880666774
9234,0.0333523081793215
34384,0.0297911054437864
43508,0.270578672352871
31379,0.76012956973882
19389,0.0474854352719049
16776,0.256914383951651
23622,0.0133245577074598
21719,0.111801050010722
2387,0.999754816714463
20135,0.0485848948343808
36181,0.0155224621591091
3191,0.276483336632498
41270,0.0394469219734285
14921,0.0477151384884285
23520,0.0800905431709955
40057,0.26485508908941
6765,0.0395493566842367
38367,0.0133567162364418
17213,0.039714131919616
22476,0.0374749569219484
13579,0.0326565836748284
32201,0.076650417196923
3553,0.0130178686487457
29447,0.0153349056188985
40554,0.0998496590148326
6062,0.0221994861309579
15456,0.253216619113062
29723,0.388840414305352
5970,0.00628884919753915
18404,0.0470042074459565
24424,0.0370648059916499
4700,0.688469669428835
10830,0.0305967176603286
40299,0.226916742637239
1184,0.00661246872707934
33176,0.0571929190251782
19139,0.0508736597155397
33506,0.983521332023848
18680,0.00392617654811026
17859,0.0132980255349804
17855,0.0078130585364501
2874,0.00555624567017299
22488,0.0318895440729562
28013,0.0816525495061497
41609,0.969748441281803
33404,0.120234622646715
35561,0.0358792156275647
38170,0.0435986966094472
6663,0.0163917891995194
4351,0.0263544977089056
33500,0.281779551097178
16028,0.00823396803620466
27406,0.327768961623212
44717,0.288218800215009
35245,0.0149822198764432
6957,0.0482417216349775
29703,0.0568267359772734
38802,0.0195957700502981
475,0.912228860894762
21794,0.0594896670711679
44915,0.0308991360885811
17250,0.0200888774899393
39284,0.00841640851912231
11755,0.0308179763787774
19969,0.0371680453054699
9831,0.0288439147411332
29188,0.069550185437374
41019,0.0298587078421523
27525,0.0393187731912591
30742,0.0517337702679088
925,0.01811616794779
850,0.0765991291174691
7570,0.0148159833707498
35803,0.0301783382464582
37318,0.0636741467887561
29933,0.0541084943156611
8889,0.029979876078515
12905,0.0386521768708324
33337,0.0502320448725079
42623,0.0813791471460781
8832,0.051479608649646
2766,0.00332417835158472
35047,0.0226829639670517
28465,0.025457389502469
40624,0.134520865827389
28753,0.0983739240022626
14611,0.0122191272731278
35132,0.0209338027471291
1965,0.00623322245326016
16520,0.211022442210888
26190,0.0495703295185901
8708,0.00530432336199682
497,0.00987681152830643
37467,0.0222998143297733
36588,0.0754505900229816
1245,0.0144799958440627
14163,0.836346243371441
37640,0.0923020913200314
36934,0.136718792571065
37209,0.0872661048511045
34490,0.0418922992380322
26802,0.0229039296716086
44629,0.3780784438357
36576,0.173354900735797
44477,0.00298988908455577
22633,0.105212816926312
18223,0.00337787264785172
27046,0.116088474327157
14103,0.0488934824570314
37027,0.0608043644747669
14463,0.0187434509469114
24427,0.015844017813376
32593,0.0590575630875714
29922,0.0504541209230538
14653,0.012410006917798
23591,0.0160335190827757
37578,0.0188619426847025
19292,0.326162283888346
35845,0.0256889260262738
42226,0.414738561052424
40917,0.735609414647212
10587,0.0419577466172951
17848,0.0198225113861944
31688,0.0952345039729615
17392,0.0173244775355229
39767,0.16323907287801
29658,0.0369380295717296
28887,0.0347364798149987
23571,0.0299979193097839
40727,0.204513716108011
8267,0.0146397565919431
18381,0.0145018124938162
25321,0.0258285437374271
8422,0.0810956484046189
40152,0.164915752853066
28446,0.0522181070216172
22883,0.403762750393581
31565,0.0857567331012608
13629,0.0344066190407945
20742,0.0931313834399851
34004,0.188711749327418
5973,0.00444654002405796
35131,0.0102914216744342
37457,0.0782032506112842
28045,0.289988587623037
11763,0.328780185838411
40226,0.184754607779347
14484,0.0257242576145459
34377,0.03610180172711
37511,0.202617564881719
1449,0.0087092718389771
42904,0.115046983706387
16666,0.0393533403844831
15702,0.0103281717989376
12517,0.00523647114151706
17531,0.0620133980229005
17269,0.063384908871531
37311,0.0283283948126942
44314,0.628182903678178
42313,0.508520062023608
39289,0.030157467845883
7506,0.00943388378327637
36927,0.0320993623156373
43773,0.856292250910278
8411,0.0126146451282507
14410,0.0313769036009385
20118,0.382538659961809
44408,0.111653902390896
22737,0.0927178299183332
9759,0.0501540256088175
33211,0.0762141538757194
14868,0.0374124460871159
112,0.0172468828146727
20013,0.291291276525409
7710,0.00830173663318455
33340,0.026782213197585
38369,0.0192612447911117
33728,0.0646019633975629
16773,0.00595576158920493
21235,0.0527340817031032
30444,0.0622812060575978
32834,0.0970736116367835
10484,0.0334762697723322
1240,0.0736007283639831
12467,0.0112450505813035
1013,0.0255433554693468
25049,0.0244568062267898
9954,0.0121586351087072
18827,0.237625352987467
30118,0.0973083993223953
23439,0.0366886318007881
20329,0.039666488250687
25900,0.35544660133799
19224,0.0247347461112659
33502,0.0762014278779138
39093,0.0479646130875068
1702,0.0247126442946697
11822,0.0125922103038012
19208,0.0441908974365951
27042,0.0139972916729923
39487,0.0281174835190448
35933,0.0377340004660824
7938,0.00291381111091464
4797,0.0120478913571183
38016,0.0558797259833664
19631,0.0649354603693272
6035,0.00570762054060983
21196,0.0670334782497191
5486,0.00709898079392867
32191,0.0845730129625054
19455,0.0493009321843945
18580,0.0535132224539792
9237,0.0014919938105353
4336,0.00583081354435977
38267,0.0628984723185934
44736,0.972480383264218
5437,0.0138943680850809
6396,0.00721345683183052
9073,0.0283210907905915
4591,0.0394341884062266
37231,0.0866570198746962
16302,0.00932999128527453
22937,0.0370297956202802
22507,0.0733998104820218
26503,0.669025532025495
1331,0.0179949162511116
2068,0.00443656181789602
31920,0.199913797176699
11771,0.018959656604259
36089,0.112943869594564
3987,0.00877628387252144
26779,0.0497167107841578
37065,0.342871090969709
5377,0.00636788220163127
8954,0.037323474852722
13130,0.146035228685142
14490,0.0172408940192645
3268,0.00889635046848607
44227,0.843705748670663
3753,0.00832866270001062
28584,0.0183273057522769
40350,0.331971354479907
10255,0.0288192785289072
37025,0.110688908057287
9977,0.0202508054547285
45134,0.457077006496942
7134,0.0127991879896541
7266,0.00721734232145019
16946,0.0169718761114509
13429,0.0365760809080246
16488,0.014404400722367
7970,0.0183505664881726
26948,0.0578690979583363
395,0.0781816468268659
39517,0.216468798038028
27558,0.048267083960123
41548,0.236052244654913
30394,0.113273233183151
30787,0.0378568671575523
3700,0.00496592338302448
32692,0.0792575445372733
24029,0.0277706478777522
29286,0.0610907060504656
32341,0.0936278750220278
29801,0.0820954691353274
40417,0.0747698748905578
30304,0.164532157452548
31070,0.120054869595656
16515,0.0485082120993911
33090,0.227549526902927
8963,0.0531995215691683
41468,0.55510480828305
14094,0.0953651496313437
34144,0.302694610971858
31296,0.621802619506789
41525,0.272729356175565
26871,0.13547858803247
22743,0.680488765052024
13791,0.304504476433029
25356,0.014552613058569
37436,0.0294859913577371
22593,0.0337342378349811
41840,0.216356138410756
21469,0.050737734063936
19855,0.052440772868287
21271,0.0635385486267731
33478,0.137383721508843
26538,0.0515355405003704
30263,0.484783849952332
42203,0.0592273099139101
43356,0.659597762367101
25325,0.149543801061796
37880,0.036821689805145
38645,0.0490472522643159
19463,0.160462498785654
38652,0.0628049402014201
3372,0.134021157206356
43513,0.453677536626559
11026,0.098623343115608
1079,0.0108935447446795
32357,0.0537201346551979
28494,0.335169794674905
3822,0.00398469439428047
15687,0.227633566835881
556,0.00728996648091583
24663,0.0300272115383812
28752,0.593926751153298
30753,0.101188082575948
33540,0.0732911226773469
29295,0.0506595257386058
3714,0.00915564016306216
3947,0.0900904302964039
10149,0.0449626155512269
18455,0.117242571523091
37418,0.296927307254748
16886,0.0929323550758362
42169,0.368843336207129
11264,0.0243733463200319
39397,0.0824150107250471
23031,0.11521110177199
7810,0.00854468184347176
40443,0.0881353482875774
22519,0.0421665379952598
9867,0.0342984876010563
20133,0.0506746846521598
17147,0.00852024665193655
16248,0.460843653191452
20559,0.494051251510626
3979,0.00527359418145324
39508,0.0708907440207297
23416,0.0387931386236062
24798,0.0437989363372249
41267,0.0583676202967197
9719,0.0104529410404499
24357,0.0645680190018774
14841,0.037359979576531
428,0.00450202980976956
16463,0.221542503122351
33430,0.051241644497975
41911,0.411463615736405
33380,0.0336636214596956
14128,0.0601861027363377
4684,0.0352697913949817
26555,0.031006176563254
37643,0.0370822493091989
10392,0.0101787450658659
35816,0.0331638546713434
17500,0.0302431202369362
6617,0.0160833326024014
5908,0.00904456857080122
21317,0.0151211119502766
32370,0.153985477922442
24880,0.0312806506200403
9620,0.0344848345261952
20384,0.0634448721422093
4822,0.0115790210684843
18944,0.0494395426362389
14766,0.00803816422282025
17032,0.98438207896867
35044,0.16223812228157
38328,0.0602696743700244
24250,0.088082916531463
7369,0.0129523748614452
16981,0.0245831818742999
15137,0.0462892291730121
17936,0.0274605738346639
8634,0.0068900365861556
385,0.0193326845844909
37884,0.29414321410766
35294,0.0963104091403093
14885,0.0312071618598147
18560,0.499037885528749
44079,0.0463709227102547
7935,0.00504416228383574
6125,0.215101308656247
482,0.00764450382697922
24901,0.0570533254615455
40362,0.162509114433275
18831,0.0445384523063643
13190,0.0220501024885955
7250,0.0209354300817378
36314,0.0665767668953371
11107,0.047661853222201
1123,0.00892391713042689
32578,0.11129133968612
27434,0.232557730418533
36765,0.0779326254789229
26012,0.0316385901891161
29793,0.187667793222282
3621,0.00586581537140608
29659,0.9881511085393
20262,0.0233667792026494
6452,0.999265168827218
25329,0.13563616425173
649,0.0399649111275517
16882,0.463118277731155
1396,0.00837618880767791
748,0.00761525225337731
89,0.00653140047225753
12712,0.0329702594376369
16412,0.345354126755311
26422,0.165206877934233
2507,0.0301879663816891
27884,0.0994343567767124
6790,0.0113923728169244
20232,0.0429198884809156
26981,0.0200240236334943
7991,0.0169829594009487
4950,0.00574882628448212
7182,0.0333478446367938
32573,0.119061734217721
10086,0.115853532363592
28884,0.12843014388283
38054,0.113785270414568
35858,0.0412454941997466
20839,0.0922568993008684
15076,0.0519134073117455
22025,0.0369531642851473
26997,0.0267814110297667
37007,0.0769911846861051
28232,0.0313792108948966
31450,0.176541279535037
27735,0.0274883634215176
20450,0.042491600639522
30416,0.0452427874530934
25394,0.0200371921337702
16775,0.137273429284521
24248,0.0812493100060035
44231,0.101135573202412
21190,0.0362462316597333
36534,0.0279841677486878
38824,0.0173484562267453
36541,0.101092358251103
29192,0.167280021751384
39022,0.0707148609616616
26833,0.0765686653017677
12581,0.00529927118946185
14073,0.0282566888127162
6903,0.0268569575988242
36242,0.0261439153282968
36287,0.172622709192133
21453,0.0311660470641813
36989,0.0389135925728201
34823,0.0302630982769325
27631,0.105776073230523
20917,0.0573673001793264
2302,0.0137291183903658
20605,0.0533375105720742
45023,0.16055033784529
28729,0.366180243398325
17397,0.0160700546907586
32603,0.132201401566636
5458,0.00879119896398161
41980,0.48400688562011
18406,0.0208526452644814
2819,0.0153322554600969
434,0.00507668370737464
40438,0.122045145154553
25294,0.034642008103307
37708,0.0959480228299532
14640,0.0251603517724763
18837,0.0360369871085622
12290,0.0241506447281647
42229,0.0925897000613644
19550,0.0583902053724431
17395,0.0286161537191895
24784,0.116537820674058
1386,0.00236548870344626
32881,0.210928246854155
32873,0.148839867567698
7566,0.0388128719141828
22380,0.049231569872839
26175,0.0265377337103976
16410,0.0182238150679614
37009,0.0230001503918776
37330,0.0196124590531943
44652,0.989727058180097
803,0.00568703257647645
44630,0.692169585221561
29440,0.0583598765532897
28475,0.0463735470095217
36998,0.0112197920926685
36386,0.0654570454076335
1024,0.00657119248149095
31715,0.424218047556725
23900,0.0828611407353486
4686,0.00860125500609653
27696,0.180212271048718
5190,0.00665082889799723
27211,0.0116835848554611
5918,0.0478598131997645
9648,0.0351632524483325
13852,0.0124691636038217
25631,0.0233607134838223
16128,0.0830866075237211
8470,0.0735527968566962
16356,0.0305805032304281
15002,0.0586664867583594
32785,0.0966715540856159
41739,0.611914724015587
38722,0.0336116931907792
34241,0.0865172443070645
36141,0.038483282572518
3361,0.0323311346136198
37376,0.0303430464443799
31744,0.270098985676211
42831,0.306704339530775
11405,0.0227417894739218
43908,0.478962469164755
33659,0.162927887562624
40643,0.633068354877553
34242,0.159603593551784
41808,0.129958427499898
12425,0.0177665140105692
23451,0.0853620585625606
13747,0.0268234257317733
26696,0.0233104782059444
16583,0.0784633841816915
31145,0.515002183772311
14189,0.116868423446067
6848,0.0426963871327664
43706,0.755696567287768
41,0.00957173553739616
145,0.00570380516349657
40816,0.314593377962973
20715,0.020364376614876
22689,0.0401501070309764
44002,0.0255903506038767
11698,0.0360468878480714
36442,0.0211319980781183
33958,0.0529796076470021
21446,0.0577431993468428
42409,0.705878381431573
26386,0.0312273305351894
6632,0.0563092459612545
28183,0.0455078616448721
24179,0.0219594128988117
30610,0.0329860755499751
21855,0.273847041693102
25723,0.0892978741662009
44873,0.637432504785629
28083,0.0197070086096516
21083,0.0565189945317511
24913,0.077314765442355
22726,0.0442055367927985
36040,0.0439893103840031
22992,0.102708428829507
41256,0.0591285173136861
9352,0.0416058674897355
40198,0.522669249236348
8080,0.0296085389837977
23573,0.0161534090448968
28556,0.0141986999657316
16145,0.034974977589568
13001,0.0105286565620888
32625,0.340496024316947
28585,0.0372027610156497
30137,0.0592688411575658
42049,0.3874831206951
4589,0.0192771503007197
28428,0.0470193491565581
20721,0.0409454026968645
8983,0.01892016522514
42759,0.0386785607750948
22133,0.0150011526514992
44933,0.590396793579446
35095,0.10060717469763
15114,0.0392835959675765
39829,0.332274368990949
14639,0.464026374153799
16875,0.0399302186141604
44706,0.676814096683229
31239,0.427396426895879
20031,0.0120304389370042
29729,0.0576649535701477
11625,0.0742953689699021
1176,0.00673750231478883
12098,0.00427775582026495
35850,0.0729314936273528
12359,0.0619649277627649
1365,0.00818895963167486
8480,0.023160757262885
43709,0.884104017798892
41615,0.816531025500412
20945,0.0330779352444931
3303,0.0124004249999018
40321,0.336982688635596
35314,0.0777473995584516
42690,0.0325914547832316
7230,0.00853511927876979
5974,0.516280683411184
5731,0.0992142133330641
35871,0.15193202445715
24961,0.0184539820277328
12903,0.0685682114230508
8182,0.148661626118288
8162,0.0228895089126619
194,0.00628434387577105
3680,0.0603238165295657
14750,0.0136722319543436
7276,0.00319978271650631
18422,0.0111228663750202
28055,0.147340934382963
37984,0.158556631167684
12314,0.141540013913698
24372,0.0162906237356794
9402,0.0817446035562009
260,0.0131745308874032
40062,0.212015771943851
21034,0.0905859330545666
3655,0.00629194367501733
10188,0.0207044070965246
5429,0.00722505217582272
13179,0.0600621649873842
23277,0.0248632982408122
22820,0.0544160787867439
29948,0.0698128829774714
34890,0.032985921391798
1580,0.00597292698939502
5860,0.0219844686326934
17458,0.0362809050192789
23812,0.0633121336353973
28310,0.777508924182777
35443,0.108734149732406
44818,0.441274851398935
9985,0.0541586314366497
33520,0.0411368362291848
33341,0.523649131744882
29476,0.0615744737061264
5365,0.0460314336846211
19171,0.0804889856800315
32610,0.253843938544421
37387,0.0561784652496393
21126,0.864307990018322
21412,0.0221455029664152
39751,0.108529797828342
1565,0.00829996459066278
44841,0.383415490275847
12455,0.00384992161859527
39150,0.0796343424487906
34265,0.0660902602920085
21829,0.0553364418705123
26014,0.0488427020049722
9809,0.0890397198286522
41611,0.980452162802833
26393,0.036516188735754
36478,0.0329955545515876
2358,0.0104857780178518
31017,0.41046858898863
45160,0.0557602722290325
35457,0.0658676123247357
2951,0.0112471914567769
45098,0.841125463003926
3439,0.00717092613172911
80,0.0113808868527035
34414,0.0289870558099397
7571,0.0349019208284548
1854,0.00776933463196526
1578,0.0307934404939017
37536,0.0530117019701852
17735,0.00671072715954304
42503,0.516912351729055
27421,0.0106742924460053
4462,0.00509904077550283
38332,0.0188496268082989
21046,0.105162594070247
23736,0.0390408161489734
15427,0.075849749975204
40568,0.0429146108950713
31707,0.0882280711801493
24485,0.0249562911229085
40461,0.276972095135881
18501,0.068320333505339
6809,0.00725042902326064
4611,0.00594454397564942
25304,0.0294200157282582
29057,0.186281886051268
41863,0.504108793073365
6760,0.0101937241201373
13894,0.058756311115093
7891,0.0558735427586519
12052,0.0178487162404322
2740,0.00892760403435806
12918,0.0156923004152851
11954,0.0106190754810186
13114,0.0280197281334779
40830,0.422863201979201
9094,0.0813708358983285
20718,0.0260938032571382
14260,0.0268909173042796
43174,0.928859269735954
8252,0.00934433743940811
8016,0.0219889133662769
18683,0.0159489792848246
35573,0.078551848724876
21600,0.0538648979977403
19168,0.200536084882919
6002,0.0165664821580834
2829,0.00817432533823998
21952,0.0570970280450586
247,0.00918681025489895
15017,0.0385724307852662
9162,0.00703722845816191
24671,0.0606107695122153
40235,0.0903806870985839
27214,0.148471166129058
44288,0.143402190998589
30421,0.0252183348858442
41655,0.879540807592777
31110,0.0907410025532269
18044,0.0684363331660409
20339,0.0333949221219737
13356,0.0180606962288601
17817,0.00877841720233621
43616,0.770895568074202
4277,0.0187121051185922
19825,0.0508948758611877
7426,0.00605941058668074
15484,0.368148266279241
15431,0.211946049851088
6692,0.0229008556613185
30693,0.658133693018085
40904,0.114905815821911
24593,0.0279719212722574
15699,0.11221842881107
43553,0.209384454427872
399,0.0108405132906244
42291,0.0603377204575001
42314,0.0337256731343131
26271,0.0585834826494787
35890,0.0478807705405283
13762,0.24460322453376
36165,0.0446101037910129
18819,0.0195448836004635
11391,0.0183985370575666
13330,0.0437910756131423
27830,0.179462301871723
15681,0.0275098913987744
25926,0.163326185230731
32398,0.0431188215526484
5327,0.00820672025526221
43950,0.176352913718603
28150,0.0240539110746928
39842,0.206924628328138
31280,0.550477189279972
8828,0.0466667174896684
25011,0.0325801229749395
35753,0.0655974880803547
17979,0.0495175813831981
33770,0.212605504385749
33805,0.128453067609724
30392,0.17471761239369
4447,0.0130573423818549
3116,0.00585671792749311
40291,0.131681402690637
29033,0.0671226024602795
22814,0.3814737120382
36829,0.0908821432008922
31714,0.127601717499471
2040,0.00480970265608112
1878,0.00824935860755258
15834,0.157565479412806
27529,0.0158952065967901
17697,0.743304738888084
44273,0.0417802909921985
20123,0.428322092341715
3723,0.00853624714147034
30463,0.0379399559388293
39875,0.113893100087971
28458,0.0616945130632739
19619,0.0138527430149046
5229,0.0203499099710197
34370,0.0578516213850881
20302,0.0328734508012333
3110,0.0057893455287537
19350,0.0556529661442971
22006,0.0767744693272816
16406,0.0339254331831891
28717,0.0394795678117352
44057,0.838395146699866
18047,0.526838712763767
1441,0.014778611256282
11672,0.0508858091748067
7703,0.00443053528608401
11659,0.00930634858123049
29536,0.0815757783086132
5547,0.166885953700817
25119,0.315700037652878
37752,0.817883060662883
35210,0.123993063610242
40012,0.235368723563511
16560,0.0151025743339127
4466,0.0209407770027365
37859,0.0560073862061299
13058,0.153421101744845
11469,0.0566239726097148
24513,0.0386645992347936
7621,0.0222503311759584
1006,0.0117764223889418
41512,0.531699822137953
3229,0.0911238761827761
8024,0.0693210352344255
30274,0.0455657073269612
31462,0.0520716369362566
15545,0.143673399705131
38542,0.0304896291599772
34160,0.912281610442501
40159,0.0525101663275021
711,0.00504415723095919
17978,0.046527199172957
23388,0.036095960683798
30021,0.131751838183763
32997,0.0465875346174079
26426,0.0517445857376811
22292,0.135993179634097
26686,0.0130078480267106
37410,0.0234605697482443
19264,0.0476320824656092
18352,0.0110951876288116
22002,0.0693604445625675
38287,0.329212979928278
34598,0.057129904534151
31618,0.962016018036968
44428,0.192980580900661
1422,0.0673204562949008
8719,0.140139795060624
14751,0.0112734185561173
12721,0.0302474428152495
43817,0.160730369319307
43828,0.0589561009071643
33562,0.298028510296224
35939,0.0450211079962154
10204,0.0175124047326268
36331,0.0773375233495293
3754,0.00855944089965577
129,0.00650010037528793
38418,0.582894778089082
42426,0.0513947948532786
15995,0.0257914590891623
8446,0.011065605510089
8903,0.0100658376674985
44134,0.0942799522237762
8348,0.00992442817028307
43638,0.318175869821021
6386,0.0206396788297953
32606,0.233615810284948
15193,0.365663228684077
21921,0.0411971470832331
17905,0.16944312129577
12307,0.028595476426756
1985,0.00606533089779441
10057,0.141482926587707
745,0.00379223018918163
16732,0.0295851304349463
1937,0.0107048990039515
8300,0.160063911559921
18108,0.00491981299267587
11373,0.128821436706776
23967,0.0171002050003899
41245,0.124890612101818
29916,0.0886247101215827
42171,0.168944970727137
43181,0.487383963791537
24186,0.0202915874509696
21286,0.0403149204848259
38965,0.0554546933879638
3368,0.00455207345285233
27981,0.159212177277214
20572,0.0582748045488375
4127,0.00609656282055294
19523,0.0268279783120461
8254,0.0286777316437936
270,0.0208350177228511
43212,0.946309871530426
23839,0.066324890339171
41216,0.0946177862993043
7389,0.00332563756125634
44266,0.802163025136372
9322,0.125828816825047
28503,0.0453252389585409
40331,0.765703563009678
16148,0.0673918679808768
8376,0.0394517449719914
35041,0.0885159135946854
5399,0.0302393400351774
4906,0.0334919733014896
22153,0.040079491581483
28571,0.0210530169367738
613,0.0115448201812348
19505,0.0274470243159092
12291,0.0289491924786468
11338,0.0182528348049009
5517,0.00582736071567309
11673,0.0234072535435896
7325,0.273421504326034
12469,0.0100019537243604
41444,0.438880655199523
26037,0.0531488491351469
3530,0.000494768738572111
10824,0.0732618728106863
13945,0.922438222806631
34583,0.251617831305451
2723,0.00747385175989555
30651,0.0862247209589128
23078,0.0677624276065084
26753,0.0735546574160936
286,0.0146753305192704
9077,0.178220292159912
29565,0.0449718690085886
24264,0.0615683185710824
37986,0.0991445868273317
24670,0.0184751219804257
6398,0.00131151932100137
31264,0.228461618626626
7921,0.0027933035749643
17767,0.045867264707408
30462,0.205069935035026
39596,0.561558420947396
24702,0.0328025787438035
34477,0.0613882504714474
37692,0.0103496316403695
8741,0.00872289205634791
6414,0.0135005432376449
38866,0.058538133152313
24749,0.0256703074902187
7545,0.0138129031906813
11049,0.0144184677169407
20849,0.399345132698646
13362,0.0449243263049839
43321,0.653632754804878
35050,0.0659392069018358
6830,0.0125586776615217
8154,0.00939043609861209
9710,0.0167057079639584
33665,0.0196549150257387
22581,0.0556405690113626
10482,0.0140136231273784
5082,0.00672466749561096
17165,0.00747931912590846
15731,0.0689372484794322
3317,0.0310427829901168
36204,0.0519532519931587
34048,0.737669804823821
31025,0.0249737176916239
43099,0.209032203505824
34417,0.019398559585745
15236,0.0174089542550643
33603,0.0446973667646636
27466,0.0279674325253882
28396,0.0227005368581108
26051,0.850938082406907
37164,0.436003926063
12136,0.0089317615349336
14547,0.139729484956233
14740,0.128255361039736
44153,0.38358810841162
30987,0.0574805534598573
26022,0.0697269271208435
19040,0.109786641031275
42065,0.920903213592817
42251,0.44577059374697
17698,0.0987770540854432
17778,0.0163467480464771
15230,0.0343604405843415
36842,0.0208914334252487
7275,0.0147822823767955
9093,0.0331049964308142
12305,0.0202473851053586
30307,0.0783951451237058
21348,0.0697751879596172
22175,0.138447177500161
30608,0.0724544936628639
21788,0.726152959112301
13673,0.0167752240712962
5932,0.0258811910922499
16364,0.0330454157400874
42341,0.0160626164287114
31053,0.10375803739419
27580,0.0660377444020246
36723,0.0487956919879583
25779,0.0347173734574032
11709,0.223718760705429
44471,0.0432564041293644
19372,0.0320193446779674
12387,0.00774752651924319
4758,0.00829846248876434
25862,0.0601284074245046
9523,0.0425065730529255
27983,0.029247966996515
8251,0.0153740626548109
43440,0.100582398612762
43784,0.273215243065105
36644,0.0735514714561942
34537,0.0336442865618787
18998,0.0680612700564657
26731,0.0239807433912372
34452,0.0518293228605022
34316,0.0738822979103807
42526,0.714418365210472
12324,0.10553945224829
24615,0.0949001162885051
37545,0.0218378662939572
36275,0.0444354949043451
43816,0.16669522012546
30262,0.151773632350943
25509,0.0496958195479153
25967,0.0312535012891372
41984,0.133720654950829
25028,0.0390959475144795
29681,0.0561443069200106
31098,0.0249740403228611
29523,0.917270455591569
30887,0.976447655890104
5376,0.0157439114500058
42887,0.386342729305447
36819,0.99382525764396
14837,0.0243678023626854
15609,0.027379222956334
6977,0.0350496604833513
31329,0.307389827507668
12591,0.012347960031573
15896,0.0508733513142219
44750,0.59846219786083
32453,0.184636189373751
18840,0.0554808506591064
34225,0.0316593666372816
41056,0.416736736203082
5780,0.060138451141529
457,0.0086475473628902
39037,0.0615362118086312
20028,0.425344862954685
35990,0.0277828768959023
19718,0.0388394501406169
25137,0.0278969824887719
14130,0.023071925335595
28670,0.0173229643301906
3740,0.00674973463772723
22926,0.0301028258026406
44118,0.257361613006338
18509,0.0200861013009541
243,0.0172529782801051
1640,0.0300785777442632
30029,0.0438987355620601
18612,0.0265222925984005
638,0.0143443681231957
14487,0.0685668449835634
9197,0.0191978961884621
25876,0.0293304451953681
11769,0.0184512879840939
42188,0.0675825435081426
32541,0.328200333899112
2051,0.0236047484453954
44790,0.950669290723787
31568,0.449288260139358
37648,0.115554872067375
3189,0.0127877339625703
18061,0.118677314343554
12392,0.0526088272813066
14990,0.0299898719517931
16851,0.0291715262773577
8766,0.0767593699032122
47,0.0191792332099433
17507,0.0193130430999769
12053,0.00524736555638841
13300,0.0257984338369691
22933,0.0181710956330658
32559,0.0465227638352008
13826,0.0672640178678966
39955,0.137746159716834
38705,0.0202123036295962
24878,0.0467679213381363
25368,0.147860682011311
6049,0.00284550847073144
7226,0.0439541499374785
15083,0.0437583623937495
33374,0.0470115531513042
28611,0.0441199398250034
13396,0.261930565862982
42366,0.0402629257806206
22805,0.0587589938622485
38788,0.017951963425131
38449,0.0233024001326774
8859,0.0871522917870405
44116,0.131352578576712
917,0.036020271302537
29084,0.0372230219039044
28744,0.0208432903080528
32648,0.0593524593103129
6036,0.00519628030307055
41204,0.0465978098167133
20732,0.674350258291865
37537,0.0234553266797553
20063,0.0318864877532939
10413,0.0502976659501063
11591,0.12798636893712
36134,0.185598056452404
42978,0.454812865464831
26329,0.0556721346099128
12468,0.00988838334858313
22113,0.0409612131984735
36378,0.0411001008824245
23186,0.0291114921142181
34664,0.0647166446750844
4491,0.015377198103376
5566,0.00195405328157501
26197,0.0293320557662223
25316,0.0492734441198427
33164,0.0192500320012898
21993,0.104800776897277
21378,0.776335053035601
25796,0.272979256996967
30853,0.0502086379468269
29869,0.0455486025638815
11246,0.0310142737470712
23608,0.00285427825574066
19120,0.226029156259522
5868,0.00610002241939058
38169,0.113034741937119
41976,0.329974260299738
27306,0.131612375125934
22022,0.515601123293197
37650,0.0684294643708235
22530,0.344454899637678
31022,0.0366910562178578
10445,0.0465042480060697
4573,0.628934352049996
12157,0.0170631700677035
3751,0.0082242949763325
19063,0.772054673997771
22108,0.188390894592481
32810,0.259581535218883
43260,0.409853921673363
44254,0.655434935249184
19900,0.0600749099077359
25199,0.0473561086783302
1154,0.00880261569820164
25306,0.091145843431781
33713,0.582437146173983
27218,0.317493906074009
14152,0.0271628679322644
28410,0.0232053548330127
19719,0.0385708256059293
26891,0.0282637985102586
13098,0.0372090071060588
4230,0.0432628814835293
40932,0.0319783481388289
28583,0.0331283946921612
44892,0.795963748526231
17784,0.035646920581662
33214,0.0307059241106213
15666,0.0132775782044671
32948,0.0627184951728164
33212,0.102440314642033
23763,0.0250352657499893
6488,0.0159926215590897
28967,0.0979565952567341
15074,0.0663703185632196
10427,0.0170416235412572
33529,0.0826600082060029
44860,0.800307202977967
4710,0.00686577830347114
41170,0.137012586668061
43157,0.334200819140449
35448,0.955726283919931
28987,0.0770906439594301
26125,0.0125036082168623
14118,0.0467680678869104
17079,0.0350541531030255
6060,0.0120984129134364
33982,0.140896482579079
26799,0.113102959348492
11612,0.0177666142205045
42909,0.138078286969071
37484,0.0253248954606266
11363,0.0250637161929319
32667,0.0641784313695018
24217,0.0606551679005254
38134,0.0599299403039614
43820,0.503082060558419
30759,0.0184616705747036
29325,0.433094551030647
25399,0.0361912004637178
443,0.0119179044950329
32203,0.207245449111967
43995,0.135871550338001
11135,0.0433753199922203
6032,0.00468103889038985
26978,0.0925053562630945
23543,0.0320644130289348
23656,0.00755647477287629
23727,0.0063422515495407
15314,0.072852087798993
7764,0.157256772882286
29580,0.0759200735992116
44787,0.920518510374215
43887,0.0315139489854296
2697,0.00218928047686306
33909,0.870815160580324
36527,0.0145114131522232
6026,0.00410693130033602
38763,0.0143230865897657
3932,0.0179605360476146
23452,0.0287365113891206
2540,0.0193394650890387
7091,0.0268066518136004
43629,0.108413892824981
31496,0.556006618480536
6046,0.00578358928661772
879,0.00683922604722321
17260,0.0247241489027386
31863,0.138724756116237
43999,0.32854451242666
12069,0.00806855582777912
9454,0.10028713136387
10271,0.024188066426542
39249,0.0188031386621416
44764,0.883455773727687
43587,0.663565110150766
1494,0.00318874979955485
23470,0.0270059409987851
13734,0.0127102554172633
16660,0.020158934523163
25893,0.0490246232120969
32167,0.0620550113741622
30813,0.040937089178166
1265,0.00758628995075526
11073,0.0220098842128311
13054,0.0496901346562985
42013,0.515446468736708
39719,0.070510877271408
17136,0.00300786494404039
25248,0.0218680400102649
6678,0.0193955750025429
42814,0.0559993646547767
6346,0.0028036309358256
35349,0.0371578211761861
16035,0.0450190038849866
4054,0.00752550934969954
28668,0.0711183328431496
21780,0.0451280221901458
1726,0.0106840038059222
19414,0.125711457856343
28412,0.0158756983719626
11309,0.0445729205806597
24790,0.0196212974978654
34709,0.0328955272588247
18467,0.0300389102312659
24041,0.293662949691743
2722,0.0148389039287307
31730,0.139182575392931
30409,0.0257199863032131
3293,0.0163805474000613
17569,0.0408517582703912
16473,0.0682401917141149
24600,0.0184162461429644
11538,0.0355939912669702
39984,0.137008424366881
4012,0.00956717383420166
16541,0.00251321110884522
31023,0.114223417814454
16330,0.269250192815488
6964,0.0287750151828042
25124,0.0685320820462047
27673,0.0123844630072606
5038,0.00540008762109954
29041,0.0765309095073783
10649,0.0187442513429708
36330,0.0507399136089929
22729,0.0113754134568357
20795,0.058561855687453
29749,0.0373005696914877
22178,0.0724992835184505
30750,0.04837495878639
35469,0.0370456669073132
14772,0.0119220350047003
24053,0.107075626843604
3345,0.00452991163868184
16054,0.0259494144453105
11423,0.0383497270565963
39665,0.139347743079509
33189,0.0477534538162832
2430,0.028841582339302
283,0.0263433133713888
39159,0.0323265902667333
184,0.0228095239083
35604,0.0246146982662586
3981,0.0045994023158298
34980,0.0631660596989829
17609,0.0168395218288897
23886,0.0653054960621087
17563,0.0147672580644236
14552,0.0239651881637808
20053,0.0481175159132274
29367,0.136733386690336
31758,0.258291258303216
26469,0.0175644305023886
38339,0.0632075121390584
9043,0.0327912359979709
15408,0.0997555921889882
35777,0.0856580126864352
25804,0.177489644226284
22796,0.0314780149968102
36735,0.0389646682326463
38882,0.0426233346388374
35793,0.0444319520949074
41551,0.74520892453108
34532,0.0335668980383301
30607,0.0624806131501332
18247,0.00675070515107933
27392,0.0460821426897591
36720,0.0303193369095812
8196,0.0105989425584571
28185,0.100449408194833
39094,0.723537792614123
24935,0.0200497681595771
34137,0.092393865669443
14641,0.124218865048853
34084,0.140421364974243
37211,0.0200452470905617
11158,0.0408070341233947
17207,0.0340400230787453
41589,0.999496088842215
7208,0.0203456492166947
14279,0.0849209412339719
5002,0.0177462692249461
19706,0.0319985265489285
25474,0.0220131272444831
8738,0.00751511342415752
35152,0.0280048065032919
2130,0.00946290352882891
33133,0.0646816508324659
44335,0.741234845569831
10337,0.0171502098361964
34447,0.0156037868512778
16810,0.232430763314534
12919,0.0635000330048795
30370,0.0807119214430109
41688,0.793231339591504
42954,0.680175512297083
1841,0.0114767283052506
34436,0.0590160084844185
38924,0.0315624463430954
23409,0.0264454555847574
44423,0.142693789145054
1262,0.0114747295018729
28837,0.148480792491733
31844,0.322207367164445
32112,0.611435015913993
13464,0.0761651813770179
38503,0.0707396141452037
7748,0.00534407131150833
12750,0.0131158291198212
13479,0.0148750472666831
43727,0.756628863444762
6660,0.0236849517892155
336,0.00482434924836975
19692,0.0670286970974217
41750,0.116871621064817
10666,0.0643360455604148
21783,0.0268701854206076
16963,0.103804696805639
35724,0.0337516323850882
33035,0.0944075774038986
37725,0.0276223154725466
5894,0.00533904279637502
26949,0.0280348917200477
19837,0.0306234258191271
26034,0.0762766487691541
12327,0.0151695687882493
1728,0.0075152753221031
20154,0.0636264177291619
8083,0.216132818900847
34383,0.245708321233987
3580,0.00650573751817966
21202,0.0324302256887222
13338,0.0425856679964984
17968,0.0272662053263075
34018,0.244059192288286
15088,0.151677428839755
30146,0.0318094676984601
38563,0.0687580495100064
28995,0.345367612631926
11120,0.686623460033579
11948,0.0151802348815945
14343,0.0587434603188801
27087,0.119079834845042
7326,0.011767202356131
36947,0.0336216531566815
13057,0.0502461744341463
40911,0.0640384804819005
33826,0.277234258936181
31363,0.636456584092554
18489,0.0269784159783181
26796,0.0573595819672946
16003,0.119192120173611
20621,0.0275583973446334
23896,0.0589781463405423
29993,0.0942724935646646
1330,0.0082450648549283
483,0.00641926875133983
11400,0.0238206067651739
837,0.00879266985231632
34577,0.237849669649183
12941,0.102945595836413
42794,0.0453087500319645
34440,0.0969064530625406
23215,0.0137263634085191
28360,0.0156255385666547
716,0.00590118819140147
28387,0.0848630007337973
20523,0.0742381549711143
30484,0.10037769864509
37646,0.0185114532675536
28169,0.043125969861009
11780,0.174854073072728
26291,0.0243392780363676
14518,0.0145655214623985
37758,0.187952013595646
11420,0.0420612320865036
28135,0.0336324724235319
14831,0.0512387992335608
7391,0.033173649188567
3538,0.00789367595417904
21637,0.0836271728066297
24991,0.0277324503239039
22079,0.0926851787245489
36717,0.0912512139178493
34990,0.0406641693226386
27155,0.0607121818907264
43532,0.822463530956512
31967,0.555940500827313
31033,0.198524359409778
4938,0.0188192562409492
39133,0.0330475461833926
34555,0.0329649539078293
31190,0.0873733179161655
2060,0.00544478211536903
11224,0.0140761727909799
17219,0.0208463466622874
24794,0.0477002562914817
5445,0.014147706381228
21058,0.078101239407866
37114,0.405854640941203
5076,0.00487511072294155
2626,0.00217697612849475
28573,0.0392118300640341
16083,0.0486603085564614
16040,0.0318976328857383
2742,0.0118831886083277
39758,0.0928960789901721
25429,0.0286256833759819
7095,0.0143197186399883
17480,0.145116679569624
5232,0.0143714432081918
12881,0.212201580155047
30966,0.312473271868289
12047,0.0139664723389189
29697,0.116511195400733
22334,0.338118239724226
29208,0.105742998224452
3007,0.0213188683388286
22431,0.0255146782435941
2799,0.00642662129924237
20270,0.0870196407625892
16855,0.042866338743632
12565,0.0511455346050724
39798,0.096447249478766
11,0.0138053072920444
22402,0.0654083444014325
23436,0.0228233739234534
33625,0.0163440540264295
24153,0.214678868698924
3464,0.0183299413700899
19353,0.0382554236864788
9617,0.077362599059872
41530,0.683545268729478
10729,0.0223678442247036
19860,0.0421201656326304
7856,0.00939763145540801
37542,0.0237369102964094
6475,0.0593421682986426
20482,0.0321610907377608
13092,0.0354605014740392
34461,0.138946702661439
8000,0.0140938060842099
33526,0.522240327607718
3437,0.00604588899444114
12699,0.038808723683947
26136,0.289843098170095
16526,0.551157547438643
16049,0.0463086702174595
10280,0.0836772421844519
8906,0.0141653578575735
38848,0.101367432998981
4592,0.0107761406926953
16499,0.0425689826639699
19182,0.108531127104469
5684,0.013220387529987
12077,0.00452060135574843
26383,0.0859198389475851
2875,0.00390207845260867
8721,0.00703214039748939
26523,0.0314264408181574
30198,0.432180718205075
30363,0.0236382529339761
35222,0.0826501833853916
543,0.00606651210570629
16749,0.0304001204814067
29135,0.158704221254748
5977,0.0181653227073053
40228,0.256393489222727
44961,0.31163512959852
42760,0.102687133202797
21927,0.0821973876255632
37471,0.0469103079274658
26390,0.0629787486000104
43476,0.5281563561236
19010,0.107463261586468
32828,0.355974034192627
39469,0.083351065798304
17904,0.483055816788168
14339,0.0428661733508559
22065,0.0522364216545008
8374,0.046388293440311
25904,0.0385646361101785
2703,0.0180872712963244
31890,0.222887308423004
5325,0.0114627034186411
36732,0.281829144634956
7513,0.0241790476253494
12577,0.00990864235876145
37303,0.0761332110083014
43304,0.868580146935216
7141,0.0164910279157161
41420,0.104854722297857
17426,0.0448305019090238
36004,0.151851933420056
43754,0.0907184039446852
40620,0.0597413909759254
29066,0.0221173372258785
25213,0.0606785010256667
32089,0.174098610715364
30961,0.11594387991662
44883,0.197116581404505
15909,0.0153489979481798
25149,0.0327663023329961
29552,0.121259882028001
17882,0.00292791105705625
28292,0.0215261770149569
20712,0.0437373421730956
44351,0.649046782865141
22505,0.036003855093123
44283,0.00708179945552874
8331,0.00653182462434194
29560,0.0140418028248461
23847,0.124588844963534
13635,0.0492410074328097
20980,0.0340514340074938
7720,0.0439006891418575
14619,0.0266208845624667
6520,0.0233772300285987
27544,0.0289658354300055
39225,0.247581802176714
23112,0.0500635628642987
23379,0.0318901541681521
28512,0.0270969122202608
10137,0.0411832189510823
42529,0.0766050957077687
16207,0.110965504689942
24063,0.443880721544183
18303,0.0178228172410531
19246,0.0679860688785494
21816,0.0421541385376644
15441,0.0438695319348254
30637,0.0183733037390725
11452,0.260317010498169
36097,0.108804756448129
10945,0.0220035960877452
9452,0.0179436934285867
10301,0.0382546384757625
9049,0.01785619044991
35592,0.0426336166052618
29198,0.395500209481767
32060,0.199109078600977
43379,0.32052375256436
4206,0.013087381159476
21067,0.0396964753819842
4540,0.00976330978765504
13135,0.0743695956201205
15974,0.0231227473848213
24863,0.033496022998477
24168,0.0762370158617566
13405,0.017097900603316
37341,0.0221022743044193
1730,0.0158425045312326
11683,0.0341267162120771
44386,0.536538794422642
35180,0.04868122115773
9122,0.573873992664973
32210,0.0900599984223059
27232,0.03958640442386
39780,0.166435993130278
15185,0.02389333523641
27425,0.0102193842374142
5716,0.00650576636442453
24666,0.072147400265749
14422,0.0260905746242401
33058,0.116457904699752
37857,0.0638562880093276
31205,0.173494057130453
37761,0.13415909405996
18355,0.141829286415359
37408,0.0828375055755034
32490,0.116794288215828
14745,0.127470557573248
42159,0.0325807486098276
33367,0.0671093447839305
21622,0.0374613719754926
20474,0.0915004038942227
34405,0.0251962731290223
16674,0.210178392648365
27370,0.255688029802244
28511,0.0693170085092377
734,0.0152198030633574
34421,0.0274212849748949
13118,0.0378795446097822
23327,0.0294534870902023
12885,0.0605864165862634
41117,0.266381826991299
24467,0.0193931168598959
34542,0.108747428819214
23793,0.0175893967456526
37736,0.233987655596501
3231,0.00895708668091191
4615,0.00413722157276284
32450,0.439361422638732
28471,0.0247648621403365
11557,0.0312860428966358
33747,0.134665541089499
33490,0.0625693980537127
43061,0.716622019831974
27820,0.075712795119865
12179,0.00387909943771155
9903,0.0313565347946186
44088,0.608099780270884
44248,0.139184342611729
16867,0.069399743116865
18054,0.00318136697398421
25469,0.0823881586621216
43584,0.646732168022709
3378,0.0125302481357547
8809,0.00948411312680318
157,0.00512793359127059
40924,0.347350432819472
20903,0.0506258359143152
24362,0.0265304899493822
11977,0.00908208186951543
30584,0.0396347119150297
34725,0.0397812844905538
30195,0.0352906244283421
12245,0.0110705318515367
16877,0.0249101886745648
37519,0.835536461266489
35752,0.200135099902837
14852,0.0881296221615239
2318,0.00548914005340443
34785,0.0213007131199184
27494,0.0491965650355944
33290,0.0416648483558417
5640,0.00680040570532114
19302,0.0647792047197141
590,0.00289952868934349
10127,0.03023774818961
1057,0.0175948473884537
12390,0.0462751194158514
23099,0.0499672806547261
22198,0.0637093681437145
42328,0.418544803213649
9720,0.0512824272777683
12583,0.00754910463451252
38820,0.542934319097989
32574,0.0465490402644694
12226,0.0076036080571396
30512,0.160786638689577
9732,0.0133786123472357
21826,0.0379407505189219
9919,0.0978089678320644
33320,0.0639803008403612
10979,0.0158927389080845
25077,0.26883281898734
43593,0.0662713549982143
42466,0.1139750658669
18506,0.0197518196174567
6978,0.00867326488281622
15796,0.0058465356099223
40359,0.225879128829073
40537,0.0350103646443129
19365,0.0970003489436533
32046,0.0747247308568533
7958,0.0152691977186045
17200,0.0468349173647361
38832,0.0169570497689855
26790,0.0310542914000431
23462,0.0132991398407782
25853,0.0372888449286826
4231,0.00882641625455822
42085,0.114365388666963
35201,0.745747503342427
15331,0.060948377581607
17394,0.027248577526852
16724,0.446299345181543
12624,0.0458952852444693
32071,0.111965560836628
44193,0.150129626133793
31778,0.224940217297245
27430,0.0315993249821166
25492,0.0323412990533569
43093,0.235723429474997
40539,0.0710503540451819
13087,0.0612492654576587
30310,0.175718541593187
21861,0.0398852101032041
14406,0.0138528936706822
6504,0.0104344971002404
24580,0.0263883135839899
31356,0.40085606635988
896,0.00230997999024612
39116,0.0862232495107562
14979,0.044219399084565
39297,0.0188177486362201
34175,0.150637277623579
5817,0.0307643277317887
17203,0.181908240412724
21553,0.0830167043905656
26227,0.0218349211911873
19776,0.0425041255680128
43781,0.427365859967842
16643,0.0172081346247575
4035,0.0221093974004574
4679,0.00650988666102824
6454,0.00352195027173428
33877,0.887368943677618
13841,0.0152752664880252
34659,0.0740203832666862
41252,0.196008311024624
28725,0.0320526449688855
4483,0.0119361948066606
3757,0.0104962936452534
18341,0.156313323432449
27660,0.0465257177323109
33462,0.507383615533135
4838,0.00828321415193503
25566,0.0598483524989542
35942,0.155150052323656
18933,0.0572924658380802
12142,0.00761968417899202
2050,0.00884893767138101
17780,0.0359255913070229
38117,0.169783995562152
21911,0.0164854835836325
29864,0.0802088586145891
14310,0.139051916221946
17686,0.213734324835925
8914,0.0172193536397759
2073,0.0019750049979847
33209,0.130336748828829
14973,0.880052918856282
40333,0.131606372166243
38354,0.0803816516139174
32088,0.0410103828550854
37143,0.957115324173672
11665,0.0176544107055152
5428,0.112759869760293
37789,0.222987871247558
26636,0.105981165242713
19360,0.0683326750217816
8382,0.0183395416850366
42647,0.0745060543429788
20294,0.0385407320934503
34644,0.0552324388425898
28035,0.759383192918144
6827,0.00698563476369365
9984,0.0587623019660473
23040,0.0537119703269093
27440,0.640987600226383
27259,0.0514370107746222
2956,0.307690834893307
40605,0.0893510681230489
5927,0.0259678252344635
20337,0.0633624400310761
22694,0.0465029171110527
22121,0.0454413926403213
17303,0.0119676981646023
25913,0.156633451646118
12824,0.0140496739148556
36749,0.103751730786346
32512,0.109551636809596
30454,0.164764737967546
42661,0.0344280734067372
43917,0.672974189643948
41025,0.169994829715316
28891,0.0629649073503882
38523,0.537047546760595
30583,0.0142960692321606
16896,0.0694815457511813
10930,0.00692907581792512
19500,0.0676465244273272
34898,0.204271207355236
30885,0.0342559846634271
33924,0.28049860140848
446,0.00994066108731877
25989,0.0517588906907596
41327,0.0407696624545438
17066,0.0321944367477877
4376,0.0195521802054666
8046,0.0712729793231107
18331,0.263140967927972
41183,0.261419989728578
24022,0.39034777760849
42053,0.341280232373135
17843,0.0240190645271376
14666,0.0208459072562697
39091,0.370802781840817
16539,0.0152861369185005
2720,0.00550154012111784
29850,0.815871537110704
42930,0.0735605319515362
272,0.16593686456106
11987,0.0265810613284558
25600,0.0397400590214509
10050,0.374408867381958
17668,0.0350459661335493
9607,0.0169958866038693
41431,0.470350007240674
8759,0.021446802346473
30436,0.118916373612763
10511,0.00973863481444545
21777,0.0311273985100943
29529,0.115988967559642
10263,0.0322254599259387
42091,0.175720120850359
19673,0.848141094346717
14767,0.0914395756187406
669,0.00543934012583963
20797,0.034787786468917
1589,0.00889234472324991
36962,0.0550604297546057
5090,0.00765383389028264
27730,0.0207332017884653
42379,0.996636076406995
29054,0.0993339118806119
23346,0.00735915061021133
24556,0.0280638963379952
17251,0.0846995008588347
11109,0.416156771703508
19313,0.0433488478499449
22086,0.0843433921706128
15347,0.056550856379857
24630,0.0249248113318694
11623,0.384098295630596
23335,0.0733343534779628
43164,0.22564711943541
2288,0.0155893946948874
39457,0.099008168672828
36598,0.0238947039654279
31619,0.0926243645096069
40724,0.0606188910508254
37010,0.0286102865849631
44734,0.823086545767704
37451,0.0187589526358747
18092,0.484120227820615
38740,0.0903836425384326
22487,0.981966611504405
15283,0.0203508553266713
22149,0.0806000588936382
31865,0.035710650843931
40598,0.0238649969504059
34651,0.0219193605755411
14305,0.0302456462598412
35246,0.0336456484462894
2298,0.0069704156811805
13307,0.0796295928454655
36514,0.302330321991683
36937,0.030320956472007
9278,0.0536236731532653
20348,0.0546021428818885
8001,0.0194389778645565
32925,0.167587709831453
10110,0.354421283872578
11083,0.0226833219774145
7546,0.00445126691229629
20499,0.151433734545819
6999,0.00400217521627715
43690,0.0111045442408183
41313,0.0904674301393106
21371,0.01226963109202
20022,0.235076795485984
3418,0.00730376628325716
25023,0.0309167058114503
31325,0.302427119691907
20048,0.0723991820770471
7512,0.00313082769249443
2095,0.00867996936214058
4346,0.0171382433611727
20472,0.0636998236625775
22598,0.0123626571451474
39785,0.274715929239544
28974,0.0402182699076031
32018,0.0899820408353814
12521,0.00633992206524598
1656,0.00561497003289163
26906,0.0169353195897034
20385,0.0495663306447075
20657,0.21332090301897
15502,0.0121423763151447
27112,0.0466158473793727
2011,0.00822416003017479
16183,0.645724957744887
8334,0.0111472784117617
2478,0.0120037766432509
10820,0.199594803778937
41746,0.241378757040663
20626,0.0575964692639453
36493,0.014789368658332
15646,0.0878357640600664
6195,0.023422096448393
37562,0.0137451124218842
44171,0.163802524555361
21542,0.241517351637725
37197,0.132534099857374
13746,0.106416658545639
30768,0.0188300666128359
44595,0.0478012787066959
42773,0.0569798738796929
41169,0.191363004992488
29234,0.237767502746605
22525,0.035549995839386
6363,0.0136719126610024
13466,0.0458947503928696
25175,0.022294604035088
32458,0.0851734502765601
35537,0.0885369266699472
17152,0.00830355555872091
14821,0.303612664949944
28719,0.0447268505490446
3702,0.135763181589624
7910,0.00383635639108272
28249,0.0293882286972504
34707,0.0503689329438987
23693,0.0915488873231135
30215,0.0609144942922539
39702,0.26526652461257
34142,0.422958090967494
2531,0.012087998438701
21565,0.0281119216600679
31393,0.283805226577625
18939,0.0529663471763362
41635,0.122356219732731
11027,0.251288545189448
41368,0.0789462604189943
30645,0.13402009318131
20845,0.0395346127403122
3545,0.00381790256004652
29503,0.0328396291453597
5904,0.00620917485462886
3399,0.00639131190931292
20663,0.201284143395439
27363,0.0168949761151945
37805,0.0476620565402205
35795,0.0436819843313343
14331,0.0242629591946846
28861,0.0372742759572747
43056,0.0827766217750764
17744,0.0247443350023097
25491,0.0333784615785425
37938,0.0239331139366778
2169,0.0675402730380047
22017,0.0247725603851717
10236,0.0844004424815617
19882,0.190766477943899
6118,0.0167532749289929
42177,0.0531699421628451
15536,0.0230525434022221
16471,0.870877643121068
18511,0.014898956443931
30783,0.0659095422397459
13511,0.0998365484513826
34354,0.0300440501094021
10384,0.0226932451943238
22125,0.0472277798079019
22180,0.0671084587826731
23488,0.0258816455511103
35593,0.0857492440520626
8366,0.0129110032577402
9479,0.34850569707447
21138,0.057385245014087
33415,0.220826878636672
9775,0.283940881634855
27584,0.0788134857034082
33235,0.0290671295260354
5188,0.0673615665285407
16288,0.148204004824029
19923,0.448302651861753
1288,0.00967145397593977
43877,0.154079921509833
8680,0.01004112570897
37106,0.0284238531307923
12612,0.00935397656785306
28535,0.0341834586823951
12403,0.030112343749368
5996,0.0058690554230139
10286,0.175429004666546
15727,0.648494013934331
22943,0.0369976200614626
27408,0.0285811717274646
32456,0.31514912112132
40899,0.107938561144902
34930,0.0485449789571172
15352,0.0456964384995139
36833,0.0263187678241668
39074,0.0492594968112356
31401,0.793471051760412
19291,0.0335572408131107
15160,0.0345420054811608
37700,0.0454451707955485
13442,0.0525505920428007
35418,0.0847167490581381
19393,0.0257269016214546
5384,0.0923821703521325
27357,0.0364532420663293
29145,0.0650633625494501
26972,0.0317190908403688
42508,0.261251305412033
39278,0.0135498655693494
2541,0.00889459497696037
29650,0.112833944663426
718,0.00505944671004295
4585,0.0067868849623769
9888,0.0247957202986495
20517,0.0601834317327873
12264,0.00915658889504543
11731,0.0193634150658029
39040,0.150591607141926
35244,0.302171208981912
8749,0.00903813746566129
18134,0.0381731276757536
22956,0.0127660961497974
26108,0.0678916519032022
38249,0.304212271849417
28714,0.0463118241889774
18880,0.0374027920294342
2251,0.0177129090267238
14139,0.0119934378308509
12056,0.0282031830019767
24432,0.335380410433173
5875,0.0103712492992003
17675,0.0369720900093087
37240,0.0263716574874159
30131,0.0771877211677162
29862,0.186140523079392
11915,0.0000392839917402268
28597,0.0179568634026763
42941,0.126302916858514
1108,0.0274452200267109
14461,0.0216096272799371
17718,0.077152980124737
28189,0.143737684221537
40591,0.926442659505877
25257,0.0315467697700824
105,0.0336703379788908
40810,0.211040338745503
17143,0.0833030912355549
4823,0.0166141770857098
18798,0.0237372615894502
20664,0.0944149640062846
32455,0.516935435490372
33316,0.0689129693542068
31115,0.122060526466698
26773,0.0672923161653137
25543,0.024694732420138
838,0.00890119551520851
32617,0.0406032605426222
7543,0.00830175224531604
23406,0.00693683198438516
12687,0.241014955289221
7790,0.00878452202395296
17748,0.0119263420604837
11292,0.00111878532033942
6613,0.0166302443941651
37158,0.0246940138460405
2662,0.00545396659178916
5433,0.0383836464425627
33222,0.0317997639657122
10566,0.0448144554558163
29124,0.262343665854825
41358,0.300167343709685
41694,0.511422512658533
21194,0.0386381275723219
44619,0.204120419611862
33992,0.787302679530227
45049,0.592924122184319
13731,0.0148001796454425
33236,0.194010772050942
22260,0.0852578791536332
33971,0.0475363864684395
5022,0.17952417600715
40906,0.0408654448697868
33284,0.239091357100973
43637,0.0392026724610534
367,0.00842871735627157
36333,0.0137383657939335
42374,0.0214609292527851
20263,0.0546586836062614
26909,0.110440857696478
8805,0.018751821356061
29715,0.0569127073655257
30546,0.0568126628483658
20688,0.287238169738
10549,0.0193987159608334
15086,0.0184107848667724
26313,0.0109616761403609
18046,0.040738391918158
3801,0.0228982977475579
2194,0.00556546152094855
37869,0.0597824763336426
16970,0.0185554560241573
36223,0.0582058984181182
20827,0.048837203141765
16703,0.0497963110106363
14261,0.0249726700763646
15654,0.280926388171268
31404,0.408021710230184
44666,0.944229483501373
31089,0.0851511475161147
22742,0.0192151314390294
85,0.00795071047566662
36961,0.553198766959552
40755,0.257051315262425
358,0.0229475909233625
43717,0.252789488373707
38243,0.101203422769938
39791,0.220561432678535
7478,0.00400629030457151
28860,0.120844397534088
12728,0.0550276518373325
25563,0.260160146496263
6908,0.0220305063244923
6136,0.00719430094321216
28856,0.0798007125559796
5269,0.0120989857207504
69,0.00748466910034647
1193,0.00936928279630287
20102,0.0503125867866911
31326,0.999762500595879
30978,0.0300739755512637
16013,0.130857782657772
38804,0.0379852606947498
32166,0.215429137209514
20823,0.0815129956743822
30685,0.104385435068224
18963,0.118237887327318
39318,0.136487409975786
12059,0.00636429282767739
35710,0.0562558545517139
1043,0.00747242010762873
9602,0.199717739696806
1280,0.0099881292968848
24914,0.0252103450224072
26202,0.0257206960158734
35478,0.0283928383790121
37080,0.204024539235846
37264,0.0249201541083422
31438,0.446484424907627
23094,0.0424318069662553
6012,0.0124278460101888
42650,0.135379670964098
12172,0.0127910065699599
8676,0.0140590729698142
8816,0.0192717831456786
32367,0.0932997610653689
17503,0.00418739359519013
29866,0.0494117354085124
20551,0.113007788190776
9687,0.0813837562798836
18908,0.357069178084653
26803,0.0159302920041009
2844,0.0303717702961256
32884,0.0461142012753278
36135,0.686529336850023
21550,0.142619589458108
1655,0.00980071883222395
14222,0.931946463285686
9166,0.0450478468104956
28846,0.0731523234720009
33755,0.290895894577969
44602,0.0169156022159576
2453,0.00439064036361885
1271,0.00726105754120508
6681,0.0171277745031777
31957,0.190387793947071
10497,0.0550317202472907
35496,0.0637126354298518
14483,0.273510989942225
15175,0.100435644904597
28140,0.0574263167597119
41469,0.739150518073413
28986,0.0539773785086366
23707,0.0480508764320385
32461,0.918969853118196
44064,0.218269862517355
8150,0.0102454041679112
17703,0.00449624584209938
40965,0.576965806668435
10708,0.0500946364336657
23603,0.00253910746785607
1561,0.00690822347345819
13505,0.062355040709672
25522,0.0225201915490003
22135,0.0276934405616608
27011,0.0407773884395576
41801,0.128655812831706
35666,0.0253356249331359
36005,0.031207061968771
27929,0.0742275009796513
28703,0.252286311410331
21704,0.0557042992513128
29077,0.0600343557502334
28652,0.042314241573922
13875,0.0082612311863362
22888,0.0365911946284996
15915,0.0239309683461931
5655,0.0153658304350861
36257,0.408230064782359
24238,0.306387427117034
17877,0.0227183216864877
41843,0.988554496300884
26525,0.77240480549298
22045,0.0262838202885993
18950,0.0573647640548485
36741,0.166557631618766
14400,0.102580862992898
33773,0.0826796186518982
10517,0.0368896864745588
7726,0.0116334741539927
10380,0.0323271728679922
35428,0.0757473982885612
17534,0.0399662706959415
34788,0.0325284208456938
13656,0.0529983052182919
33034,0.09312903022543
28390,0.012313687163721
792,0.0381494796091177
7900,0.019475269114725
36437,0.0153734214344598
35239,0.0458440322412676
24994,0.0405075955566751
44306,0.477836864438637
33220,0.102136263487264
35290,0.0423727212343385
23454,0.0307170811263413
42903,0.120771603283152
25308,0.0202964044335515
18306,0.00841097669753636
31632,0.0598801921903629
35012,0.100926714793922
717,0.0586202308594007
362,0.00605515481499622
9286,0.00912573593268742
13957,0.124412278659907
23115,0.0286055040888094
38947,0.0572635115605215
30937,0.204481246249483
26612,0.180468082685134
41190,0.165220495308688
11790,0.0439622880750108
22024,0.0409952356942853
10361,0.0514624744151562
9959,0.568823780624549
17801,0.0164995907093488
21397,0.0293476345829079
31581,0.323697140487322
33712,0.0480116556344103
41473,0.772289406211418
44024,0.777912381620475
41138,0.0450968876372099
9310,0.527793370031278
15489,0.0213590850997914
30861,0.0483400546256008
9716,0.0475297533386845
29978,0.0446771313422552
32835,0.149160694008002
3199,0.0266222319947753
36130,0.0395588183514119
16906,0.270423215652983
7289,0.0689490870740417
20394,0.0400189490918317
36170,0.0500908491657927
25883,0.834062681486309
13573,0.0147591961058737
1370,0.00963301584696406
2592,0.00702320236353144
2090,0.00606680734159454
29930,0.0376073529588299
37227,0.0421036707589687
38603,0.0234696094531744
26465,0.105560657904992
22958,0.0445657071543723
44225,0.0713627376708922
15760,0.0321194751219931
28167,0.0461963531273563
43331,0.988664848230864
3904,0.0362118301289077
16464,0.09100919077959
4272,0.0421010803451176
41450,0.220454473327608
38813,0.0134280654714614
12247,0.0522398688936059
11354,0.00980985851911293
42566,0.790486861005842
39539,0.0985470042088717
10362,0.0330010509025071
15742,0.0274659900209739
3213,0.00726115603363215
23947,0.139242449857574
27198,0.0309208577655478
22962,0.0164036245983564
6630,0.00779768321394887
35503,0.0222204662746179
16208,0.0369626976195617
33087,0.31700752198659
36404,0.0360114229341318
19779,0.0440423685349001
20770,0.506915499991594
44983,0.144598742886854
41978,0.142586179320277
6154,0.00746672952689497
34991,0.0334317719460232
14557,0.092466516652831
23650,0.00232134877063236
8908,0.0165212652920609
37199,0.031509509796927
31150,0.295183812916347
45007,0.824422719575779
1231,0.0344044931436671
12362,0.0287114521871599
30343,0.0924190497897218
3686,0.0142116736755351
7185,0.00658418762719731
42992,0.00836701865954311
7121,0.00766093184483181
30852,0.0653341986749367
5287,0.0377435120697059
39293,0.0154707601490882
26713,0.022756311878971
34437,0.0889705284269858
34096,0.864082535058521
29707,0.0971821963165945
40021,0.113321983671539
2305,0.00562864286332343
19017,0.190615579746963
19693,0.241211109704334
36253,0.0356605198464814
13285,0.0893972814642041
42287,0.263349273824021
19715,0.0189206459608037
28307,0.0267995087587489
5354,0.0132966819558886
19020,0.04333327875373
32122,0.240778903167364
8208,0.00563418222154598
35320,0.113512955763089
16995,0.0616952705939508
35790,0.149092254883468
42258,0.783723065170109
44075,0.0442128672315832
22064,0.0257056237927769
14672,0.107890640149636
24018,0.0261304575697936
17229,0.158301265418947
41550,0.339438473911482
12180,0.0287306812769837
33119,0.101309437091343
28504,0.178097052321203
13194,0.0280613525088285
24503,0.0188287663749787
38610,0.0717572273954812
26275,0.0328506153325814
10875,0.0108432981489301
26437,0.0434232231989386
19939,0.0224188188789435
10294,0.00945427856910876
37358,0.561974557749714
24299,0.0278019707086847
20049,0.109885046693527
26240,0.0161834269293895
18748,0.0106878701004976
9007,0.0340709703431588
44678,0.420835658097305
32369,0.10185136964214
15339,0.0293869390897176
43014,0.767332820998656
2778,0.0231186076815792
27424,0.0215688288475651
20241,0.0371811793241684
32922,0.0537728657841999
36649,0.305156971263682
36092,0.0227865954536735
42567,0.981164290104085
32761,0.113181975665554
3463,0.0289161008324507
41425,0.0876805662971676
2530,0.00998950809245331
15818,0.321014428800947
37388,0.592400181011225
42965,0.718275031747461
33798,0.0139486968537484
26433,0.0413940435527109
37435,0.0536679861640979
5768,0.010594450746991
39877,0.216508048736662
28415,0.0158580205307772
17357,0.0717093849766999
41051,0.105150884798613
42607,0.0446620985209277
6609,0.00715264051312702
3962,0.00683851445296014
35092,0.101920578196847
38132,0.0197167697232338
32100,0.150224497630212
6006,0.0839197546793753
26115,0.0397891387799942
31119,0.252213987437437
26005,0.045415852149285
11505,0.0119299161708844
794,0.031324034275719
11459,0.0370219179108669
27881,0.0308471590354574
34834,0.0786974203513715
36193,0.0616245242350213
20632,0.785083369523464
6269,0.0105842878150429
1279,0.00622484534816347
12155,0.0145717822677033
32714,0.431839975266961
32666,0.0660860475434278
31087,0.22722020749811
25534,0.040070565996576
16577,0.0549508610405096
2074,0.0115243440182078
42405,0.112270124098747
25267,0.047207524853664
26292,0.0155138585529377
25484,0.107495568409644
15356,0.0145869931272815
10969,0.063172325892937
1337,0.0173380614412921
44689,0.129411462893763
32465,0.0897958723229341
33871,0.532813242744781
14613,0.00551144286508153
11723,0.0214853532392708
21458,0.0155550208438669
33215,0.394040627491155
29223,0.0512128847428554
16384,0.00358803600983478
559,0.0123958902300439
31207,0.328035554137837
20312,0.171700268993189
24824,0.0310685203234799
13586,0.0243277053628925
33933,0.143880858830831
7624,0.00754943683505264
23850,0.0424391770238987
5430,0.0147103432220167
8322,0.00659096932039054
41121,0.084577935018222
22138,0.0287510419076966
44897,0.589704390348932
18478,0.0389246673032755
18678,0.0236576397058088
4909,0.0073932359780599
39958,0.356889800292189
32517,0.142902027280365
30529,0.833352587713422
11701,0.0217671459110254
36203,0.0385835695390382
6881,0.00865337171437409
44122,0.0113712874645889
37155,0.00662854775684708
41722,0.621239600524852
25533,0.0311077281533114
36852,0.0423336570886789
33507,0.0728811435643823
27982,0.0400671805193448
32463,0.772787581557063
32473,0.147797321002713
3687,0.00944688464316317
20591,0.117421994131935
37607,0.0233149473102442
37871,0.372395919144015
34293,0.0232444521785123
33390,0.0645521639361056
6563,0.00327212784245501
10355,0.0312385552080036
17466,0.0423193038741261
31992,0.095286520878634
10609,0.0326569200634604
34801,0.0492266215804841
5775,0.0263483291263258
7609,0.0144057711771593
40746,0.421322917197702
2945,0.0315534283994614
40548,0.107253682111491
25428,0.0257170887604513
43865,0.294565587582097
5167,0.00636208156518376
24354,0.218710736606359
24307,0.0299640064478347
109,0.0636917534386045
37469,0.0197558740283546
44807,0.857585042386978
15706,0.155032556477286
27658,0.0167282317372425
15596,0.00437906764427455
26918,0.0422068695568809
45155,0.118096939699951
37535,0.0481061233809792
8428,0.0116932514395662
3769,0.00463387867986917
38226,0.0346593744001483
19557,0.0378920941797952
41774,0.327114475028136
10885,0.0238355772374099
40112,0.151084429152464
28859,0.0222609906220615
15491,0.0569891467866834
36657,0.0437410566364418
28264,0.0514607790968533
23924,0.0457328406889643
15315,0.0256943044786023
40349,0.0974329140790449
14110,0.0222543776871949
17663,0.0244859825894255
6980,0.00433099081092304
18929,0.143318317127114
27098,0.0612399874268945
7879,0.00997854298530675
2885,0.0138547448852532
19578,0.0289566617739012
22122,0.0668984948399163
8669,0.00496453689005423
7220,0.00895482798465756
36557,0.0332022364253077
35913,0.0811575598418242
7884,0.0118191583086156
44527,0.4974821085802
43642,0.129354035095935
12733,0.0220389558685833
39844,0.120229826955182
14488,0.0360533915609221
14146,0.0720374473073695
42734,0.914088553197807
37274,0.0741921728650027
31289,0.347165892814427
36963,0.249074346582285
25550,0.232942570820964
17849,0.0315605311040644
31165,0.0948626978944853
42784,0.0637835756162294
4840,0.0263392583872771
2681,0.0208993216979356
15813,0.0159377919857709
31490,0.0748241361299676
22219,0.0334208982830899
33474,0.0844000508569594
22239,0.0348456374527477
3923,0.0283622454224391
43288,0.491651805120019
41534,0.116707141719131
9333,0.0251501536536606
22213,0.588401378907754
30010,0.272945061703375
11410,0.0240379062520969
671,0.0535496509750079
20793,0.0373258565882524
41967,0.251955328163487
15229,0.0511473200827079
32408,0.371858091753215
2362,0.00808826943546088
18480,0.112455939470688
42339,0.533287783688026
11746,0.0675300552992246
44179,0.636985374018768
7404,0.029841359208119
31963,0.636178674902151
2330,0.0176788237604557
28192,0.0592520673949917
26874,0.0284240267942653
42769,0.0495799732236235
37821,0.251349950587376
22637,0.0333687103503313
14697,0.0176895034991296
34019,0.894842658314802
13595,0.083343043725383
10983,0.0356918278267417
17081,0.0216112196725472
27942,0.0195103304346506
35632,0.0195566687919277
20140,0.0703348571031333
39820,0.153539565643046
9259,0.0364552469596279
40414,0.030351795861051
38406,0.050538380221113
6128,0.0102905826201673
40427,0.0667274248028937
6974,0.00679088479417307
13066,0.0598125565911574
15342,0.0234849050388225
42041,0.294629335156363
40659,0.454764076161061
41158,0.167118089285159
32067,0.0557252100543226
12538,0.0161352057975755
7269,0.263898425750327
12213,0.0139828519120053
38468,0.0194447593449807
33218,0.117976133372071
32364,0.0567813892047988
28389,0.0390820588317341
20322,0.0389545601617377
5243,0.00633166453575094
18866,0.0344130255372266
12162,0.0112927245481325
19535,0.0365684972543583
27839,0.0899163385765493
4138,0.0317245345949571
42995,0.160824405409415
6484,0.0107709746817938
35781,0.0232021518993542
25130,0.0365959401092741
36103,0.0155167072251277
478,0.00817417690477306
9606,0.110210460489189
11015,0.377993259326122
20101,0.222368468471882
6350,0.00660433878399856
12270,0.22583914607682
11222,0.0504227150024569
13031,0.0980797271763052
15710,0.00625335499962158
4075,0.0128407416180251
36928,0.145402797664441
41632,0.260063154356978
34669,0.0078835803159615
22748,0.0698412775302616
13212,0.0412769110043819
3965,0.382972814032518
35316,0.120734522282055
22236,0.0515158714252499
4227,0.019791675612356
15837,0.0328739919925332
27916,0.0168206008651407
22854,0.205833790566572
10267,0.0190686790858035
11113,0.00765889181412888
8786,0.0209232953634006
37180,0.349769606036612
28609,0.023608232423791
12930,0.0554293675257233
41741,0.74142789201447
29149,0.0959307409156274
43782,0.350468916925249
15409,0.0294081914850397
6731,0.0036504326019355
31526,0.228287074944157
21386,0.174727000305686
24305,0.00254405657787135
40087,0.107464132062574
4820,0.00822778205053273
40079,0.110250169471488
25384,0.0400096204681044
27720,0.266945171166936
24690,0.0418569540751291
8088,0.0447641848671475
7433,0.012006912662416
37431,0.043178451563238
36806,0.0382800971384805
2413,0.0171250679030306
15743,0.0351422823279023
33874,0.330291516155349
23458,0.00790689515495283
1934,0.0323204671132732
3261,0.0229649545827446
900,0.010245775323971
38748,0.0267793326890214
30624,0.249232995688516
40082,0.208649908039692
11243,0.140308816758632
639,0.00937479902034098
27774,0.0407870503355722
7779,0.0123036485726004
42993,0.0612314108693583
44403,0.125642987436067
31226,0.250943288750878
9070,0.77608835773912
38914,0.0364426705149249
14153,0.554762096516169
26808,0.0314997996824999
26050,0.0308903607004694
26974,0.032204741311295
31313,0.311109284521413
40363,0.605071785171606
14096,0.0482247156562541
11499,0.123106809284566
7249,0.0118433728453552
14322,0.0274897935421683
1429,0.0158700660044692
27237,0.317963157381452
2714,0.0108634252504592
5301,0.0140482635984798
11533,0.00478966072261217
1744,0.00563830401809376
4162,0.041174637753922
12705,0.0467069435473181
28470,0.0289754777405361
35000,0.0465336146388081
20761,0.0321568010673698
11532,0.0202448658606146
29714,0.0951007796507166
3475,0.00590253820816031
32175,0.0708872948304398
131,0.13696406877658
34940,0.138066569716534
28,0.00345676450076947
38812,0.0137975436910692
31442,0.629285717239168
44576,0.527715016062472
25299,0.0400702209815686
15094,0.83022309738353
36074,0.0379586251116376
16641,0.820066876990008
2637,0.00556017131983915
43777,0.181756890879662
16861,0.111160392698219
6174,0.00769640596214046
8147,0.00798041479965423
38166,0.0572691833700166
499,0.00531403753546996
6485,0.00502076442314267
39590,0.171777725850309
3970,0.000789105192984309
40802,0.110783531546632
45181,0.202412439840867
37696,0.164587508889705
28053,0.0239326572437542
34581,0.0630216552829062
32273,0.0736075038876986
16058,0.534028243957958
4021,0.000472930839333558
44522,0.767653367724639
24204,0.14051005934646
5550,0.0275255815503951
15799,0.071997913575286
23535,0.054321450463993
1536,0.0106790132252821
33870,0.19646808417982
13820,0.0311319395823589
44061,0.561745429437294
24222,0.06001275886573
17175,0.0288658173687379
33112,0.159045533066991
25432,0.872343687271282
28459,0.256898817565962
42464,0.104066518859923
41523,0.676523667838771
15333,0.126898315504045
3036,0.00668144440856052
41977,0.217501860500291
3473,0.0071835895720944
357,0.0198598792760776
31503,0.0739884292859286
8814,0.0346069247462377
15657,0.0582166583189786
32850,0.190909594583812
29557,0.021198416739645
39114,0.0278381319369969
11364,0.139707049014146
41605,0.300434411043102
5086,0.00985706553513168
42222,0.396268255882319
29459,0.101920873408405
41987,0.561134495156659
32755,0.106431100419436
33075,0.055125593333452
41802,0.517009838658657
31872,0.254950801977145
36379,0.0359152802134663
9889,0.0368805942951604
25242,0.00990537734883454
35775,0.0374937397848065
23644,0.102609418522301
11860,0.0571199621729547
25380,0.0192061877534739
1798,0.00920041864137725
43309,0.541343215424717
19792,0.0359837155404175
31529,0.302751470473806
33470,0.0251099516538406
14709,0.0161923149776216
35603,0.0848609700965078
35167,0.0282609220803609
42000,0.58117360728392
39138,0.232471783987327
19782,0.025395675411432
34012,0.744632137134825
32007,0.04196448257849
33381,0.063309147643168
38692,0.0315163827475215
21577,0.0296889549326613
25454,0.0554755361612216
11629,0.00936417306223697
21047,0.0650443184139578
27568,0.82430517248742
32592,0.0506293144996342
29516,0.0332547131875886
16559,0.0251940525940959
42637,0.0464172315243179
11671,0.0146531271177444
18719,0.00881843451902454
4052,0.00659874604180277
504,0.0152814572369056
18795,0.00725554885127154
38678,0.031700160719736
11536,0.0221704348038669
24477,0.0130125192209145
26898,0.0288058498317104
33421,0.0795348337859688
2028,0.00508075266926966
42972,0.484209932476781
36219,0.362957468617953
8045,0.003173808193234
40572,0.112770895602533
38654,0.645227106652381
38581,0.0132382683981724
17105,0.695209426592988
45128,0.292827822677225
17548,0.0318679828970883
761,0.0149876074165586
37342,0.0738933888278485
34412,0.0159131616994434
10053,0.0222317280846574
40974,0.976870283612848
23306,0.0229185618535956
41693,0.196994209515303
40949,0.153533861874432
18228,0.0317751876512384
30391,0.0613895987610113
16435,0.0335201910345561
8226,0.0116964892549646
44837,0.0233062261089601
933,0.00620510711957824
17422,0.0847402458615668
20077,0.0163824129884328
29998,0.132798403965783
39016,0.271703301019314
29603,0.244779666313421
39329,0.0227248587297235
28312,0.0401091366872938
29059,0.0331199808132414
618,0.0061554170113404
34546,0.0882263897312161
29740,0.269917437105989
25836,0.091189824632109
7599,0.0108541659119918
4570,0.00811622249452651
9083,0.0172141083605941
22998,0.0329135646065299
24097,0.218394369569342
28375,0.0262502511631847
40640,0.0888457198348993
8777,0.0253836106546466
24408,0.257518830247474
665,0.0115854337207266
18710,0.000849580871735542
20104,0.0230144048137844
43713,0.281821206287535
31256,0.296607922951019
41798,0.24512343218926
30248,0.110791870959954
2329,0.0376859383286839
13910,0.0500455337108169
4236,0.00700440649839471
26569,0.0406297175740194
21551,0.0259814385528008
40410,0.044707183448088
12446,0.015467444807016
8440,0.0973321902768657
37645,0.25686457599327
20458,0.0215200639661585
9793,0.0301825952837274
5696,0.00846001441637496
15583,0.0408069596894464
15450,0.109026538646415
3150,0.00118037608690104
24962,0.0436239028267168
40476,0.0199870932470567
37372,0.559634401169134
42604,0.756921568148305
19976,0.0265405747485667
40141,0.327330474238231
34071,0.283161800758357
13224,0.044687235901981
12800,0.0188521163997093
32114,0.180677419535465
37561,0.0303457315086294
26740,0.0213445136950313
11923,0.0131424104354102
6686,0.00664023135736023
35462,0.391708702379087
18403,0.0391866181473923
12923,0.0369579493071649
8874,0.0437832247201719
11454,0.0379918410188822
19395,0.0235895236125461
1927,0.00992096125592292
30866,0.893286785734393
27753,0.236464888228089
11503,0.0134971001477451
33592,0.0466684843167468
9394,0.0311071859407885
34219,0.066341019416399
5557,0.0151044940441461
12545,0.00771944327770687
3490,0.00908993752503353
27394,0.0457457152061187
593,0.0079899894352489
44667,0.242364641481367
33172,0.113030338542051
26178,0.279846492087587
32619,0.249388303697476
13780,0.645094484856914
34888,0.0205578861847543
3761,0.0243755820000147
44797,0.804207567390837
22563,0.0657587482636951
40195,0.0885097151756332
6825,0.0104312651349177
18377,0.0408997464151427
36286,0.122943308827761
15004,0.0233108321098113
23672,0.112756911080331
1203,0.0110986107164672
29779,0.199925590189042
17155,0.0214673113077999
44050,0.838269817474297
10108,0.0498023606074672
36278,0.0334466419601703
4791,0.000249423413093583
3192,0.00529589774049006
27445,0.0256100213087555
37516,0.0327264704435178
35578,0.0240136602246794
33568,0.0711007177691105
38560,0.0446222528613135
30273,0.0674260104042421
18175,0.0485888440714241
43071,0.097138552952393
8942,0.0354976106990429
23048,0.195496077667382
24308,0.0119837627804914
5802,0.0257456344036105
3323,0.365986222127174
44684,0.0283454706399696
7112,0.0138659922982735
23777,0.00553241149823619
9032,0.057903577641438
36585,0.0314064243880783
34566,0.246386175011003
45156,0.417392007220312
24864,0.0596325454447873
6224,0.00436121018346403
4904,0.0196468279768675
8887,0.00880762211676598
10098,0.203023765765301
38488,0.118876076510165
29617,0.103588641239628
24298,0.0257182931429589
35389,0.0699996943640327
42697,0.130336859726902
44192,0.290469439426932
41751,0.531956292078238
21994,0.0624804225281805
12280,0.0439978533206773
16569,0.0286273921007901
34326,0.0732259279853211
7491,0.00483701034732272
13522,0.021633544874177
32323,0.0807423732273135
40036,0.65054713596761
18408,0.0396095987835564
37623,0.305104567639516
10475,0.0104977185849427
36990,0.266030809074128
4953,0.015690131910724
28997,0.0342538738666993
8341,0.0704766577531255
36124,0.0559572329074461
42514,0.274326796109326
44446,0.108952671731829
33444,0.505759971795741
41572,0.29808694256909
43641,0.368188904948825
3119,0.0031954760846323
37923,0.0280750908639664
34517,0.0935862312294856
11764,0.823039134741227
19492,0.0289211545433189
44156,0.61525634269824
2149,0.0087004807758023
44603,0.999986697879007
4148,0.0234013624694404
25379,0.0884437439055485
41455,0.588834246847687
6833,0.0130909260631895
19031,0.0348158369989361
1916,0.00668506945739727
18646,0.000668560823004095
22597,0.0142170111280523
5100,0.017246160567762
16411,0.0856194818948549
9647,0.0159329357672963
16980,0.0314152998694169
23265,0.0491685946807473
14931,0.0121660124960815
1724,0.0110507804917415
42460,0.302319626633588
21208,0.143958748919755
25301,0.059356902706973
1727,0.00784190456603318
5393,0.0144578417386447
44029,0.887578101475499
10557,0.0557082026387731
7034,0.0194960665530078
13153,0.0601362138273081
22377,0.0568054229512939
33457,0.197807447954104
7306,0.00834324523666179
1028,0.0146556357167075
17057,0.0135167152172003
67,0.110808842890312
38238,0.490521401500858
10014,0.00298161902807858
38730,0.1407997408017
28727,0.035126432325723
42851,0.144869588028035
37846,0.022435761429021
14043,0.0561229350000206
22412,0.089625955758273
2640,0.0109690277163507
14947,0.220413539676792
44978,0.302117199890319
20575,0.029698590730205
1221,0.00934362190749435
44730,0.84013256024404
8627,0.0133918337751267
35620,0.0600452592545773
17505,0.0283567355044096
8878,0.0465529821608385
21259,0.0338948466583405
44794,0.386779096674162
33453,0.645692837607735
42775,0.0422639545264066
10714,0.032928513744275
6194,0.0102510585814352
7102,0.0084698763693446
38586,0.0283080790246909
17521,0.00512741056530633
28921,0.0402784278313055
9784,0.0160751052173962
2364,0.012028485853867
39484,0.0739077226069764
16937,0.0296452987135444
37950,0.457087284936108
4407,0.018157672342176
18986,0.165117392613715
13308,0.0371806605889917
14388,0.134600710687498
9386,0.116873777181485
9653,0.0338081074279161
37047,0.0301567482719964
37788,0.0694333687907055
37037,0.0311547702600787
14840,0.752013893987634
2029,0.00880937678651707
11352,0.856297769788064
18809,0.0142136630831356
30329,0.179395245602163
31585,0.0484024831900299
30878,0.0227825208001556
21054,0.653572768291681
9872,0.0348874527979025
25579,0.0294663400773923
4539,0.00595117536314479
9458,0.0112872213795952
35953,0.0592974414209988
15378,0.074267202022851
2663,0.0112152233711915
39510,0.434233667062464
31819,0.126107208875645
23875,0.0402483630615799
34906,0.0681908786522727
23902,0.0929785105469469
28361,0.0969483374839579
22715,0.0724998646524215
37445,0.0649864698737553
39137,0.195556741094223
35742,0.0579126180337817
38918,0.103571334573653
18771,0.0196589604519474
38495,0.207650274448595
18446,0.0122928115788559
34031,0.182990922604015
16605,0.0782775251388405
26873,0.598434132997226
575,0.0173625419152517
30435,0.0410159644460655
44302,0.00768988155349715
7272,0.149577096954816
19029,0.0524913260992191
28898,0.65133387397122
31384,0.500040636995611
20245,0.0449675147294811
18738,0.00743102050688163
21119,0.0410919584744856
30345,0.994627610636847
27302,0.0208373058416025
31094,0.405337386385145
16685,0.0240186042427095
39309,0.0979386053768792
44474,0.0837041337068818
18570,0.0291982720342198
121,0.0315474935861055
34054,0.177060510489951
14515,0.248511833899681
23268,0.160243049715957
17039,0.0242958649365661
33895,0.681664525292738
39117,0.117655189807627
40704,0.0847074826737616
28510,0.0422698662551805
34108,0.639652612329903
28971,0.0595456843516855
25445,0.0152356030300609
1493,0.0098410229596334
1036,0.00499635098258945
27734,0.0849438270550662
10912,0.106991236516175
14379,0.0382664106899392
32765,0.082741626386142
39136,0.0889330735716436
6531,0.0312266919227629
31035,0.0574976030024601
27714,0.993046060353548
17768,0.0583172375897262
12627,0.00563194014144989
5122,0.0241316724649854
17526,0.0414128937605995
30158,0.0117187772078864
28764,0.0200664197202845
4782,0.0747722510317402
14380,0.0238330204098429
9509,0.148361456318768
21200,0.0458933324938329
21706,0.0464609192499057
38844,0.0182560889184725
42788,0.256094897966672
3921,0.0120066178148267
17660,0.338550054073635
28486,0.359757176042084
6439,0.0130289225675554
2824,0.00882821976844354
9544,0.0157349709148886
4717,0.0105321891471061
11355,0.00616876369576777
28948,0.0828745081532565
20882,0.0311102096514869
30668,0.229464554608865
31511,0.103157437859019
24343,0.0390872970301836
15920,0.216675759808627
693,0.0162155902988695
25910,0.154397139531315
43005,0.537841930835591
25927,0.0355732623549209
3956,0.0100175984391235
1632,0.0192832025456733
23464,0.0469291754248477
7489,0.00638756159870347
28919,0.102794272151849
40147,0.404954234338302
8454,0.0095166097556996
43060,0.073121357715476
22527,0.130486749637378
1421,0.0101664764077629
13882,0.0549310197523487
41035,0.0962591752573673
35384,0.0500613446698996
22909,0.0588437948603954
35493,0.67634803966478
6495,0.00279076775751521
25753,0.0322897679688527
17030,0.0526590310717241
30191,0.107408234920531
35510,0.0571336598627265
22155,0.410768128708465
8699,0.00558284450835782
4694,0.0131812806488583
37501,0.0390350372506085
5483,0.0120720785166032
10103,0.0582699072980672
43666,0.14333760552354
43715,0.802446306854865
13555,0.0263056472951478
11781,0.0289834014807223
12026,0.0031348244873926
39782,0.170292609583595
17411,0.0293361119439059
17861,0.0367706468914229
13378,0.0098246734773638
41878,0.279148662415782
29940,0.031251661333713
38911,0.00925822306575687
5281,0.0286222777747076
2199,0.00998947799974236
34714,0.0625771048385894
8824,0.0102310801945876
20597,0.0196575949757331
39846,0.721465902329006
44098,0.132912739962254
4654,0.0111134727109333
5447,0.0129907089274079
41876,0.67029151944006
1625,0.0104288888171066
18553,0.0329849657801566
22626,0.0471563252741655
4132,0.0146460566932161
14565,0.0375628233402688
41208,0.0774469892187394
33597,0.0494426028137612
37738,0.117291154234597
16209,0.107856234811588
29967,0.0618003284567293
2669,0.00447544822746715
37522,0.859711171092121
25279,0.026671832665057
11130,0.00881948669430806
42231,0.249295572184404
18030,0.012424484933209
41692,0.0969093073568257
12000,0.0343220107819236
21929,0.185702390354284
37300,0.0423126042622748
13339,0.0612704926939391
4818,0.00946328299730259
25847,0.0595622807754359
21898,0.0552538175286756
4571,0.0330491213443669
20094,0.0279142634706858
20222,0.0492314592435649
41561,0.759715412334823
15095,0.0511738350548752
17043,0.0200827734573477
10779,0.0434752293443155
12880,0.0358713915612994
17546,0.0527976754140455
27153,0.0338599203292431
5755,0.00598276126152512
28792,0.0157674419365498
42924,0.0440706813768942
38995,0.134784752493507
34286,0.0584735397666661
32382,0.0983088939696857
44708,0.275683727445824
244,0.00673864137974094
42911,0.127016820355803
20537,0.0566829718933381
11712,0.911084098402498
10924,0.00898745174211804
17622,0.066825282838541
37269,0.0324124242240672
39121,0.0225112629726404
39494,0.136625691526642
41275,0.0260521563853213
29200,0.129606736442469
1159,0.0422373157085964
11129,0.0305003985193333
39141,0.0243358974323651
33185,0.0517118201471353
28117,0.0894914031865647
1323,0.00555899844185244
11472,0.0205026180399514
29071,0.116509171601929
12894,0.0186938911384623
24506,0.245514412082575
4170,0.0722302617297848
11234,0.0740874143819303
30953,0.0334525732689053
22145,0.0223791616193159
26068,0.033290540912924
5898,0.0310909512711134
15133,0.0434812878707527
4412,0.0106551537028359
28927,0.116442777650671
34352,0.0587886882284437
15273,0.254121845654279
15697,0.0438606503598481
41288,0.170615135169848
9683,0.0255720548143898
16668,0.0455113111761012
43268,0.886089619407373
7698,0.00584714050910822
4134,0.0322520715827584
42542,0.336975157222813
21079,0.0919457877031247
23137,0.0246132259637966
43537,0.749955222006159
14411,0.0370421411094077
28233,0.0587414862321521
40327,0.453621913100551
6312,0.00425036172175431
32876,0.0347785172488087
44110,0.0685939854147022
27253,0.13497585289687
3030,0.0321093603422238
24274,0.0281121644579418
44569,0.0382464152667579
42022,0.159082828127752
4948,0.00698736941685246
29253,0.0699173828902672
43044,0.820308146461759
28257,0.137795912452389
44848,0.680527498443224
34784,0.023389458920485
15379,0.0254519681794877
45197,0.207834522057018
9425,0.0548268965061481
22297,0.0476644984040384
22333,0.0786045740091964
8183,0.0553046754730206
38855,0.0272340306609643
7304,0.0038846003945405
32704,0.0981649681711098
11940,0.00306727462380971
34308,0.908045533817005
9774,0.0143333959629739
44167,0.00789129562848042
29904,0.0283907703306588
35720,0.0448647837699477
33739,0.0804380165672839
10684,0.17798413540209
36245,0.01565579235797
25841,0.0872214774392883
39145,0.0410673072894173
39889,0.0742895325828788
18327,0.0693164443979489
8375,0.120704617684293
42543,0.777506423349758
15914,0.0171608696661531
9311,0.0096395438180479
20642,0.0279828184541913
4329,0.00213919671736249
36099,0.0234316511062711
31700,0.0848744901879256
2492,0.00716666809461912
9232,0.00640552124330379
3131,0.0274181905857481
25120,0.025898739253167
21307,0.045255013490642
32586,0.982042429680116
27641,0.0233469299403196
18009,0.0268090587745108
602,0.00826348245460543
31709,0.313326738868523
3015,0.0875981031660805
18855,0.0575277177875664
33169,0.135045254486734
9473,0.0282410171655369
38399,0.0312532554563799
39690,0.605863519051451
34443,0.0461596775440333
14220,0.0144144858925301
35177,0.0313553051661557
11732,0.00137815898179455
39717,0.0252813511984043
21529,0.0247298056122781
28765,0.0355496536662755
3459,0.0605277917475064
33447,0.0772890987870212
14311,0.0165124309149111
12805,0.0343918753487466
44914,0.418876182691531
28966,0.169928446245803
2271,0.00984940428790135
35958,0.192895844324411
583,0.00752998161886182
30428,0.0813571701097782
16349,0.143426916502048
27999,0.0771968118318438
24144,0.0176410063938707
38796,0.0216952258917421
10648,0.032575749626296
16572,0.0538344962980343
40185,0.0565722566282234
518,0.00750651576745291
17763,0.0635403991078982
26992,0.0164129753971473
4243,0.0226335806010846
35834,0.0431423026887356
29316,0.157765657321104
10588,0.0230546891607312
22403,0.0587036145647457
21201,0.0377088737694813
25778,0.0314250652378611
43363,0.809367793582781
10505,0.00795017722274918
5153,0.0042018865093239
29148,0.0334871141748389
16259,0.0549142572516718
11875,0.0209934406403007
6295,0.0221734954386326
26868,0.0970608027671953
4297,0.022065816571952
23765,0.00715875637479382
6211,0.00520645965080242
22557,0.15510359190164
32339,0.656109588000382
14503,0.00528350299436182
44145,0.563552673108128
37828,0.0911269428286517
34496,0.0764625884292375
40050,0.493193582748547
37694,0.0205529896204059
20501,0.215401159381922
22302,0.137654201504494
2841,0.0462095072465775
42504,0.832803728548985
41563,0.317031698966737
23876,0.025893904586361
20599,0.0474442031402076
7931,0.00355645477555884
10370,0.0306449033092515
38583,0.0498901322472183
38891,0.0394948397509021
40656,0.128091549501017
20201,0.0983647467202897
32815,0.0658782656511915
8921,0.00954801598453566
22381,0.0528537024828135
33973,0.422813905581993
23064,0.0497788816609032
34525,0.0275227786036504
20046,0.0242073265387981
15170,0.00687486827620352
36183,0.0831658820399842
30792,0.126784576138507
19685,0.019887937304374
29806,0.0455612205438396
39327,0.0571246106835652
22812,0.047984833333834
31605,0.821618650044033
1894,0.0391698421532714
29952,0.0334083485589885
5227,0.0120952702672918
18413,0.0143977617197911
26521,0.0631819549202219
10363,0.0290031757807146
38978,0.0239069746708036
1039,0.0405855567285855
17309,0.0423371389691528
36856,0.134719903888958
24817,0.0228826228425521
33676,0.0393888336070123
23014,0.20318383975732
3349,0.00512128740008227
18780,0.0165981235529065
27064,0.0168856108995692
24111,0.257979343090718
39378,0.103596033618721
27008,0.0215190042780106
9627,0.0763297769872239
41038,0.113420020876822
33103,0.158832987608939
43368,0.466018059473712
4999,0.0781997593356112
21746,0.05078428360168
2091,0.00636143686969813
31378,0.294643042080195
4632,0.006778383346837
37285,0.0579999786226442
18103,0.0163279493583268
7791,0.0471157914180883
41044,0.089225569472392
34544,0.135272700599621
5796,0.00477195393849346
1273,0.021840687960723
4185,0.0208932035158066
1096,0.00268523594290564
17012,0.0195023077788376
31773,0.104355644817465
24578,0.0571143976407056
18900,0.0926746300324325
7907,0.00888032452781686
19057,0.0745592883884539
18153,0.0346516864447347
388,0.0251295753764759
9828,0.0333493784359393
7854,0.00286319422146633
29935,0.833711778473046
43249,0.917380292450758
171,0.22972825539907
26842,0.238042056465097
4285,0.0266768829089266
37160,0.0588841317586156
12375,0.0254691937873099
32005,0.0944350824090217
7381,0.00748856715852039
34726,0.0373495818820162
10923,0.0465516231910778
6855,0.0743391752173592
4465,0.0126150456534586
33194,0.0725088253938516
22798,0.0641316751979219
15738,0.0364830383453266
2198,0.00776734400546044
10852,0.188193754895142
40234,0.093627773635489
41101,0.154339202084671
22722,0.0770641188074695
31240,0.266519343879623
32205,0.120621567435006
6037,0.00602427534235175
5261,0.00799797260664487
870,0.0189431676212642
7393,0.823811318944931
37746,0.0580508169192726
33298,0.0543732890829745
32136,0.109543716427035
21530,0.0132547134249732
6864,0.00995015895221528
42351,0.659261420649204
238,0.00423909925403991
15119,0.0327730023461656
27794,0.078836118189414
40440,0.0198978026095266
43444,0.390131327063099
38392,0.0282907913872906
5209,0.00518093911178577
16261,0.0408026249474151
11334,0.0240545975895218
5622,0.0117208763994873
16195,0.0222110525256122
19188,0.0461656876658873
29640,0.075676270750805
37,0.0160699634180634
2112,0.00800832100661674
6130,0.0105405803422176
19092,0.0408556299005078
22616,0.0811260816575111
37320,0.0495121724983198
29802,0.0333902865229353
43801,0.386010699111634
40535,0.040256881921654
14909,0.168115570599309
40831,0.419790668744158
35120,0.0346208371249741
14602,0.0165871572848504
3454,0.00834398865971231
1191,0.0464046771895468
15487,0.0381153465597146
33959,0.0732987827877673
6354,0.0119557516036966
36487,0.0482600351603587
7334,0.0380061384796103
22171,0.0709161470469537
21171,0.0282852453145769
42261,0.528427181429034
42024,0.333023204383335
22759,0.10680276180152
43810,0.013237999628187
25886,0.0558294262944497
1455,0.015277574581085
24550,0.0293883357336159
21976,0.0316840690932058
43352,0.526716958427937
34309,0.0772905050017069
16700,0.0619275762050556
42458,0.782362471469194
17183,0.0574667368107399
27091,0.154819574244982
42408,0.754869138878679
24712,0.0432785960153762
16254,0.0813186408386578
43290,0.550845833635113
11635,0.023113431915944
21796,0.0171281254514358
30160,0.0728132417415042
17176,0.0275091898162383
43305,0.580395536242419
35703,0.052326731553677
4146,0.00448476415809089
22744,0.0451007263752425
34541,0.0222052969000833
18184,0.0120779265479523
16064,0.126556730166321
41916,0.306434077314436
11608,0.0165804780280849
5793,0.00573304709144679
35684,0.0364910035466684
16997,0.0372478066255509
7058,0.00587607607175238
6929,0.00489490606528492
10279,0.67957482606446
18752,0.0681267254345775
32903,0.1173560201011
3602,0.00479150232630089
44201,0.556445926088015
27550,0.0201957073485119
14589,0.0471267840026695
5,0.0251870250319127
6010,0.00784343302555207
36096,0.0828281243492112
19705,0.0315920419487478
38912,0.0536172102846191
19605,0.0434437208156689
12772,0.0148462205478577
43195,0.797056719926707
32568,0.746135419292913
3032,0.05134465991237
43663,0.0716420697208571
38184,0.0264621040696018
37105,0.358721764901254
31785,0.730932649781317
6467,0.0131771410337761
13812,0.0241744667739821
42846,0.0443842354702301
33325,0.0501811979814537
33585,0.0378444137659059
44895,0.294033933515288
15891,0.00640455852625086
34235,0.306837061088198
26065,0.0311682766156576
14669,0.0708232376759686
16160,0.0181491410567133
29567,0.0516682348558045
2796,0.00937473636592119
19411,0.0566765553340541
25614,0.0662095910596887
38672,0.054190285077582
28425,0.0952001666050716
41903,0.582963341059414
16891,0.0190331115676847
5728,0.0665291616882781
17871,0.593760016640317
20316,0.00938646565613141
11702,0.0105515976151612
2085,0.00862844937770413
747,0.0247574979408391
35181,0.236977773082526
1387,0.00390395536993568
32325,0.896516734563628
35223,0.11083878093998
9453,0.0169781008966901
43506,0.257338403422211
32668,0.110398845710453
8006,0.00596303118196358
34284,0.0749256347628583
42028,0.557653813197903
30119,0.0551959421980617
22453,0.499446608455087
10177,0.0504228981043985
20570,0.640375910319281
4073,0.0327070810592834
38973,0.014328900038031
35977,0.043271236492867
6654,0.0163605227981175
42983,0.385999169099026
13809,0.494089852665061
4847,0.0111742431679163
37525,0.129195375313872
31671,0.289832441492826
22497,0.0436365137642162
197,0.011288029714544
8812,0.257587109143277
22251,0.0951228184420133
14732,0.0396471555877349
26975,0.043375446568081
19678,0.0643959249974458
169,0.147610073595697
26057,0.061168620317863
28961,0.0736720103190463
34564,0.0251971669183326
11078,0.101709767414756
1376,0.0158279552134628
38953,0.0498349057791402
28866,0.0612947812458846
10524,0.0280690150493797
26703,0.0442559709946785
37642,0.0292938363659941
44237,0.0467358804609463
7924,0.00369531857476809
1476,0.00401469059606452
34695,0.16171928762664
16172,0.0158177976592843
42559,0.924822764536846
15081,0.00697561692648632
23938,0.0489601294050059
23190,0.0352513236470159
31781,0.891566474453702
41201,0.134399537909382
38059,0.022751748264377
8752,0.0520815230376398
30628,0.538202073778073
32520,0.100910030516985
13041,0.02919438548581
1457,0.00272383467801979
22092,0.0610764805100167
38019,0.129528744417633
386,0.00405468919482192
20205,0.115857005342797
9396,0.0413768704994411
2025,0.00516867998772468
16346,0.037764828770469
38105,0.0144207273430958
44431,0.0830602028400146
41346,0.0784866373041763
1174,0.156794927147848
778,0.00446874524904853
37595,0.0212677819024018
40129,0.765852090910958
12883,0.364295449634937
35489,0.0394457683459548
18268,0.0130824394620982
8325,0.0598177294532052
29224,0.0633686276874912
32711,0.426240477303785
6185,0.152631077773003
20855,0.135735775020156
21953,0.0459479140862336
30030,0.0696193076148287
36704,0.036808305696477
24910,0.0683962532352029
38667,0.0313409821206909
44943,0.77435373657824
22917,0.0213352109905578
38606,0.203424166390736
21451,0.134229662628402
43431,0.0567293544080176
6303,0.0175686700945487
18,0.00372156970125091
18426,0.0753093656449935
32923,0.115416076028407
34987,0.049617896275979
42214,0.185719205446483
12911,0.148676463678339
26327,0.044695936872675
8552,0.00635436950935894
16311,0.0281103486746718
19196,0.0261456103891273
33849,0.0396790516788028
1830,0.0155716748275833
8686,0.00143897741537821
8541,0.0250653628536968
17471,0.0165748925643456
8672,0.00722012113016545
8152,0.0811172401499746
28750,0.011517897276666
8779,0.0138431172855399
17410,0.0507993462884774
21716,0.00928232434352977
9515,0.207722471044796
24341,0.101134797498872
13345,0.0291364599651989
31660,0.069927187477701
4744,0.0164184086790308
36768,0.401592123471131
33976,0.121843219155235
25211,0.0565459807277855
24083,0.271586153402814
38101,0.0426065834584383
36272,0.0167988886237413
11754,0.0225516088509597
8535,0.0312249567346494
26432,0.0302853741908816
7600,0.00579330575431418
8269,0.159328005462506
22922,0.182263799883056
41452,0.64995468398649
25677,0.0689007833221625
37683,0.0563704821009461
6719,0.00644693554042084
28809,0.0920005627999755
26141,0.0250258512333869
24537,0.0610635837307816
33636,0.0349580984937779
22686,0.00849561618937402
33537,0.854242657136876
40654,0.0977262156061247
36488,0.0237777603210902
198,0.0113166052646405
12051,0.00470643948929755
28230,0.024001399877926
43693,0.0332450380557281
31399,0.518079541510635
3159,0.00692558808296049
2725,0.00479452331646901
26880,0.205404467742099
19220,0.592737002995593
9296,0.00812076470282681
24611,0.0372540668053953
36572,0.178950237554544
1269,0.0112537795726319
24167,0.0393916110057995
35811,0.126495173901067
3519,0.0525567854394668
9918,0.0854755773797976
3931,0.0226905177509137
4129,0.0183832541338158
17525,0.0747906248131881
37328,0.0390220696207488
35350,0.0282305010871148
25801,0.0590204141767269
17652,0.236696404384266
23226,0.0946015169485221
34348,0.0277365616730917
35027,0.431915575561099
29040,0.447953382817043
39308,0.274654959182201
28767,0.0335306981713936
19493,0.0572416326612572
32701,0.405850520629408
41975,0.208289180157795
31340,0.49931895953257
37723,0.0994032930472789
29471,0.0593205062577098
33473,0.0647439255316562
42448,0.177343351340762
43350,0.845133531111146
34978,0.0543546315406939
33253,0.305188892938313
31002,0.533144778946912
14154,0.538349395361209
2768,0.107677327460241
43689,0.739409172700078
11205,0.0593988928153566
28338,0.00940146729834957
20265,0.0257515460343307
5013,0.0122696538764774
37999,0.082100815930802
21970,0.0510209428120137
14421,0.02717957467586
39272,0.0274145972861466
28059,0.040863163437539
5293,0.0158270033480703
45056,0.813841306494352
43022,0.106931476615161
33630,0.857692130037036
24532,0.0220543165151604
35596,0.0222840423915852
22608,0.0773253374455356
39899,0.280879301765263
28332,0.0169284473757965
22351,0.0835061738543786
38410,0.256887514915548
8126,0.0178884509960987
23823,0.0490963925712125
6074,0.0623973152799723
15895,0.0435109957485623
41480,0.149715847881484
37833,0.0520725042055388
12629,0.0101719724244483
40626,0.386562983006428
11648,0.0362708463163424
30334,0.0658689279016672
38092,0.0284723322254092
14120,0.00928921250992361
28313,0.016890423537373
2202,0.0234909866697229
37261,0.750405958665781
39918,0.146619855251926
19271,0.0487963311510344
17746,0.0614585269275651
41960,0.547684849563063
39233,0.0255171871786269
7040,0.0070911070448217
6301,0.0147435740796998
37644,0.0664752253993578
23734,0.0314961230116602
7523,0.0101473369170034
6911,0.00874410213733632
5120,0.0193100519984324
15795,0.436133192082447
11700,0.031357932212671
2354,0.033751027987593
7291,0.0215592975987807
10658,0.0299020708429498
14824,0.0174332693568945
30200,0.110591881312451
15528,0.100527317359379
9964,0.00898283921195852
454,0.0196502564057435
22668,0.0604504654233268
24407,0.0232143693963775
17201,0.10556593453041
8280,0.0482458250272184
13785,0.0530590752244951
6299,0.0139592896481609
43266,0.613668610158965
35211,0.0365489373239781
10994,0.00872711497977625
25887,0.08519194262669
36136,0.0492450749568148
38210,0.0283588138224299
12670,0.0563631970501401
34089,0.114898942957695
25303,0.0193688796514695
22019,0.0682956711350569
22630,0.0344904997226808
38313,0.043810660991345
38626,0.0553820806298444
36065,0.0344703842257706
40510,0.301526428108517
3021,0.0571529382311161
7165,0.100528723121713
27134,0.0194247750587226
28895,0.0396280766532782
6318,0.0155748722529097
28046,0.0342832618526986
42240,0.203419848697265
12104,0.00888615910841598
24080,0.0238935054625114
28393,0.0432591066023738
39528,0.251559002371043
33002,0.161949880383204
25752,0.029213316339992
4739,0.00318463893405165
40676,0.683153986126861
40002,0.12229730887186
20498,0.0189032974531308
4949,0.0450836627027316
5308,0.0122423096065952
714,0.0052498522453538
22415,0.0456556779897013
23744,0.0666795349224831
18876,0.115254747995068
11385,0.024141760903654
37002,0.0396409444780266
14011,0.0700432770849879
9214,0.0102389585535509
20487,0.0601719876535866
10644,0.21266458867194
24252,0.0143733569715575
17446,0.0214922752564758
6143,0.011450914157522
36660,0.0328000974572514
30052,0.2024302738486
10426,0.0309972150997828
901,0.0197585580325764
382,0.010247714709393
39601,0.154841251932066
24620,0.844180716814164
3625,0.00953793432034626
13313,0.0122631909696037
12730,0.0162705152426765
30553,0.182560264112607
45161,0.569353484709456
22163,0.0331190889516031
41675,0.787817012758822
24882,0.0122797986684545
2122,0.0286657440764359
12954,0.105826594728482
32542,0.263991173850835
15248,0.0795154783112197
10358,0.0312697558590934
19138,0.0694698386394535
44326,0.326212413183538
19018,0.277463472964024
42698,0.435014558442863
23170,0.012196541471967
20321,0.0692812344190328
26945,0.521647048357818
13777,0.0668251061538599
24965,0.0566491051979464
26491,0.320286453051316
19922,0.0809493474142634
42349,0.891376870754149
11859,0.00826909867502659
26273,0.0550679834221966
17750,0.120928627743983
10346,0.0134751979998501
22061,0.0942969247406726
24480,0.029936119208641
10671,0.0610299864748382
9756,0.0753613161013809
26342,0.0338756018603045
44881,0.263105473448004
13250,0.0361376632820039
34585,0.0299775794434962
21071,0.0242273355442244
33515,0.400088259526797
35821,0.0725119118706452
4688,0.0145924680313732
36161,0.0210881054851893
17106,0.0197010043477228
38933,0.0609453024635163
39807,0.640925492127104
38083,0.0740086970540275
41526,0.327368693708792
8948,0.0225054838973454
40343,0.978773709687687
17013,0.0320694455774985
34672,0.885782122570866
134,0.00606642312788234
10642,0.0307209372667341
30396,0.0379768373648536
22966,0.0307494574198847
25834,0.0860675806404864
27156,0.124237087542138
17657,0.0365735585597647
13781,0.105795820819557
28580,0.0241525635184857
40574,0.197935615022979
19651,0.109463589273892
697,0.00497959815720454
18759,0.00416194883657788
44601,0.00267411115033103
19810,0.0447650867974848
32501,0.151949394643179
3481,0.0317377817326341
33816,0.286625678720039
32878,0.113152117776731
4563,0.0192615779924466
45052,0.261254471877001
25286,0.027068490779364
1196,0.0139943161402458
36827,0.22018026138844
9505,0.0368886504336611
15050,0.0297225924641949
6246,0.0107323861532685
1458,0.00814002024681528
17980,0.0601162958767424
14636,0.404594107254378
4809,0.0528878373612092
33656,0.0766268151911113
5518,0.00405964038089749
9478,0.0388971471501103
8023,0.00949036605397139
12656,0.0104338279463054
28665,0.069649414608021
44319,0.293207974681793
4201,0.175700924250887
28433,0.0584199586182438
32331,0.081677525602331
36759,0.0777361464360515
29342,0.813336610459443
40463,0.257600130030033
9066,0.0258849493551831
34767,0.0499237963990273
5426,0.00868187491526342
6317,0.0248632886170335
27960,0.076400222637606
2170,0.0107066838111011
42298,0.137243384402772
28197,0.0257715320114375
33408,0.165016786115588
42026,0.330168338043426
37444,0.13446892651958
3609,0.008488051220981
40996,0.39576320961305
44396,0.217057693331333
21853,0.0537198238396405
32826,0.0773800804830063
24306,0.0219137666286376
42860,0.967088778844033
35045,0.0429133107257338
42397,0.148050372150025
29107,0.191815423538151
24421,0.0437621649165087
10395,0.026180751680365
20149,0.0449268142780068
42262,0.372316761570656
30320,0.0437279239889357
25123,0.0638263443791952
3577,0.0104368691474983
43707,0.274137319829659
22912,0.0101873438156425
23498,0.0520687901401933
29530,0.0110067183461461
7521,0.0049499803433753
29020,0.0871387382642772
32953,0.209552875176904
12331,0.0458368556037421
16709,0.0297794697076431
7951,0.00940089865938553
11961,0.0114746797195733
30994,0.0820493824689237
30227,0.0505115266594328
16061,0.0201061503298302
23891,0.0796393394341184
40422,0.16996749683229
43664,0.674418757503577
6145,0.0112072005177393
36981,0.0340085661897677
3589,0.00503509571827598
23855,0.0773825953155953
35567,0.693492484574972
7716,0.00483483138647206
23049,0.0752661094194818
29497,0.0845482759015518
6225,0.0112313656930022
33475,0.103086747539938
1988,0.0201632219063334
43470,0.0638510987195583
940,0.00762611566485801
7645,0.00602233183846529
36568,0.0504958661746251
44615,0.408782221629527
2464,0.00877069206574281
4824,0.0135268057801224
16457,0.0444677082191773
29818,0.0270825909948068
20829,0.017926895285939
11762,0.0108965325817539
10230,0.0219560672468446
27048,0.030083567934749
34927,0.0141879426954308
5438,0.012812115602623
34704,0.0500325321798285
39902,0.429477555411777
25547,0.0602399733146025
15255,0.0272269113977284
11227,0.0111140041941786
29204,0.111755675128855
15629,0.0851310589612901
19838,0.0751534650297579
32663,0.816211667679492
27675,0.017030477419364
22084,0.0674459343871538
41963,0.585596854758254
13924,0.0394683015951497
14825,0.0425023179509864
4669,0.058591852689082
21228,0.0128979585990432
37838,0.0833031228509024
44213,0.0220223561021603
40060,0.780263089772739
26156,0.138202869696869
36862,0.053491398219189
15971,0.0488194196269451
20696,0.105873700044422
34982,0.459649417972871
12546,0.00906282407807518
12322,0.0402308239478682
28720,0.0285644656459569
29999,0.0452092934011332
32192,0.0496391519383989
3180,0.00884454817135922
40751,0.567666884039078
29920,0.0182822882757747
30275,0.0510425001482391
20656,0.0178913594579596
22132,0.076680952125084
319,0.0199489211526581
39096,0.0521190693392066
41429,0.740615595443115
33769,0.180552981690345
2892,0.00478186849824574
27586,0.06276636279528
43539,0.617733208951203
33641,0.112472731324437
6261,0.00557978806447268
3851,0.0073734123936475
39699,0.0292116534970279
19752,0.0548402121707896
38795,0.0195198598333267
20856,0.00740536645519332
22918,0.00897892753684994
41865,0.243095651226284
38039,0.0230455683974973
43037,0.0382491913778143
27505,0.0101332268637905
38513,0.0272021411676532
8528,0.0958108288457987
22372,0.154909920993536
17232,0.0373388281035585
11545,0.0475269485544514
42355,0.727021712219916
12296,0.0869809605455865
5624,0.00419098241247611
13647,0.0516087343812499
44547,0.0449794613070222
22176,0.0520425596426663
2340,0.00763971672005324
6216,0.0226806264866926
33803,0.232481655541009
27933,0.024078972876904
44853,0.81194105535736
41937,0.268496001434062
24425,0.0394332754944445
41009,0.575148690887904
1336,0.0213128273927039
23994,0.031678859387641
25670,0.0452808344441863
43171,0.183302237191955
38726,0.662901666720318
13309,0.098213791390287
35504,0.0431760147733306
6360,0.0132810872037854
6799,0.00386962528241737
28280,0.0589440768304585
11425,0.0366888752329923
5322,0.0172593550316394
40077,0.212730404930841
7984,0.0431685118487201
25163,0.123023280212489
35815,0.532834669303236
25234,0.0674114007755542
34635,0.149050905491629
24510,0.247476489526599
43038,0.260931321321131
25307,0.0308677584974927
44304,0.00804964164328517
15812,0.452131808228299
27021,0.0217338202802716
21879,0.0225543090174057
33066,0.0230957189196738
13627,0.0111835322685838
1517,0.0262074607952971
28282,0.0404509171577283
44332,0.442832885558421
1077,0.00584423253125681
25724,0.178867911997371
38004,0.0756304287476623
15148,0.0318554551226793
24017,0.051862174929352
17158,0.0145569208505515
32428,0.0379055438052359
30690,0.0263971735349167
25265,0.0170409742762596
18186,0.0137277266066796
9474,0.0262699230780549
21380,0.0588995734076375
1084,0.00670720317089661
14599,0.0160671175041741
37701,0.0140417250478327
41379,0.228178136323042
42982,0.250492627117629
33528,0.0388942953257413
3426,0.00576602695204742
44771,0.364335468860926
30487,0.512946360049781
43141,0.309379051546918
34957,0.716232239149456
12783,0.0596756118105369
33354,0.0709822842507801
9596,0.118505423424209
39183,0.0419650751920704
23748,0.00645597669726191
38943,0.0204026331666636
24528,0.178619171956396
43885,0.0558117032629443
38107,0.0443574947511135
13903,0.0436721212411715
2843,0.0117783814656758
472,0.0418856032654134
1850,0.0195427775164609
23263,0.0449018021604572
37506,0.0458538469151143
24871,0.0813999718088467
31104,0.173334152467367
22896,0.118857410586143
15955,0.0585575809146256
43068,0.588146962695782
26163,0.0198690978536102
4774,0.0135657777918936
9878,0.0272949886101636
14137,0.457645475025822
10004,0.0135521341930502
24295,0.0966432253173095
3818,0.0125660867699193
24612,0.0142409440876222
32195,0.715245090879859
849,0.00679611180619089
19625,0.0391351402046892
35931,0.045040750125043
25134,0.0816388145404357
37225,0.10350458577035
22218,0.0591097536125028
13661,0.0332689308433857
7319,0.0178252199351553
11889,0.0290088980787633
43466,0.118809913304715
29582,0.0443846609897576
27853,0.0382940742381095
32022,0.153045859088922
18594,0.106263761429301
37186,0.0260420760562478
21,0.00704546160794451
23912,0.103878481782338
37909,0.0858548224504753
3675,0.0305894706951308
7222,0.0122559314226376
41049,0.54854741751855
33091,0.495626116499599
25727,0.0575934741686736
14271,0.0384968797209166
18663,0.023230892287457
33378,0.0785510123354934
37949,0.0868258995153832
25674,0.0249684019893552
9191,0.0145788889894413
1600,0.00619645275550126
27052,0.0129201542038704
42948,0.304918921027843
16385,0.0185635790133586
43238,0.899239139693534
19179,0.83312308774531
4040,0.00482606692829702
16182,0.0182189424997413
45123,0.0124109919365357
29698,0.424841036463198
39100,0.163100665102064
8332,0.00256956881854428
30593,0.517777230642103
42122,0.089208710970972
23033,0.057861757763493
37084,0.107115709778382
37691,0.839705875018295
38574,0.0238041462969734
24126,0.0154206682956073
22471,0.0678701455976012
26336,0.0129618496530576
45009,0.223284024734946
4191,0.00493834632174086
36640,0.0202052872025369
31197,0.0856231893924974
10918,0.027164198706139
324,0.0190541869620831
9949,0.153930265380557
3998,0.013578508115051
37601,0.10288288819496
7619,0.00809331542461226
27508,0.0346732709592354
34385,0.0298042357126636
42675,0.132351746446716
14856,0.0454152045163445
43830,0.676945841661745
30104,0.024001536368176
15446,0.150128794543078
19639,0.0822412536601498
44544,0.091139711824576
8730,0.0363234158206737
27777,0.587794371427022
23361,0.0214339463980077
7302,0.0312385010357615
2564,0.0104042346307132
12,0.0111987637188109
34138,0.120170902486933
20002,0.0467482772088326
4038,0.142861392931173
27821,0.14414403289099
21782,0.575699324446141
26064,0.0863712828296243
28769,0.0487374204956652
27240,0.0147786571007584
14998,0.0202025394498732
19974,0.0326159940296783
21903,0.0605878694610081
15855,0.0133990473358001
8974,0.0425144529764838
36531,0.0323474185088145
30369,0.218244834166036
13948,0.0350078154620739
12913,0.0693994458945744
20248,0.03502933747865
6669,0.00953139987250252
32489,0.118510157737034
17449,0.0211549772412652
1777,0.0111865786373451
9948,0.999994724782047
7209,0.0158104977575589
11734,0.026975303465293
22411,0.0431499412169954
34266,0.132146406874053
19332,0.126308587123442
25467,0.0459694471300428
2747,0.00572930123327868
38758,0.0139697199009923
7968,0.019198776268348
23407,0.0123320097777006
1895,0.070093217314479
29011,0.0930481170012248
45092,0.16179081520934
16300,0.0689379462264344
18236,0.0524846922379119
9276,0.0251312918813426
42340,0.12119677193944
38566,0.0259930671211827
19382,0.138173225724831
33302,0.0658945029698426
4474,0.00600957745322423
43125,0.0794749924377894
9820,0.0270997613856527
4756,0.00969944525027706
44907,0.0702110571611595
38828,0.0699172760359913
31388,0.341116573554985
31286,0.416045007363009
6497,0.0118439741585115
2533,0.0109221486134755
33611,0.0253925502360884
33093,0.159175536016808
2013,0.00728285572176955
11111,0.0198340650110587
19195,0.0630822835127272
27955,0.0679284788633302
12181,0.00840425092471615
42290,0.369162220941593
657,0.0247320940685495
23202,0.0231164983901077
28811,0.0640738103969424
11306,0.012305902160749
8199,0.00938656913549865
31896,0.05037764148894
26434,0.0297972357176298
37194,0.075213323165576
4888,0.0105627200843202
9652,0.0317223011839492
12902,0.0746559067590731
14057,0.0515602878006794
31360,0.478920473825105
44278,0.01012064534757
18470,0.034958455860251
4517,0.0116491028801041
39050,0.0596047548150331
13507,0.118813343995883
41701,0.482457746466271
1723,0.00545571279839682
8760,0.0406624170638955
39258,0.0252885924526168
34828,0.191200220500146
22540,0.0156871286646074
25772,0.0236736537750155
28370,0.0361918468016788
30113,0.122278984772815
28191,0.802524387814496
27341,0.0381232856453301
7830,0.0111444511570826
31100,0.227141669139308
211,0.0118882271509812
7514,0.005687936755127
12164,0.00596765153267881
39053,0.0310905408720974
30095,0.0387605197170322
34307,0.0327334204056297
9966,0.00197541989236622
11714,0.0270875169116837
38688,0.132895446180098
9389,0.030737830753969
40023,0.183971926550367
26470,0.0124119776623427
21546,0.0532528082412108
4637,0.00495470278584896
20874,0.0113241387757596
9684,0.0310991896049788
8230,0.00827219500417301
37862,0.0403969379024301
36813,0.016113831699003
880,0.00799622838227647
949,0.0371854048106946
22027,0.0625811733078091
37634,0.0809850326618046
24925,0.155489268469189
17084,0.0851144343403695
29076,0.0445400664679852
38546,0.667690736997373
25768,0.0282279830446291
32144,0.0683160552152402
4255,0.0114228277202823
8700,0.00366068576384417
38207,0.0512700670818779
35616,0.0361610115966876
13377,0.0270124197485426
40933,0.322265844309079
39511,0.172709756261994
36295,0.0289286701545867
26718,0.0917727347326129
5490,0.0103413255700316
31888,0.0567956007445419
22306,0.0516237059239444
12582,0.00722979857008481
19971,0.0521612254961158
34197,0.111395934099953
35617,0.0473075307967103
164,0.0249908037531986
19468,0.0472095931801231
32926,0.177152986308077
32391,0.218540362022829
25777,0.123107564171667
20571,0.0169572253444667
37590,0.00903110236583928
3811,0.00840112124112615
40029,0.176444998252829
5577,0.0132478712150635
18065,0.045130199013683
628,0.0215280877357329
2550,0.00784261957325814
16832,0.0286665540008529
25500,0.019792159981772
7582,0.0406150645078825
34207,0.0674647308191034
43546,0.058950768029798
20737,0.183113982046381
28101,0.0488276773227993
2901,0.0164725145812127
20734,0.0437974181566134
32823,0.119980116490586
1479,0.0124977392055263
10518,0.0158330906688607
44483,0.0397423396745777
33808,0.112943245296593
25592,0.085444752930018
37353,0.0348966736147831
6665,0.0112322483625433
36335,0.0427902810433831
1366,0.0185442992041133
34374,0.381113926466304
40227,0.818309564388945
14773,0.0314972419592383
16290,0.0579876127507567
16766,0.0136802135850938
44578,0.0109092404559343
22325,0.0625792568828937
25107,0.226067490081073
18240,0.00849778998013286
21031,0.0396423423600588
17694,0.0936018480974908
31338,0.999970633570794
5366,0.0186337691634957
3508,0.00621218234500571
13146,0.0338642172699814
23098,0.0104761063016553
23700,0.0523119358813365
10891,0.0185871392139432
10166,0.0366815199832541
21889,0.106780001090557
27670,0.0494286093166198
17876,0.0576519575563967
31183,0.16099235489522
30014,0.0349212446020834
20757,0.0283283907017729
16884,0.0409515150355911
10769,0.00504618428334771
26537,0.0312013476828972
27828,0.0187261456916721
5155,0.00615106991045841
19434,0.0460083280947887
6349,0.0143114734134905
34482,0.053307779923313
2292,0.00367727341321288
19267,0.0344649016870015
2520,0.147508806204978
39573,0.0889756230793213
36282,0.0840606988564967
28749,0.0407691397974534
40814,0.589681902866702
13003,0.0133446334252039
31444,0.818458175455348
12635,0.00630469668309729
23257,0.066575968795313
31368,0.286867423544307
33306,0.3828032880439
60,0.852788283417323
9989,0.0284108465217825
24813,0.0192595004810005
4928,0.00221071067727938
8598,0.0243102588819284
24856,0.167817174951551
22344,0.0574402442955441
7689,0.0290566978056735
44154,0.122456059564986
43548,0.830367352788017
21887,0.248582575616014
14240,0.0313871611295348
1919,0.00565510576556528
11308,0.0857019828893354
17895,0.0566575363913872
11838,0.157899474145776
44775,0.0296152781619121
8487,0.0119157194674101
22291,0.0422832197720613
5726,0.0128603043971076
4900,0.0179724839267159
20043,0.824164922710646
33078,0.143135348338437
27750,0.102562546735194
14023,0.0366662614043786
40467,0.519404405650868
26563,0.0991254933762783
41567,0.118838174942632
26206,0.0552032333001259
23841,0.038971023365739
30908,0.304466344991335
29280,0.153390720502138
6640,0.0109108870732586
27797,0.0237461833593593
44715,0.386431407434669
15063,0.091900847353987
8666,0.0172345823130568
13744,0.0230047318302236
11641,0.0203181873722486
19729,0.0408206035189819
21708,0.0497643415759475
19254,0.0777073792375138
43489,0.128470363391338
24172,0.0191381923397531
6496,0.022963888129449
25202,0.0236992492919866
28795,0.101145525669382
13014,0.013456864755779
11268,0.0883370334884233
1864,0.0505252691648313
8867,0.0233214250446343
3941,0.00734749874311494
41470,0.602390560770277
36992,0.119941584003977
14556,0.0157332244843979
37570,0.0438568194797087
20300,0.0153607173770205
16291,0.00830168235362757
7278,0.0258304530653735
722,0.00726544147549136
14006,0.173097665202899
7012,0.0292157125104815
14800,0.0510519065987607
42808,0.500609339424859
9871,0.0282507031488713
5743,0.0139971846500944
30105,0.203145595765494
3407,0.0087062104827751
13048,0.0321183813436675
22954,0.059371509819381
39338,0.0390528335215786
17852,0.0104046943167576
23940,0.0361024796561196
29315,0.491810097793249
18722,0.0182870271416793
18636,0.0624881350995209
15758,0.0300919097928613
44074,0.0039653922703017
3827,0.0097732697440407
41732,0.258377279681912
38246,0.154739307441743
19671,0.0485371884071959
30703,0.074273595267516
18870,0.0735751145477243
4786,0.00505231783604057
37373,0.0509025526966936
23440,0.0454900176195929
41033,0.850035735462448
40954,0.154987377677113
25157,0.0606552040379578
23747,0.0939776103334938
44166,0.555967329447681
41764,0.696929834363219
32918,0.0545156509360881
4313,0.0111903398586551
7759,0.0220741423738644
22046,0.0504131744791581
4050,0.0228508325753612
42484,0.220271699653243
29275,0.0798592980453312
27995,0.036875508255632
2784,0.0238681248224633
7553,0.049350618123131
22202,0.198230815687569
