"Id","Predicted"
30944,0.0403816250040394
35598,0.0841798390993248
44990,0.0261371693747066
12688,0.0051529721946737
37613,0.0159562040776909
2264,0.00463485621396514
28768,0.14304416791575
15290,0.381073659586825
13140,0.0348247948040214
6045,0.00465905321020225
40068,0.321235688237387
1952,0.043971255125149
20662,0.0731095461945735
40837,0.473548482062992
8580,0.0198275795096397
16750,0.00247691227505886
42420,0.768040157207196
23237,0.0250975050594867
14734,0.0108646716467984
37968,0.0354656298976549
9623,0.0466331082795493
33745,0.0946936001957452
15939,0.00955081011912853
9536,0.0112347524650318
955,0.0106344219324697
37901,0.0430720652542496
10800,0.00869995412505868
1447,0.000266921421195921
21022,0.223226846907728
44988,0.188262231147854
3294,0.126726103799434
16298,0.00839511460045804
26003,0.00737329050846819
20434,0.0212046156900119
4218,0.000968276733884488
20557,0.0157995366886458
23491,0.00749004613226623
18894,0.0203787668270833
1034,0.0245547274018884
16853,0.0195708257382032
19817,0.0177520813414901
34328,0.0218037375192365
44694,0.018100329804829
16295,0.00565518426005698
24495,0.0112753673782438
8082,0.027523277812655
33319,0.0928835983971426
2634,0.00240836116118128
9657,0.0893984187633882
13845,0.0182333223294589
20962,0.0131571605641557
14432,0.00774507113749784
10097,0.00334039660618002
842,0.0390141641199848
27178,0.0857527569816459
39134,0.0235743437036904
9061,0.0186872710919628
10440,0.0327607305063447
27923,0.0239510826975202
39292,0.0115380284605833
40132,0.630346190001313
42283,0.659994634268763
22327,0.0191606492816673
6670,0.0209357742065237
17063,0.349951390080813
7928,0.00231600021526234
28631,0.0281835290659812
30718,0.31979448280033
37488,0.226063373408376
1676,0.0097412742736989
21812,0.00797464901256905
23009,0.0236882385592466
3942,0.00132649115521422
43358,0.549038223775179
35311,0.0109320157631781
30580,0.0906389841450663
28066,0.00665964203328519
31976,0.0718687887301871
38467,0.00273449329809101
6217,0.00225972843564791
33586,0.0246516858484762
38602,0.00430810061901764
12071,0.00173869825412028
20821,0.00836485752819297
10090,0.00803595558060647
16722,0.0216095497366273
320,0.0140470118407399
36408,0.061998148317215
18118,0.585163844690454
38607,0.0171645139593534
38547,0.00754592497747187
17919,0.00215960866334829
5128,0.000782128988449856
470,0.00310651448252763
237,0.00383897812349267
8140,0.560171993430654
11777,0.0309824989353455
40652,0.48006329105603
10904,0.0162974211839637
35340,0.0197374011384671
44130,0.603083369406286
24738,0.0132478718064585
7063,0.00230512396873476
36624,0.205336950045387
22054,0.011441430359051
1327,0.0177055819035071
13421,0.00573083898751888
15246,0.0533022451346112
3595,0.0100768193667935
8826,0.00631148529220821
13400,0.116057201669704
30652,0.0538308488341862
4897,0.173780047538513
12622,0.00643603570960472
12960,0.111169417249834
39940,0.236738966051882
36316,0.0758099862425728
16735,0.00280084902519743
2307,0.00327044803274793
36511,0.017831493606259
31877,0.0372625405500392
8642,0.0011807980771487
26079,0.136339786875438
43742,0.133003929965683
40216,0.873272059493937
41997,0.860714609737566
370,0.00283524171939601
44563,0.349370682076315
24982,0.00797160582391866
16556,0.00156589944854989
20759,0.684483255930295
32444,0.358550101794615
35987,0.0505753538865203
42987,0.813813303684142
40762,0.407828934950418
7431,0.0103953686833373
1343,0.00368500438983173
22564,0.0473879018028486
15627,0.00161969159319586
42584,0.0455622419335933
42695,0.00967630027504242
12101,0.00284321242489861
37384,0.0240051070468158
41271,0.165959317582696
31319,0.304889306339289
17015,0.0719955813877887
38074,0.00795580541179679
33250,0.0171893470857631
34177,0.954407177621275
9304,0.00938563068482633
31598,0.177061396337448
18220,0.0233151866889215
13414,0.00756076838368905
30913,0.0385203264367072
41536,0.523220228195338
33814,0.214792210415975
3168,0.00727340805444554
9661,0.00186494222913922
21500,0.042619476583899
10613,0.681450660963648
19602,0.00370135379663796
44639,0.311428884265374
36188,0.0442427664223408
461,0.00368746275056989
12010,0.351000333980863
32302,0.43713684843828
1910,0.00134329199016227
3549,0.582168239011832
19587,0.442107303256389
35512,0.00469118745074278
41242,0.897241135684878
37703,0.0330830761094627
42436,0.463235124831566
14408,0.0252722511199969
34666,0.073873583366956
26728,0.0106327398487406
17488,0.00595539972833595
16151,0.126735397938942
14221,0.00330584155115605
32962,0.0170958982246406
42876,0.0389339378098409
44066,0.021605330428257
15400,0.00966672892462806
2218,0.0810198105374699
41324,0.0904943651528659
3886,0.0432731372586933
15122,0.00999761213176646
28021,0.027259026137361
39009,0.00204665326637858
1760,0.00338059247242207
31217,0.421303177734472
4658,0.00119060825357785
45202,0.508481520641942
25187,0.00985871397295983
38205,0.0353598520769016
30845,0.0238722479844745
9134,0.023315082172538
34397,0.0270581919703867
42224,0.0564342063471198
35759,0.038199549726939
19409,0.013375367144012
38834,0.0219847016595111
39790,0.671961681173576
10246,0.0146061209040919
16434,0.0146931720331673
7022,0.00733459132270521
36977,0.00297717886613959
27930,0.00645123679768494
31732,0.0801624870059038
19861,0.1081113621007
5900,0.0213216753170181
20414,0.0167774668727774
9463,0.0223558463192406
38427,0.00546846686243899
14032,0.00516966832747239
15172,0.0315241920501836
23450,0.00461029506143392
19888,0.0113531959484509
31780,0.272270072370056
11230,0.0313092233312192
18923,0.205150372367115
41417,0.952179655690981
5215,0.00227159735800999
18410,0.0103806420655405
8956,0.0315654109147741
38568,0.0174245872176693
4887,0.000729522130448417
28285,0.28380155849314
7473,0.0241452967846357
3045,0.0050603674401389
33901,0.205367591030995
35021,0.00580221724251574
29015,0.0187408239610475
3968,0.00395335315793214
8596,0.0354411429262916
32082,0.27012668599551
1134,0.00141640990208247
45045,0.242554505914503
33772,0.230231183304283
13266,0.00761499656181429
21907,0.00802372623804183
8929,0.00352134729095516
20398,0.133828246979407
26298,0.00926801392253852
36328,0.00583712748711374
15691,0.264456150062745
29373,0.0285425357581834
25955,0.0308100813327601
41917,0.296378644047306
40658,0.149124704455287
6298,0.00797677937610443
3069,0.0259243561574295
11260,0.00604838751153647
24267,0.0187172920046043
33825,0.384331616030863
4496,0.00366296281631634
21146,0.00783193027442797
2593,0.00466928686281945
6083,0.000798141423266458
1556,0.00261949639808343
14072,0.149509582858955
29324,0.0704872951676747
27936,0.0164486057450688
15768,0.0054192401257553
14977,0.0149283107218519
6584,0.00271773281067386
44313,0.881894986045525
37170,0.194811074264988
43992,0.26569506743868
6285,0.00414121529381197
6122,0.00251948534398535
24732,0.0496352325667426
24809,0.010488474641093
38711,0.00267247051498612
25181,0.0196601580236377
4099,0.00213603191949207
3582,0.0122857571502611
19865,0.0131311743643134
41098,0.0108535980557541
7138,0.0190222168025835
43087,0.123442891097198
24687,0.0175115588449469
544,0.00366502528674759
4706,0.01336397380272
18896,0.1758475485641
1897,0.00250995095080741
15134,0.0385515182825819
19281,0.0070983485877532
7934,0.0150072113698481
43940,0.029464509380459
3887,0.00487476756535048
21933,0.0151104059664636
29645,0.0604537204137275
33396,0.00997626376512062
5930,0.16224046894024
28231,0.00740993762265817
20353,0.259701291422932
38701,0.737966985535014
20582,0.0222775886968477
8141,0.166603244338564
24754,0.0166678019777539
14609,0.091689628806674
14715,0.00363598868003571
29116,0.0210270711501908
23504,0.00406896834235313
26879,0.0273559439575259
21075,0.0121245368804407
9583,0.00590752147769409
13848,0.0229312846614158
6548,0.00270208212809103
31831,0.143406492485259
40583,0.0126415855215273
41276,0.540213146144309
9971,0.0323622904950466
21053,0.0579636105946444
21029,0.0275815909654525
27391,0.128342659536579
36154,0.0209728897343479
24827,0.0384499081611725
23434,0.00944184778490287
17059,0.0786514656298831
7015,0.00185877149761294
1928,0.00334118034817686
16470,0.28070601230921
33127,0.00897730805926605
13332,0.0408351900022416
43972,0.846407009155731
37566,0.00253925104218225
34438,0.171237043792044
1839,0.00305720852017963
5986,0.00492328336351423
4057,0.000418472739362437
33020,0.643101781713159
44457,0.142747713269262
21396,0.030382922452959
1484,0.021180670104849
16671,0.0110451597037348
29573,0.196970621674025
32717,0.055009101652168
17696,0.00789535222226944
25332,0.304898298118434
4544,0.0222799132889263
36972,0.00626069264755009
10238,0.00723293867072317
28438,0.295846187479084
34361,0.868518438170424
8482,0.0532447651491064
11154,0.0254080876375059
10001,0.069707615766429
14569,0.0169400411621626
6747,0.00213989577359128
33327,0.220985471935026
33016,0.010336159132305
40508,0.349114177023387
36731,0.724372350929374
37997,0.00808220990576937
13690,0.000927597917740409
40985,0.829749137068713
40774,0.36726963644728
26038,0.0102626549680383
1845,0.00526239905486812
25519,0.0262955366655176
35773,0.011040494815239
28374,0.0161884136364517
32947,0.195552980083569
11464,0.0649902037003591
38084,0.00552684438448151
16089,0.0159262667509007
33229,0.0681064672599177
4991,0.00327268061145693
34744,0.215400224834394
1038,0.00347887074500005
6752,0.132415622683468
2343,0.0770670636573928
21231,0.0913382570251713
21935,0.0102430326278072
17441,0.01139440058271
38852,0.00178673489081881
12488,0.00213398531256626
7329,0.00825573903085853
17004,0.028442045141677
14486,0.00289196752932078
33620,0.0151630539024947
37796,0.00342782616670361
24885,0.0864151640998378
29500,0.624076129184361
41012,0.0278596158185933
38840,0.00441904862456678
32073,0.147158716535039
9218,0.0205153433070483
23801,0.0214729119534938
34790,0.0403516795998559
1983,0.0235726054985444
35769,0.010905731893496
35601,0.0934699065645478
23345,0.0477257671926033
8714,0.00484361110763425
20034,0.122178015602426
31030,0.0459700349985768
44767,0.0244488499231515
35581,0.0125147511137993
13335,0.00218241431482097
39376,0.161007364162755
13310,0.0756581291961715
16865,0.845318071030688
28115,0.0286316132001984
36119,0.00703256932970389
32452,0.129486902872203
24607,0.0153746476950984
41080,0.386974513450332
6817,0.0464284807363617
27492,0.00725003295994537
23238,0.0253875404862167
35660,0.0286565162591495
27841,0.0245392332136149
5065,0.00134600380783698
25363,0.541249049310245
21640,0.00650111234422779
12682,0.0122579151463685
24568,0.0147355658499433
31413,0.191585491485365
5556,0.222727996259397
1667,0.00476770522818615
29215,0.0679311915890986
7162,0.00133298331681903
27387,0.0293707318018582
8149,0.0237641092475756
42479,0.580321047179448
44252,0.0429984994973741
32275,0.398815568614565
14678,0.0200155588143153
22067,0.0112762675434505
43111,0.176087723934609
18507,0.275046229881981
43180,0.545064136982496
36922,0.0241689403229374
36175,0.0679927228111405
45072,0.253129395551216
38202,0.0117326512149158
31499,0.068023629218642
10457,0.00254626145872533
7384,0.00143210688713331
35885,0.0255209676902899
4749,0.00334549351014844
42572,0.375551258315113
12102,0.00211526858213241
17216,0.00320146075119894
3843,0.00770416567000435
10379,0.0135518482160204
28154,0.00865019316694722
22144,0.0210670671961028
25790,0.543194115870288
14785,0.206587268576175
11163,0.00467420722133267
18148,0.00112866676002796
41569,0.582297183264685
20562,0.0142168111076699
11905,0.00185480105867115
35377,0.0112968506678089
16498,0.604443578713187
6525,0.00451693079749186
16299,0.115533223422777
8121,0.00390236402854271
34504,0.395088249194091
29430,0.422525178889944
27274,0.0176969820016838
37895,0.273377718465294
1053,0.0152343048462362
7331,0.0029474646634102
26575,0.0185043286055527
23687,0.00503702004690607
6394,0.0193057728661767
2865,0.0632460053697601
3162,0.0066735104345221
43449,0.577804530633365
21120,0.436941460432123
13641,0.0112514484128414
30469,0.0338821653490726
29391,0.0505237002689062
22869,0.0520527704106158
40431,0.0116354202987793
17866,0.00321877845043232
30301,0.451199961114264
3008,0.00995305154161683
12771,0.0115472045346579
13128,0.00857617567131591
20194,0.0569498161679113
351,0.00208045518926054
38524,0.0129289810702637
24733,0.42633845127481
17598,0.0430750419754471
476,0.00478116740533198
14007,0.091724335626042
625,0.158272122546444
27858,0.0607582923119503
21692,0.0337636519499545
8188,0.00861746564556427
26259,0.0312562525831866
12958,0.00603392399841782
40396,0.00442943560019738
14642,0.565116212560835
43080,0.0920677529536386
37946,0.0199897110260996
41789,0.347173347252821
20574,0.160986851674998
17873,0.00546385391833139
9557,0.167289442999532
30895,0.0218038649466414
10225,0.017597273485486
11585,0.00409798703666262
3810,0.0253528905646881
7147,0.0032775011064743
19330,0.0110770980449338
41437,0.798624381696871
4893,0.0046868220935464
35101,0.0074744807419269
21355,0.0274559038020594
8187,0.279490273747253
22911,0.0143185198310185
15006,0.000562457977891778
27275,0.00562218064784954
38550,0.0112315069183534
33167,0.26087375790224
36913,0.222905280942723
41006,0.659219241154951
13944,0.0280308811401334
33436,0.166752531393613
5895,0.00453216967220421
43775,0.0295207169547346
33868,0.463130927642443
13222,0.0258682552958449
39904,0.106592281557463
28357,0.00958314146644235
14768,0.00557185604562716
36562,0.86610142225975
8259,0.00315898213124572
4864,0.0287555093871993
36676,0.0947326370508712
39115,0.0182886946429098
2546,0.102731288636636
34212,0.727754304786132
4056,0.0526514614630486
5224,0.0325356739882913
28722,0.151525704280976
16236,0.0295292298861314
41610,0.41687615326015
31417,0.707156590690931
9883,0.0198944866486156
41837,0.341616565698221
27824,0.449653920148863
8966,0.00708674019061017
41953,0.501088958101091
5142,0.00338034365558972
36001,0.0205136180515728
1751,0.0316432146487278
16111,0.0653624177924291
30193,0.257421516860039
10911,0.00574188061648937
14541,0.0249129015496769
39033,0.0106181910211322
15770,0.236910571855577
13741,0.0333504329607767
33543,0.0364663629954353
43682,0.0476260628913834
42394,0.220742966941824
31039,0.0737998769543529
34360,0.110403012770994
26519,0.213289702399184
34753,0.0225728406532366
16397,0.00897074112198037
5679,0.00110633110189634
10422,0.198068788842585
17850,0.0114598207505997
35348,0.0316661562948097
960,0.00058448167222608
36957,0.068633685083494
1844,0.0233832127424727
31693,0.258412587680444
11652,0.00915292593786357
25825,0.0584279852477275
25528,0.00625851289289936
17247,0.00098773710085309
32400,0.0750753536180289
32307,0.408570980382003
26933,0.18469966157607
32327,0.443114164212849
26752,0.0275742349760169
5975,0.00137088294800035
1163,0.00643898990702783
32011,0.131166979053548
44015,0.17034108123168
1913,0.00155934197024937
17284,0.00273410713271006
28002,0.589429751800369
29246,0.0244997599082514
4027,0.0141016296042104
14513,0.00324509591786641
36796,0.0210898785647845
27086,0.0202183461191427
7920,0.00236830260762564
27778,0.431498192343371
19790,0.0115899120202035
7124,0.0648286087046868
44513,0.733170650758055
28952,0.0229795535227334
17067,0.0242067144999308
16444,0.0433912266894954
19135,0.696920545637992
7604,0.00919053618474546
23602,0.00211596376967696
31385,0.259809676683628
21534,0.147134634130945
32118,0.1793435595641
44962,0.73696957526557
33018,0.324058851206034
12261,0.375026658830093
17151,0.00423185741415776
39358,0.00454836882086975
28833,0.00785549190921194
17579,0.0233090797594074
38771,0.00821169267262595
39656,0.142119871615813
19935,0.00909765997674808
42136,0.103122234843096
38949,0.00607624153357069
1226,0.0124717069957158
40280,0.284759617724117
8407,0.0144804251376661
15518,0.0240280253186286
43213,0.673893567158025
8628,0.00816436610882552
40957,0.0879116736559161
39012,0.00478369934629118
42289,0.448888211687814
27957,0.0124581334026965
28883,0.0843455660482734
21281,0.00601017672114789
31756,0.203875492777967
16078,0.00442066580880747
6331,0.0166338414108655
25557,0.0593046749386842
7254,0.00175837245875436
4079,0.00069261789450879
39386,0.544017770175654
28409,0.0135905372900386
39418,0.428045011759577
14907,0.00726377185303898
20932,0.0180225679738621
11649,0.00485654151777504
34729,0.00507934009668419
4463,0.00946802607227473
15377,0.00705692591046729
1956,0.00440879988886333
36633,0.0286523799127754
6672,0.00483704618573764
21244,0.0184652560911743
28957,0.0514013521213997
19180,0.266683254831765
19556,0.00688562313427316
4386,0.00290749905247536
17959,0.00324575247803727
17341,0.00327009563754067
43927,0.994110712943992
11339,0.00293425708790321
15530,0.591107305305476
361,0.0147425364495729
15166,0.00131632321196454
23441,0.0128854340526583
34903,0.00303890530216836
14256,0.0221276437435625
5187,0.00368489566816394
27010,0.0234408075273493
32970,0.0220815366552272
22543,0.272882984755189
13564,0.134760744143865
12483,0.0014232821146911
43897,0.858277696986214
2201,0.0294289926124665
25069,0.0162457237470883
10837,0.00569617642079474
18995,0.0128505901539034
41152,0.191539049200016
30951,0.0194451629471018
29938,0.269062098237411
39220,0.0486328635175669
35250,0.0254325285352032
978,0.0133048923686465
42235,0.14477128625224
35784,0.258467228338687
13175,0.6955510338996
26967,0.0151184119334908
17884,0.00449474437501955
11333,0.00711652314346618
12195,0.0040631407428124
18481,0.0140899794443343
2579,0.00373574822947961
32280,0.07900517880358
7498,0.000426348074509366
14489,0.00526829030658229
1111,0.00258252420205762
13242,0.0355487791162525
39836,0.346111810821121
36101,0.302047930754395
8286,0.239730796568676
26664,0.0798158454560048
30781,0.121163594022498
16270,0.0404712423812634
40889,0.501401770993735
4508,0.00206710305298535
28677,0.038457627688276
7417,0.000758863581186566
18287,0.00364052294779695
37896,0.0111778583552793
43373,0.110650647952562
29971,0.0739487078693375
11296,0.00274022523326091
6524,0.000824427494373723
10067,0.00821305724583502
2918,0.00209516668991621
975,0.00202628164815656
34245,0.0192641583543918
38572,0.117894989995583
10991,0.00285325600770604
21366,0.496712522292144
14024,0.00916261896262337
39841,0.462608336893544
8292,0.0210878962513067
1428,0.00138126036621111
28972,0.309913868141275
25745,0.00723141196093094
29294,0.268354792525679
8180,0.016015494810179
24570,0.260759185309446
24844,0.0330042937297109
10154,0.156457149986194
35957,0.276667388915543
44612,0.294967887573831
26923,0.0189795278513711
23997,0.177146920750752
41459,0.780844418347183
5222,0.00336731329738562
17198,0.00378293395533787
4387,0.00160898096259993
24328,0.0976896041139373
38790,0.00630219951889812
28574,0.0217553269955652
21681,0.0103494245074284
20807,0.0216980053846691
4421,0.000998884756805168
40482,0.167174080246133
13398,0.00363194627267569
40389,0.0492880235507844
14741,0.3934982274324
39804,0.166680526209212
34710,0.0217893925838391
38780,0.00645857783397274
16597,0.0575879738198259
23155,0.0226360730383492
4328,0.00206327118963249
10045,0.0105236150397586
539,0.000518135094165468
1463,0.292277896516291
12644,0.000458934821513721
11218,0.0152920899665521
19889,0.591675387957968
6837,0.00139005111214313
39471,0.120431686301283
20269,0.315642885563827
26777,0.409288331869179
39743,0.017288032840306
45021,0.816450222199211
27238,0.270513705812594
3864,0.00391937508101906
43285,0.568155024220231
30989,0.0471586429463273
42163,0.407243743477136
19514,0.0271668149144053
17773,0.0143279558962009
28731,0.247690304683975
2779,0.00673119004576801
35694,0.0160707247326932
988,0.0570413064300759
15375,0.0366952954848444
22930,0.00828750080158026
18006,0.546085869857902
11240,0.112590667021114
23353,0.00950686943689408
25588,0.0201215848392524
1540,0.00562368229317332
2933,0.00306905147505037
27291,0.00712497321985266
37459,0.0305004178425742
30840,0.0403094985300565
36088,0.744982761007629
2939,0.00359317495526454
40789,0.0674790015244975
40188,0.819596737358959
20683,0.0157371723421966
21177,0.695753943458778
11894,0.00417290136315771
45131,0.319144031247365
25990,0.00537633080176619
19770,0.00720745259161905
35641,0.170867280496969
36816,0.0535866359141889
17366,0.0012951927697991
41391,0.349401504532393
13068,0.224595520001744
45170,0.0823827956372093
44152,0.984811707141937
31906,0.09835349611158
29619,0.146294275170972
38322,0.0117561135373705
40975,0.25098429838506
41414,0.832716657161755
24883,0.0130493921672716
35270,0.276415313692122
21260,0.00391816116892388
34433,0.0162358914238776
38072,0.0488657904125588
40246,0.819436203088842
41584,0.655156004430276
39805,0.0420826232796139
41725,0.455155897384728
36058,0.163327551642939
39109,0.392800581168424
13255,0.289186370803902
14744,0.119129176402717
40277,0.860463420344781
38264,0.322497465618004
32707,0.00722030044602546
17011,0.00850084706687744
19053,0.160664661570244
24077,0.273702965386074
25040,0.0127536195353981
17192,0.0246563494833176
41438,0.850555245548352
19877,0.011990182741718
18807,0.00222364022071258
30809,0.015997014050755
25552,0.11504997157693
3796,0.0353093039859219
2642,0.151584610984217
11216,0.0275385658344516
24487,0.0324220260967566
39787,0.954684640849756
6231,0.0242949854981578
11844,0.0392826901632061
21689,0.00974132939840038
11097,0.00992747912123857
14471,0.00443904575762415
20833,0.0249896081540424
25392,0.29722951543931
23757,0.00859789512661543
12038,0.00470641601041368
15444,0.0701037486487923
39605,0.0506706334038686
11787,0.00458525987691997
34208,0.00625756104425195
5151,0.00697266161635042
35372,0.00540671738416133
3325,0.0252483106378767
28076,0.00599274836926364
17939,0.0583450583371844
35528,0.0263267567825299
22438,0.0205120524975894
3691,0.0296197877635952
40108,0.0949893923490308
39496,0.0785707107365545
21049,0.0108162169488123
10123,0.019573732462582
29376,0.0194491759038604
17573,0.00722109509473279
2569,0.00559146328061844
8268,0.17733425530678
34338,0.434476497754682
7638,0.306281527386147
2916,0.00594142047964555
4896,0.125600434485855
25081,0.186342055153613
37051,0.0406789697715636
39857,0.62975393309384
33762,0.273626816672104
39737,0.0186747846840459
12887,0.325619174452049
21963,0.00185521477507081
32434,0.193991796047739
8324,0.00177039946052995
19362,0.00356415970671687
27053,0.0164332503413761
9074,0.0625396478052546
30900,0.0621630747484602
32971,0.0790840487860214
20389,0.0172566703082965
13858,0.0337336512961638
3838,0.00918882689313463
1299,0.14067397119709
13889,0.163731088365045
2357,0.043946037132152
2972,0.00296277322519033
1621,0.00168571572334266
5520,0.100872088090617
18102,0.00257041247516174
43639,0.00447758792124638
31476,0.528724614755188
9736,0.00317829538076879
6290,0.00289706947707282
18132,0.0371843382192044
3629,0.00138670111491267
12063,0.0010727602930911
45102,0.918988002720992
15873,0.0111770794780523
3128,0.15539739691374
26074,0.0101243022738277
5512,0.00225706568362257
41386,0.710650541109375
43866,0.0067681392743691
10523,0.00541891716631197
19447,0.00837667584827306
5292,0.00738591326589136
29299,0.116892129721518
19004,0.142381541939026
24773,0.0228250766700011
15999,0.0354322826525505
42352,0.866133713271752
34733,0.00329806581843583
28676,0.0117187948018734
31304,0.512025169827783
25336,0.390432494136924
17451,0.000788171755566181
12338,0.0308864411111668
8845,0.0118264797919307
26070,0.275032672867115
41923,0.413425409764085
4675,0.000947218058557825
33947,0.62323816783659
4941,0.0206079661894631
17933,0.00349568501993978
427,0.00812587284602768
43493,0.0262291162572269
10843,0.00490433038875366
6952,0.000852511866912724
34256,0.0124430863615352
14901,0.00723944319351579
13891,0.005332481209688
34670,0.0148286589106116
4770,0.00137364298730459
9931,0.00792718073718548
11233,0.00870381632525023
17682,0.0341587748842248
37991,0.284929154695159
34470,0.0712308956391392
4714,0.00386477876755015
7430,0.0118471404865826
26431,0.0203753204184103
22561,0.207518531513621
5552,0.00399750989293995
7425,0.00153809118863659
39557,0.19989103040642
30217,0.0366055794026058
35162,0.00578941613076925
4529,0.00474670321138231
6917,0.0655971592780516
26016,0.169382106973665
11899,0.00527443045205496
26643,0.0419009097444054
18338,0.00107521825685086
33463,0.252975682165669
7568,0.00282878871554101
31121,0.136474687014179
42970,0.0419874636683052
25276,0.03099747750623
42823,0.126858337176668
3895,0.00291408486137023
31130,0.0369257338706126
25637,0.00589319426633092
38191,0.00329933266577196
38236,0.00683367780725412
32145,0.530564484984025
40041,0.192011557240945
37268,0.00704161003784405
44448,0.448699148003616
26214,0.0190830796293153
13225,0.0822344493408657
1873,0.0028968610307557
11518,0.00587551246403986
39595,0.137410672046828
22320,0.0212118726939683
19918,0.0160080699159041
17833,0.0247808182708332
14389,0.00409183902897431
2737,0.00640929827598498
5045,0.0135181980056415
34972,0.0172743821117551
39991,0.800935130087949
13136,0.0419009157663017
38355,0.00698377392480637
34410,0.00260421515628307
33068,0.0379246871145682
9749,0.0126940913832279
13907,0.0626263370745718
24196,0.0347372382496122
25165,0.0613826531745347
9565,0.0393060876369601
19086,0.0370051203756773
10814,0.093067778155092
22215,0.0945437900717605
11668,0.00318362473300764
35137,0.00175124631228804
38400,0.503175376500426
27303,0.0461118988114452
18425,0.0109301134848249
8916,0.0106453522305418
29881,0.0267849380426682
34444,0.114629657252438
498,0.00438107013090818
4955,0.00794901890825151
34015,0.377767876854776
20739,0.0171677257484279
27512,0.0497108073018305
33830,0.189630054435577
8327,0.0543516374626074
23231,0.100611829988251
33450,0.0952969810742907
354,0.00251543191668867
30794,0.113534703231232
39336,0.00233940666244749
31501,0.0498374734137041
34005,0.179841937528823
15131,0.00292089900685493
31698,0.0956044020338184
32502,0.00826677335816494
25693,0.542345513448738
32413,0.078147979291197
30496,0.0554892878337662
10678,0.00895844291027069
12949,0.0556257210765293
21464,0.00981601552087337
17128,0.107638574450138
34368,0.219316206585457
38128,0.0222951732188006
22865,0.0327615709444699
23621,0.100234669195017
36039,0.00422133309349802
14019,0.0121048253627633
29512,0.172896359512055
38578,0.885500685955045
16059,0.0268000404638693
42935,0.0475845976738663
19200,0.0396772482116851
24046,0.300076876495943
40978,0.116991585526823
38744,0.00417902598614653
43569,0.108714274424025
28849,0.0619022312579571
34230,0.00450806266417282
11418,0.037212958412141
35437,0.0221249441650048
8886,0.189830453004795
40432,0.0095739190414117
11628,0.00260889354140657
23844,0.0389461359119195
5140,0.00124738077613254
20032,0.00484969354644688
17567,0.00276972256305146
25297,0.0261203578035349
29919,0.381586409717252
10656,0.073640912192233
35207,0.0222916043532043
26315,0.352585733601494
43512,0.218320221063256
39152,0.00946796366623076
15241,0.458565329187102
24149,0.999999999974607
34565,0.14261134427502
22387,0.0231151647073208
20685,0.197276397846671
1091,0.000542559508718077
33743,0.827912288962816
22432,0.0294220430609908
19033,0.0143431244327683
13551,0.013397670386607
9916,0.009217282361276
8063,0.098422467224599
23291,0.0226545266118379
4704,0.00134958191347557
41424,0.228957963230797
21303,0.048211634206416
14970,0.00697435799875796
34104,0.0528556119152671
12477,0.000554983109587462
23560,0.00765124103333523
21103,0.019077709681869
5888,0.00494254578016258
36237,0.012610164643405
25918,0.133101312485725
36602,0.856788433216571
15439,0.408783937065057
26130,0.460189403751887
25275,0.0254386932842868
6018,0.0636428520133872
24175,0.01508215037284
11974,0.00123827503520013
8997,0.0923960934062999
16625,0.0178165772979344
44177,0.424118328543265
11431,0.00681217683330132
30574,0.0101448471108454
19112,0.0103087846342957
7803,0.356446895286649
44570,0.141412386027483
1157,0.00327075908132997
10424,0.00710257335952299
1584,0.0328494272296603
8852,0.380729012334078
42326,0.846466139462324
11926,0.00170161275208502
11881,0.000871006362597772
43186,0.296893729812098
36016,0.00198287480221384
4516,0.00748670411942419
14684,0.0118739953086817
37774,0.165612477960485
28929,0.015437247338291
25789,0.177619372065346
10691,0.00862074089474157
22082,0.0373182342522424
31420,0.534911343711795
9042,0.00724215711069774
37712,0.432648635887478
43678,0.323304038436903
4794,0.00118024750436382
43660,0.0103834421706965
9006,0.00297203659941031
34511,0.0462228310337563
42558,0.365380292306719
31175,0.413972587074239
27234,0.564436225010798
8687,0.203913720843905
4945,0.058902432342066
30070,0.154849308737737
15573,0.0085397262042738
43281,0.306016632010058
12957,0.0283287779022542
12048,0.00223530186481395
24902,0.0227406975354887
19606,0.0050237654337758
27835,0.063086234205417
7192,0.188972805869711
34297,0.733981424897777
7461,0.528217776822779
21480,0.00836358108101815
11849,0.125239931320697
37649,0.0123255847547673
24117,0.746755387101125
38010,0.0147495514328189
3074,0.00245117079010897
32182,0.110980660191371
17716,0.00719011261557746
26303,0.0040919983237299
10756,0.00387343883364114
4974,0.00138354722129293
28402,0.0606452079462523
4453,0.0006248847852457
23307,0.0218597858503549
40491,0.835618022104441
44815,0.593348307475031
4859,0.00496779922098854
22134,0.00914793826200613
40251,0.351148441930675
6492,0.00547987757083823
37223,0.0675944397215555
23485,0.0137968918872325
26015,0.0264189967269206
4814,0.0659308432664788
31433,0.813029965667827
22042,0.0261992020382573
5990,0.238460409821002
44334,0.864118617692274
379,0.0121799406040035
17928,0.00892537932958579
39720,0.0185727366419588
21173,0.0156119904014573
21999,0.0261017458019969
19130,0.0112231584133347
40044,0.0966877575350344
9436,0.0042162614317424
8500,0.0266736205667135
10027,0.00641592976615454
31277,0.469204800334679
11062,0.00427307201657572
43202,0.842666823676218
26262,0.00742976917598449
9107,0.0479991892107048
16493,0.0070531999200625
19588,0.0107610063642759
23566,0.00579526362114289
22253,0.00942464812372661
542,0.00370482572223021
19383,0.0185517018849464
38980,0.0114246766414687
11229,0.00422721836549926
28403,0.00432325910067264
26300,0.0626009332122936
7833,0.00608387921602638
11411,0.01462037432243
31242,0.440519268448821
40526,0.440470313276369
38112,0.00251037547203163
20527,0.0867661175963104
27057,0.0136970089246401
12407,0.115511499549161
43688,0.398758598741872
5064,0.00137328704188949
43525,0.969300937830162
33144,0.0137602449705568
23472,0.330338563402352
33604,0.0356182602032153
41762,0.327236569374594
5003,0.0234103903219138
27331,0.132747590811007
14876,0.00756816908295356
45193,0.164583330436701
40366,0.70306582743688
1945,0.00369670139287699
7169,0.00542555224662284
10268,0.0341884655948818
5989,0.00202614438088882
41756,0.393406679431201
40871,0.0625888256572027
27380,0.0232467243175773
7588,0.00513965078615978
9482,0.0427787810962824
1180,0.00174461330257598
24499,0.00861352061170356
11783,0.00413433649466974
11093,0.00580697091895487
21086,0.013165943146088
10740,0.0623547700495845
35843,0.00328018347657341
35741,0.0106715319663269
15092,0.00355792211426578
6088,0.00280896498898352
8193,0.012509917404389
5087,0.00741552497529099
4588,0.000708202864841181
12633,0.000884565962535306
31924,0.219480223084855
18668,0.00388835017033003
18884,0.0133000079646479
27764,0.611436839146318
18739,0.000628234520336456
32504,0.0254925473903067
24573,0.0150459567293903
29330,0.156787958438066
36192,0.00864175750234359
18586,0.0798949623614751
21463,0.0364961770438033
5109,0.0669918422691403
35664,0.0133128266642339
10131,0.00807767773529791
24921,0.0151368046461127
14069,0.011343814352824
30952,0.0967275439330017
32105,0.123448477043215
32498,0.030290447073673
6113,0.434511960756681
32360,0.0365406234343457
37825,0.0135677477273568
10515,0.0198819121985322
18621,0.00527060530406451
28158,0.0159341099441505
12061,0.00234951826912217
1263,0.00705677855140281
10592,0.0439374199015249
755,0.00137272663504041
11440,0.0145086372046419
21676,0.00454967817537098
4053,0.00155707038052105
38298,0.00256167387508192
44260,0.00643703753159371
24007,0.0118515497163391
40689,0.0392522380019743
4369,0.00328127141520974
13261,0.352390065563189
32130,0.0484724068882629
8397,0.010733540828343
39197,0.751976080794078
31395,0.556628011338172
38752,0.0215515399504155
24208,0.00605941169043702
3020,0.159254321601335
19946,0.0547923747074598
11253,0.123733109675531
40170,0.0999897343429239
29731,0.0914948047200353
9133,0.0602896970372964
14101,0.00545574203503481
35119,0.467013786907587
8437,0.00480470435117748
1737,0.00438681480491416
29575,0.0383894492039491
26734,0.0205671212877105
15723,0.427850720911928
453,0.00464541009294918
16185,0.604295764101696
1572,0.0468353004464741
38605,0.00276443136778117
1794,0.00284563084045858
18457,0.0191327161013587
2394,0.0143171154633688
22386,0.0167351615552463
3889,0.024994977167798
13104,0.0117672164407676
4630,0.119434134978504
986,0.0089022626589594
22506,0.180336489933491
18817,0.00182857430213567
15954,0.00466854762303659
13786,0.0151796512826873
23284,0.116595333858765
43736,0.0480002376876274
25878,0.0449101895395497
5633,0.00104008378713188
37218,0.0763589922945045
22472,0.0417574216340601
42914,0.39159176689486
33571,0.199018665829453
8793,0.0100909569861368
34434,0.106734634925916
11548,0.0139149863018862
36782,0.00255060732923503
26362,0.0370420684084887
20960,0.0199653514038931
27158,0.0109221347865309
30594,0.00775788126413675
19226,0.0193016782083259
32966,0.0281817440413397
39448,0.0606408032931082
27184,0.198251806721931
32677,0.0153089969129805
4512,0.00781546119470147
11828,0.00781906621598841
22856,0.0790595611575903
43450,0.646062373003534
39036,0.0258811775283222
32249,0.0597608947331454
24376,0.00121270056009639
38079,0.0965405380365837
18438,0.081980314181308
9587,0.529830231790648
20679,0.233290220900484
30271,0.0780630371922121
24970,0.254497900804233
42837,0.0356574202512156
45196,0.729078327842428
5214,0.00493095944711123
35483,0.019699275879942
4641,0.0865438847532532
25058,0.303239405181163
36566,0.771520360345095
3211,0.00405646586601495
40903,0.501162985698219
40364,0.967742836925959
27402,0.0193356671217571
38743,0.00102102366484206
4039,0.000986605341731997
38382,0.00485324984784704
6786,0.0095741419879764
19610,0.0202090763217309
44919,0.167941593103316
574,0.00761175046580596
5387,0.00433649363356677
39783,0.334200492713687
5551,0.000752192549439101
28092,0.0661950694886009
41287,0.191982402740618
37554,0.00182509939488999
28335,0.025128114794897
5115,0.0159801641935662
23529,0.0330319534364135
38429,0.211972855838251
44425,0.802263541609455
28813,0.0217697496122304
25098,0.00685721847818501
34465,0.013473302077364
10439,0.00987620370414688
26097,0.0224801423760766
24382,0.325664586642135
17443,0.0317188498368076
39281,0.0732593377238998
20865,0.441069315063648
9655,0.0156675697360512
18639,0.00260898377691882
39179,0.0064365148709856
8665,0.0234071501805055
24048,0.0109215128976201
24748,0.0936963126170318
40742,0.0126864383704044
13561,0.00573256701102601
4384,0.000541815350121038
12744,0.0467888873821163
12002,0.000991840867666447
5042,0.0819853522074356
12749,0.00266559469533493
33441,0.0247711376309995
33649,0.019620950387262
2021,0.00217752164996872
21561,0.0139559402374063
31610,0.176471127863907
3938,0.0105531596291062
26356,0.0964417996723943
39683,0.0346041830861793
19913,0.00800959870540296
32985,0.133855222837504
1063,0.0220695586975259
17262,0.00404501555283856
24661,0.409723535076417
18093,0.00793386590092691
26367,0.445245847172379
3879,0.00278718047725295
1238,0.00362220926666386
11133,0.035389856048286
29527,0.0713597027906994
17292,0.00145438729172351
12683,0.00473123016272633
20261,0.0287871192780424
32069,0.346516878247658
22618,0.00693412778136567
5530,0.00162942118371502
27480,0.0227612001661811
15561,0.00461404231784328
25314,0.0255461706436676
7747,0.111626708806321
10412,0.0585519201551847
2857,0.0355323670213228
33768,0.219765960839106
38048,0.00649945628828803
37270,0.0247435106396727
4011,0.0163050140275074
24131,0.046298385448236
4356,0.000442370294485151
14595,0.00188551617424197
6138,0.00825547585908294
20857,0.721030185750851
28613,0.309074122091251
11775,0.0514406395396894
43501,0.0679032914554722
13933,0.654098842098463
14470,0.133356489258403
42059,0.305198626820616
4321,0.00124206883178846
38380,0.606805510340904
13105,0.280838537838182
35455,0.604371821169248
1120,0.00204587714064878
27978,0.0257284362765606
6374,0.00937700986844606
23511,0.00504592516672706
6687,0.00440503387489761
30969,0.0219505098223636
44753,0.923656791621249
1468,0.00907806154309
26018,0.0830154420670939
449,0.00308026268393154
42062,0.593703140087093
21140,0.0180889297104591
1065,0.00191662733385274
31382,0.794160765022335
14275,0.0269020614076398
13403,0.022538639780637
18136,0.0433708121717237
1333,0.0577373669275617
11157,0.00734664730634099
14001,0.00889206938704908
40825,0.0861269794249367
10496,0.0113625536183298
5842,0.00562252933259941
42888,0.0540978299895667
11929,0.00259166845676031
10618,0.0231598586623134
3605,0.000441586009083351
21608,0.00677641914559594
38312,0.32826251192915
29754,0.0500125810601398
6089,0.0323033815118153
14622,0.0968074692132176
29085,0.0221597484021394
14574,0.0321542745023063
31185,0.274068011300147
18494,0.0158883948442925
24569,0.00768741858873082
25269,0.018018021613318
474,0.00130720339439609
15350,0.0257101368850086
32383,0.116998111571505
604,0.00972715429334268
9036,0.00812823478521186
571,0.00124632890576387
40172,0.189287931663112
27754,0.316163268055904
35690,0.0521597637923266
39927,0.0795508965149858
40564,0.118172197444668
35522,0.0191240243277111
17278,0.0025932694388945
36815,0.063336957902167
25894,0.0531234344408236
1644,0.0125422303146348
32931,0.066590531057681
4172,0.000326763802787793
36985,0.854380896532424
32436,0.2424673625232
29831,0.0485233007984986
35004,0.207439583032063
1052,0.00176812618751449
8562,0.0255871781273366
36760,0.0150726198724192
22895,0.0154497527404319
30283,0.104952454902236
31359,0.334724644462838
12003,0.00102736948708056
18055,0.322084311874275
39648,0.374377197051018
9859,0.177078081982542
23851,0.0078956030519231
3087,0.00785529993200581
12050,0.0104853298317551
18541,0.76164534364429
40248,0.654348163075069
5446,0.0120088606511182
19977,0.0109833513066474
6017,0.00119014075759491
12760,0.680883286330242
7865,0.0185012936843347
16976,0.713985509227768
35481,0.0387569262536219
29153,0.157148053793678
3412,0.00297054115029656
35961,0.0147286655388993
21084,0.0680536440299792
23132,0.0317834318441187
36263,0.179929192514253
4158,0.00282754402077419
41780,0.542324056107174
19192,0.0174229964152771
42130,0.404171862306251
13869,0.0123373988180661
2190,0.0760762273423589
16951,0.02213015328862
20529,0.0110139915034903
37363,0.0201304130724388
29907,0.273388064932767
9537,0.0250333485913276
3798,0.00134992971280739
43036,0.188772432303587
43964,0.392004339652862
16534,0.00693474337385445
31507,0.164054808237551
9241,0.0610620809116293
31887,0.637161933611374
35671,0.810330430979853
29395,0.0713471299321519
29589,0.0247827431174347
32359,0.151363691382611
5039,0.00873733971299423
6559,0.00437277061343123
20558,0.0107967587566482
6936,0.000693117321134508
28408,0.00705246396633692
12536,0.00336221259144958
4944,0.121174089849343
6915,0.00126991517355358
14857,0.0173608560737919
21263,0.0357630423401103
13259,0.0188035113578772
252,0.00246069378666713
29392,0.1824362735607
15872,0.00495181863009561
20939,0.25565454672918
40053,0.397672376324016
22735,0.120234527770038
35296,0.105091651192792
30127,0.0356929171032443
29630,0.518484858059466
18230,0.0133543524539324
37724,0.00190240052096163
13063,0.0274382008133895
11261,0.00396478011713323
38998,0.0120619462430679
5145,0.234559935183838
26490,0.029727976648934
9825,0.0320924692149875
39331,0.00687705894948663
40813,0.0293007487299453
22886,0.176164264122308
11021,0.0109269383025082
3207,0.0245792914895911
38244,0.730313841869763
3165,0.0125332358351642
20965,0.0288435800790246
26794,0.0720948940235637
19816,0.0981479691080141
4528,0.00429396772842643
2971,0.00268405599607771
23276,0.0922693516225599
40843,0.0846928677730131
29812,0.173094362091865
6499,0.050124961438396
16037,0.00377396677070912
962,0.00137007413406058
40341,0.0448713666224591
24387,0.0493240457621498
16989,0.00798015695763401
35693,0.0593375246561744
15892,0.00352012028029544
28591,0.0239687378003511
22995,0.00997971816306663
24735,0.0104943777897831
12614,0.00291184479344593
337,0.00261497898837522
4258,0.00842920819449678
10645,0.0329128772600041
5420,0.00294560009671928
18310,0.0136933329383284
43996,0.0138213361595703
16317,0.0915497115715772
32622,0.279003443825715
11490,0.0335330000984338
36337,0.0650507694866793
5424,0.00223853273385943
4923,0.00395542516685452
10738,0.0115871489719803
35756,0.0671361859323139
33429,0.104061270556714
13180,0.00351047125644944
22897,0.115863124123113
13970,0.248209787886295
5776,0.00594547316390561
16417,0.198357407745597
11696,0.0133227001269937
8698,0.00243335608624456
36596,0.412448928476796
31014,0.0957852853685876
3209,0.00209935602671352
9481,0.00375357324015488
25480,0.423721266663107
1767,0.00649920767787552
37482,0.0812883895223875
34634,0.0139733066131989
24311,0.00942919029450775
14091,0.00190901292202705
44553,0.929356066065521
12818,0.00642256378173668
15520,0.314708772452663
37147,0.0834181259140925
45121,0.433365549477423
26750,0.059128627181377
12512,0.0086789888148826
24268,0.00577573396579031
30091,0.246046280659316
43825,0.0687112814735366
29785,0.0467337380583638
23167,0.00772649570145328
27527,0.0547479108101847
24973,0.0118632840629837
19338,0.012652555826604
6782,0.00281789717114167
13968,0.142495218957792
9783,0.312498690505378
31944,0.0989830776299446
644,0.0126144102278571
26265,0.022679899294761
5719,0.468600779577136
38194,0.00189817059390305
27258,0.0421621221788127
36122,0.0240020626614774
10781,0.00842803294108727
45132,0.837833626130132
23769,0.00725342621639966
31892,0.0947429101504166
38631,0.0207122550180585
3466,0.000843386429262141
12801,0.0120309367318755
18004,0.00411484099301896
42871,0.474857936808725
12968,0.0305126197200132
40679,0.040063286685978
3440,0.0280508602684816
1470,0.000919713710974965
44140,0.0623726834878519
18073,0.599741953306264
40999,0.129971025525902
42932,0.146334683427466
33957,0.294613412783723
38551,0.00357701614281094
13329,0.00338012661866675
963,0.00319732989311965
12895,0.00334120613444327
40292,0.0456053865949064
18869,0.0614878532195211
5878,0.023022873515164
42359,0.0479524488878467
31143,0.0571389427185376
16023,0.00800542685158064
40075,0.280745584661211
12304,0.0079018860826244
19485,0.250139418392243
23963,0.0106873424679611
43878,0.199720255660428
5657,0.00895423574753227
3779,0.000963905543165332
22585,0.0318201272657768
12447,0.00337205154447995
44754,0.447797016007247
28147,0.0234341581486179
9990,0.0286379670518874
35619,0.0487312837333921
22855,0.0287714051212024
31922,0.0959327460150473
14661,0.00843351016417225
3821,0.00459175653424448
33100,0.0435586579735175
9577,0.0366183619454618
554,0.00444681589284426
181,0.0138294203058679
7788,0.00461762330330771
42427,0.0382451193076932
39390,0.0426254720167319
14026,0.00832093748656386
9943,0.0900582198296611
25044,0.0135628991902679
27852,0.0647886995612187
35086,0.0622249317877819
5097,0.00757376121355654
41846,0.265700596348175
9144,0.367564246184192
13094,0.00252366377231604
12803,0.00644808862690872
32535,0.146854194289774
22454,0.048032951145173
17056,0.0345442333964754
17544,0.000943334033493089
15149,0.0140132936121659
24829,0.0813074322233807
21643,0.00557948577142087
7732,0.0100615713341895
38967,0.0158986356340046
22503,0.346276965935628
17769,0.00469689547020721
37146,0.360150044686478
30157,0.0207963442093306
41951,0.223449232243333
1234,0.0105196666931701
11279,0.00102033451560199
42665,0.0528481638869852
18984,0.391283495336757
1399,0.0162266979054283
36552,0.0300002871530503
6047,0.00658024921040807
19660,0.0121962990837933
10352,0.00888781001934871
40113,0.146245291573538
19470,0.00884646205395666
8650,0.265007783298679
2931,0.00458953581608727
1966,0.00408277655567593
32211,0.045210973137022
24717,0.026059913614614
8507,0.00846788123827261
20543,0.0389886470326258
15150,0.519123515217909
7294,0.00131632053433786
39579,0.125913457805326
27220,0.0447468969292989
22914,0.0160358448684369
9890,0.0193354895334094
33760,0.0613995489261626
21340,0.0437742996424405
8819,0.28424013092603
12480,0.00169457450946526
19564,0.0167428562531875
39330,0.694445091476257
30236,0.118687134161199
24867,0.0534271957555492
20313,0.246819440119995
30099,0.298829746907674
8733,0.00527566957844325
31956,0.146385068538748
41223,0.0324380419370978
21436,0.0409246369445712
34646,0.0628685025151016
23425,0.0132722667369377
19088,0.0241189422229509
15529,0.0162170326243073
15129,0.0117047361198897
9974,0.00952622518997655
26624,0.105690480009271
3802,0.0171817314546948
16960,0.489066254460756
36344,0.0228044821156239
34463,0.056864576930447
9567,0.00244923959416673
8032,0.00570938110480589
33710,0.0564175516703037
26140,0.0526008883725014
36214,0.373247729649494
11975,0.0255468273632611
35943,0.00867674338099555
39123,0.512707917435682
25942,0.0860595364412354
32680,0.328245017882348
2257,0.0111383104209139
35406,0.00652113703490121
40509,0.00780633579153793
26475,0.0202888181811254
29211,0.171692472433059
45166,0.199883281788053
27653,0.0115774746629615
26758,0.0345625647244945
6370,0.0402808347566188
12874,0.00326773055017088
13518,0.0050238757749192
13081,0.00476473049273883
29021,0.0655026775244874
39008,0.0389298435886712
32008,0.093049196237422
32849,0.0935505822829014
456,0.0161290727057613
34140,0.540856931853861
38686,0.311661762942903
6551,0.00180365686773781
39886,0.056614262233052
5467,0.00565086916905493
35189,0.0128222188935727
27256,0.00505115682358025
32074,0.12498131381478
18217,0.527737569744595
44343,0.579217553138458
12788,0.0295056471138208
23754,0.0132220228074024
14761,0.398618045267671
12645,0.000463054582210748
26420,0.00441117080294202
18008,0.0136210662842
37108,0.438052799956284
26656,0.0124702647032429
36802,0.131645799692905
19681,0.0231712219513545
36480,0.00919653396092792
19323,0.0174763053754159
21180,0.0697412704894309
11836,0.00296404271316986
21588,0.0125091858908944
23759,0.00619249714452688
3661,0.0111487598847282
36321,0.0112866022242985
43085,0.113218746004424
8986,0.0505353773348281
36575,0.00782821645275911
15334,0.00806836715893209
7593,0.0850976808515962
43716,0.00130458132078929
16632,0.0102993061140539
9864,0.0141274580555927
43030,0.572135299847936
7357,0.0010122094708361
34165,0.912478740991067
23821,0.00641243270509071
21218,0.00911284140832704
26101,0.772339600950267
3471,0.00513698804642122
12647,0.00378612307155251
8464,0.00311499860561626
32770,0.0485538251888143
12435,0.0361650841791945
30426,0.0363248017210107
14205,0.00651494213225483
44097,0.256254171703872
14755,0.00302456912210158
19381,0.033523711256453
1979,0.00173569997000804
42766,0.0779515352122564
27216,0.0467914104626348
11941,0.00306758389004593
11686,0.0121624031817816
25794,0.0148520307755607
16652,0.00659923513359816
15946,0.0911179337045738
34201,0.100702660388211
31475,0.302327679817367
4358,0.001173327658392
33048,0.349802182121764
758,0.018844827851554
31387,0.34210819088715
4449,0.0287040483092539
23180,0.0275432019192483
3449,0.00839062765259028
30506,0.0384466097030968
24378,0.0110905831781729
21370,0.013220764734484
3092,0.0130760103555068
4163,0.000846159365914966
3315,0.563947501057499
12680,0.141243764603812
35547,0.0187945019083173
21430,0.0133259290440356
29394,0.0747284334638215
21398,0.122797453213042
11265,0.00890758245173057
6510,0.0118976280945171
7469,0.000610901579723811
32384,0.556489475716506
9360,0.00407852428354828
30483,0.0163715136164293
37386,0.0116737387422047
40915,0.563279177649576
32640,0.0117921547484415
10640,0.0692727206705997
12037,0.0016476414694618
9205,0.0300770575450785
1492,0.0307957897519427
9208,0.0157435574231917
39119,0.00360827549788272
44052,0.875216139608921
23015,0.0494042878994289
34155,0.249790017070627
17515,0.00275302923016955
29944,0.170266753686886
333,0.00243480040789989
19216,0.0269746988501454
20930,0.0236719084992488
38286,0.01957272356136
25233,0.0164082087735667
17874,0.374401409593878
9022,0.182169633344033
31683,0.0246800680072015
42036,0.153088276813885
8155,0.061854626053945
2721,0.644775916820856
1698,0.00351322352556372
36113,0.00396319473902299
38823,0.0024641444546903
22669,0.0112428237249911
28567,0.0518443063440311
41491,0.695973686822265
27289,0.0172093631575057
41234,0.235294176045838
5321,0.00206326828317339
25027,0.0211870260361935
38992,0.00542381513364773
28434,0.00901557990069559
1805,0.00581250750911742
5854,0.00207160050452298
3405,0.00650766024823474
6604,0.00320706332952979
24958,0.295673816899062
24636,0.0593981695929146
23725,0.00568156653351047
21033,0.355789763401207
44937,0.485508694033302
31557,0.407866315483451
16612,0.0144467565972951
38559,0.0179681078251127
43376,0.287839350219952
16458,0.0277244838743532
25530,0.0133370110781677
29861,0.0613235838718957
23643,0.0189423012370731
12898,0.0120610261049374
408,0.00477017094892182
33536,0.0174600832187529
39908,0.160054608807066
30820,0.0384413853492738
38634,0.00385650436404944
38025,0.0518478653685061
30393,0.204422705492878
11742,0.00897437878041714
1010,0.00627793677093904
19430,0.0427043751948758
27971,0.010517741972087
23811,0.00809892551978638
23140,0.012092686725455
30835,0.0414078197946824
38851,0.00780017991141095
28799,0.0892160983322259
9811,0.0229833020916077
33393,0.0427807411373464
34120,0.193038141766032
30185,0.0986765095231224
31409,0.227473024319885
39082,0.0198678045447051
15132,0.0104361414366487
5386,0.00801582628418133
28319,0.0138930161915165
24090,0.107503952572107
35648,0.0194589742068022
29587,0.145247258892792
38596,0.00486291470618594
2020,0.00433237645360669
17985,0.00653871246521934
5035,0.614386399312443
18035,0.00416373604087585
9981,0.0282127819389529
14529,0.0146409463229612
24300,0.0638723106226673
9020,0.00552691048869454
17018,0.00905440328364859
12737,0.049867192444166
34690,0.0503974299994302
34837,0.0104987721002922
6177,0.0318500893764341
30844,0.0172575503529432
39684,0.0894928970064722
32702,0.00621883208829752
10857,0.00131210026902971
2906,0.00141004243741874
26009,0.0216588937383055
10151,0.159136154333565
5687,0.000376491948266225
570,0.5318562016344
24146,0.0131422334346025
19554,0.016149806131166
12841,0.199132650177093
3081,0.064839480857627
32963,0.285853017137944
9499,0.0386750018021701
35435,0.162622261960192
6942,0.00183201104663198
5356,0.00205545103289038
39149,0.0141681361216697
17064,0.0600117624157819
38443,0.72325610294834
27733,0.00637867835728606
13229,0.324433516907437
26652,0.0142872879068749
3959,0.00388119740557775
216,0.00369962027261981
35826,0.00428255776311189
3623,0.00689851662444405
36439,0.019643237760846
24107,0.336053073397595
43461,0.893023528126605
18715,0.0018102879817403
31561,0.201121738493089
24695,0.00676786045323129
5848,0.00311726888297851
21839,0.0404122565347575
29721,0.364704674984591
9772,0.07434839492255
5992,0.00137082591637408
29605,0.521918831324604
30522,0.0242451566185139
39014,0.0522805384440747
29513,0.124966104096658
801,0.00339764643536239
27564,0.0182171341218205
26679,0.0178871557549209
40705,0.0318306221750657
41948,0.829100251038785
11392,0.0858648243606354
35674,0.011010968012636
29203,0.150410907942241
32047,0.626841066707547
14736,0.00813825097649525
27276,0.0224924441377864
38035,0.0840749774962023
24330,0.0282582755120883
34922,0.940819005690316
24012,0.00844874116773495
20806,0.611760991577903
27164,0.0986181686807502
11037,0.00199203723831991
1389,0.0214622043524821
6368,0.0318784014472924
32063,0.133849589408338
13784,0.0101365704835303
16669,0.0101924170616259
8566,0.00463238765272846
37956,0.30197886320191
43106,0.820944389061223
35063,0.0110389800486767
39626,0.0208254131643615
43198,0.721308239247935
30548,0.0417014202273608
33495,0.108058662608269
8710,0.116559330927424
3951,0.000793740412949536
31779,0.130140085172016
32026,0.179581796464149
10213,0.0125189197052708
16159,0.0167714683108372
43745,0.110744495605113
24769,0.036991179582673
28463,0.0925394282806188
23072,0.00322550015547585
27998,0.491043321187501
23718,0.0022853322873224
7812,0.648198535504617
1905,0.0150478575818678
6893,0.000530347865529627
18994,0.738261558014828
3262,0.0119162402820215
2767,0.00627385629597562
29235,0.0298322072833189
35419,0.067632961039385
34578,0.00198018220197821
6361,0.0218653040477139
17074,0.0483849835039854
1599,0.00376493784780068
14915,0.117261311802845
23051,0.0107469047221167
8213,0.00576643450012447
28029,0.0216216082961518
34686,0.00582886093125125
39657,0.0243666185413033
21343,0.0100759913128618
13699,0.0109901090282023
44882,0.428521307671847
26823,0.0460130368618823
14710,0.0311392319808672
18737,0.388225265832069
24109,0.0945058237600962
12855,0.00157541882145597
37548,0.00613245224016395
16930,0.00616255651813881
42410,0.486736835107101
27652,0.0656850988413435
18797,0.0011035395785141
8521,0.027801978872886
3200,0.00846895091568698
40787,0.299083338437908
8302,0.00460526707360555
38543,0.0824659442332556
32340,0.231886770141627
44411,0.281459347954676
21759,0.0333989183160687
27890,0.00548953493466642
20489,0.0556941413452204
9729,0.0156783678951234
34996,0.0174344159420112
5647,0.0112625028617648
37764,0.0189064419568948
31441,0.336801397393694
41555,0.402340270316342
4246,0.0267948668796226
41758,0.144315191348466
23146,0.0165966740316054
29533,0.0147061118446797
27953,0.0255397468406785
2432,0.0057750460157262
37185,0.499057221075964
21778,0.0073648493711437
37966,0.193163438361382
31540,0.119772198237378
40934,0.0930208903768275
31140,0.0216082864794959
24475,0.0901825067029361
39592,0.0221140965594693
8941,0.230917234973378
43241,0.334513525786153
28132,0.0183351297993795
21117,0.132814092423753
14644,0.645853713990455
29898,0.134821378009157
25526,0.2051381343892
15778,0.00739684131626644
15434,0.0182222894006013
24321,0.176314491231726
9456,0.345204729235902
11096,0.00415740973414445
39427,0.0610235314381024
19755,0.00996117691105867
808,0.00413649937076564
23584,0.00890627559412889
31512,0.221393668383131
12636,0.117426339619298
10192,0.00281937574442457
39997,0.325229086252219
3183,0.0119734702141809
30184,0.0694483919539182
20805,0.134516811011037
34636,0.788309871418615
30888,0.00898731306509381
29774,0.019954724836434
31159,0.0533293109201143
26042,0.105376403394675
42939,0.716812140626004
30629,0.200120841440548
289,0.00630186607829055
23008,0.0778243694746163
12463,0.00139536918882968
21105,0.589998849513773
33699,0.690347841580808
7438,0.00288954818997758
28756,0.0371752243445709
34969,0.0283380912240261
33928,0.248300389168954
17123,0.0130590201913746
17190,0.00220368439200053
37191,0.628098955403404
31996,0.217019548770399
19133,0.0138894317024862
1587,0.00259457279232684
37375,0.040118646546129
7851,0.00149141074450735
22685,0.0228004352826772
38426,0.104379258715797
5881,0.0549690542466396
32217,0.0755711859084979
4803,0.0627812298432626
29604,0.0488661491948744
27802,0.00905421879257515
7688,0.00144589543322076
34067,0.575646079354899
14237,0.00213829620968022
31322,0.193707478599275
28549,0.0475734626435599
44971,0.828294638378527
25536,0.0259005861967756
27551,0.0144270390281498
25354,0.0314931454346793
30461,0.523367837375924
44538,0.246731937902899
23959,0.00839638668195662
23546,0.00931257908845889
31358,0.501646801740062
36194,0.00848977790396121
13685,0.511562454410373
39405,0.0630026600159169
17725,0.0165131587488575
17918,0.00608559083975365
12438,0.00751272209775739
1818,0.0239407472414976
16760,0.0245605425012181
29965,0.0490683213391498
26536,0.034980858818169
19083,0.0132161891247795
43602,0.236324278536486
10493,0.0173929136879336
27642,0.0104242983829652
23574,0.0662911559510525
6866,0.00221374045883765
32806,0.155419551929207
19177,0.101061233844118
16895,0.0547469389323606
25873,0.0204889879034971
30695,0.0119962121366213
32927,0.0190285219473836
340,0.00444778545239197
6708,0.00191439123076179
32781,0.18843699030192
28456,0.00396379029420935
23615,0.0710083527306428
25656,0.0164236931396668
25577,0.314947259568664
25832,0.0215415961542114
29813,0.0207363381077967
13582,0.0127604358248168
12091,0.0312949838448521
2883,0.151453884028213
8981,0.00243241533679963
38046,0.00433734816483166
6717,0.00206078014534771
27225,0.0238164993924891
6071,0.012823777637421
14385,0.656212886776885
2444,0.0253082654599119
36559,0.0104223254278056
30832,0.0184971953979201
35663,0.217964994032092
21917,0.0318841059165508
14229,0.00515373614030846
17555,0.00508838248388099
43158,0.952500101965267
38842,0.174728331243278
10078,0.00689304418945719
33300,0.0163120948428258
5814,0.0024934663886476
1623,0.00399118279361364
35393,0.359748833219642
36266,0.139632796001684
17104,0.00516441829460154
24026,0.107896920984404
263,0.0021257642172357
18516,0.00353383668083581
18119,0.00615151534275298
1768,0.120167495603813
19683,0.0507426103447596
42382,0.342126466594713
29305,0.029523146080137
1987,0.348435973965696
2788,0.00147926382879084
13049,0.00292122300950874
24632,0.0238727374453609
9195,0.488593099319939
25391,0.0299318214513156
9550,0.0189700377565147
44959,0.633846766344347
41817,0.577858135943613
5163,0.0580226834494029
24635,0.11958815123821
10669,0.00552688233922582
4817,0.0136491329849545
44229,0.0230251695407741
10287,0.507622583397823
4018,0.00301503144723835
12243,0.0241935292486645
26371,0.0439959596522059
23537,0.0040551674439957
2276,0.00845062253642372
5041,0.00313149080242292
35751,0.0103461712453804
33469,0.0287862405150521
13572,0.0246838105577635
27669,0.198772176204489
5858,0.00973020905396921
13688,0.000643345339371332
15994,0.173903032090001
6129,0.00972425184819119
4002,0.439797430994277
15440,0.537224847552451
27693,0.11520188433013
9035,0.0132319241524088
12637,0.098947801335578
15481,0.00428246802574562
11401,0.0178305784212498
36535,0.0162917607156948
15677,0.00324424877096255
42140,0.0431652190995249
20507,0.0284798673317096
8025,0.254555968508845
44546,0.297773263185728
30142,0.555805949283595
42713,0.0227126733146638
12931,0.0530602570576278
24760,0.0200508611666357
42252,0.0572045918453157
32229,0.202693587784982
44763,0.826547567760398
21423,0.0173787864696382
14588,0.0129015008301297
1397,0.00259917540219613
614,0.00567901253686608
15274,0.00757320065065593
22625,0.0683130120308318
1335,0.00148839768531265
19064,0.0450135791434526
35814,0.462597281480035
2580,0.00324914829859133
39048,0.00968255163853057
21044,0.0208628545091315
36604,0.0466560794538207
11395,0.00114841444397085
24526,0.0508666836946494
17301,0.00728039558113808
20169,0.0160097628980574
2802,0.00464115411606443
7728,0.00325047497763881
6889,0.0222526299702111
18973,0.0673856842067064
26602,0.0306392865516001
40628,0.0304205679813006
13484,0.00266716173920505
39499,0.0593538045418401
18550,0.0152191629195005
12938,0.021674795144154
39554,0.00892420894821915
982,0.0822313122692743
356,0.00464459136851815
6745,0.00501924443119073
42885,0.0188901743439322
280,0.00492038119933859
30477,0.0269722076618904
25225,0.0249652690722421
8827,0.081305371576242
27790,0.0107209772914727
22214,0.00790394407907597
41243,0.148139545078797
38090,0.309663841103728
24462,0.458974048150247
7519,0.00586425923089914
4059,0.000679527615984154
35020,0.00678344402147193
28616,0.0265872023224203
17982,0.00354446568356235
41280,0.788893291046572
45126,0.387524863776521
38821,0.00671874647257162
39147,0.0155959844356752
9414,0.00693665422847562
29467,0.0584066484006847
44641,0.136226494749476
10579,0.00304164469800678
31834,0.0725759302251321
27039,0.0447961330956954
13923,0.147935445875269
38569,0.0314645839373138
42461,0.8405043111083
42007,0.6976701070422
15216,0.0117460894224924
2587,0.00122737841705309
31885,0.475919166277032
19988,0.0293274860681296
39089,0.0230359391050032
43190,0.420551170100679
40390,0.373649546868518
6581,0.0129555047263409
11512,0.00976394130300659
39771,0.983795645371985
35085,0.177854523525832
27710,0.0620042617492836
2219,0.0108907096509167
38294,0.774168613018138
38876,0.00370291642754716
25710,0.0355079735746368
3352,0.181822549982213
17252,0.00431664537427517
15417,0.0412866649900732
17719,0.00646883958034596
19786,0.402312662245264
6427,0.0418624260346992
38389,0.00945907344591433
20987,0.0644889726839693
39677,0.0994248965000314
12187,0.00373037995952838
30187,0.102415368770171
21223,0.0115117904863564
17923,0.0149013471276459
43658,0.0151964993309053
37734,0.00896044197546723
18273,0.0218492597426568
25851,0.0154330161869279
1409,0.000347245063279277
15121,0.299357403026511
2787,0.0128191739487897
20072,0.227072295583201
7527,0.00808959414477656
27869,0.0143245775788697
19273,0.019407501343121
19772,0.0198103758041858
39714,0.0641733535139743
27478,0.636302733557597
15460,0.0105636021192411
15653,0.001517234526614
4800,0.00968740179713586
37058,0.0190315750531591
15249,0.00244293641176257
30710,0.0248494725099806
33718,0.823123805841589
43967,0.911893954705392
34176,0.120160554324002
16511,0.0591068023395514
25435,0.320129706772024
40283,0.810204723809517
23394,0.196665748383197
24927,0.558129418450252
40672,0.0600748933274912
6313,0.709131762029097
15856,0.00800583206503229
12820,0.143016219588303
23829,0.00619059646121083
13263,0.00846328894966669
21267,0.0130178793627669
7419,0.00135870114666895
25374,0.385799144629805
22152,0.637052887276064
22511,0.0421480138363152
32190,0.830531997963849
36218,0.00494911261193973
18051,0.220515816485644
28003,0.0112022390175021
34983,0.049779549102899
34893,0.0290820920387845
21827,0.0420801396479048
22361,0.024334701465429
8594,0.0158933998796521
19054,0.0143701380171099
12754,0.269005802967937
37054,0.046305746601708
8036,0.041964659040521
20142,0.0189298194207271
35621,0.00371650146045259
2696,0.0076622526123415
4090,0.006361712290794
7953,0.00054911829307038
22931,0.00670272700112788
30882,0.0272291947251928
34028,0.255273352995675
33465,0.0405540219813337
22300,0.0190770571323049
7189,0.36312071457573
39046,0.41604972773728
6859,0.00265580712386517
23068,0.00491685838385337
9556,0.00716179459507524
2730,0.00201080342239371
14116,0.0093118926315562
1627,0.00144288342076372
12227,0.00432297034238025
10118,0.0168107016405333
8352,0.0268783192010979
6902,0.0198942482634912
18918,0.210615346436127
28774,0.025908612215902
31007,0.0508487184413384
29427,0.0532240011738988
10602,0.0197807065400352
27559,0.235235632308028
43161,0.606192042829563
12042,0.00907936831151409
43175,0.730786194770036
43053,0.455342679480568
9584,0.010239548944019
4844,0.39617082335908
10804,0.00270984545819773
35855,0.902482177277129
26721,0.352389137972662
10130,0.0419379106754767
20390,0.043147759868651
43232,0.616716967094791
14564,0.335205640468083
28296,0.35674595982218
29540,0.11668052950848
1107,0.00117247131605182
38209,0.0847331701040746
26181,0.339810014712185
22753,0.0378129184178537
35947,0.206053358665538
14282,0.0046485642785312
40074,0.0657202499624529
23274,0.0263471370252506
36958,0.332650233472568
18354,0.00417991462784499
35138,0.00168302431694176
7691,0.0038693974728171
42103,0.292598506737889
21789,0.0235632975188824
5159,0.476211304648446
18172,0.513956034078298
1083,0.00538159367777145
39819,0.34437298965249
41859,0.626407832962177
3912,0.00169587510385248
13962,0.0235540069805246
18283,0.0110740255886776
1799,0.00163118167626122
15433,0.311998541646305
18359,0.00464650080582454
12442,0.0220123253148385
13223,0.0258689697205066
27973,0.014702223742661
1690,0.00101533743730259
18638,0.0022476184256303
11369,0.0959143864278778
27129,0.0239216241041297
28537,0.0399853516917923
17185,0.0020326590720119
26417,0.00585771679617475
12402,0.0301478142396995
12812,0.0294744724527852
22066,0.00481143360582903
17161,0.00686186349220723
36202,0.0145269675443779
33839,0.0947651864640394
20251,0.00618648156094098
25155,0.307112763928072
26284,0.0324106325304636
40330,0.0121198871785838
3837,0.00936511062632559
1541,0.0263482423084892
13788,0.385601871920833
19682,0.0350695820922171
42204,0.12321863490746
12781,0.0189108643345681
24281,0.039648827046664
16741,0.00834364915838888
17117,0.00210504575908041
37288,0.103819430752126
9589,0.0132792984023644
32488,0.0757628974414411
31037,0.0226442995312382
4551,0.0123716454273082
16252,0.0109889166462718
16876,0.0378350641304234
4724,0.00141874608237374
6690,0.00276549676009994
11080,0.00556373909943157
23427,0.022563261495281
26509,0.499383277428341
38231,0.00620769281556684
42767,0.110562857461593
29996,0.156605958151576
26770,0.0337709113037515
30387,0.0146827263349482
14247,0.0120351088502891
31454,0.532536743379263
33737,0.272834185885355
26280,0.0580188690991923
43772,0.295016579842224
11177,0.00834136489596694
15864,0.00512447083420653
33723,0.227815572263324
18959,0.00831729138759004
44793,0.557048835817588
12170,0.0201962187571743
38393,0.211503262509676
40377,0.497731569007296
44031,0.69394870852255
43333,0.474471191934704
24313,0.0228430869994888
7518,0.00765493830453644
23507,0.0144846507258738
21493,0.191981586974166
36230,0.00838290393190899
21213,0.528703635943354
17354,0.00210940822068504
39163,0.132605542857194
40451,0.0491084210949036
41156,0.0931138780737076
698,0.00567338830702363
39977,0.248344323584364
18139,0.052529587804681
41505,0.216156677358258
26989,0.132921694282617
7742,0.14988714721039
37093,0.0977611081361499
12952,0.00674838030507442
8139,0.00804224648877738
37001,0.125099657317144
31808,0.447624925821863
2333,0.0100445217786881
19616,0.044281493821563
43490,0.252136147947153
14482,0.00584809565515466
38893,0.0199873614263907
41704,0.844316378996847
39276,0.00617643469063071
34128,0.608924864233456
26238,0.0860277709033253
40553,0.0383983529347782
34865,0.0177621838503148
3593,0.000933692560521147
20581,0.0170878079036722
33223,0.0164472722002864
6058,0.00113829131817351
32863,0.17239765139663
10026,0.00480920010696315
24887,0.225109956430395
16919,0.0306800335538425
42273,0.134342627639432
43841,0.455518688175489
26314,0.0868832286034598
5017,0.00113127253031083
40368,0.894213543185697
16324,0.0270211604286096
26618,0.0124581098626791
11785,0.00462927701703576
34976,0.0122197746915482
9892,0.0130685394176837
39697,0.114291255960765
15579,0.276936163181991
43655,0.0409515897959282
27080,0.277882390825329
38484,0.442530693241199
39470,0.0266906285081493
33187,0.0158197713513842
4855,0.00246337799859906
21901,0.00413625776585838
33946,0.114001496959297
13042,0.00987084309100615
11959,0.00237569235025464
34554,0.0229141305463935
32238,0.242583356671186
9678,0.00149963064210215
28633,0.0982947009300329
14524,0.00543807002541254
1354,0.00283046313015888
17720,0.00233234852777682
5712,0.00112371973013526
360,0.00185149705836415
31968,0.0241944992336486
8290,0.00714743770919842
33827,0.199707072478874
5984,0.00123334332148348
19833,0.0257852218807715
4176,0.00196303673343907
11507,0.00755154791971839
44454,0.0484535546031633
25388,0.0299819711098741
35590,0.0168559705244092
42564,0.0513836005899714
9855,0.0115453466573673
15179,0.00306354294520275
35667,0.00799517950991028
20825,0.474365488174491
15696,0.0111028192265217
3578,0.000493556587097689
9412,0.0068820892626064
38130,0.0301484039549302
36811,0.784466007344182
42378,0.332510506741876
34,0.00508908635507088
39756,0.103860857141809
37266,0.160898372909084
45151,0.898326924798744
31232,0.501346157204597
20379,0.0352856598123706
31015,0.0735892652987997
1664,0.00715012534158621
43383,0.805680904330583
11122,0.338420576240134
14843,0.00908987189706686
31725,0.0376589215369064
36376,0.0111669491907375
45109,0.175989515584138
918,0.00122848760289905
13117,0.0237524451744039
24110,0.249362189775067
22456,0.0333376380745344
34844,0.0136028158902028
24650,0.0866916635543611
25100,0.0345498681063052
42402,0.0797861077782113
13669,0.0571853680127043
41318,0.404166005436234
26747,0.334671772276158
42544,0.68830840186646
43303,0.421319323023705
37925,0.646779265566266
16767,0.0134719775563054
12658,0.0585966868356741
19822,0.0168639879019325
15183,0.428839623535513
40225,0.125313073501378
22981,0.0233796075427893
10650,0.0552496871300891
42206,0.141191741813839
24006,0.0116757477507988
36713,0.00222016876487281
44575,0.355995347634102
11491,0.0190637749396459
2505,0.00316337246732438
38984,0.0335962191038082
34115,0.0791846731311616
25333,0.0215852763660167
35219,0.293028017234343
18244,0.211632852131045
41238,0.468489031409566
21081,0.132062476329812
39120,0.0317299507495144
41371,0.0243508525504641
15182,0.00843484209064706
2034,0.200588981770289
6401,0.0159955187853908
36594,0.00323387593227369
15603,0.0133483173297612
9895,0.00828241808921033
2783,0.00460577816472014
28289,0.444539201206199
25458,0.107365358106511
17501,0.00464031611536045
37183,0.0144499921052761
22645,0.573254151064822
8743,0.00505944983690337
29506,0.128778083483429
6535,0.00297640443570442
41401,0.0719548278624894
40157,0.0664928339474222
3078,0.00173226657523409
40486,0.00680761969595368
38697,0.00466005618617326
34291,0.0500476542607559
35253,0.00357581651447085
40772,0.444264544984361
8055,0.0791760888460967
20035,0.230708340010843
16000,0.0146910501743016
24443,0.0251265652346887
28642,0.0156621534188938
31757,0.0934018470100221
33893,0.47662687833784
39765,0.294640182906684
5300,0.0336746589910448
4784,0.00463626167872431
30338,0.0212303024248072
4994,0.0426539245021282
15188,0.0123857621877453
7285,0.00150345318028166
42403,0.198669824909237
11772,0.0054029246086341
4156,0.000487607606879348
9963,0.0436866005726624
27451,0.00863021220107521
41237,0.045237396896249
24280,0.0311747755830328
34069,0.0369850585983216
27386,0.0524364451411352
28639,0.19493163966538
29428,0.0533190658436146
12473,0.00091224518017526
25719,0.054868801667488
14467,0.334033315304339
318,0.0173908906827273
24950,0.0109718839675596
8625,0.0140371897456183
16679,0.00244454005005842
1059,0.00413760706603928
23564,0.0152578980676915
21972,0.0143948471030779
11052,0.023236180947595
21093,0.0596729161865824
26812,0.0134442742871711
32525,0.0194155391760679
20274,0.0101347178563045
1141,0.337930439820196
14501,0.00422255933831501
44700,0.0259117331033618
2537,0.0020049407420653
39270,0.088815191180523
19351,0.0220252006040647
23275,0.0600619924668211
26934,0.0395127065530876
4996,0.00395771150727096
7474,0.00313998406233222
7373,0.00203957780347949
5121,0.257524790523373
11882,0.00298511308599255
41834,0.693765537129553
35033,0.0382034929045923
2125,0.00261957026326781
36547,0.136321217762542
4332,0.00220264429630688
21763,0.0108934029224661
39200,0.413504398006161
33857,0.114886237694781
8872,0.00443804685007003
30346,0.0683323353567577
21760,0.184040515002798
25227,0.0411125566090242
26827,0.492237901304607
25571,0.0146286999906704
23165,0.0103980555520353
5250,0.00505603863413591
28835,0.101837497280263
12417,0.00864981198440062
34885,0.00581118229727225
42319,0.0989229110370903
38625,0.00894454374870369
19979,0.0153362827788894
20350,0.0576115814560593
818,0.301509376935462
28398,0.0362821502002567
802,0.00127076316724405
38087,0.00595697762439812
11286,0.00248769591035987
7654,0.00421991288498219
34195,0.0173762641417016
29088,0.0387058780837728
19811,0.0369987849299611
12628,0.00122443319545551
25784,0.527438601415112
17191,0.0019064679834781
31227,0.54501448492839
12679,0.00663819962117553
11076,0.0128825675279964
34500,0.0949731786346843
44519,0.813136615276272
17592,0.00992558046068069
3848,0.0427236921081537
39772,0.158126743372959
42180,0.154584693121262
24915,0.0673304134913097
27374,0.0381321961927658
11816,0.00798668180685616
3070,0.00277165078388706
31980,0.400213840748577
39274,0.00259625428772015
25747,0.0115941444582679
37011,0.00973736133822009
15720,0.200639336204057
43472,0.806520643159972
24373,0.0224464838240756
36415,0.14567582987912
31208,0.401250777464062
43188,0.720718019898854
37955,0.137280352965317
11972,0.00659738398412758
4757,0.00203251357171161
2517,0.00536315444312681
19759,0.0295471008423088
39667,0.189539653152195
29431,0.128168440539244
24413,0.00625033749909249
39796,0.128441894810318
14255,0.010855417354489
8992,0.0178478379123292
25045,0.0919947955548458
10096,0.0176501887618182
34174,0.514747121069145
44033,0.552702789976505
20359,0.0137968088518993
1328,0.00356602516819408
31782,0.0961030699556138
18423,0.0032988294629753
34404,0.007660473031037
13082,0.0324449561676439
10196,0.00779297536405131
38491,0.00816134607046395
21268,0.0123325905036977
16881,0.00422130268116173
15391,0.0270897365265967
14296,0.0113653137225072
11008,0.0318492701894764
12508,0.00158147196484378
32567,0.0370788990114368
11981,0.00164268812911736
4841,0.0108041134492359
39202,0.292939063655408
38320,0.0585264888694294
13973,0.145515034148478
41296,0.372492754701835
10569,0.525215119290331
28109,0.439028133716942
16170,0.0443940995420133
32477,0.0600884234854853
2296,0.000572610609128653
30754,0.152857407747072
2861,0.00186757756112062
26077,0.0955599530282613
42320,0.186120840542873
6505,0.00295818538751872
8694,0.0109389909662835
27336,0.0458843341847964
3562,0.0131584488074241
31245,0.232661526098526
43310,0.559809844394288
3258,0.00111966974729099
22293,0.0275299083128461
6580,0.00198119410242047
30597,0.068356184495745
17830,0.00982614298265221
5251,0.00919866376786017
32712,0.0223416300075254
8971,0.0045945087148792
37564,0.00238766806287923
7918,0.00290923055549947
14869,0.0226475933505763
35817,0.0143337262648759
35629,0.0736416719922665
14044,0.064501331604701
19601,0.233219444754653
19486,0.064322318401772
41679,0.174802958188332
43581,0.0968630777613559
23223,0.0881773883940697
17288,0.00221167913536209
11043,0.10903498014581
8869,0.00277034558826393
6319,0.00262239733288098
6544,0.00401751564742651
6253,0.00564029208942491
28944,0.021797241141594
526,0.0125663776375969
36283,0.0224233755706544
35473,0.0040160657194309
27322,0.0422197761032456
22063,0.00913116406140284
23526,0.0329346667815321
17504,0.00988458076831682
25746,0.014172310249732
30145,0.0855116094656496
24019,0.0133182900477177
17464,0.00461190347560903
8808,0.017968680948532
14070,0.00463045053832347
16275,0.571953009742884
17932,0.00474905324793511
44874,0.283497150604859
34304,0.0364967953114202
1164,0.00997784076401566
37728,0.00480390003282325
30928,0.0398113213599719
6382,0.0741416871074856
10597,0.00982835824939037
23712,0.0188181879956892
32980,0.0531259778418168
2396,0.00884273189851204
18610,0.00440813006215007
37133,0.0134851737992437
654,0.0259994207583391
43617,0.0107159040459579
15557,0.00351158665891076
2210,0.125642793098595
31703,0.500621246232088
36053,0.108369776281151
4914,0.00138447820548049
43153,0.639415729706519
18237,0.00587287911093834
40492,0.0716821886649911
15755,0.128642018032923
2134,0.000993430497872826
13648,0.0124548355376717
10293,0.0194049053875154
460,0.00169247413882252
29366,0.00595915496082409
21882,0.059796890904339
13606,0.00729845870127662
14996,0.0074490313958864
11478,0.0478903010720969
34762,0.0966044397393879
38642,0.0075106156382457
26270,0.224700442306579
33704,0.116977919447189
37193,0.100681698194161
37004,0.00590480883452875
22970,0.0241767653165373
31431,0.577851972782786
41909,0.0794936609852276
36008,0.0219187527206186
15496,0.0083243877026145
21474,0.00772250423615228
26729,0.0151879533655608
30266,0.0210552852338761
2912,0.00076389694758573
18329,0.00114315243553974
27023,0.00932793816750626
18563,0.0217426243640562
10860,0.00324095965983983
26409,0.0159656865640451
33898,0.614247222955472
6700,0.00171354729186581
19380,0.243387411906442
20835,0.030827789965339
4685,0.00115241912518875
10947,0.39814234928104
20430,0.0270346510440441
1000,0.00862028112450605
13277,0.133733921147825
18644,0.0018426011013688
31479,0.371283265948468
29597,0.010423797191787
14202,0.0028152395858308
10887,0.0540855110158614
9880,0.0171104939879591
25555,0.0080061081280155
25075,0.0632850125572197
15819,0.143909819885289
3242,0.00418467678647237
18504,0.00718411146344365
14534,0.00449346276814763
11290,0.00470237829181998
19668,0.156039615379744
28466,0.0265274430000017
7839,0.0310978767858774
29122,0.0408804218088248
10950,0.108861905763738
14629,0.0185517308022202
10811,0.0035835861978672
24963,0.0294025519550473
3365,0.163631908834739
1122,0.246913730008129
34814,0.225030617928988
18932,0.0176433602598647
30026,0.0393103580067012
33516,0.217945823836338
28872,0.0191723800202935
23531,0.0144590215203405
12574,0.00550628938629957
27604,0.108417848915227
42325,0.0946256014324414
4920,0.00310500744415257
28873,0.456171901183455
24509,0.00871327504617073
34770,0.00566917530188334
13964,0.00783502319648163
11155,0.00617216861443188
5267,0.00870709982696984
28951,0.022967832144698
12197,0.00189221547201985
19012,0.0253766964555481
41680,0.440327727918097
36592,0.0184369777941211
21431,0.116385825365292
40713,0.0221625322803043
31702,0.118643956914876
17116,0.329891055748175
4726,0.151759814358855
345,0.000689252242195304
36653,0.0199331269775214
36209,0.0089416905630196
32142,0.14674385654351
15978,0.130112234825204
12092,0.0134877148491346
1445,0.000380314314879525
11017,0.00880549196382826
44045,0.00413949399469591
33869,0.544223698978188
9010,0.00367604208021161
7446,0.0092936775443751
25152,0.0206240373230341
22384,0.0948701274111667
20701,0.0287233042971921
4925,0.00255827773395723
14790,0.00921256701292907
19831,0.0167767098267339
24861,0.056041459963211
14448,0.767919663077743
42890,0.608694317504625
33965,0.292872379827755
27142,0.0642377462589164
43911,0.517519330056384
37958,0.166474605810504
27563,0.127473315149204
13501,0.0367657356733368
16725,0.742296416928235
19316,0.0360093459130923
13459,0.750685056031503
32009,0.0585221713627245
11716,0.352964699160416
36680,0.0230846945675257
42417,0.230526295291416
27863,0.0154680779190481
3387,0.00354068480065236
33265,0.0471543890774263
17485,0.0285429014472755
42507,0.0314740125654057
27106,0.396965153277577
44494,0.840433411723432
15184,0.0133418124098689
22649,0.0135285747348407
26534,0.402547627835867
35334,0.18962071110515
13752,0.00750409432141776
9101,0.00600251416916667
20593,0.0226431900950135
37941,0.833201157180868
4514,0.00439780618150826
4104,0.0361678224426127
24710,0.189284649561228
2904,0.00120220920923877
22071,0.0585917232431806
28171,0.0115162659967192
2024,0.00262251947358704
39859,0.339856889497605
8664,0.00877157541407227
8096,0.0051770354826911
44728,0.540053186739377
1064,0.00347651432491557
15852,0.00446002962603095
20296,0.0367389995058474
15115,0.00398728461125063
29583,0.223309879664526
42863,0.07123917924918
15643,0.373511120827509
311,0.00139913896040177
4992,0.148499997330563
16357,0.627646075756679
8746,0.485498015475397
40276,0.567341832848074
44434,0.41473206812371
28200,0.0301221564271728
13908,0.00759602958305507
20520,0.0434047119307359
1736,0.00884464385839266
852,0.0253567263496251
12286,0.0118481765001834
19309,0.0227629015010353
14802,0.0142047882114101
1853,0.00439879369454587
10931,0.00533548648205391
44827,0.374783303082125
26205,0.0124567002216751
21379,0.114509911274116
7025,0.00219785039122062
25322,0.029718324015616
31315,0.249766643030917
39845,0.0366054204977867
32036,0.20613134810794
10902,0.0239402026794618
11756,0.0246184397367098
15786,0.00324098827886012
7725,0.028526786308578
4209,0.000956182356566103
13526,0.00797615499367687
4125,0.0018682635059813
3433,0.179441354969423
29985,0.0960168438819336
11880,0.00295528738230049
18515,0.00729102833210044
9868,0.0226339299220024
40947,0.0161725030067929
7055,0.00490317529868699
19542,0.0134436534377362
14378,0.00390373264269909
10777,0.0183430616487122
42008,0.790683481755984
14621,0.00478052243895467
28136,0.0184150729355662
16333,0.0449160652012505
38378,0.0606050506889494
30355,0.0249872857210224
15208,0.0126330420025858
45125,0.582316107528307
42255,0.147070420701116
31826,0.147181864315264
16570,0.0306834400318999
20351,0.030934741044995
10056,0.00550399582593188
26532,0.0079270441189111
42959,0.89833529145071
38716,0.0135644805433534
41506,0.659061694768659
8670,0.026922599662173
34313,0.00800361296175619
27207,0.00465364074099591
8899,0.00754042441403759
33485,0.147159881708706
39107,0.137576009694733
27103,0.107305329322029
38319,0.00336675022780315
9374,0.0673818938586753
12433,0.0364484098079103
2810,0.00159367193734104
34349,0.00318408472934622
16888,0.00901569804792779
7721,0.00113088679348527
36974,0.016529245531781
29649,0.0181337831565392
42131,0.207672061725994
13375,0.0273700960958307
31339,0.923390138217425
15227,0.0057048779504123
8713,0.166985878707908
33953,0.175541169395337
33744,0.208789744064858
35214,0.442779562167968
42862,0.583552687636228
23444,0.014256985553204
26843,0.0117715419622148
24233,0.0139085945196339
10075,0.110130309883273
30059,0.518621077036838
44222,0.0312168247825284
21487,0.00483308020367849
30603,0.0318940550735042
38053,0.0373438808974952
19406,0.00725227936303186
18029,0.00604426697556095
24105,0.207159889552493
38916,0.00877881493766616
240,0.0143349440461397
24256,0.0577459032663727
37371,0.37271802627913
19898,0.027165070977284
8729,0.00469709238472702
34647,0.0137283482871584
6165,0.00335758159291985
1626,0.00209231971061154
36546,0.0290019884608268
4731,0.166667018271724
42587,0.155944009401743
44690,0.11481345721548
9933,0.0338975583816424
4064,0.00218005543805065
24746,0.0588209445090517
9613,0.316066024889972
31993,0.0877009425721057
30549,0.431215871063643
38867,0.0191835872102418
18531,0.0137495965486795
36153,0.00725009031390211
17007,0.00310721335152547
40398,0.02773407279706
6988,0.00115455550786618
1392,0.198116008658505
30427,0.337329544790406
5247,0.00338104245920578
1393,0.00656280590462693
36944,0.0465758771499742
33834,0.0824282757393005
38604,0.00521584414790458
21775,0.0641044668979587
2928,0.0374631378139712
9309,0.00719883257412031
36874,0.650493225034034
3120,0.00598317827023384
3065,0.000937959008209336
24610,0.057299633789268
24888,0.0324904956845652
4371,0.00357105583322832
13376,0.0660097920203632
28131,0.00399079527776855
31811,0.0783787958430473
25675,0.280570984703501
38865,0.0513939565929478
4281,0.000343804670983966
26941,0.0110788925580061
37070,0.75234525915163
29511,0.0922065728135575
17297,0.0020823385848854
32197,0.104674193441254
29195,0.804960555759987
21646,0.00769163265331127
41077,0.052906443908833
14926,0.00868775850247646
38954,0.00176088202523022
24401,0.00784678858220222
33878,0.508065800771735
27061,0.578156511646422
39238,0.0848339809379826
18754,0.00701408672564248
23866,0.00912517279549511
37036,0.635957168865778
6085,0.00172225202469909
114,0.00658388676156307
30587,0.0257723455884171
43859,0.428198051162049
23499,0.0181499068693636
23815,0.00640980782658084
4605,0.00307548202398698
37214,0.0519379188996726
21113,0.0472208706845529
23772,0.0510132827160669
18185,0.0111880599467083
42375,0.329031552120349
18315,0.00288855483256798
25712,0.00920084880470233
13868,0.418680251534571
10432,0.00438013253633039
14455,0.0119400385630039
39533,0.0151887955809526
31653,0.0211794721054516
41585,0.186919367124981
30412,0.0537788064664348
18590,0.0351779221804272
2421,0.149449835994029
24592,0.0165624495014328
39598,0.918594750343437
5969,0.00378343892091589
29809,0.0747040747548092
38664,0.00465813672579789
27353,0.151843265288701
31737,0.153624384992465
1875,0.00256348650245433
13767,0.11335307689653
25601,0.010396475146116
12237,0.00350191432270143
10607,0.012594738748871
39555,0.0216705054252345
8157,0.00625144400148908
39698,0.300839469020139
26754,0.0192917794759274
16870,0.00190733423478948
41810,0.410997111192204
3028,0.30954321217804
5902,0.109153889546831
38960,0.0187413643689258
44739,0.948117355212641
19914,0.0178637354828197
43103,0.860346924689545
29871,0.368487687731807
9636,0.00294813075607155
6430,0.104428052245375
35474,0.0270246035653636
42238,0.0942740745401308
24384,0.0142425041378414
30330,0.0614124185994318
18442,0.00534370203078784
31851,0.178463122432237
1969,0.00869459852648457
30451,0.0799367871772738
27609,0.0121362730543083
36131,0.112935602443458
40243,0.374780874708634
39445,0.0317815373960236
43283,0.630520343737984
10971,0.209311591076011
18620,0.00281739762042723
7794,0.0174175232312519
21559,0.0174992404746306
32750,0.10331596354593
25960,0.067819469626839
44000,0.00745924720776846
6590,0.00559195607459802
19466,0.0188726227669792
1138,0.00972626032842135
23825,0.0177234202088538
6050,0.00114839302557228
40523,0.698513215448928
35154,0.0655861851635377
40006,0.739344851092135
40670,0.2443321830285
490,0.00676104577130966
28252,0.0418041097483424
35331,0.0179953005487091
42617,0.0421526168047094
22087,0.0136895614109609
44921,0.496153942687802
44917,0.346647336088609
26570,0.14463912945752
32614,0.425168721435622
2954,0.00217081887321218
6680,0.00454291411025581
42668,0.185282294690688
34446,0.0213107298603791
18593,0.000868020669034476
28534,0.0194240024238185
9062,0.125402565528524
43488,0.704026426287754
39357,0.00286797265918749
6181,0.0021803388291969
42878,0.0897849835631065
39840,0.0577275402886949
14435,0.0201800180001739
24446,0.00794090345989166
32587,0.0265147208085361
17941,0.037750070479073
15493,0.0048164555236759
18714,0.00141553002916342
18725,0.0030220319511682
13270,0.0511364137216127
34968,0.211388526603449
39460,0.762991673928697
14850,0.0978065714528154
31139,0.118796399626816
39129,0.0109538241569038
7297,0.0172138733530849
19006,0.00645378372079701
6187,0.281217749207979
36489,0.00497138557611674
31868,0.0262276020971528
19324,0.0079964684816061
15005,0.00142158329891133
38346,0.0155559924035251
28056,0.0106766200586758
43879,0.46929674887004
15658,0.0394172150098474
22345,0.129138162776507
38757,0.014860390807735
38641,0.0035018023620758
26907,0.00644628072710263
41927,0.243850820596155
24624,0.0110474332887536
37425,0.0180163199883634
30661,0.0297902280985591
25099,0.0103783789514991
33596,0.0808124504592836
44842,0.0412972196722579
18209,0.0114324963190698
12135,0.00313848831121967
3534,0.00820678849724812
2717,0.0116391806451717
11597,0.321972466642789
32552,0.0880442919619989
17699,0.00813316226056318
6420,0.0238334536216086
10462,0.0320947203088993
26672,0.0838202422761686
35533,0.0501035334176863
18928,0.269199257749808
6517,0.0179342229890009
7320,0.00303005718913491
6941,0.00153390168427851
16696,0.00248294738956246
43059,0.95870665869272
23916,0.0235428150920779
25807,0.01823905957173
23102,0.00719310326165397
24542,0.012904516312298
5450,0.00399489609094323
14652,0.0104749767335966
11178,0.00440020380845581
20405,0.0192820530679178
20259,0.00688094269577007
32318,0.0260511617805376
9183,0.0710906001198823
8240,0.00790434333263784
43684,0.54849164215819
27767,0.0193373274941598
28868,0.146407622363974
5436,0.0168087451140039
30229,0.0151685905464679
21137,0.136598255478303
21296,0.0122021754479968
32805,0.201001477873338
23913,0.0105409182012181
33951,0.811463681332302
8205,0.00751574976996679
31303,0.536141584576847
27308,0.0509182245215303
11914,0.0129874977552839
15913,0.0113646931075008
11964,0.00137794647241758
26887,0.326077718272975
28990,0.152140191658728
7144,0.00285966525414427
2798,0.00482056637694087
41716,0.44873589396484
40089,0.0539774147729919
34158,0.744209223873124
36619,0.0630723085349448
4098,0.000250564942152961
10408,0.0570619395149172
13630,0.036827859322585
16077,0.0539474367587841
38781,0.00987107714581487
16093,0.420228684268711
43811,0.00775130498424992
32930,0.244578525000624
32631,0.041942579578203
34074,0.918286655795906
28588,0.019644186453434
13925,0.00712200639043464
6570,0.000952077933219454
4469,0.00110921571532418
8298,0.00294487533104569
23877,0.0269470930041848
15574,0.00831727921533337
13659,0.0355020309309323
17331,0.00102032705257642
1467,0.00464509047488173
30331,0.482300669616285
13679,0.00828332494808271
43104,0.703588164347854
23097,0.00264631946294664
29949,0.2322797679737
18053,0.0168725054900721
38372,0.00240067507386607
16567,0.0609193684764785
43046,0.308264842066594
18392,0.0261119941272326
10799,0.00350926724284067
41027,0.411088429671209
18207,0.0374655697927485
19802,0.0041888458184561
41398,0.355914398327848
8608,0.013290498531103
36270,0.0508067211221833
18356,0.00132613440658453
21302,0.0138944406606329
37982,0.0200596215268342
31938,0.322943851273098
19166,0.0202782467073518
38674,0.00634730897587575
21134,0.0319881068193147
39818,0.212716275671843
10937,0.0336106994840841
10006,0.0163985938595238
34268,0.0486219695319108
44091,0.0492990919625916
37735,0.0110341916446911
19446,0.816507186026898
36366,0.087027649333573
25055,0.0469286882767829
16734,0.672570915805008
12828,0.00410969601118894
32170,0.292888359963063
19769,0.0209568035810091
33892,0.313087229106248
5234,0.0207287186901192
38746,0.463944914387465
23832,0.043540480990013
15294,0.00362344062500762
35715,0.00495722900346151
28030,0.00974003040910693
26349,0.0158629341297917
6513,0.0403940565864721
13668,0.00643059858351704
27959,0.0153633197422281
22447,0.0305240055101958
20913,0.0135970075181392
5916,0.00291652873522911
32662,0.123206753933662
10042,0.00499503018170732
38144,0.187157273650551
27304,0.0854266166473808
17709,0.00563467592680542
26714,0.0147024991462743
38639,0.403012256488841
27417,0.0150216525251815
11018,0.00788402152248197
9215,0.0783746260469928
7486,0.0893624591710866
40267,0.260844478538123
38597,0.110471592847257
21354,0.0194751580462482
25255,0.0196221240497822
37504,0.0125497499507502
23946,0.00264330227752798
43294,0.674067183227165
43725,0.0039639745519767
13634,0.0428004430256539
13172,0.0115001521083171
33912,0.878967014402079
23041,0.0101069638760585
9175,0.0358244983194292
4181,0.00100543375472663
12673,0.00594608058145455
5233,0.00915186307751346
35827,0.011388933813575
35417,0.0201638997392079
19091,0.0666096281131027
15615,0.0967999639664175
32324,0.0533574888719269
30353,0.0440499183086069
19367,0.0145272444616588
37260,0.195752144515702
40991,0.022391302718112
4843,0.00131797847510902
24346,0.0042023483552539
4922,0.00370766387064876
28184,0.0317250021061471
3114,0.00151044550159196
2018,0.0143430941954975
18634,0.00755742241747133
18740,0.00121825491941033
34840,0.0202601802134839
43591,0.121627803333873
41934,0.358652388667091
6546,0.00624683071589888
36051,0.00213562077717145
22623,0.0502520132098506
38370,0.00540447071471672
39550,0.674485834412417
20601,0.0108025787116371
28981,0.0319845970727903
17006,0.00977852464852866
836,0.00351142007279899
28667,0.0103729731007287
7062,0.00513583160520605
26446,0.0681192336807042
35909,0.0182214087699207
43983,0.26298173656262
11561,0.00147682270615671
10984,0.00363402499900379
19883,0.013972870294238
1116,0.000392736603967495
13703,0.00949952493750887
19287,0.408415504431761
6743,0.000690248846260974
20794,0.0264702440690628
8965,0.0329690523388584
34886,0.164843720781212
21769,0.0243696149242783
22714,0.00835457457352807
40968,0.963871762372805
642,0.00103784043543474
7846,0.0122289504569088
43766,0.441828968720097
41357,0.00818354733396641
39566,0.136441916662944
20752,0.0925360540354086
16837,0.00325236285852436
8533,0.431226517808394
14594,0.0115510701710566
23476,0.0101308232217335
1803,0.0056750821845728
8178,0.0669433558285222
25022,0.124692694680575
31513,0.201845341450478
33627,0.0141033449677118
39414,0.0356440895365001
20355,0.0120951667214656
8112,0.0432115225459956
33241,0.147136558671248
18684,0.005967043796226
15838,0.023620109131464
29479,0.0643487423710162
44686,0.137213294028817
2456,0.00354426938821849
39056,0.106063145533461
31461,0.451963280323135
37301,0.182091653361782
33097,0.190593834381403
21663,0.00785227848614117
36581,0.210312960856388
29110,0.0792874177946705
35779,0.0141425511243953
20996,0.0220907486498268
18058,0.0326028242484546
13125,0.0123840222390755
6695,0.00719402563150204
5385,0.00273199780755224
9470,0.023227029429013
15207,0.0035517018787821
37625,0.0189323287634106
20851,0.176481860235015
25880,0.0192825137201773
14668,0.231975761561366
15730,0.00219197992049262
18095,0.00424114987492559
16917,0.0277753233244753
35230,0.00712472346170746
41143,0.0888907650531497
40052,0.112901158331568
22730,0.0242577054723007
25958,0.176742802670904
5355,0.00255978128444068
28566,0.0254778678127381
41797,0.707417248852548
32254,0.0768495696732261
33786,0.398927135391418
44059,0.472967742818858
35645,0.00441329848902677
43868,0.243052882214418
17304,0.00195049543863412
37465,0.01061027701774
37167,0.0261774197451017
22641,0.0289686736484005
36180,0.00439764446504225
25230,0.013335648091101
28175,0.032775625470224
36901,0.00957844985218831
25537,0.00780153924967076
3788,0.0216381070991164
25762,0.00852815098128676
32160,0.445387915685604
42630,0.461555504291578
42892,0.698562856285017
13893,0.527122660033711
29669,0.207694062743574
40633,0.0450371474322881
23135,0.0149868871458631
5987,0.032099108923929
38250,0.0596888331564359
13667,0.492057102843091
25461,0.0301748839977409
34741,0.13527688060529
21623,0.00656674272538391
22257,0.0199860682509314
7131,0.00139046446487806
40579,0.186005453449462
7653,0.183674921515105
5495,0.0364894835638508
33637,0.0351588311776554
11693,0.23706075814688
15428,0.0326449885086142
18919,0.0538179315028284
35740,0.043508329785049
12549,0.000613435867894227
17604,0.00480170288914677
44058,0.837779182856883
20587,0.0197546538972144
8028,0.00885901301948166
18050,0.0254574253283681
43968,0.97667254454821
32719,0.0441349060978179
6694,0.00127781356342205
4041,0.00262831243210518
1482,0.00606797176485648
40250,0.115934038209734
38577,0.00836197419251865
42877,0.1860706060223
22905,0.045027377605872
28116,0.00643529283098789
6189,0.00282651963267384
743,0.00323803103245994
14819,0.0205774975930412
21847,0.0168874076423318
21203,0.0192661409099415
20773,0.064465804777821
23283,0.0343811263897474
35500,0.0017665872515917
8431,0.024355249265517
39625,0.0496728572647773
39054,0.0201124600704718
12558,0.0013674229750132
1887,0.00577654657060966
40892,0.0244181561865614
42082,0.452264194461454
42215,0.598084931766334
38897,0.0788095872653675
36152,0.176265756287147
12966,0.0210609897162253
36716,0.0275888282748897
548,0.00626918038772446
34694,0.0193752069663196
22457,0.0173329907233382
7765,0.0348575662343479
9145,0.597392925287022
36689,0.00803487418798767
16166,0.00422436228498572
5983,0.00604947641014472
28751,0.0335868442965937
43447,0.322447958210126
44589,0.00262012876864113
3318,0.0168932423006345
42263,0.129751520645821
39356,0.021858438059053
41050,0.41733576419095
18219,0.0124748276237405
42439,0.375340519833135
19875,0.00624454174273322
20416,0.0193771393685953
39917,0.353382532866021
29906,0.210346967160133
12319,0.034348517324413
15761,0.0294166150839619
33521,0.00725611375248504
14439,0.0844343844430908
39452,0.108212484649369
28452,0.0348680942655591
20790,0.0228976809349545
2327,0.00601108825508146
26968,0.364711979102463
6356,0.00351748123923102
21612,0.0205269367881555
36220,0.00624547280439949
7457,0.000585587400736881
43276,0.57126829843646
17802,0.0053047082512654
12626,0.000591372043621783
3339,0.0262745090967583
2549,0.0504907282435286
41063,0.0423854860561391
10638,0.00962663546991445
33662,0.0517258870528259
19160,0.22224257854432
35204,0.00702470100621986
7629,0.0419574788612409
34497,0.0165552529780688
25971,0.0103581249999738
15345,0.0512520356987666
40319,0.0593976316970309
10164,0.00651593015506067
32079,0.0869351501665118
18339,0.00285519809340729
13805,0.0206004560467111
29825,0.0152251099407257
22111,0.0142729690326444
26382,0.0246978054140393
23509,0.00450927431168826
13440,0.337915188146613
41933,0.619509368456383
16114,0.00564409778909676
40104,0.462220615227661
41603,0.106638753102829
41131,0.0832228764883943
40007,0.555651584821447
34606,0.0376424161169484
23857,0.0903985733476127
4988,0.53789841554518
19830,0.00868026022147091
37993,0.00869262388980841
37877,0.026974576303677
23482,0.0334058305599497
655,0.0322930192019475
25679,0.0530493047376073
39365,0.0821203300336943
13856,0.0614742143307762
14174,0.0232508324577707
40100,0.142770975074068
3129,0.0334729522721427
20977,0.0822194180787401
34759,0.0193467055698107
39957,0.260544424435182
36289,0.0402839163620235
38807,0.0012062581238641
27962,0.00207499940696371
24637,0.0371177115331976
25360,0.102606732198015
33613,0.108265810416214
33454,0.146483196450471
20934,0.00948476452419766
18596,0.0168177307869288
29531,0.00617848616562361
8747,0.00577127568567096
31279,0.516246322886433
5570,0.00310149485195485
12944,0.0131590941027927
31798,0.198546127799776
19990,0.0141641923721574
9725,0.0105867549916711
37660,0.0365903600313244
13642,0.0607015196139802
36693,0.761677262611753
8577,0.00381256467696504
24433,0.0436364628113316
21475,0.378383712095729
1974,0.00244851474616329
2110,0.0232244840285078
20641,0.291043192570946
20548,0.01684968796805
3085,0.00824189031138801
23247,0.033140518388556
44746,0.751581171946417
21609,0.0566525764363294
44410,0.605858920392853
31369,0.455156347603716
12317,0.121609845974225
31263,0.0884990257312439
28205,0.00538186975133954
31366,0.346200183465324
39811,0.235386265256766
40305,0.411300679742089
8825,0.0189953859958139
5004,0.0566322209551825
23962,0.00516149449524022
32467,0.216010451092038
19577,0.0127729584045729
16322,0.0219116101983372
5915,0.00818584173955887
32152,0.690466983455965
19580,0.0070612385681459
25403,0.0228519305196347
31109,0.111469525557761
28781,0.0127298658974734
10867,0.00491115189453754
36560,0.770950448066225
37200,0.0340642211328342
28771,0.212499650301847
29289,0.180693990590963
31911,0.0212078161886313
9769,0.0927888274854252
126,0.00718226123071229
41378,0.685891682001542
16571,0.00751064155562105
44944,0.0118719195756969
8503,0.143378705293457
40289,0.103122062972868
2342,0.235073479791918
37071,0.0256873394736709
7366,0.00439128418957071
33724,0.0740655227411938
383,0.0120152011806164
34464,0.327397828808454
32911,0.0170176427329404
19403,0.0634599487448328
39934,0.0573517098812204
6715,0.0074330150965094
16836,0.0170397038268326
4295,0.00196369705278903
43286,0.765141854187592
40433,0.00532717322568456
30883,0.0167667801988006
16431,0.250300054178144
17254,0.0240853924964883
23412,0.0880836774264043
36354,0.0333222296955405
7947,0.00536920362694501
42907,0.0900765230482315
38847,0.0125726425261711
21864,0.0121647958314035
34900,0.222666035518175
35247,0.160465635694203
5070,0.00702503811209645
39744,0.0421315568178932
38187,0.00742962122080562
5075,0.00206862216673327
6557,0.0111972419883142
44276,0.144140054516808
5496,0.00289015066407777
38300,0.0778421324578653
30403,0.105851049010877
13389,0.00903053400924981
495,0.00373490560217173
9182,0.00548224491310376
17924,0.3077877659144
22126,0.0216213441046368
23785,0.0111920584558213
10630,0.134846388100597
20426,0.0219937301871366
29318,0.217229740832089
18286,0.708090456896427
44250,0.524280549562843
3001,0.00117931630859435
5597,0.0162476906716491
16566,0.00639143495810037
28912,0.0343795565057282
3766,0.00680647982677325
33999,0.726116047965385
8113,0.0104905177702818
15982,0.00302612013538728
28079,0.0134266080861864
12573,0.002039930520155
28656,0.0659097623903486
37280,0.201444515768965
44344,0.605712739545066
25041,0.00166710375118573
30943,0.00976834831919355
44360,0.0016139790254271
13665,0.00132601739910349
30682,0.0389336910870779
16925,0.00388043112662817
33387,0.0271819440256594
20161,0.0185069192129598
36858,0.016637543650636
32843,0.155170608193743
33413,0.152530767599422
3306,0.110117384481891
30856,0.0114539542457818
37830,0.00174582667970193
12199,0.00663276998953891
35989,0.129252146889774
40479,0.0214584000305534
26732,0.0138827511718539
38073,0.0187338660292326
17352,0.00225378361309419
24701,0.0053380121962004
24087,0.0927883281346348
7143,0.00388264399336318
9143,0.182588319762445
742,0.0151201296242091
38277,0.0188634905020401
22577,0.0157377056716052
41030,0.386611995085503
24721,0.00324477792652183
42098,0.0356875075850968
26368,0.203685205979603
13539,0.0274506755296492
12017,0.000668088032107486
9315,0.0200959592355501
39423,0.0467667731885137
36959,0.0587746790382007
24840,0.698083112649188
3401,0.00112106526984809
39068,0.0321310358562501
42043,0.463405090273727
1679,0.00196129137050697
5351,0.00466649493127022
42081,0.767123270938672
16800,0.00345705972231107
29704,0.166657580065992
18258,0.00349391552011916
29196,0.0994515024817975
43475,0.295956798941827
39062,0.0231739545380231
12470,0.000900316669419786
35401,0.00407824940256014
12260,0.139611610551031
26841,0.0207672891001809
255,0.0030820246361144
42852,0.847413574773836
37374,0.0190592849370206
39896,0.81471507103081
19552,0.0106137522242967
13794,0.0871496657655894
24136,0.00649665677415737
22196,0.0162492607581677
41479,0.12372933651669
310,0.00124472738463642
12361,0.00755924215272578
23926,0.035990926481539
23083,0.0669793079038478
12836,0.00290528071026371
16765,0.0166968071927095
25503,0.0734155123686728
23976,0.0052425550519384
42625,0.63827254189907
22349,0.0137479391059974
5744,0.0111358241678319
33578,0.040456679477738
43630,0.361178869579511
39852,0.0408709477174317
7841,0.00653186305958502
18079,0.00280842920572614
23355,0.014817289718464
30,0.0131051376498557
44368,0.323885503029505
27644,0.666331049818521
4030,0.00511059322398066
21920,0.00842663904879449
42679,0.103182662343069
829,0.00075833030886325
20249,0.0245423183269375
26258,0.00595558080026706
28177,0.0232997785169099
34677,0.00949755566763347
41188,0.489179703698127
12118,0.0268450268730409
8455,0.00537573249737827
3374,0.725972527413941
34860,0.042052527589793
35065,0.0587527974819578
17894,0.0039938474227434
14637,0.00769990231234462
10510,0.00741365132549015
29161,0.0161077654294205
33227,0.034085979955061
26477,0.0156991172617619
41483,0.924701167813779
8879,0.607629272288482
28275,0.649554880878483
20338,0.00696839124856025
42918,0.0943628387556147
32554,0.433245104750783
16273,0.00875513568478616
43245,0.789237486988057
28660,0.04497797154341
28005,0.0559706338640834
20647,0.0255786044257598
14682,0.00493391717049069
2482,0.00216322934311296
36086,0.428157266638966
16327,0.129121713870323
17896,0.0105480530297982
5889,0.273920229758504
35669,0.0221966230208797
2612,0.00570123374104381
33179,0.0607063577488644
17648,0.00221468221573996
7487,0.00320072981800249
12103,0.0294045236450166
28325,0.00827588966618746
37252,0.0260574120176997
30756,0.112494838207318
33774,0.619187396861119
2503,0.00486502594095628
44316,0.656822104807811
32470,0.126740458401465
18685,0.00500784287267846
27928,0.00704494566701312
6900,0.00109879101262479
42329,0.0424903404430031
23578,0.0166243549602487
12830,0.0256049954383476
10655,0.220424608517751
29711,0.175877579212734
5824,0.00418938342135469
27966,0.00829453145886201
108,0.000970087889123321
15421,0.0024907040695771
38338,0.0468312405083231
10594,0.760315639222627
16126,0.0794253277007984
18927,0.0620664571250092
42714,0.0357801993104821
43875,0.0744748443325733
44903,0.469425411318824
6064,0.00431278155002427
31754,0.524051646598195
21902,0.0136086333225842
23357,0.764987430062874
16354,0.00897629970309832
23719,0.00305357330213676
7336,0.000827753016164707
25404,0.0166264550780679
43228,0.604040353103961
39718,0.407359341761894
8340,0.00187745852537487
2426,0.0416844122487544
8015,0.114806643010509
16376,0.0143212301161061
28424,0.0775321654068466
29693,0.132520666237043
13940,0.0163240361363144
2558,0.00288504970040652
17157,0.00240523074939946
10369,0.0357444985323573
25597,0.0194208385138705
3653,0.0149966479736917
33972,0.638465978880953
629,0.00450073879462865
9082,0.12603685172123
1663,0.125716016899977
1268,0.00210557947837142
16192,0.0163687251936633
7353,0.00197009929321376
6921,0.00347556006679022
10542,0.026343118819601
22348,0.320205404723033
17774,0.00383537104068365
9344,0.0595100161141174
22632,0.0454607340109598
20242,0.00533234409630173
17628,0.000840251408204562
41381,0.247241631279956
21404,0.00637199110459994
32780,0.0208672233197241
14010,0.0117094926551997
3652,0.0389898898753419
33059,0.0347107126672175
12154,0.00312001194445257
26506,0.0321638425367166
7535,0.00319600215690276
44786,0.0250039373296103
7941,0.00199674897158341
34757,0.0241065368612184
3969,0.00750760494536333
6711,0.00843246466884918
40925,0.158748814454625
26317,0.0157774071730991
23956,0.00554509488856405
7956,0.00280580348062356
730,0.0050688856899493
1722,0.00329162600762997
24016,0.0543830592402356
44163,0.947717609085035
19607,0.0035203326503716
20387,0.624882444557584
37553,0.00192347809526496
9822,0.0374659059051087
12568,0.00350691643145042
20109,0.0129965752037249
9053,0.00785882784222027
36982,0.00645333921524687
29264,0.107707055871128
40589,0.399492114995137
40938,0.0147679032726159
6645,0.00374275864196853
43019,0.0570198348869211
28977,0.0156028982741772
28793,0.0287382444803281
31613,0.423012962863128
40662,0.0802266126157562
23164,0.0326824057484947
16181,0.08001738565529
34889,0.00578564437797206
17342,0.155616050901942
25636,0.0108270477041885
14382,0.211957229666406
3664,0.00302003470930205
27082,0.103259053517295
32153,0.568181444429777
16823,0.0333449103382794
22346,0.0144728826548681
8102,0.0147885994823463
4796,0.153659292173579
39740,0.0387397834688748
11255,0.709146015051222
17797,0.0310248218950036
22434,0.0680863430639046
9847,0.0404271088957933
13184,0.0101998901226889
8136,0.0349967772815738
19007,0.550164185061128
33861,0.0899931523535007
15059,0.546025503442887
15336,0.034275942604619
41827,0.484195468128302
21642,0.0229658565334582
36244,0.24388508002228
14726,0.00405447868121477
28547,0.0531663927383234
8876,0.150596182256139
7017,0.00799730851158639
37621,0.0577464722852376
42113,0.0262425220481077
29803,0.0501960996189294
15737,0.443825588939195
40833,0.0814866926507363
17423,0.00597750022939483
8688,0.0690404566341527
28359,0.501930123868321
30955,0.0447045623174779
41403,0.384649632106978
6451,0.0236649065857749
21315,0.01586670099179
36033,0.0051654615067831
6198,0.00604918376898453
17927,0.317335894603239
8717,0.081955552642794
25589,0.103473915182493
25715,0.126841094115119
15178,0.245015896205413
37112,0.0779265134997216
40547,0.0862534918952779
17899,0.0292488731213039
1608,0.00584472340419782
9899,0.021777828276021
14370,0.00212264999054514
1842,0.00566458066101486
4049,0.000424156405580953
27806,0.0459118320206038
34342,0.186518462558322
19233,0.0134244380674973
2602,0.0204530612555565
43912,0.197406801637583
41765,0.269233408291238
1971,0.0052885279682139
35099,0.0397033523805419
21251,0.0232718297151678
28203,0.0608961948587289
28708,0.0183117936171699
41918,0.95030803327333
16007,0.0628789174161681
15464,0.00829771022114732
16140,0.00886427818299027
18617,0.0018992475976956
39436,0.0258485982054129
37552,0.00223943604805527
13877,0.0501184211432257
31800,0.39248527745172
24895,0.0189447777692478
38507,0.155150200150256
3483,0.0469326841644337
292,0.147251912574902
3099,0.0344001381509421
7986,0.123734590277293
21837,0.0159457867547768
6200,0.00203423952228753
34740,0.011083633145709
2926,0.234803014370903
4152,0.0495525332232628
21277,0.00505270337836523
41736,0.223857186941472
1506,0.00300315871447752
25482,0.0520466537002319
39706,0.438262051831202
15363,0.0717379005096816
26797,0.00719416066561362
1860,0.00716021022027479
14906,0.232318434938984
2891,0.00115163469922356
37617,0.0134200173923557
37879,0.0620229688097116
37705,0.0119327140902706
5315,0.00986056176600548
15436,0.00542763981416953
6328,0.00519763374737755
13611,0.00598235453406124
41882,0.140821027386431
43361,0.653547028936899
1197,0.00662598920105461
4426,0.00959764099157796
32111,0.197411604504396
43240,0.458316108853933
39065,0.024962296681841
8890,0.53743670682037
44816,0.365522799438293
33125,0.25141816915976
29281,0.0819832703437918
8835,0.37302677613947
43130,0.179915225319265
5268,0.0222678067648084
812,0.00198546362992044
19030,0.0294590185887406
9559,0.0066440016257298
24988,0.0894880563437207
5879,0.00144217609988252
21726,0.022371678769011
15797,0.0450120182458907
6592,0.00206659433320339
33714,0.570214462215476
9718,0.671682781997925
37589,0.262508957284984
34215,0.00902727864356098
31727,0.509438331464568
31010,0.237896979682224
34911,0.0138693284069783
21362,0.0120101045283028
13381,0.353038584281719
16086,0.00746678883214791
15859,0.819050775145222
21207,0.0128075220943894
23266,0.767179027984948
32892,0.160183464329728
28564,0.00745313046063283
39522,0.503534500538529
13576,0.0228403097646738
6029,0.00190423455367106
11955,0.00244419622172049
25559,0.019848420096483
37145,0.0247270021895133
2246,0.00252149850623509
21678,0.00710113669556667
14788,0.00737845479143827
16348,0.0627451702347746
24236,0.00939199725380689
42155,0.826189398884486
7309,0.00149824934963882
4217,0.0107881624148619
22961,0.012221614041294
35733,0.539408853756135
34875,0.00564506423813918
27649,0.0291515939617635
2528,0.054892291141301
26851,0.0925512378194163
8381,0.0150512481988809
18032,0.00442150101686326
29243,0.104210440887569
40919,0.427733943762803
4874,0.00426164468225689
38860,0.030130556496309
15221,0.41097433722182
23952,0.00894561183372176
25390,0.214706946105367
39627,0.0251940473019032
45136,0.0247844596279988
27457,0.0131861955082727
45138,0.118200705758798
44023,0.0853316089675452
41194,0.0359851359796655
44631,0.751150464278297
34085,0.771305880661272
35046,0.0387964902782366
364,0.0113921433869502
25505,0.119564708251347
24662,0.0445339739063452
13271,0.16178653036326
9086,0.00406067664131374
21584,0.0144383981494316
34891,0.00440589538087222
458,0.0802540980692705
23518,0.0722488725952392
32094,0.216725099850454
25064,0.0128421299611556
25106,0.0445124705017921
40531,0.0908391434285741
20069,0.0139862398169743
13431,0.0141616922045962
26318,0.0175579255809858
31120,0.508488346138203
33459,0.111112579090805
31802,0.410559276738311
12278,0.0562550313801408
30447,0.0427701432061254
20148,0.0506876757278788
4556,0.00194504775741835
11345,0.00997812136919093
34408,0.01058386868865
8802,0.00367877538947396
38070,0.00951168208584301
22322,0.0190504388392651
16287,0.00869143337936852
38531,0.0247855510663758
30162,0.132118898608384
21684,0.0619172671413207
40484,0.0965424759937985
11752,0.0110577237294343
39070,0.0190648618857418
27418,0.0292764544195999
33281,0.0679580924690892
2595,0.00971510410828462
20093,0.0149681227803971
15534,0.0165786222978729
29566,0.159142855867936
8296,0.0130573479838568
13892,0.11595416993391
32694,0.13473645164347
7939,0.00517394454240953
28955,0.116960275960001
14286,0.0022634387865571
29748,0.698868428611196
28917,0.0596485175691574
23044,0.0239907960833262
22255,0.0151651549391944
43711,0.66777797144421
27416,0.266265595606712
27263,0.0194651323406575
28651,0.114277178571697
43114,0.452661601125478
34952,0.851039767230753
34299,0.0083193187029901
18208,0.00613684590299667
19725,0.0199181666113393
32820,0.0126054307284257
2839,0.00116528322440257
16707,0.00161800979566412
27212,0.0546128381301569
36212,0.0146749025560745
39534,0.0266942886677579
2089,0.00481113169264847
8803,0.0856199947641152
38935,0.367955450893795
17071,0.0372692188177277
9932,0.0742859276241111
5061,0.00348884908589454
42012,0.114600314119852
16647,0.0132922944949232
11320,0.235782168476305
44041,0.340972177298153
37338,0.101363071482328
44858,0.938290492523866
26662,0.0159840979957977
817,0.00165250919697658
13321,0.00358240006779656
15721,0.416726471475645
13353,0.00897844353001633
31587,0.169022983957689
15013,0.0129477455124222
42817,0.0100165173618442
13319,0.0105354763519741
1037,0.00319117989429746
21400,0.0186730214361089
44638,0.65943720130363
15757,0.00187004374029881
444,0.0178770445762859
4266,0.0143166650714604
3710,0.0953255932087253
4036,0.189598480452323
12316,0.0167395722671724
36769,0.0786799908684488
29267,0.339866244075987
7267,0.00141414187529714
41521,0.795907397932733
4650,0.0173773720201529
25743,0.0133045540504431
22594,0.00997279060835307
33655,0.0102902303460308
7903,0.00141287242589322
32673,0.0105711422034507
32671,0.223289141836372
6436,0.00381528441499314
34515,0.0330647914973591
32387,0.0255642446352601
32414,0.107342644916715
3585,0.0129978098180248
17615,0.25467712791162
24765,0.0210437805157877
11750,0.0504497750339712
17734,0.00361573711084336
28220,0.00651024303253157
10087,0.0125813568019225
11743,0.00768093669585662
34830,0.0188497943134622
14457,0.0723905634800689
27674,0.0130803703590226
16489,0.00985012088508513
43578,0.199520155172102
12976,0.00356158676862001
44238,0.208509674801832
6793,0.0051194994312683
5929,0.120386283660409
7612,0.384715644432786
377,0.00630315867877324
44181,0.0532312620549141
21176,0.0223178487215324
5296,0.0340701086288347
14814,0.0699722633278519
3613,0.0170218142792545
6293,0.00854450433011348
34162,0.285680369158553
27665,0.0061958667999587
28615,0.00758610189473738
28999,0.0352213352112162
25113,0.0343488373449634
7402,0.0052180826186226
38158,0.00288053467054871
4370,0.00044876166337628
16146,0.593844459267771
5489,0.00129292056555968
17834,0.00282979622723668
22294,0.0424792041377285
42828,0.589379178642635
38587,0.0129645412408661
20279,0.174520792947607
4575,0.00142347503988117
36387,0.0138873936308263
18500,0.00335388976013446
19800,0.0702482983138732
23309,0.0171011834588768
28089,0.0355591109747639
34715,0.0319650201315998
28666,0.0864334113457227
9222,0.00524454812246185
9576,0.100292096522247
343,0.00283210062356169
42532,0.421367842481403
11921,0.00205510645943155
16351,0.0201497690808877
35374,0.138198708588307
28367,0.00708088191412522
45024,0.320226707712947
4917,0.227345774975423
28323,0.130046877339397
42250,0.103343176696076
34075,0.199948406707741
421,0.0553393273402495
37710,0.0170053914543376
29414,0.116927907692294
21038,0.0930931336997718
13749,0.0268107533722882
553,0.0208338550710003
44264,0.753817674842009
14472,0.0559294506952325
1243,0.000989312881980913
43364,0.662816690049427
13478,0.0411709741666112
45016,0.646156783709461
43032,0.55532823602225
3579,0.0646716778298034
5499,0.00275039349690778
20227,0.0206417504924554
44020,0.457020216560892
44155,0.197779881072377
2816,0.00655021979926693
13943,0.15578250407902
4003,0.00221920349858642
27795,0.0286328712025571
1682,0.00497497153545903
20092,0.0238619641777051
874,0.000774963295416521
12344,0.222657726347296
8391,0.0025601688620021
42391,0.399238173635777
15510,0.0211479445590031
25792,0.0142617003456111
36133,0.250868478447426
31287,0.394219999631214
15288,0.296806591316119
10360,0.072994745944657
10305,0.0152057419686887
6615,0.000801175415190429
13455,0.0309021529620094
22923,0.0156016926644911
29626,0.0498431550963659
27482,0.0305588992584835
35257,0.169737910754365
6140,0.00194327596399933
38268,0.0042165880022457
7863,0.00168557525846694
3654,0.00221639329559073
30067,0.0371964974165881
120,0.00248949425814722
23061,0.220832507315591
41115,0.0783758186786269
9921,0.0240096288473589
8754,0.12023701448551
26060,0.227061653360055
15117,0.00370561826422418
42132,0.126893476083597
9235,0.00469820476504385
41202,0.37731173744302
18382,0.0065797215003738
9572,0.00603434559717033
7631,0.0113191130911064
3227,0.0110656528100569
20979,0.014786950562984
33855,0.409035029669499
32936,0.0441232398528107
24106,0.237456601376017
21095,0.0166137991665987
2870,0.00138111228453796
18893,0.0143018460835825
26738,0.0355199566218731
21393,0.00956825816068929
10894,0.0169560597430423
33416,0.03270099551071
38431,0.00689157455705984
30537,0.089075496222859
29072,0.139519832367933
33978,0.110079601044783
6073,0.00718960784165089
7448,0.00337813033646931
23039,0.0211067556504589
2815,0.00149468133818556
27450,0.0543047592635709
3419,0.000937401193147483
34547,0.0124996694217299
38175,0.022352352590953
25117,0.0216420216882919
45211,0.0615700907182413
37602,0.713981908348344
31487,0.442726340458772
30972,0.138026777923229
4171,0.00605182561508985
36679,0.475397619164631
2338,0.00357529471668194
30917,0.0221106117388937
5138,0.201239668905364
26129,0.0150087355720488
31230,0.334843991823363
5668,0.057557335393243
3101,0.0200849830306923
31097,0.09044718835608
27072,0.0748686426098808
35133,0.00304796053893024
23620,0.390085532600115
21732,0.00669192998096681
38601,0.014514496983553
13294,0.00608509277142996
31768,0.0295679813350353
9611,0.00263741654708562
44197,0.674340491269369
3044,0.00480102560595504
28349,0.78719888460658
42286,0.235754229208324
28180,0.00754280948342844
25440,0.428537061524733
40444,0.0406966924594585
10458,0.144900928324907
5610,0.001367061976873
34616,0.00535368866165153
38745,0.0118237805095744
35097,0.294944435619061
16337,0.155951082990931
25561,0.0428178999206967
6409,0.00534251096520861
10580,0.0376030990166236
34146,0.440259734296051
25924,0.00607865559628723
43409,0.516965354486137
35982,0.0877336930473347
34992,0.769519993010862
14502,0.00369412701231777
30711,0.017084339873487
5797,0.00714153936669414
15618,0.00338899859214041
14113,0.00187024671746522
17424,0.00169931728263638
12486,0.4919580757371
34572,0.0102731744238274
35651,0.00905436147322073
22241,0.00501285521248732
228,0.00112406278067321
22836,0.0280051945312624
16754,0.00635910549513521
31654,0.113235541667363
12398,0.104780953109571
4616,0.0113747724408528
3097,0.0345296950385517
12868,0.00730981257248165
11794,0.0847644184614699
41775,0.628512407901824
14173,0.00291453489067788
36781,0.226534723489316
17206,0.00953650496989627
40600,0.237448981619597
3743,0.00395602792961662
2872,0.00585112934807016
43929,0.47732284397793
1403,0.00132865141506952
34561,0.00994277160834655
19777,0.00757442364525893
6987,0.657936532583132
9040,0.0104549524389457
23788,0.00373580470497494
22416,0.0171759685048787
7837,0.0131599418260528
36586,0.0192857941034287
8417,0.0147488095276627
5786,0.00708244081884813
44445,0.514924880439894
11244,0.0120994599962206
15589,0.101791229884231
29182,0.0131485201352625
36817,0.0341670076319334
27490,0.0118416793381438
41495,0.658421072417071
20672,0.0149534535754453
15187,0.0289088418247393
18862,0.0132669668562189
21699,0.00658141791655053
20604,0.401627473008271
20886,0.205394300673114
26767,0.01909059731078
29472,0.0242141452684942
21519,0.0244250350255404
3747,0.0163744212258727
9150,0.00671961630196034
872,0.036283635875557
11684,0.0045676657478662
24621,0.0998137494296267
22636,0.271201573384631
12762,0.00207021348011201
4511,0.126830218016828
4555,0.000823483710090615
28595,0.0160398293746703
8629,0.462816697677453
30825,0.0173264488421475
44865,0.434249971185228
34372,0.315635024661472
9527,0.00320535371228738
5506,0.04053122264243
3126,0.000687440433006841
18238,0.00418346332485235
14646,0.664256060511033
44470,0.798548186679365
9760,0.0109719665388631
28605,0.125097081163762
25936,0.112373083159763
9622,0.0219136549821728
37603,0.0156636765785505
38304,0.01459101611269
25849,0.0277220827098546
36834,0.305789086366226
19832,0.0413471295438461
22186,0.124673662299458
36030,0.00290619977401866
41983,0.526632861025757
22038,0.358953323534923
12384,0.0953950200280954
31659,0.132645280744943
41720,0.289406490482203
42380,0.482478903392857
5295,0.00826632510495947
12987,0.233779836302613
15606,0.166558661238157
29875,0.0532660529384401
6634,0.00837052425088984
33263,0.196904433675124
23614,0.0169003929985074
2944,0.00238930652223929
12950,0.015953281189522
37290,0.0157743501644238
7626,0.00166354340629947
16682,0.00226517581888698
35525,0.0222920181661725
42594,0.000660250543601076
30713,0.0386588818733041
14076,0.00470220235871695
23589,0.00955722149849785
26864,0.333871284720857
1004,0.00183886397712143
14040,0.0370118049827439
22916,0.028837825496526
17305,0.0214706729230427
36057,0.0178163187237557
13174,0.0184300218337459
15443,0.0137904185928392
5307,0.0221188327521119
8359,0.0108422162165429
18460,0.0034446016238738
43648,0.393091585592055
42271,0.554168869014517
32902,0.0410337524087587
31327,0.337697577655232
32808,0.10575882351708
11467,0.00531997463112135
31554,0.300476998953477
14013,0.0233818384255946
28196,0.0426829789566046
20510,0.322793364200254
33165,0.0469951537435871
24555,0.0129023979064
759,0.00283895393998589
7633,0.185782910903181
21337,0.00417079338191705
36067,0.0179107047167585
36738,0.0135466257156748
29037,0.531614664765052
7481,0.359242781717686
19294,0.0102935346697488
33440,0.0125513253820549
34441,0.00440286881805807
17265,0.00579847884483073
7637,0.0076735028641895
32228,0.054430375470329
30769,0.0552898245414518
8172,0.00891167269387595
19341,0.192569854382476
18170,0.0179292730189684
4626,0.0083096710695807
33967,0.318272787867333
6603,0.0176622549652502
8817,0.0378361133857514
5737,0.00626183612739556
43979,0.0940799763356609
29791,0.0137723440479184
42318,0.073624184972815
35658,0.0114564781042164
5522,0.00387821531736783
17478,0.0750299586284835
30002,0.133661439560506
44911,0.825486436116536
23020,0.112000111465518
40487,0.15539876365968
13832,0.256999938396511
43971,0.89442460638521
6861,0.00472181445212529
6930,0.00329266552133856
18158,0.00980489937913798
29902,0.0235280892665059
1611,0.00356375991837106
39642,0.0331167999001598
34123,0.484640569378187
20097,0.0360066879344534
30545,0.0557374418470716
22078,0.0104540346144676
33940,0.124291006903429
45149,0.452376461874236
43978,0.148368732519964
12169,0.00252705374652134
10716,0.0214278730279729
31867,0.556019363891412
26982,0.0438139775075272
5093,0.00212314982198428
44548,0.71744163665366
33432,0.0810671184246591
30896,0.0468973778195953
12592,0.0303758685498049
30432,0.0815012227949035
24406,0.00284440690292223
26215,0.134444451635647
3672,0.00324580070094383
40386,0.157902112334304
25451,0.00982902486171068
9624,0.00999248013632248
14148,0.00672475982646999
5360,0.000621614418403171
6750,0.0551432956574025
26861,0.0341107500099903
39773,0.167301429369213
28565,0.00771569174739435
13898,0.00303098505517183
14846,0.0272243075913794
6875,0.268126280139388
38094,0.0296074870654535
17343,0.00146165791211048
877,0.00161523776226886
41620,0.240664664499934
28678,0.0284250321108971
14038,0.012768521294818
43892,0.363372356639655
30632,0.0368684851690313
19747,0.0199301101663955
35652,0.0201684477695262
13836,0.0182305074876644
8739,0.0801390335805502
36143,0.0524100961812617
31783,0.031986856197588
40407,0.125830777055986
33029,0.0117764024510341
12634,0.0173736810742924
30049,0.0788764081984526
2893,0.0430924574892809
35813,0.0112276202640986
24395,0.0144599561745658
30442,0.207826712325913
24761,0.0187604713703155
41748,0.793130936427246
39655,0.682541699653251
28903,0.251389612726661
42247,0.375607225891563
6236,0.0435181514700687
4317,0.0139117504385634
22827,0.0117274813294904
3196,0.0149432840579174
12873,0.726108883403512
16358,0.0100821941583373
6162,0.00526948153627836
9978,0.0203642658001434
25975,0.0491854058783022
11161,0.125292854725304
29943,0.273357852497508
7311,0.00280557763672782
24447,0.245259874328139
7203,0.0021658093979769
38759,0.00138324163660755
18349,0.00261505723921059
43674,0.274300819498559
21948,0.0107256177698476
7190,0.0718560798263401
26910,0.0981878993941624
8462,0.00165389257128493
14358,0.0214422556925302
27562,0.0617850145818663
31218,0.305015604408723
21527,0.0123101031742817
26927,0.254596547481965
6256,0.00550894849776626
40747,0.0668902693893224
26495,0.03113625156912
17666,0.00208495494864424
35243,0.020678692434881
31825,0.0597587795163209
37963,0.0187973762974383
898,0.193022054430098
25580,0.0281961668862863
1658,0.00114947535687247
31647,0.0484698173058509
33468,0.0664483353892242
22817,0.180508070939145
16133,0.0130258260778754
11976,0.00423913145103316
33767,0.296991394304242
38446,0.0204705869749167
35949,0.0136635392054209
31637,0.0738588241155388
45042,0.186761447392853
7253,0.309118292944214
31812,0.257009966221289
16916,0.021407497724978
3992,0.0107788115584729
1948,0.00107205026366893
42729,0.0267627264452993
153,0.637510275140786
2542,0.0351215942497909
17467,0.0086154062806511
22716,0.0234234577863137
7950,0.00181140732699038
41625,0.737907868723611
11453,0.263968127717794
40726,0.784461985987093
97,0.0165980393944546
5606,0.00226348178815052
14917,0.0045526449928648
41105,0.0997646784252022
6547,0.00231715257970217
41631,0.562875157106643
4613,0.0117286694999784
18168,0.0177612281514621
44673,0.202422122368507
25704,0.334085149415336
7533,0.00319684360307656
22566,0.638211216323107
24451,0.00862995716393309
33657,0.0178891480115058
9277,0.00391574295691191
1666,0.0396211833751775
17723,0.009387359742146
32561,0.24420787693283
1427,0.0295156533848599
41669,0.259306457583791
19322,0.101806849403885
21555,0.00465974080073516
29596,0.0770686301192866
29890,0.029181470809049
9640,0.00130539321190512
39985,0.110112933040971
42704,0.801586216748654
327,0.00496433113252693
44854,0.504117321989232
29848,0.075775573590658
32915,0.0446753915421657
15874,0.00401042177954905
29096,0.052632142540835
11576,0.00324731296277891
6991,0.00536296431886725
17596,0.00220966120945981
42021,0.182146597535837
12355,0.261502380119851
34557,0.0277088358442264
34731,0.00187729325796037
6532,0.0291951273686048
18162,0.483444400067849
37767,0.00413046538828185
24750,0.0135007565838714
22758,0.020451110458567
24040,0.059621711478646
29402,0.0382631061222806
1906,0.00206693515390504
41681,0.540559260070322
28788,0.0188456302748679
38646,0.00977387543201582
16527,0.0108920145929273
10868,0.00565352530909982
37894,0.0107728013903537
30988,0.0779888068136381
41535,0.602259046504924
10244,0.0134591926058126
19013,0.0111810550207746
25501,0.0152220220346293
3957,0.0304006442677878
15630,0.0122497617783362
2969,0.000694939332158504
15016,0.00153212665231852
4101,0.00099474622755169
19279,0.0436970021877671
40425,0.0204551343487254
15660,0.514548942135477
31067,0.0870909564755681
15287,0.150786452351477
38415,0.0204332713770337
40559,0.0113815946399456
7933,0.0237782804567607
43744,0.0501864633128625
38810,0.00269347762122492
3806,0.00463272638047702
28857,0.00826576933952445
12175,0.00293588258540184
4799,0.00168351199710494
26782,0.0469575828760967
7111,0.00294870676857462
32457,0.165304930287158
41411,0.870312873668705
10676,0.00150677813053101
31152,0.367416653656303
35701,0.00659410585417367
39620,0.166372286904415
37847,0.00175471568347621
14550,0.0396659410158863
24450,0.0110181349565695
23046,0.0392740657406523
29259,0.0607425072335767
4324,0.00139703677288503
41127,0.203805955669847
36123,0.0417804275996429
20115,0.0092451318718095
38627,0.00422416316592631
36164,0.0457554351913751
40334,0.0193995629060693
42316,0.195794317319781
19812,0.0143180252564832
24325,0.10770309459508
16293,0.0387827577089517
37914,0.0131667587646495
9064,0.00894502689499817
2706,0.00260459615652826
26289,0.00921576765103219
13477,0.014789881987981
37517,0.0082360310053478
16238,0.00779223718926295
18554,0.0145801052584492
21448,0.0225327478755796
27787,0.0355905896774991
22664,0.0389897366817987
28242,0.24043561274106
1749,0.0106357628100719
30126,0.225586841189452
535,0.00782287307665192
6267,0.178558342901964
24535,0.0360968948336452
23724,0.00862600783662148
2707,0.00162104025728273
44846,0.241189812825441
15368,0.008320859564357
17920,0.36240759718421
466,0.00346386552543751
42667,0.203576351997158
11324,0.0105566925792256
38283,0.00599536406745157
33379,0.0287935698270361
3531,0.0149743879071674
38023,0.0109642192616157
34959,0.163286370778734
28018,0.0108496720742706
31415,0.915281301146208
33435,0.14254344609205
21526,0.00654506432705171
811,0.00207153999164458
32735,0.16512176477249
29468,0.182989465728859
27138,0.00978617498096764
28901,0.0500293897508893
8495,0.0772091623559765
18787,0.00220700434908508
19433,0.00977444258574599
425,0.0042236481098634
28190,0.297716059486625
43517,0.751952392480204
945,0.00359498961729632
28012,0.0120083546939698
1889,0.026835060415098
38366,0.120266293203192
3249,0.0129136812133243
10921,0.00456829480822049
31365,0.346242045642963
10551,0.0108209443833324
22802,0.0146935779598635
22350,0.00801333892650805
23142,0.0839155792080448
42089,0.198820133142087
34161,0.918076048844546
19191,0.0116382410692202
3758,0.00432480258405955
17683,0.00277735681528412
12358,0.12568023600682
37647,0.074472834881982
1585,0.015968424461974
36146,0.00695483930784089
30973,0.201782373383403
23681,0.00821490555413535
4479,0.00680403207479606
28646,0.456563648379996
42198,0.814287294965932
4618,0.00717952638386755
4187,0.00259791479812911
1051,0.00300047599767117
17187,0.00242333010273109
25481,0.00654723108512266
42752,0.0470713838114658
32518,0.175134847223204
7383,0.00461793240156239
21076,0.0137033171646406
20813,0.0406909322574411
21131,0.0250002906676842
19643,0.0135792526861608
30472,0.150423054623424
31766,0.658574271323145
18475,0.0037804525957222
32539,0.106640901505293
10823,0.0248059182667882
11555,0.0386926600518432
16902,0.48316807843537
12590,0.000467053290809647
28086,0.0103874001260974
15284,0.00310961922556047
17290,0.00430242786419689
32829,0.192379703978921
44809,0.273756420994615
21133,0.00719972183962632
26457,0.0571361414819977
5494,0.00819055442075875
19688,0.000669695472065953
26173,0.00734248466195055
17560,0.00113799116219988
18169,0.0518355436958509
16485,0.00874867605202232
35680,0.00920299423923117
7073,0.00221523051976869
26481,0.18197331408915
36787,0.0196569915155332
13038,0.188448965417925
5999,0.00268402356392804
26629,0.0146697901947702
13394,0.0209243756130289
14830,0.133848698716742
10832,0.00528888029061733
37136,0.00316988578965569
36027,0.00233269428434983
42957,0.840706298784145
28110,0.0215190306754549
31349,0.559440831376337
14357,0.0694506025571801
27615,0.0675587874444714
1398,0.0210579923273978
15357,0.0128655601802174
23138,0.0175222409628165
35061,0.00330917246894128
1385,0.00104341088825457
4454,0.109274332970493
38803,0.00190569951903985
44670,0.493723326535074
10189,0.0136650685540804
27395,0.0154896734197016
26299,0.0351979087115806
28663,0.0174468481303581
40312,0.261069372766023
28060,0.13122785439098
41542,0.17425109314951
10717,0.111087745485361
28993,0.0177780726814575
31457,0.625098503121085
868,0.00386118354701316
1539,0.0010072373739341
41356,0.051151482404098
15649,0.00302540077185659
4298,0.00130573734886142
11045,0.00524482739879009
6469,0.0521145035518301
23480,0.0109941649874711
7257,0.00446485841803925
21256,0.00985500527096055
32282,0.535261296573885
8204,0.0183534684899375
38489,0.0235311161235145
15401,0.0308719214677575
34478,0.0123659282336841
11962,0.000585097738366935
37936,0.0262434981038323
27822,0.166338892004534
10145,0.0039780784881013
18218,0.060084063699721
24227,0.0033944980716442
28973,0.0622609671064769
9045,0.643579691863266
36940,0.0133211187230274
15517,0.00220202144356579
823,0.00603131804478465
29577,0.0545148162089843
43691,0.58054706302694
22353,0.376703158999122
42845,0.157723797234705
41052,0.0896279625590197
42785,0.587689399357521
38591,0.6959657656775
34082,0.735742695759386
16055,0.420520135911614
12210,0.0021119812403662
40097,0.520011453070789
29451,0.111405954384982
6395,0.00314876487089656
6650,0.00384504093441604
3681,0.00206528338404025
21311,0.00455829842589913
25966,0.159528266159871
18773,0.140723889655363
13895,0.0904800960477708
40117,0.0800887442610867
28711,0.573557661139767
29094,0.0366974479894773
14417,0.00484425535866551
30423,0.03099742093303
39724,0.0932653402610076
43102,0.014037606626545
44374,0.148351367013079
1647,0.0864077875202072
37139,0.0185429997547497
39095,0.151061239238144
9406,0.00530828927676135
21973,0.00484864880506103
713,0.000963780761646324
28440,0.00416672509846419
39660,0.0682979074795038
21188,0.105454971472153
16695,0.00631477662588761
23872,0.0137373605147946
32119,0.18887491350052
10791,0.0300394714388355
7579,0.00056276968636739
2300,0.0026364546511731
28715,0.0169469051758589
38907,0.0099318739626525
16992,0.169769675900012
34833,0.3026861901328
31559,0.133933374007318
17351,0.00435055233379007
44127,0.00115354797051594
33370,0.0133706735623885
1099,0.000838212354669915
16180,0.692052997921118
22733,0.0108769681115056
16659,0.00677525736057912
32184,0.543064516924976
10441,0.247253947490588
17594,0.00606021694962508
36126,0.0441317079392423
29227,0.0511033851694232
7332,0.00477904786937578
11136,0.00944148158816776
27808,0.103376873141035
11314,0.00308533584768031
10133,0.0380725372787482
42539,0.51486633514977
22077,0.0357966901661651
30942,0.0675617410287693
35248,0.0172625931077356
35726,0.0102615589472884
40723,0.11504120194551
6926,0.0043711794186984
23163,0.036193148170821
32597,0.207094635745567
8275,0.0563336573725362
8091,0.0054056230407335
34661,0.0954832986935855
4979,0.0164364469078251
37678,0.028077895177651
38773,0.00828561003579758
22544,0.0489234384581351
24517,0.0465993409276606
9019,0.00896642439712476
25691,0.00772407049972668
23740,0.0120981781338971
38065,0.0257410068985348
40707,0.452053703417636
31961,0.782298794129491
13715,0.0648354869473097
1295,0.00373184788313097
10786,0.0167627654172788
36018,0.0109172733360882
7206,0.00873898464226678
19570,0.00984216123592963
11272,0.0063889383681567
44709,0.167919091024584
21762,0.0118072203304844
45025,0.207645604996579
15429,0.0116267494470414
40176,0.506449235855052
28870,0.00996251081588632
9485,0.041677470912375
32695,0.0212045186266517
26241,0.00876621931781762
34001,0.490277016954733
28629,0.0261244715555968
34835,0.592002511010882
11886,0.0024754326931045
10778,0.00578435895029524
15015,0.00244734495695355
40480,0.0857912391045277
7988,0.00399191286071763
42033,0.24799266724349
13990,0.051847508201028
30907,0.098861796604577
41784,0.0854272147767216
42762,0.204620984504517
36973,0.00563611940675245
39982,0.164739213154183
14705,0.00422213745093789
28747,0.0675202779554366
12045,0.00537061373138682
36855,0.0225017054357808
18090,0.00348128604380057
15324,0.00303718708011747
38190,0.0554866842882111
30837,0.0122704275310868
999,0.349519439780824
9245,0.339518767980096
36831,0.0189714707663911
29496,0.0849883230778056
6277,0.00779178108939607
36884,0.0728785930306586
39203,0.00369367408246809
37075,0.0292745734458679
33384,0.0306569739190287
21626,0.00383015445837004
25575,0.271663143822561
22252,0.00817372824234038
36951,0.178864858989506
4461,0.0122810546147015
6238,0.0097031880383348
27900,0.0167834053683973
32620,0.0631988943059428
3003,0.0146086124960492
6114,0.00379222744092101
40164,0.640199790431081
15176,0.560943121025754
42517,0.517245730076446
42603,0.546810268585034
34869,0.0400635662729535
41915,0.784874448239544
13481,0.24824459343358
13340,0.0268895420943018
8019,0.00734436390201883
42886,0.118117871634314
22088,0.638180839348924
25116,0.0178836228153229
12677,0.00244949488443234
36812,0.638889218825393
6380,0.00328911286161279
41448,0.0869499043847243
5579,0.00191815558901413
28979,0.0400318034481695
15785,0.00235117414228528
25162,0.00952225280335043
7743,0.00678192628271859
14572,0.00514495895618017
5030,0.0100655993963232
45137,0.00151282327800315
5253,0.00356114091792201
9887,0.0050098541406859
19571,0.00360572478259454
36221,0.00360545682177733
23516,0.00567553364792066
23194,0.0221958148033381
5859,0.042780006016296
21504,0.00696021354478683
2566,0.00105559945430674
26191,0.775801994679929
21851,0.0175291602591208
4265,0.000671430296132127
6834,0.00735288596721242
33476,0.00939460909717567
34466,0.0187159278069769
35110,0.0119645330881131
24214,0.00933948169872112
6528,0.0207210619991107
17689,0.0771799717963401
17981,0.010231451193417
5582,0.00489898315717782
38440,0.0246117599668311
40920,0.47680369324629
19887,0.25750623183832
17235,0.00492119753760922
5713,0.0117667736927053
42614,0.0473180253710431
23304,0.0217649380525943
29889,0.0389228792946155
40945,0.323198452455787
24419,0.00920696585477691
6359,0.0275136001011442
1505,0.00124950824484136
41957,0.507328288126973
31679,0.0726872021666252
33664,0.0299827368078954
9261,0.00680830347782943
28100,0.00504935536046792
15771,0.0264897055893936
14651,0.0593829529506899
15924,0.00684072336552171
41989,0.198778778928112
19498,0.101471298062579
25311,0.0329299223211505
24936,0.093510885363164
13388,0.00785163652067154
22234,0.0467743043720299
279,0.00103863929481608
28657,0.0261258556829213
10700,0.0668370490137099
22588,0.0895294936450766
8377,0.0301373891858653
17597,0.00351822859276451
29968,0.0659898870048055
7483,0.00144442583957832
45019,0.523888284268891
40870,0.233990634144745
43974,0.922472162416568
26105,0.21728460143844
16009,0.21196073772695
1562,0.00548944283493292
11779,0.040440633804212
27761,0.0207561442632455
25447,0.0118939095374925
4998,0.000700196964656222
31971,0.271045189593098
29738,0.0499609471214675
4372,0.000342342405020456
11006,0.0104725614715967
21900,0.00579367712347916
37606,0.0275034343231523
33221,0.559030810261792
9692,0.336274835081207
23029,0.0127265995599872
15928,0.0638909744760417
25965,0.00941190379680967
42861,0.809539210469944
42248,0.136551953562795
23849,0.0313907227879665
42415,0.404318282729697
13437,0.00297648690657835
44992,0.687526822648698
31241,0.531205687254363
17421,0.0302337985721219
8429,0.0171036569280032
20491,0.0195887227412125
1592,0.0053824923955038
17373,0.0214535616669075
23917,0.018009421652679
13773,0.026149089845526
15585,0.00819056947811849
25672,0.0323880087218907
10005,0.0391596728747679
43392,0.102265558499216
30808,0.0255322195569973
21261,0.00828368630023929
16780,0.403673809503396
36712,0.00340492780946449
43210,0.36241708735462
25051,0.22098521745068
38058,0.0181059431865624
22870,0.0114262045383328
31194,0.152523032125931
28736,0.0142407047089173
32208,0.390538069870046
31567,0.196623312313651
32796,0.101204298869133
3212,0.0246980944777082
31054,0.405213326252796
26111,0.290005984483271
14555,0.00320900095695722
24865,0.0351904611930676
32068,0.480609261587788
17,0.00206074769134839
28551,0.103761495115851
14396,0.00666914419403041
32147,0.607711447591746
17240,0.00241574752362668
6077,0.00444961943271512
21037,0.462311152108858
33140,0.0229339292401688
42940,0.157567695276529
16222,0.00887483281700789
40209,0.163787711496839
31733,0.0446202266271041
37818,0.168678603045665
2197,0.00264332475550654
11462,0.0253621286774823
37872,0.0128783099764002
30621,0.0644150617937389
6594,0.00114300201337371
7351,0.0427682474615195
33727,0.116141967913254
16389,0.0217568117193512
8605,0.0109610086325637
4080,0.00412452594306955
3960,0.00725995980567405
26620,0.0162752566160692
22295,0.0122018827579009
24272,0.62995445132556
34088,0.509298298328313
38887,0.0102674362956681
33961,0.589026163743951
14078,0.420289526976842
13364,0.0173762708285599
11568,0.0101684541371458
1135,0.00504810411157299
38240,0.00632176017279362
13264,0.00279882599176528
11644,0.00525112031658995
29684,0.0481906298066283
24369,0.00103677111695754
34870,0.801503018689216
6003,0.00429939586457739
30747,0.0324773050010245
14749,0.520610577392614
7110,0.00861954180589985
34380,0.0559857770522263
35238,0.0152536587878379
37593,0.437571259063659
188,0.00519722614425991
34813,0.0239158265596538
41024,0.0396949939598619
28682,0.155077256803869
26427,0.0171003191049284
1661,0.000895814857681013
28851,0.0455506315886152
5332,0.00409431298967875
27373,0.0346951875418163
29997,0.100896357795488
31894,0.0793984625756739
14679,0.00804859418644688
26726,0.0394744123734308
29419,0.029007652575497
40288,0.106619688684391
10111,0.0349705511156049
33622,0.07554320820619
25412,0.0230231294286854
6984,0.00073812209193807
5705,0.000611759973767787
45208,0.242141046708167
32389,0.560937866249514
34569,0.00371773038862546
4735,0.000876940792105292
891,0.00886684640148504
1753,0.0067455870178552
14510,0.00185923314492043
33889,0.0476772113354975
6095,0.00385580969411199
43386,0.900459056569045
1486,0.00068647355175175
1437,0.0102612075453726
38618,0.0181116615019354
13276,0.00213427525450299
12381,0.0127330788652436
2395,0.0109894125843954
10262,0.0196189578999296
20117,0.00598604531895579
1991,0.00744633791828848
29199,0.038320992243056
17717,0.0364727393309092
17444,0.00117142159361335
2057,0.00169912058712208
27755,0.00824239961145732
35559,0.571126356966436
677,0.00451162449610846
98,0.00138413951362955
8898,0.00215008468358986
4990,0.00219165498166849
37579,0.0401487641031791
38717,0.00624825637596551
22179,0.0127985405560607
17188,0.0906196274674632
2174,0.0570147284781666
17714,0.0433693965541451
106,0.00387591067504247
8042,0.00935196784416944
22047,0.0343942700965685
2813,0.00299368381059884
33784,0.425411756213062
25254,0.0140812073924699
21321,0.00985079838825899
27756,0.0059571399349775
22358,0.0342974667741816
43543,0.188501831687326
2716,0.00145803921739222
30173,0.0129576483373656
6243,0.0085164810727258
23538,0.0055960946047137
44157,0.612764253920338
26244,0.0192093858355885
22776,0.010674581623306
26858,0.0437889203224056
35579,0.00346784236878618
3726,0.000521607681124198
11595,0.00597906142840346
3319,0.0139466594677797
3403,0.00478643971197196
44540,0.615856697017872
11168,0.0054668720294845
28199,0.0328259152306786
17339,0.00394426762422629
20427,0.177132228092823
41697,0.610927790451961
11933,0.195656543534245
14386,0.00408887874976875
39348,0.023877703785383
25141,0.00894909761526203
36983,0.100338362351273
19758,0.0437456368660897
3429,0.0232786932744856
23645,0.139661652580427
967,0.00288443612321256
41677,0.400644659302164
8662,0.0032584536228928
4579,0.00125699754571963
31741,0.0213414894942044
2645,0.00121975084642579
13936,0.091905538594835
38778,0.00277198700264415
7944,0.00235302050929272
11169,0.0333649715615313
27135,0.0235979219869004
4533,0.00263423212342611
29201,0.629805078461624
28348,0.00661511027284406
33991,0.237520639289688
37839,0.00237893672797315
19132,0.0190417879754901
776,0.0245853043817944
32651,0.118315860378916
33883,0.470330697270768
26451,0.0329923583754796
6186,0.0123538054982002
17619,0.00234088804096551
26350,0.0224429148696876
6251,0.00211966624167689
13552,0.0156270850828099
6230,0.0240290395177954
1877,0.00176602464049515
26745,0.0261713944541057
30064,0.242436680664313
12046,0.000575730590249664
19920,0.0200420371231843
2269,0.0276185055862319
30003,0.196718500780635
8145,0.0301010564008834
23856,0.00820552870549874
23161,0.0181153752176285
40708,0.147200550825357
417,0.080028891832955
8579,0.0136230573241126
16227,0.00480891181534425
10240,0.0427813215833851
5357,0.0026865892691541
16872,0.401153824979299
1357,0.00256510360263716
29895,0.0175174898921537
34202,0.222891448541165
27083,0.0218329253918671
15601,0.00511705266880953
22172,0.426822376343174
44499,0.98933387572739
36132,0.0166449813649738
16956,0.0452058075984484
38379,0.446853503564119
2936,0.00218543212722859
6137,0.0230424694842814
37983,0.00214907467768963
37809,0.00259279465048283
15807,0.0173618542605295
2092,0.00162062383454018
24836,0.076412639507125
27235,0.53043734519344
3184,0.000724762151959496
11939,0.00271791506361638
22710,0.0228889382979884
18981,0.0204161551467535
25466,0.095855206655425
22786,0.0681995818181384
30968,0.613254908696118
2260,0.0131964058241184
76,0.00377231480761349
33858,0.0383335072157583
24942,0.0545274213029721
23363,0.00996759638222638
39084,0.04249955890307
33897,0.425332239062694
37192,0.0934015505137861
20141,0.0639542563925025
8643,0.0201538460478004
13525,0.0330164357769123
21068,0.0062465593229207
19059,0.0925306461976992
14649,0.533845425764753
6445,0.00529322121679354
3718,0.005249595096173
9323,0.0112966833400363
37512,0.64283095014162
11547,0.277570659360843
37405,0.0371672131199514
4430,0.00154445684878058
11707,0.00222139604674923
31467,0.0147333742008187
514,0.00327519131621806
20006,0.0384675019161541
25793,0.0540581858676054
44951,0.40895506175054
23884,0.122238667627605
18543,0.0116018787058802
3829,0.0158869562163525
20963,0.0941628533802247
43434,0.501818041348837
735,0.0662368161916905
18225,0.00784730139288744
31846,0.109567377420702
6068,0.00176910799077049
11562,0.00153879029015871
41129,0.0329464822072471
16723,0.00785685809055342
19618,0.0190383879822762
6278,0.00447120808272121
12347,0.074389386451807
10297,0.0213054318005492
439,0.00973260894588256
35,0.0211492020869294
21739,0.00583618754230872
492,0.00530590830229032
21467,0.0202324764670981
6152,0.00618666678157802
12265,0.00876766682268473
9279,0.0136592017690182
22927,0.302711092396346
28607,0.00654852894067633
7348,0.00129546243761047
34169,0.101166291660739
14341,0.00281285341347452
4835,0.00586062454872075
25996,0.125731900784623
2012,0.00797801122242694
28260,0.0462798842739319
18865,0.0448753396731228
24000,0.0205378197809198
10121,0.00503926783403717
19156,0.293530357044795
23677,0.00455642344593523
34362,0.231677231227722
11937,0.0027669861856922
37569,0.00957550281404428
2423,0.00365362977411032
8167,0.029709055822804
7511,0.00178660613301534
2348,0.692835764648736
19459,0.0199348809087399
12603,0.000710979754201512
42836,0.166293009101589
33226,0.0274600960298675
24292,0.0612767181898838
41678,0.0858087291107547
4498,0.00038500311199321
9645,0.00588857083138424
37850,0.0166808589722287
4699,0.000167948579537438
11662,0.0022680888002713
44606,0.00335415369381442
8201,0.00633611394655547
4424,0.000974982924729561
25817,0.191824263778119
7849,0.022763165101247
28329,0.0122940131829042
35100,0.0130095614310153
34754,0.109342403620652
32543,0.00925959325431908
12090,0.596159197158656
40673,0.901847948402681
12506,0.000892099101149215
32652,0.0312547700587294
21181,0.0519577299188163
16564,0.013891461191283
44272,0.202168068837381
28561,0.167272519942538
26655,0.0822718869537102
4903,0.0101798510256354
40989,0.295611386325561
18072,0.0337410339427473
3048,0.0253529654259991
16770,0.0041750206368693
2553,0.000593204000867297
13763,0.00955555133330335
24094,0.203979575952359
3571,0.0284601516260962
28283,0.0103000324413322
29268,0.264105761899802
16941,0.0245204595667379
10718,0.00797675074960826
40468,0.0136957920926307
10063,0.00686734092732824
32332,0.214944008330429
22491,0.0244751965315607
20826,0.0366176056970498
16394,0.0142172531648284
27977,0.00869308881777106
17810,0.01672473536154
41291,0.0633712455998667
13695,0.00554967879101831
15827,0.0789205252716327
29423,0.0626321241660195
29961,0.117709555614275
24688,0.0126843500778266
27633,0.00477231459995663
6289,0.008634451194919
23679,0.00985193643901428
17409,0.00517770596404828
16438,0.163431498206292
39000,0.0108191323814507
18931,0.0390921374357774
29819,0.093927354534104
17148,0.017945186595954
43300,0.81355388224935
3208,0.0019705024898033
31909,0.226130444319889
35882,0.0267777782795231
43255,0.763502430500573
24381,0.203062014334197
26279,0.0182535672081144
43471,0.491002583566957
36348,0.0277822967810441
34149,0.45453721365857
16617,0.0298693843145092
8218,0.0196487429255614
39108,0.326055368255355
41721,0.0969206159490391
32049,0.325153912258329
33084,0.160033412357637
6586,0.00323082558098043
12191,0.00376507382288049
2694,0.00159429859969302
24762,0.041061650203009
40264,0.0860756424319475
33561,0.227423855751793
7386,0.0012834364473773
36739,0.00824145974809692
21005,0.235175646247209
23139,0.0071228477948986
16811,0.00846280352805105
34594,0.056382765562065
30411,0.0752584892358048
34687,0.00335973016540511
27180,0.0311797915233098
6808,0.00646356115922926
26553,0.0657935323536249
10389,0.00549740019854995
24706,0.341919982739171
22208,0.0215933126026229
34476,0.95987451335172
22161,0.0438186510171988
10143,0.0191914779822926
28331,0.0133855828989992
2064,0.00123724130854362
31735,0.074738667955409
16329,0.00535120801901011
10333,0.0153535906695185
28815,0.0144855468445626
5521,0.0115080900104578
17349,0.00280455781763801
3745,0.0197710734382584
22389,0.554381629096102
11378,0.0980061516891662
32329,0.0628579656713889
17420,0.00363163063358799
14511,0.00390351843747676
1440,0.00101820509581668
9233,0.0155197111906929
12485,0.00421478480506848
3279,0.0014682201596512
5658,0.00311320321234151
39516,0.0598735931043933
8346,0.0797195738571808
24013,0.00747326105123799
37026,0.0127210023356618
27215,0.175401194990452
5000,0.0205970409794171
21211,0.00511864557638508
13625,0.0307124993084328
41434,0.471674596810653
36655,0.770714144687141
40795,0.301727003169646
29532,0.0217675647869414
13987,0.892399254365651
15262,0.0035896673835832
36996,0.00396714196916332
21743,0.0084479376168462
39711,0.460007077328056
17846,0.0124556075901873
22308,0.0180382259941696
14244,0.0250214842283671
29313,0.157042570443916
26098,0.0271647003976394
7000,0.0154810411007952
18741,0.00260169485288067
14277,0.0224219616527787
45034,0.309460065401866
29420,0.0705258809654791
27260,0.0895026374076036
40011,0.236786046576511
14464,0.0531576453513805
42011,0.547926672422088
14873,0.00817291826122735
30678,0.217326981836587
31269,0.271935134029401
27591,0.0310612809733506
26925,0.0258446164795252
7194,0.00177418731811795
6673,0.00925731385594102
32020,0.381563841566862
30615,0.01801713170105
9585,0.00976502827531934
12776,0.148136682418952
35284,0.0997265575908575
36507,0.00840102434330199
39424,0.0300274521312997
37247,0.0372727835464114
40474,0.0883819493890661
33911,0.252352309561522
31018,0.449040379092899
9206,0.344166978476044
1472,0.0127135044541785
7316,0.00240523217846503
2603,0.0390877297360997
38702,0.0177726596126141
19549,0.00895883170555397
83,0.000850844163149112
23378,0.0364793545598788
5715,0.00151474379605065
21374,0.0168736514058512
18707,0.00175868487875901
8128,0.0159090967870439
18688,0.0237704593820757
43798,0.233238777980582
20969,0.485411866974655
35804,0.0192059605778027
20943,0.0435788982560535
8951,0.00544459712315737
39256,0.00311504731731962
10949,0.543390035516902
23185,0.00954418532505961
25266,0.074000090287645
30425,0.0562814345665913
30364,0.368946948690391
36667,0.00509027478396629
26488,0.0265701031318531
12256,0.435388199103264
24858,0.0472037306976668
38677,0.00574988740161217
23295,0.0138381959556295
3034,0.00312218886744671
32421,0.240493363057042
11761,0.00648654499514403
41278,0.160200351574237
10608,0.0308496811966635
41711,0.231509708022837
31116,0.0305492209059859
24198,0.00509104061522261
15541,0.0170859198114993
37815,0.0218531739959659
32676,0.0360262356817807
30726,0.0825833565919975
17963,0.00208415212067134
28641,0.0497911307960963
29639,0.216088850727414
13062,0.00732648906651436
34775,0.0135006529246178
8513,0.0115295663182225
15787,0.0356834285497259
44893,0.34577678325574
43994,0.872079121892721
10561,0.0038192304004193
36002,0.0605322697840869
34020,0.207906402731376
36771,0.0126128759557622
23354,0.014771928481752
31966,0.122280586215884
7767,0.0321538813688478
13585,0.0362541233822544
42952,0.841248737455169
29113,0.0938827455183897
9023,0.0291413432944743
30290,0.10456093318272
43075,0.363063838804314
36647,0.0181933096622291
15893,0.00578204255845005
5794,0.00214405390796928
43576,0.519949348411335
26512,0.0160907770913658
22548,0.0654538776833109
28754,0.248360367386507
14494,0.00327916612931174
26573,0.0160837198695599
9209,0.00976555614651168
25845,0.0201169387209829
14050,0.0157984919331126
19128,0.00945343387452784
21045,0.021806215870384
40122,0.168584834196584
3872,0.00810561078284512
18674,0.0343350928394012
13205,0.286066320430786
17126,0.0056246928213377
22617,0.0324796418289723
41545,0.143825703435104
3839,0.115093267042409
39296,0.00193930130459199
21924,0.0143582610333232
1624,0.00285586260929945
33881,0.225727570223158
8323,0.0847831502699145
26109,0.0125923904528606
20493,0.0525937470861556
35341,0.0106030773722762
38030,0.00217243458168235
13536,0.016439559319068
2041,0.000706884091839514
33061,0.0182858348876035
25193,0.0263719322493581
24430,0.0199965871686229
44759,0.130604418665522
45075,0.513557526334917
36699,0.0145900391754384
27745,0.0101997042531147
33829,0.210687959455505
15394,0.0935434072724558
9766,0.00722863690467397
19385,0.0201431237438353
31381,0.521586394849396
23973,0.00999437807999889
4189,0.00208791546623379
23173,0.0441160258856986
39391,0.0676471802094174
35024,0.0201005150777243
18891,0.0993960958156913
35388,0.0172604107616264
28599,0.0243121975357816
5240,0.0392463910157306
43382,0.0939578473388779
225,0.566116224190124
40994,0.109550421357658
22782,0.0206387347601649
41179,0.0123015572028644
7104,0.00268564230784403
26915,0.011134001940314
3479,0.003081115199976
44012,0.797210701619544
38224,0.005730156323922
12484,0.00264509402211848
19370,0.643842166298445
7792,0.00188233598972092
38281,0.793010375923897
339,0.048443479258023
21705,0.50015891947281
26247,0.38453982287774
9836,0.0246281279758683
37447,0.0130254384886163
31042,0.128473499529331
27439,0.0497574482719555
29700,0.0966806639191447
5596,0.00215318899044393
43326,0.490554364386457
22499,0.146524338033357
28399,0.0338077300193758
21946,0.16190775122976
1510,0.00400349901679641
8336,0.380113645596722
25001,0.0579092395805372
11023,0.0334719511730421
28776,0.00507529453275259
8197,0.00376433145734787
12391,0.250664930887439
13354,0.0212082540292028
29957,0.047044444032724
2127,0.0335037581697431
17828,0.567714354404924
36847,0.0459854084040624
39325,0.0283548490722639
173,0.00513189200385861
31947,0.116494774797664
25217,0.0244201597219515
8291,0.0211037555817066
13469,0.00246126076844367
40888,0.198726729412065
35392,0.00451360472993293
3174,0.00276424890285105
24984,0.069863902667046
23100,0.0161556303077992
14866,0.00929417527951108
43322,0.189616911526596
18235,0.00416679148783926
34094,0.620509073864226
21115,0.422230384555625
41690,0.0970359260735731
29759,0.323366078825533
4892,0.0563475727569864
25105,0.0103028791830973
19584,0.00998425699971175
8222,0.0155596705801316
42961,0.0897386757058457
33715,0.586389655017907
33860,0.0300326814462407
32994,0.117269938606243
29515,0.00927822983749493
10776,0.0042682630278367
26183,0.068665997118451
33152,0.156585631932014
6879,0.00238625892343402
28000,0.0093561604657127
41743,0.894341458325218
11843,0.00359961376178203
35105,0.0105233369130362
24025,0.00165322698602943
4391,0.000304864974445209
20185,0.0223818015340373
44382,0.152545061350254
26558,0.48514122997765
4884,0.000700375176390931
42613,0.192700258408201
9923,0.182909521770062
1571,0.00354917556184417
31528,0.244461484180828
42456,0.675607039987122
44253,0.906811976286242
39057,0.0182183755184816
39854,0.182129628893266
39975,0.150318663882832
5907,0.00294517897162579
40031,0.0792004558112095
29905,0.110743608301902
37267,0.00551032660826938
9805,0.256453034631911
23344,0.0038168637699485
12218,0.00443719558084477
17781,0.364338424027274
12078,0.00609924896933876
21097,0.0220372912434952
43459,0.604503790701685
1202,0.000787672807024952
43510,0.662738659219297
23001,0.107884460547928
2256,0.0127220046964296
31795,0.179795301193505
35420,0.0129733182300055
22120,0.0281604856622
9518,0.0157245771207989
1222,0.0550916730339369
35174,0.404755629786111
36861,0.0110553371264175
28339,0.336723963277576
3913,0.116374940433307
9246,0.0112095177523866
33934,0.40446569021909
16592,0.0144186187356606
7259,0.000799247567205262
28118,0.0676272072780102
23370,0.813696440553679
26535,0.0461051834145225
25976,0.016533780806893
24490,0.00808934392446516
40374,0.592483888375168
281,0.0576876509075651
4921,0.00161667764534986
20168,0.0779418134796211
26764,0.0392347429797888
23762,0.00535364022670046
17367,0.0054140684640353
44791,0.688930417129595
26546,0.00637065162031178
27543,0.0804938257308372
25663,0.105024699190363
8219,0.11535307392449
18307,0.2066184674441
23302,0.0277251765086049
21885,0.495289206598311
12964,0.00436753466173711
21428,0.0140256944288747
8242,0.15025280009589
22600,0.0304664965094216
2121,0.00157192831756182
1833,0.513424572329687
39652,0.12524532765263
11372,0.0069586666787381
28223,0.00806258722778159
30323,0.00970727751284029
41913,0.79075899334003
3270,0.0065717147737955
15709,0.0141881317601837
29614,0.519577801727228
9796,0.114828176904496
21845,0.0169118717701664
25446,0.0251322525545444
43523,0.286152773180564
39708,0.251451190122212
2195,0.0031514652559217
11116,0.397765707965424
4063,0.00139887171859862
9113,0.0590910400802202
15745,0.0055071031701693
34399,0.193489280520547
25525,0.0265095654188517
29409,0.231705200645415
12685,0.0566784842497029
32209,0.113151879942714
42946,0.0896593585818046
38349,0.141735032000984
3541,0.00045861428834155
30691,0.0220732707659117
4467,0.000597783230344556
39353,0.405189240525236
29602,0.0175954143223016
20469,0.0174932958144782
44371,0.0118911365894814
31080,0.0234905490142607
23795,0.0115572277749433
1377,0.00895977440377459
36452,0.00818486228324265
14115,0.00282727982000533
32764,0.0255364020798384
30055,0.148496236740469
21234,0.0139178700096969
10058,0.00327761019880497
2704,0.410242427732113
29466,0.197379914894673
9265,0.00678660022619431
41778,0.390249845362434
25195,0.0232478367648423
1497,0.00765916886865464
17217,0.00636593009863981
17818,0.0226699355070462
16548,0.188424237808597
21157,0.0317551701792335
30857,0.0169845823690929
19938,0.0470365461577762
579,0.00504732965459466
35080,0.17625742357204
27859,0.0141475027339205
15341,0.0116722574408847
33344,0.259118934063872
5870,0.00318427970605795
44785,0.833555744272039
789,0.00357554512337769
15488,0.0856126219004593
14535,0.00418784247756081
8369,0.0176271550403865
23359,0.0636411534553332
39355,0.133307408137094
43961,0.754877541928222
38549,0.00512907815469883
7069,0.0534047270855298
39285,0.00565025264451254
13142,0.0291198494496376
26235,0.0148632203990328
32965,0.0424832552801107
34027,0.613333511273463
25532,0.0187952538045781
23118,0.0711386123750117
1993,0.00309342018923053
26621,0.0063449494139542
44301,0.761991977017611
35768,0.050660431009054
32732,0.058644263760492
2278,0.000497330406123808
2493,0.00364052431102044
5882,0.0025588971010517
16492,0.0224207687894193
25863,0.0439621959934975
42434,0.327536925786135
40205,0.42547248294748
11832,0.00147655155523762
1924,0.0035839981128896
37960,0.00240717206603335
4446,0.00196555906882025
38095,0.00981851875870731
38708,0.0247479848133631
44119,0.997444816462722
16483,0.521696300040207
501,0.00135396624414981
5513,0.00429308458202902
25289,0.0273597533064698
15205,0.0148898234300423
10696,0.0413600400297712
22187,0.0103116050888736
5337,0.0029719047434294
36969,0.00480414491753603
33910,0.186823043763794
36573,0.631891732037866
33977,0.192062863945673
14292,0.00532855465207383
35788,0.0116014257110994
35516,0.790338225147838
5282,0.0138071428388632
44625,0.653790213765793
12922,0.00804979820544283
37411,0.967100340253577
21417,0.0173931471292787
32431,0.208922535602033
19521,0.443465865226855
22948,0.0120834538197453
40258,0.346257875539123
2419,0.136902464262216
8473,0.0675605920850325
37278,0.0151072644622999
19691,0.587430262994153
3930,0.10041060576971
23930,0.0142078327074623
8529,0.179527455298631
35739,0.597170890219566
7524,0.001325190896774
13559,0.0175415025797679
22628,0.0542258958084538
32354,0.0615199826166018
3219,0.0484392404288905
10036,0.00933001029796163
28836,0.00645221080156847
37256,0.013686465919518
7520,0.00149401569309938
24317,0.00548714267547718
26908,0.00786099858444784
23738,0.00606133387865483
8434,0.0484284040370071
38239,0.146030507259462
17643,0.894992537810093
26344,0.0732423971337191
7016,0.00420253188508786
3066,0.0093493758571401
20297,0.780648044674573
22068,0.3939491772749
26798,0.0198675376413689
5139,0.00082787634311904
7706,0.0246874512703128
15964,0.0603540862184625
23702,0.00844115446057646
13580,0.011546429059792
43101,0.270311696785543
33759,0.059167294632497
39192,0.00774334313929661
11531,0.00508933975824793
3334,0.00212765126262914
6297,0.0149848927124901
16863,0.00889663370437703
37161,0.03163368721416
31822,0.0931301175037334
13289,0.131346660824884
23221,0.0286980534461838
13291,0.186218576462355
7142,0.00218957404735349
23184,0.0692828730733838
31157,0.0825946930037007
6203,0.00841406289214115
34540,0.0594603786821166
13956,0.0204839861578897
20655,0.0179556338901595
42574,0.370240862311982
32000,0.596118335329967
13496,0.00511805214250401
8390,0.048185957509492
32110,0.0231382198908837
2213,0.00417405674722901
5600,0.00160654051958615
1464,0.00186407074687065
26285,0.446911875142054
1532,0.000740486241796672
784,0.00300170907880094
44528,0.514280589620475
20633,0.0261430942456575
4439,0.0011205378266408
21248,0.00164610278819999
44402,0.86093959240965
33882,0.59051695989658
11404,0.00316920346955953
32365,0.454128525375041
13736,0.013656628568805
35067,0.102080695384031
29773,0.0465928283110469
29946,0.0352219353771826
11887,0.00277300832871173
19145,0.00759168922855967
10877,0.0047076644477688
35358,0.0425021217212265
22271,0.0350253734430041
9663,0.00415280324887165
11114,0.0292824451931842
27311,0.0166309378379665
36907,0.0313933940145288
1816,0.0906809782266834
771,0.0014993715989875
2794,0.0101317307771671
32794,0.114969380615667
32447,0.198340549832367
38576,0.860019770341912
13996,0.0100328032281847
26993,0.0124102103771503
42829,0.442121314587429
3103,0.000802137969709197
14988,0.000867914237074062
37597,0.281159881017255
27120,0.36618202861163
37899,0.00619011107880843
6676,0.00326497638045248
19750,0.00711084962366527
24577,0.0111214622459256
44701,0.105051218415206
3980,0.00697589722181808
8260,0.0188459882836737
6523,0.00707539579255327
42056,0.164510080368124
24232,0.0736096212724051
4435,0.00252001824513789
37888,0.326513553680045
14081,0.00324714067340705
9490,0.00423306567163958
13107,0.025258353687889
37654,0.18413800826884
27327,0.0767129828344066
36677,0.67846387639953
4759,0.0192416321580519
20936,0.562538689925188
28336,0.080138516625522
22270,0.0329313792322688
19453,0.00914089569310692
42984,0.477110376226453
3216,0.00142173436921281
32064,0.238276771442254
26584,0.0394057406767681
17621,0.221980716563101
1379,0.00174263133023734
8361,0.0183708536871094
19726,0.043247712725461
32929,0.0419418372039282
15060,0.0308818791677952
33438,0.110813840150587
7261,0.000664467802195687
11690,0.000812270606448162
33821,0.481509371544963
1595,0.00913770878666296
13971,0.113918201147121
27411,0.01776486118777
31807,0.100304082747603
10502,0.00705828845378774
36481,0.0564655639536335
23773,0.655848005915567
32584,0.209612214740137
19866,0.00590262472646123
37452,0.589361125076966
4165,0.000764017794372998
16168,0.00320630444096363
40434,0.654901830365637
11050,0.00193936923745738
13499,0.0127207224371692
10772,0.00421093933924973
33674,0.00615662306020876
10770,0.00510430410035997
44347,0.819822609049828
34883,0.07725151050474
25323,0.00476845103926508
2283,0.00143899260131393
36299,0.00282399430962501
34239,0.0435433720433274
19531,0.0151008219350342
35929,0.0854442146950355
23209,0.0261504987644398
24896,0.0302836968068849
29229,0.0430009695383275
38164,0.0137660570796503
23400,0.0613825189924016
12284,0.0487591806860211
20781,0.0326626023921161
2551,0.28960262416063
7969,0.00805501519812376
31655,0.0925421773453661
23469,0.00505973629386716
32713,0.0297038006915758
13646,0.0232012088245196
32004,0.213799630224198
33443,0.0263481386536096
2833,0.137985875268646
7193,0.0147062804204057
13059,0.131165961800711
38371,0.0217245076020999
35657,0.0459394678653503
35293,0.0111319136130297
12080,0.00138593283433359
26102,0.0437565482878331
20872,0.0339804784264051
20189,0.00629531580957302
26375,0.0268332982270031
28555,0.00741522792599635
31748,0.256573668086353
28855,0.0320234555188746
11692,0.0251744793430392
4411,0.0050283905752604
33706,0.334868306941337
30566,0.0645860281343104
20062,0.0931636759739463
4042,0.00649252553309631
16255,0.0250836169351726
25410,0.0184604619262031
7927,0.356684404171998
21408,0.0283347676343668
19874,0.0146406586710353
38487,0.0119580927415659
2562,0.091658555390623
35938,0.0169287589571748
13233,0.0236874759407233
34933,0.0603789026612752
26290,0.479449468358826
38013,0.265454134568586
8591,0.00575540431022357
21653,0.0138670035483238
9239,0.00716400201625171
33056,0.0861276812049305
33466,0.0602837143620189
32309,0.182416682415455
17242,0.00751497102444402
43910,0.93214247484801
8685,0.00526154539512926
22642,0.080322725258094
25988,0.038130681123436
3194,0.0879576857375445
16231,0.676699682557188
26204,0.0181286907438317
23294,0.117715385499927
8539,0.0236659094599604
43792,0.616556257614264
26196,0.0108769091090967
44588,0.00379994522759363
32,0.00730724537114738
9776,0.566848785721084
10900,0.00327847606350434
5025,0.216077809524568
26707,0.0160746444601918
1128,0.000426259482032405
35303,0.00885259666647624
11288,0.17853345646579
11173,0.0337002124082718
8048,0.0121211599080855
26106,0.232074082285026
34599,0.00683986240064567
15259,0.0290595555437203
14532,0.0131230407727841
21102,0.054374474725891
26071,0.0157672803428147
21273,0.0105921346466184
26172,0.0177766604264347
36763,0.0334055156628717
13269,0.726230455306635
21661,0.00597713704657301
18416,0.00429474061694345
4005,0.039317577065123
21279,0.00933532505489172
40800,0.366592194008472
33437,0.216494877368735
40182,0.0875261256148235
19056,0.0288483793985239
30386,0.390202362189086
2136,0.0900718397282872
5280,0.0577954541798263
34237,0.377118624680807
42988,0.835301755041968
21825,0.00953718417973789
5252,0.255468131845336
39531,0.023199345673623
35975,0.00555007277681672
167,0.00210844516167206
41823,0.755504525955997
11442,0.00975598377124412
8587,0.0156442861672971
32977,0.329817109303524
11475,0.0090019674867682
5476,0.0147213206160703
14200,0.00314755029760511
28436,0.0358416984580577
15306,0.0206365368016955
35940,0.107450569560395
9467,0.00793313855406062
27491,0.213799446004706
5370,0.123769570315939
44009,0.425005616716291
37175,0.0136891569344992
31729,0.022315891854176
26093,0.106418159956175
27831,0.0271616483965709
5021,0.00175510866060709
43219,0.368935791053944
36438,0.015231101281936
33781,0.607271833221297
17678,0.00532636616502123
42922,0.139671934599539
1695,0.00261263725484513
18525,0.0068992652614641
10249,0.00786454606669938
28272,0.0076286015478384
20651,0.093070553849227
25809,0.00775478456346296
35914,0.0284345754407426
29068,0.0726444678957672
25223,0.0331024379253789
40585,0.0265949838643239
10451,0.0118630648846005
16692,0.0121354572015181
16401,0.0247783060548139
32236,0.200460026050189
39619,0.0166081873967411
26091,0.0195292883093306
12708,0.00278000957106675
13301,0.0948926423272104
13445,0.00274915055202511
20668,0.483314122434907
30204,0.0125630113517334
37156,0.0250741886348416
17983,0.0080415179663861
34675,0.012104545680053
40824,0.0338452305170495
26515,0.0174759655913407
43756,0.0377971144938094
39704,0.0508813094696253
9884,0.0316095497694238
42383,0.120375895196318
19288,0.0127544259910904
3269,0.00493148641478556
863,0.0110677260214317
12089,0.0150180616461883
2996,0.0196646408788607
2705,0.00168288686739653
29688,0.0238217740350628
42536,0.236368912292468
11042,0.0465857148609582
1586,0.0228998632850962
29144,0.0542214879033873
26293,0.0228389689044457
44888,0.607713570706621
8638,0.00258722693952422
1684,0.0023457780698323
25640,0.0219927088786784
29445,0.064410811781527
36761,0.0799570202930394
12205,0.00100404708077481
10442,0.00732203143774403
6013,0.00259694404332716
35057,0.0103190487548197
22436,0.0200859331751369
33011,0.0903178638048884
1291,0.0060650012245669
11291,0.651214725970151
19907,0.0140130879243168
3862,0.00235573891860083
40470,0.449200487480094
4045,0.000575527533054445
33905,0.0802758553128214
38479,0.0450168994257085
3182,0.00140669492566722
3100,0.0060728237482163
37165,0.0272300683273676
33162,0.075933104954587
39099,0.437306562820728
31629,0.201248347235725
6023,0.00182546615398144
16898,0.642207781366726
36949,0.0101516922843705
30716,0.0951620751104437
35064,0.00908279985268939
43669,0.021980879883386
34960,0.0176254505778281
13080,0.00814410293619254
20349,0.0816340994941135
8999,0.0301170302298674
28640,0.0117921175520275
38554,0.0648450355366852
29369,0.0805403980391811
38948,0.009581366328211
36952,0.0266411210642996
6268,0.00793648818221076
3850,0.00479610593529427
8576,0.0105648922485645
28520,0.0114470608841848
45139,0.0757905670946406
13818,0.00749561290527879
44702,0.301345448173497
34234,0.00225605320362466
5078,0.0305923125780557
14975,0.00852655623735839
28513,0.0298703103203167
20143,0.22865550744578
6703,0.0235706759509215
9046,0.00883946212151039
35255,0.00476732814876245
42384,0.791931495550025
14863,0.0184501726756897
32979,0.0275267115177772
8660,0.150026731063909
38656,0.00580681122775522
13053,0.0253953126860356
25101,0.00989276011829888
20763,0.0244623165701104
36838,0.0135871314537831
1944,0.0011180091547614
31236,0.591227652558025
346,0.0611779242830778
7007,0.0360387458291634
37632,0.0155310875289804
1044,0.00390370301283191
12807,0.00632745122516525
8245,0.0133795820611601
5236,0.17252277606518
41476,0.628859793775506
16964,0.0112209961408732
45086,0.890923847444449
39398,0.153291321595692
15163,0.000420687901286945
8675,0.179994558993766
38208,0.0263473167701828
37230,0.0552848960907962
41733,0.159412632262845
31882,0.0871569421318463
16573,0.00375805534989055
21604,0.020734331577757
20181,0.0186284586596077
17335,0.0378864396080383
36725,0.0153945797070986
16206,0.445176853561752
26661,0.0924554810841585
24932,0.031014421310434
23898,0.0175537006297296
20724,0.014983375935275
16516,0.797380620176429
9779,0.0213855826974404
44844,0.890355956705764
38895,0.00288838832529573
24547,0.019116771402131
33173,0.0911654714191881
23943,0.012114401565976
20804,0.231950269922035
23177,0.0395960566573187
33345,0.317280613586784
22174,0.0122719832215039
40169,0.651757746066612
29673,0.0803259157195467
30256,0.32846794945894
16533,0.0214477941243168
6877,0.00344597062361142
18953,0.0315582747825127
39647,0.0460091555193822
23873,0.0123807612404597
44758,0.817792434326703
44258,0.103069659219403
14210,0.025276465875334
8351,0.00426269970088882
6435,0.031174687175941
40137,0.395460402548601
10402,0.208181730929918
32372,0.472066532035023
37131,0.00583210627623205
6934,0.195253912432868
11498,0.00967265776600702
36670,0.0535595924509005
28950,0.0943144622255451
25231,0.0125163308317067
6739,0.00323895709131277
37351,0.00744053330172179
39602,0.061010609161228
29095,0.0947449880246951
18149,0.00687452511826549
4501,0.0024945344508728
10973,0.00643873441442199
9945,0.00398657146924149
30110,0.0104148064487642
1750,0.298686329392088
38853,0.00429391029935451
33410,0.283833301594333
24213,0.0424404829493197
22404,0.0208934566897494
16693,0.763540520753798
25065,0.487085942722322
20268,0.0146052753025888
41596,0.274164226564394
22193,0.0137579743813642
9347,0.0096109783566749
44954,0.190457092664266
19845,0.0231089766692823
9891,0.0319771743645927
38027,0.00798740953316358
24908,0.0452917906069991
20315,0.00886131663977757
4829,0.0171797755723361
27286,0.0312547309001506
25143,0.037472462632193
44900,0.893032426270178
13177,0.0200768164849668
29228,0.0360879787542006
19862,0.0691939681744245
34575,0.0326089694538268
43077,0.551971595853948
13476,0.0175627912090041
26485,0.018616048996345
23814,0.0129038264017122
41729,0.183360055138855
15789,0.00204143466050446
20994,0.011226796537938
19445,0.576116013122729
32410,0.0730980653115425
20691,0.0695009773178124
7913,0.00631000985374471
23175,0.0148462524343934
44365,0.949381205294342
7423,0.0628500114010857
19597,0.0211868370460255
45083,0.247799717810976
5258,0.00776913853539279
13491,0.00469427462188548
36075,0.0146735638715933
27002,0.109877524906121
8913,0.0110130759656185
7722,0.000963438455724491
41988,0.545005805793931
31132,0.194892877944983
27301,0.0353813179837163
21566,0.0484646990578753
34429,0.0184616740825238
41737,0.145897520007307
31158,0.139372309744482
44429,0.367736911755138
14223,0.798216834058459
31000,0.0114952814660811
31720,0.0473190260406841
22862,0.0235555732297645
35637,0.066379350845261
21015,0.00690188563358648
7919,0.00123677754015896
10938,0.00594190470256975
39001,0.0116411059314855
4220,0.000242983956695476
34981,0.0185578932417446
13830,0.0491017122182439
24200,0.00523757606663694
10798,0.0122653049948188
1577,0.00371194015446647
28214,0.0639869557587855
43846,0.00766107284344996
27179,0.10999244461859
18490,0.014013526803284
40573,0.218781800764335
2710,0.330045715419529
11749,0.0102074710053822
37119,0.0141644773878298
29379,0.0318157787514795
42686,0.0172878562149398
7981,0.0031149680424619
2014,0.000999381686747815
14352,0.00336765424305388
40700,0.0364794798813419
3665,0.0442340008092063
41076,0.157756116466816
22441,0.0108442104812303
6989,0.0103247704359055
36518,0.00342350568786591
38793,0.00378856684400397
9540,0.0304301434154146
6134,0.00885892263306083
5663,0.00181290307547763
14326,0.0070162234201974
44623,0.95800931158336
32230,0.251436522347263
1490,0.000878085404168318
21606,0.0521558144363512
16088,0.0289489347598084
10842,0.0069190657939565
2404,0.00953686133670511
35109,0.0156398314702595
25515,0.00922155403870099
6787,0.00240170542700118
35649,0.00360578626995093
14427,0.0191927985011798
8472,0.0659343167336277
20415,0.0435549383384087
11967,0.00218534185064422
29518,0.27079007461135
21832,0.00375105925161799
25002,0.425350970204476
8037,0.00893318576218041
10082,0.00689429497115579
12747,0.0193385307075117
30558,0.0882858374658455
35527,0.0284624330671095
35344,0.0681113671155846
2273,0.00301698069389104
13423,0.0123431819785138
172,0.00505387443192919
2818,0.18039775024552
7057,0.00933771771919216
13725,0.0603101085731177
26531,0.0125752815646731
43729,0.0514513470982356
25977,0.0444178037775256
26776,0.152935065808386
21630,0.0660454152846914
39504,0.0512240489233434
13811,0.0297001489581992
21945,0.47355154118484
25237,0.0908938131521472
39577,0.462571813679795
39837,0.340544684429508
44635,0.883931770539155
8897,0.0090139574325119
15512,0.00690527499850853
3178,0.0059106461379387
1788,0.0260115648940468
38434,0.262113721328211
37333,0.0237352831611727
36666,0.0278062811313235
39486,0.0321759536080407
10019,0.0410105694801749
33677,0.0212563622921615
22752,0.0166678205948918
31147,0.0533873830207891
8257,0.234262552127205
31608,0.0954231426811562
26248,0.0139186567217468
6958,0.00122164833822353
6591,0.00447169244595274
15437,0.00746585762307309
13603,0.0155612647292942
38966,0.00802576703982961
42055,0.158829322408953
22399,0.276605613722141
31484,0.245006895577205
21012,0.0296793082161215
2838,0.00299306584951879
38616,0.103777976606646
23308,0.0256180468038059
8049,0.00454796846452993
24672,0.123840446826429
31074,0.199654125430399
35837,0.879094947699268
20111,0.0453165020681509
35447,0.00338101913269297
7113,0.00339595633546881
11786,0.0098540039530944
37539,0.0404757546600751
37063,0.0232208851219104
32974,0.0190024836461092
3448,0.000826882399756344
8056,0.0104937114573159
39380,0.0137035502574884
28525,0.00852528981238862
38256,0.00382655461612861
39178,0.110034880225933
10614,0.0204547207333739
10833,0.0232931653397325
39402,0.396555449163615
4861,0.00151952521605733
1311,0.00206645113892773
21295,0.0156416624031091
6701,0.01421367530679
41904,0.573722238770647
28915,0.00742307036107167
18821,0.00198585521462794
5262,0.00363260675939185
4112,0.000888580765415646
2974,0.00334858484861644
2287,0.00532657758951804
4845,0.0351098806294811
983,0.00139658663090673
16555,0.001419813418765
19219,0.0555038384476577
2646,0.00185959105352594
44011,0.64050635925155
30267,0.0720418727896733
2925,0.00360754305609616
18546,0.299128160748637
14168,0.218685231122137
35398,0.0889448940035073
20898,0.24228678683495
39670,0.0121575374213646
10750,0.0191868586863807
44931,0.0255395157306016
24453,0.0159769757936783
26403,0.0567407415666392
31593,0.388597085965253
8084,0.016364399163204
34325,0.311945371748269
15817,0.0162926872908211
11266,0.0355987373411183
24278,0.0649148620979149
31219,0.38780764124732
33294,0.125690554792236
27526,0.00732271273560748
1439,0.00905464284228351
29842,0.182400287760116
34796,0.079746483022232
19843,0.0111185770219924
24367,0.0150713160911457
41549,0.749426821742786
41042,0.122610154399068
6406,0.0150442598535356
43985,0.00287735812346428
9882,0.00702615202512661
26120,0.0120897278377877
29923,0.152703024851671
23474,0.54755666109411
35016,0.00895433997914714
40199,0.154551015209403
39963,0.245765780861335
13453,0.00725779198150984
38183,0.0604921618425859
26010,0.0104071012228431
18512,0.0026727032938072
2412,0.0369995370419862
28302,0.00296716215925555
15527,0.315585058399638
43599,0.254457259698012
21002,0.0125112701341651
31902,0.189500835378254
13030,0.00594950586682469
9029,0.176126444100336
38385,0.173691672045623
1412,0.00562196723246524
3187,0.00173104258844942
27383,0.34428015718888
10344,0.038378138333994
37148,0.0123715517398683
14849,0.308839751652717
34359,0.0528127827618745
36880,0.0095906169425812
18935,0.0414993652182702
30748,0.0772619875007837
41360,0.11280605516657
38221,0.00887893749736153
9349,0.00730888684214237
9942,0.0236115539215293
43728,0.00134306335843198
16814,0.0823482997789892
19916,0.248219045899175
848,0.00220585693782376
29830,0.0647325803220003
5311,0.0252055547083385
29050,0.0513838004199988
31276,0.477170610380319
1579,0.0010216495026547
35422,0.027530560554092
41489,0.238024334404947
24059,0.701384561676349
1229,0.00127936779555549
42305,0.448542249295021
28340,0.0425939764702111
44051,0.704228154811128
25716,0.01106118682226
31238,0.693239189784106
9842,0.0297378418277033
2631,0.00363878188804219
19087,0.0238912368374903
10682,0.0155541154294156
18968,0.0252246323046654
38573,0.0163530948783717
12273,0.021129449965877
13134,0.00979409821068175
13217,0.0113957703187523
39931,0.0571198217791206
8868,0.0243739741466902
8985,0.0116091510559561
36176,0.0616472733681724
8864,0.0116060572793016
33251,0.0509986401502449
41804,0.091619271238167
34199,0.0490842311884237
11301,0.012596481880226
4066,0.000951972291217491
33477,0.0915367323508437
17189,0.00285229202398374
31209,0.142533329053758
12228,0.00589012404499651
6884,0.00212128838366841
32263,0.151979467796138
44676,0.67850872428144
1139,0.186040520246785
1802,0.00432667541046941
15932,0.00719582485229784
2207,0.01041938318284
12070,0.00376712131847315
44662,0.291663457115113
4415,0.00338366686524716
7554,0.00448058898176523
18337,0.0626704792279507
14022,0.00520188129291482
4785,0.0016410763337497
27435,0.021266148769251
38342,0.177002851586223
34246,0.339618597296548
38845,0.184450757021921
17350,0.00263016408492474
13071,0.00607619393077028
44077,0.231063538357432
21482,0.00501484766037988
9564,0.0502820595914361
44584,0.862774078227583
42712,0.550220227250351
27666,0.00626572131914421
25690,0.0194416269964594
8707,0.606788785034542
39945,0.0819543505486128
25991,0.00859626593518176
43677,0.203700149498733
22535,0.0680099075198781
6759,0.00159234788653073
33635,0.172600369489062
13216,0.213275103323286
14235,0.00392741000354071
19084,0.0210312309489728
3205,0.0261162830874335
40505,0.0268448666137683
13141,0.016280558521515
6292,0.00711243199866581
20167,0.0150662991196236
14725,0.347647458490802
44851,0.68280865493094
749,0.00159970045866849
12190,0.00225224773984394
36843,0.00309970755668322
41528,0.17729626014344
10176,0.07628999649374
10430,0.430836927052632
21154,0.00793082494710586
10044,0.0085529319702756
38926,0.0205428603529805
9597,0.0207134265172375
1677,0.00602079528994293
38288,0.0240518592325084
875,0.0116824446306503
36247,0.0110189058320215
9898,0.0115483169123501
21662,0.00703496256658579
4651,0.00238588278417724
42512,0.396104821030326
39456,0.3194940407645
4457,0.00519257077474693
12297,0.0154641048661801
42223,0.161256365978649
7341,0.00135212815401688
1223,0.00311417867918371
9794,0.0101852903511273
25272,0.0101744986860281
29651,0.31921184450787
11223,0.00185265353658128
19930,0.10847950118823
26026,0.306466787139989
22542,0.0385257703331747
30503,0.0877206349357657
35627,0.0298581471378601
39168,0.00266093170526231
11999,0.000999204378019398
33047,0.16538943910336
27870,0.0620785693286491
3782,0.000689607306949378
26099,0.018051071197274
17089,0.0209520566382396
37035,0.0684194573702087
44732,0.756945202338528
37883,0.00716083824678992
10020,0.136010251043366
27803,0.0118206572581208
11399,0.0221210167297602
30117,0.0625889685716229
15769,0.0421438660196446
29737,0.033987719612074
44342,0.00840176385605959
15001,0.0124731199737253
2701,0.027863345520178
42905,0.657274475762739
19910,0.0501139477782658
2341,0.00208392546413207
7232,0.00518798367474158
28635,0.0234731874781674
24604,0.00725423610428364
21179,0.0110496054334706
14125,0.140700715267332
27535,0.0218004396336399
26863,0.0209725757028388
24820,0.0354732246753906
14314,0.0217691888876585
43267,0.611918076578841
5599,0.26248438141685
19285,0.0739769671160375
30984,0.0095286188271344
29112,0.0412512775681872
44251,0.882952455401611
6721,0.0107020428619698
29918,0.019791829264515
4081,0.0100416279021871
19413,0.181942233947273
28294,0.024183435484274
8164,0.00429680816181203
14958,0.00493362266152107
12379,0.511213416902369
22356,0.0888081684810994
40956,0.0421779003140871
549,0.00239109935756048
10377,0.00289761176716585
8355,0.00345101491079451
37656,0.0163892885763638
38777,0.00130949563652194
29464,0.0919462189521004
35976,0.2269028993446
30230,0.211834655974688
29680,0.0262638147198422
26123,0.0125490976590538
4932,0.170636301500549
17585,0.00329443426058772
21925,0.338731605377936
5012,0.0223709485938509
40596,0.0316162169906521
6518,0.0059479604078637
19574,0.0418682359073674
27780,0.0209196883633161
5362,0.0458032771591292
36654,0.0115845679234725
20765,0.0136463030068781
38477,0.0312717699876579
19174,0.33364585504138
10694,0.33697285783448
37671,0.0104295001806455
17650,0.0732302385728826
17132,0.435218145741806
22978,0.434802947813028
7686,0.00588252532238683
29787,0.132084797589407
42803,0.354305170329137
27277,0.0137042834319642
7216,0.00317519998734928
17724,0.00323140283712251
32955,0.394469536352202
24990,0.015454346572107
25692,0.00901694823093108
19712,0.0646982166303339
14670,0.00355543343790612
17034,0.0871828190472213
8402,0.00999944518668808
23965,0.0321578945188379
40049,0.136052984367312
2570,0.00675823637479291
8894,0.00998260926315852
4687,0.00121218442883852
3603,0.203716202068744
33920,0.630669597747064
29115,0.0779296023775652
3800,0.00274137755602066
34843,0.0295904381227378
24356,0.00246736515561812
29631,0.814757186350883
7908,0.0109075954715393
8062,0.0204400856713116
29629,0.0749581028408504
38102,0.00768355107779638
13498,0.0294917464150567
11321,0.0324368409436876
42170,0.432893331909515
10463,0.00298558169396215
15254,0.00546962104018543
33264,0.0260089689808845
7263,0.00161595909606233
19107,0.482151230987362
9336,0.140565565430091
35946,0.32170675124012
40986,0.105713028661394
21250,0.151089850216134
28247,0.0204573344199623
32185,0.0727226789078082
17681,0.025897850056682
23373,0.257584934332813
9850,0.0173527555572822
10165,0.546315714034382
14000,0.0112821527883656
41353,0.0887117761703324
14403,0.0085920713679306
23958,0.00661524409775506
12524,0.00435237374044635
18498,0.0130384601847264
161,0.0016512854408908
6063,0.0096555929750272
29844,0.0247239499908878
6171,0.00613350017560964
9359,0.00861746794499504
9472,0.0158315283245452
44613,0.249424309277701
352,0.14231524779834
33314,0.0134928846257706
26983,0.00594285632139841
14281,0.018254714289405
30239,0.0249007152295706
44440,0.441661002224829
624,0.00577708746999092
37441,0.478022886262572
27171,0.0227371150010069
19151,0.706934902472852
19097,0.0129483159591731
7940,0.00607931559332963
1503,0.00040013291825644
34556,0.00469231462809941
25729,0.0120653851623475
33225,0.11749020029991
27698,0.0115116826696704
15766,0.00410436677976336
29171,0.254670884414081
32649,0.110855773973406
43078,0.308282350058997
25668,0.00706728755054092
1156,0.00740787707410955
28411,0.0395092074509737
36144,0.022229188635343
41623,0.224764680803217
10619,0.0119812330456039
32143,0.221062030608441
25985,0.302254446431687
14356,0.00289813120816279
10673,0.0378358560774977
43886,0.00539470022705267
2477,0.00734397914107451
176,0.0366509288309618
1829,0.0268875415537773
17762,0.0641166562375107
28630,0.304713686878777
41195,0.0281175866669737
14648,0.00515853444147692
3414,0.138098092421263
6762,0.00261164278961258
18692,0.0581437189063976
2608,0.0273879756271383
24067,0.0135745386731537
7497,0.00159782275398044
10011,0.0487597105580003
36904,0.118470615101253
12139,0.00125371081994116
6704,0.00479057983793998
26522,0.0430558808495318
29653,0.0202642454202119
31418,0.520659552588209
37326,0.0393592472501146
2414,0.0691176595174547
38884,0.00499040252656546
4084,0.00343508209412195
40844,0.0481534571958907
41307,0.274591736001561
14354,0.305659891718327
10796,0.00632352506243121
2938,0.00356760271131487
12095,0.000983288312393486
1183,0.0554768923184389
32690,0.72872545580799
20410,0.0129214921825276
6562,0.0114702288044757
44720,0.230742159433137
11137,0.00545490793488287
31489,0.40050845071679
8927,0.00941249709512569
15181,0.455733926022462
6854,0.00453874647326225
6805,0.00108314539366106
26929,0.0182289666996383
29399,0.00908430491351687
16802,0.00513076987582169
33668,0.0123412598854183
43278,0.676324169107122
38075,0.0142504415635925
9164,0.00814145257793262
38326,0.0163866289792666
44502,0.966146058801751
24284,0.00852301439256316
19327,0.0556393887180665
19461,0.00569212925539265
42254,0.452874968347638
34919,0.0372637008910008
14434,0.0065950730049304
21685,0.0151524063378
23168,0.0118514811264631
40846,0.0407804260280254
42114,0.394850613087944
11335,0.10434708541293
33076,0.0169659460739723
13386,0.0165875062868152
6534,0.0135831511848888
3156,0.00538673548899801
26264,0.0176495769768764
10768,0.0289519283080442
25197,0.021768518922803
5421,0.0687085946333804
12816,0.00263335933312484
35511,0.840691168151158
6882,0.000596366538575826
26092,0.0456820514489718
38896,0.015748527549109
28759,0.0183076564548026
25495,0.0315645883086357
8463,0.0187756278586819
2175,0.0124092771156632
20580,0.048604486047892
3994,0.000760521486816539
28479,0.0448518915894092
8276,0.0135303391573332
884,0.00103529858225102
17921,0.0591306704729879
592,0.00121418491484145
16085,0.0298000617380294
35304,0.00739071377100379
5691,0.00247508623615607
24340,0.0308968820981487
20246,0.586212068741766
24753,0.00782746698190077
18557,0.0923636399463301
41537,0.156835553632876
976,0.00114745187274987
21610,0.00153078719126711
32225,0.126389227563625
34650,0.00689041126989434
41102,0.0395575329008234
42638,0.0712334849178849
38517,0.0087005554469869
40168,0.688613705138861
29475,0.282410127189891
5108,0.000337512083844321
41929,0.635815031684071
15252,0.00227078980920359
28911,0.0123326531395479
26029,0.378101730106989
11666,0.0130591664768123
37961,0.0068065027212233
44583,0.694146854959387
1003,0.201211564255425
35719,0.00561319661167416
8018,0.0590285310943895
33154,0.0150201844735084
16060,0.014278955042446
32037,0.618374111071361
8338,0.00629942603459614
4666,0.00203270025930646
29317,0.0605914967358049
5335,0.0114077183249586
32057,0.294341246386041
42097,0.0175286837673079
20964,0.00411043846411685
35963,0.0225053589412628
35678,0.00159603484710561
14145,0.132928732176069
12641,0.00111475808821928
6433,0.010313972081494
13280,0.0371910874084931
5367,0.385604292563039
21934,0.0289233398452401
16967,0.0348231386798671
767,0.00119870234220767
13447,0.0150383842575775
31667,0.113662952131002
41023,0.111885900539543
18598,0.0348480822507551
20973,0.00633694462997469
30499,0.0349289366148769
18021,0.395862384909723
4087,0.0109462628553044
17428,0.0169315569205348
25560,0.01818441686293
30212,0.519667060872092
12839,0.016567452670905
35991,0.0458805852328659
4291,0.000619977418186064
1207,0.0021747089167722
30258,0.0406083977856222
2656,0.0175524864683717
14273,0.0101364613116758
14808,0.17257913051264
11142,0.0525632335351892
3160,0.000904519606715078
34386,0.663137941151725
44568,0.103889140560051
44324,0.73511349280401
3058,0.0194339840606932
2738,0.0116343203318573
699,0.00283687924496564
12882,0.0126147018356695
41836,0.150320066231005
39242,0.00290212818425172
19392,0.0136315188487724
27143,0.0220706088446577
36892,0.0806149867334613
6898,0.00160270941718958
43424,0.93244983420336
29100,0.03904240708163
44418,0.181581251660867
33321,0.0140611903206395
5071,0.000428427944226028
27992,0.0174708008031653
5191,0.000599428598737925
11508,0.549410945010103
27469,0.0493991959633004
17487,0.00691862351233995
40912,0.138153691806111
11295,0.0055088900356539
45061,0.763636342389336
28803,0.158929207409092
5844,0.00118402299418996
40200,0.364822341026904
20622,0.248973322933269
38200,0.0318385417954768
26153,0.471207806800816
6281,0.0124447881670797
15047,0.00791834385911756
24996,0.091739075760509
39503,0.0541056278776028
29131,0.195033540928843
38818,0.0158358222921451
42282,0.459888947876256
34376,0.0120224394649449
39672,0.319449647628014
20027,0.140664602647223
24553,0.00503748998345918
44336,0.0201626226493834
30380,0.0494847839006513
44369,0.887376094136574
11520,0.558250800066166
12405,0.0054413668612282
28789,0.0260191828181471
20485,0.0272856447270298
27985,0.0190467187902123
29634,0.377132343097178
23897,0.0121940920933805
13651,0.0245953747993447
21650,0.00981237102070313
3729,0.00463645490115902
25108,0.0154879131096904
44124,0.00106385641202266
26165,0.00545482213550817
19308,0.0465429099256253
5851,0.0013222148261766
5956,0.00221863328895055
9416,0.0717584468106286
28014,0.00455295829763401
29001,0.0822113161792082
24187,0.0716095349636043
40151,0.371726643224161
14375,0.207918003875478
23680,0.0310453981997614
24225,0.197095686776822
20496,0.0327970068871824
26505,0.251017714136499
35158,0.0345655177094139
13121,0.0142826335877218
6116,0.00456720674965683
19369,0.0164851520796688
3143,0.00096774534213831
43965,0.964601124846088
10270,0.0038184666348488
25523,0.0347903255476811
45120,0.682636773136591
20988,0.0131386747480629
5317,0.0101635984080091
18395,0.0015298266830855
16600,0.00254965002261642
13652,0.031436280345665
30306,0.134581585979727
37239,0.0133415940142251
36467,0.00727522809437078
22276,0.0325834056875761
36503,0.00900554365934728
28429,0.00810753856126599
32866,0.23858411959944
35005,0.280083041613066
21326,0.359630651725837
18834,0.0826459580955174
38635,0.00275169488278934
37091,0.111962250089154
27145,0.012538470456489
8436,0.00891890792307461
41702,0.501105756893329
21174,0.0161074823785795
6446,0.0208032003103825
40839,0.0557743062606868
43734,0.198704055922942
9008,0.0117521910419104
32759,0.0149225114606871
32394,0.146127733827021
1892,0.00456473070943675
38413,0.153448138264304
22073,0.0142216577040948
5981,0.00442069321636825
2103,0.00190699435812303
32437,0.0720634358911931
20726,0.736656508983173
15142,0.0741389525772289
6612,0.00274122766216732
21421,0.0034891490472095
1809,0.00272734019449097
39252,0.563642424149036
35981,0.422179683540821
1674,0.000521232979127749
12496,0.10263441413459
33732,0.284315745751737
2577,0.0290711841268247
31609,0.0160916676159314
35891,0.00394436767177544
25574,0.0148320378936158
8531,0.0291643571347631
23576,0.00752983932470073
18019,0.485615257314008
29545,0.0181653816954542
24579,0.00683602407028965
10735,0.00173511221072273
23761,0.0194148167038858
21243,0.0257097334360473
9128,0.00950860089570707
25682,0.0136489755513996
17639,0.00166344235753385
17608,0.00374460973592668
12459,0.0540141103682675
16772,0.00219910189055674
623,0.00182072714419817
40964,0.304960849241318
26783,0.56506676237866
14366,0.00337417194311006
23775,0.00758913564780252
692,0.011761618663784
29123,0.0621880644603605
1246,0.00196553931086221
8745,0.129975672325392
9610,0.015652626146497
5701,0.00302967250503707
6098,0.0215365489779582
14021,0.0079595937652089
22849,0.0222586075646885
10466,0.0157063195532663
30554,0.116393178970459
41187,0.75568150274617
33766,0.752692575186699
20326,0.0248253316578762
3350,0.00124511031246231
32969,0.0577099476909433
754,0.0261849131495219
2853,0.0217893213256734
14269,0.00882908881416745
13341,0.0163991866313778
26160,0.144701918185383
19204,0.00738009283447941
12152,0.00142437136709177
16162,0.107138106761503
2961,0.00705975414075608
8855,0.260969630156392
37826,0.00209723225461703
40105,0.125348403428644
13327,0.00636701479462811
40950,0.344939731099519
19124,0.127016999223347
21118,0.554141526153964
5574,0.00583038138833349
37178,0.00822635292183168
8559,0.0103088985239911
8388,0.00345282196575349
9522,0.0111353932584062
13756,0.00856312855661424
21992,0.109215269271586
16210,0.0532756251907638
19424,0.0306638988602073
8865,0.021670429814846
29029,0.0577902707674987
41776,0.471581227312356
11953,0.000807455694116302
15662,0.00302457861885229
28482,0.136304753371148
26991,0.0525827292204604
10387,0.00884956174708331
13370,0.0102981036126437
611,0.00195342062976024
4233,0.000714178232255118
40391,0.10643876211498
29121,0.159170959806714
14974,0.0019740398572838
17641,0.00390326315935808
13643,0.0660713570113155
12602,0.0150196119524853
36241,0.0397983516833074
25468,0.469232571312686
15349,0.0236482818216982
38177,0.0720404169943144
17230,0.0151919317149788
42881,0.796013335989099
1026,0.0443211185143506
1886,0.690756352076249
6112,0.109698909794353
38713,0.125378951659325
201,0.0789993156135744
9437,0.0108378662272926
20325,0.225140130818017
9531,0.0254886426072519
29406,0.0270704495144467
18476,0.00492381465472434
6876,0.046424930694299
42633,0.119021625744417
42433,0.479040030430919
40664,0.081764434193732
36522,0.00281206389646136
21959,0.00718869633977494
43590,0.660790124601918
21477,0.00949028750218169
30038,0.0112544528260304
17975,0.0805586000424217
38318,0.00350223659985875
11041,0.00419356170486036
680,0.00259221506409541
33266,0.0582799920512524
42669,0.212196114333662
7580,0.0041434719492417
5748,0.00961007697928771
14965,0.543021939682591
43530,0.399563084685536
21928,0.0265341534503795
5735,0.00537978749649086
35711,0.00851921057541888
24815,0.0288912859234133
35967,0.0975704056451241
25112,0.0376659975913295
15845,0.00266785970775271
25046,0.00709325979937563
11175,0.0154029638749743
23835,0.0077926690547748
7909,0.0111665346731021
24221,0.0170096147182761
32891,0.0578948180123947
18174,0.00130323473788805
23986,0.0056044066919128
17047,0.00461343026908038
2920,0.00461324362668304
41492,0.137611076535946
42757,0.434095203857921
24275,0.156923580229652
31952,0.484461863045402
25882,0.0172555224258141
463,0.00183539112936595
30245,0.0132174649352561
2263,0.00140483990020074
16155,0.00640474369869042
10919,0.00470080619107202
30569,0.0513222526648019
25649,0.0157152036189929
27842,0.251447093271021
670,0.00130400972252418
2417,0.0120216446437067
33160,0.0602658726041187
27033,0.0516273580274645
22568,0.184100313572208
43769,0.052461369532686
27825,0.00775192360844033
42323,0.397532684803493
43016,0.821153427085589
40091,0.232833053614831
8857,0.00427681249483854
17280,0.548460263015913
1450,0.00324312965083541
41396,0.682257236667209
1423,0.00103936949914775
13078,0.0899177375872415
34407,0.455303963007019
34856,0.121168111945899
35326,0.00226427085288791
18618,0.00118337256106832
8186,0.0900634464363338
24673,0.00601219315543505
4911,0.0192830965317722
30539,0.194185358737062
28304,0.0487397106772285
37713,0.012924882161614
7303,0.00198613541348043
28920,0.0438769620243725
1828,0.0123265816466911
13420,0.013001321959438
2165,0.00177587981536141
19789,0.00969884353447615
6193,0.0987308371334321
13237,0.0537483515444354
26901,0.0101564453828862
23145,0.0187326744081539
36482,0.0328752894185732
31284,0.481251377382103
43013,0.404188896434507
5834,0.0107660625903861
36450,0.0325206399439631
2151,0.0133783731996696
43423,0.0496115800147972
11213,0.0154554095100825
40629,0.885972611200217
19657,0.0168808119464672
3919,0.0043395498382208
25803,0.0317568029115563
13231,0.0414864814842997
27826,0.0131630098082843
41339,0.781776389816541
26237,0.0203243715144515
16826,0.0721141026034516
11346,0.0702904999842814
4504,0.00132219660317554
43045,0.848004269115055
9369,0.00342626098433794
38460,0.00329833090808248
41824,0.817283651572942
38497,0.167402898704143
27597,0.0172036696156333
39631,0.366214752417412
42151,0.102063784085753
38963,0.460686340208831
4867,0.214295504238218
33153,0.336690418602719
4493,0.0434746044593938
32267,0.0968602825722029
4940,0.00937662397868567
5422,0.024510913533037
41089,0.0140854039765846
44073,0.419645354163106
43467,0.204357043856347
35452,0.0144593463710944
14872,0.622927207832691
1117,0.000937733936576556
40646,0.328330800840981
932,0.00236512847765357
35169,0.0017561900664409
20371,0.0483044575857285
44065,0.150987212964318
38881,0.0542960487944657
21308,0.0159153601688955
6168,0.0050909591894051
1808,0.00801482588971307
2660,0.00335454028906852
29465,0.41398781206211
23158,0.266041109857156
11317,0.481472022546154
6522,0.00376252997972096
33548,0.130034119229037
35170,0.0170822915593039
32653,0.00717643123193517
32524,0.0151008854389161
32836,0.365428303448087
7049,0.0290870629532931
28758,0.0126534016059653
6839,0.208385357281516
14799,0.0687086092011781
14789,0.0541343696545245
30898,0.0114216194318746
37315,0.522498378846999
44027,0.785516979134896
1603,0.00111999633205519
38994,0.0278769149632124
8427,0.0983616523956757
39375,0.0418313377197264
32448,0.468290789735582
15815,0.0281767946473015
24582,0.33978292011988
32319,0.566769528886944
32262,0.166984994992729
18269,0.0121887675371529
26724,0.0229552943972609
20417,0.0266204363682709
29042,0.0329881693332427
20165,0.0122830597972608
19077,0.0419797392772836
41892,0.147181326137138
36780,0.0498909373805814
12431,0.0236085887055419
20766,0.0222763608976822
22693,0.0244218157775804
9849,0.273538945377828
32938,0.197474292155179
44465,0.783345333752691
43010,0.540572665790282
18344,0.00252704271624071
5871,0.236811657756923
30381,0.539084876951813
12388,0.016712088367215
2458,0.000740153150365197
24440,0.00618493060445539
45043,0.647190957602838
39734,0.204808960530325
3955,0.00148273804469629
762,0.00290823571519617
16779,0.0797480334524992
39894,0.168990401085092
25039,0.0408471450257436
13196,0.00460925167825961
15734,0.0208013778827599
617,0.0197501593679691
24677,0.0168294382060315
25895,0.00671543779757483
38760,0.202484383955284
20459,0.0271724923449694
30268,0.0983096295182054
26580,0.0554665898277203
12487,0.00153895353188256
26947,0.0134058552677921
34967,0.0401676499598057
36409,0.034394219009351
45112,0.443694636900364
40455,0.0905078444127304
10978,0.00237283996597048
34811,0.0511679654615357
3849,0.003023290202641
10170,0.0208846284377575
24605,0.00832854520479354
28378,0.0478435055518324
14478,0.000162949022187433
35396,0.0506063479381666
32222,0.0807637477819177
24801,0.0105711203361286
16096,0.00874011771781029
33083,0.0108867421713888
35161,0.0226826225375213
15302,0.00690197401187806
22495,0.0583000135949579
32600,0.0239708205941849
7247,0.00388196025925165
19513,0.0184801148353747
22867,0.221278623765226
14266,0.0022323109130511
37427,0.00925000130051412
32872,0.126214430283665
26049,0.0625285153139252
24459,0.0142425054328907
13124,0.07676121811317
24363,0.00559900905730286
5883,0.00295267476907521
9260,0.00508770376803034
13055,0.0763010538085114
15833,0.0257352832048134
28659,0.0131267805535576
24923,0.370318721527893
12378,0.0454247271558243
15511,0.186537611890777
34442,0.38538419124359
9095,0.0463708444469488
10081,0.0349617749064028
19082,0.0557773812527383
14632,0.0119978124020962
3858,0.014993980612854
11336,0.429658324752399
35725,0.114120358759262
40325,0.610910662784943
14995,0.00137883170605682
2498,0.0077417493881751
41014,0.192349408255815
7427,0.00407517509809618
21418,0.0399906231585858
32602,0.134867337453353
40621,0.020820227412838
24531,0.0214343461942369
30492,0.556719503288797
17289,0.00317358743876824
1567,0.00284308464549296
8123,0.00257691978853303
16815,0.193533323248273
6777,0.0117442059141688
13983,0.00609917268370045
43009,0.104021843836211
18582,0.00853625506372556
31574,0.676723024230725
8840,0.00715317450595463
20375,0.0653750283695841
15014,0.00342718714545565
36849,0.0180593233554556
17433,0.00498652731690671
42565,0.533250579431652
41281,0.495219399846113
5339,0.00634939890304811
10858,0.0222741596735936
30829,0.030713304675838
14616,0.00880871319799296
20354,0.00912511687416645
38469,0.847075844425635
31038,0.0331348143403771
15090,0.00356647501127803
38644,0.0197155285326852
12532,0.0361568070417663
19960,0.0171178533345754
19489,0.0151880470501884
33555,0.317261854523148
28397,0.0147772642524586
38148,0.00865208337681893
30402,0.0620384340128627
36066,0.0167281208761997
28295,0.0604259441977111
22285,0.0189145067368867
2502,0.0600213134177144
18801,0.222697982812649
31058,0.184205565586254
13214,0.140683640865523
29508,0.102232498455659
35220,0.00690885236283076
1023,0.00461923630189458
40799,0.486518053731848
44303,0.00132239297315013
11943,0.136802025599168
32733,0.0358925023818545
13562,0.00826549567829989
43468,0.727995862698292
7861,0.00317903926898247
26642,0.0196327069747886
35112,0.0147034151095956
25186,0.021413953083595
11748,0.00452625081260298
39382,0.0183559181672724
37166,0.0376076611039868
4347,0.000808070116862593
23317,0.0229248672543147
13814,0.00823604002119364
740,0.00113728701570254
26471,0.183088534842919
35535,0.0871335500922228
21185,0.0146090809955311
5553,0.565771152291317
15271,0.00389796581243819
43025,0.570822185992492
21932,0.0788028989740412
1175,0.00373848760480185
25615,0.0615595300279863
15763,0.00936474935251563
13568,0.0181868750118196
26541,0.027396509756997
19709,0.0402112345974877
21974,0.0259711342448903
44949,0.0413415042417753
43137,0.40260341407706
34827,0.00305091011127287
34648,0.0841757500129449
27107,0.0288055662092412
28685,0.099137306829175
32158,0.314490660966436
1812,0.011066684770642
37827,0.173717486929206
6986,0.0312429150584591
16467,0.0396306761779355
43426,0.0401443190497188
33938,0.249839246631096
8813,0.0215912819788206
37464,0.00756999320998305
21655,0.01305295462326
2680,0.0394511833931734
20837,0.0317277181540845
25908,0.00665280855489794
21109,0.00624131606996245
39869,0.0609908875159062
6576,0.00351001669324185
34550,0.0957552029462021
7083,0.00994650525181744
8014,0.010556773406258
1151,0.0173285500932087
22482,0.316412928995493
36875,0.0206847403272995
30612,0.0144677712770147
37970,0.261227103520082
17851,0.020683305680114
11128,0.0980725525732892
7439,0.00149095585284521
1558,0.00110791609411548
19255,0.017035697417982
23764,0.00376652477539237
20365,0.0814540852589483
37917,0.0140136229029685
14334,0.00363741032072463
36443,0.0173757039632761
13163,0.174853090751111
3808,0.000490102391389824
10916,0.166346190375467
18260,0.00455950302699203
21085,0.0546265868675794
14878,0.109336087893803
7781,0.0578458568524329
18589,0.0113082163986405
12934,0.00890765401128633
29909,0.10650294693282
22532,0.00269655131076073
37455,0.924813612638012
7273,0.00626689197083801
15451,0.0014064825806321
5601,0.0211209630776587
37382,0.0167507564184223
4427,0.0106288985988265
27522,0.516324346202508
44136,0.88564329176038
8833,0.434051344882694
21791,0.00859433505393397
16792,0.0252327359005229
40501,0.00629767344979579
39279,0.276996134644158
19544,0.015728934405536
13091,0.0645065618704084
16179,0.0289382530196687
27561,0.501675812747842
44436,0.520382573810486
12595,0.00464495670435853
30526,0.0393782279612671
32426,0.0533249585673412
4494,0.0027092414560161
8530,0.0152981947647985
26518,0.141075668183781
42516,0.612852896056991
31635,0.0738809669065114
22605,0.0852397781062189
29925,0.232184482071835
1537,0.015631758587104
6084,0.00508552322586246
18135,0.0184063830214009
21232,0.0135694605627712
8035,0.392349467598088
44899,0.919842988240723
8993,0.014850201497516
40061,0.640320507325178
39733,0.365765556361301
36417,0.00971781042592145
23010,0.0589282378045319
18514,0.00206516512402822
12241,0.00132239737043753
7492,0.00724643660283659
18101,0.00529396311146287
25439,0.179221919861971
25358,0.138780150638921
21135,0.00655696973034346
34761,0.0171633676748496
38714,0.283196361078291
10106,0.0519549235721781
36423,0.0796414315225598
15508,0.00869748758345163
18564,0.00705080893985405
3396,0.00515364451608873
25770,0.00896471665136808
44894,0.718754273332638
13358,0.688440758953708
14828,0.00435673129768268
9039,0.336151213374364
13745,0.0246332060881584
29662,0.0564058811894047
10409,0.0538415148685629
16796,0.0034045417503593
13532,0.579913272050458
23433,0.00343991439187267
12575,0.0307999227931359
42707,0.00116561460452222
7943,0.000717083127450725
37532,0.00575072173564419
36063,0.190628909626549
37258,0.0390874961824725
35182,0.480760918964692
35808,0.0128484669934079
28097,0.037177021750744
34876,0.0030895883650641
35338,0.0143976877219637
41710,0.267246592739061
13911,0.258872271113155
13186,0.00400612725436098
41908,0.741790530457585
19950,0.0244694919086055
12404,0.0121950057538076
35611,0.676531167373597
37024,0.212284211584228
34240,0.0758646161213094
30366,0.0168127769369954
24127,0.0456365691039946
32591,0.0636339767283557
12935,0.000833830169867236
3278,0.00360485342114681
42964,0.537628716982677
24194,0.00462243528062057
12564,0.000674393870548268
8791,0.0233106850928915
7129,0.0313714878171501
37820,0.00942422168213386
17875,0.00245095675318227
21494,0.0311563578106104
15736,0.0408964189710172
38196,0.0622849558403108
27854,0.172998273192209
11186,0.0113076306081154
8767,0.0243918041540068
14424,0.760524095707374
26169,0.0154314655643611
15257,0.000900576835997606
5283,0.0259782074125998
40485,0.00249808059983543
5665,0.0185350649775665
40397,0.00689774513435478
28193,0.00770527031915373
13713,0.00298406414944887
17886,0.0588983922393424
7408,0.00717191936361385
22879,0.0219379568197236
36993,0.0913487974930916
11801,0.0395118581003065
28084,0.0102610932129111
23225,0.0219605247585594
31950,0.0850574470547433
41877,0.118165232591306
35142,0.01029152560653
2042,0.00193426581474017
26819,0.00878729091131792
34649,0.121894362485566
21872,0.0769494072232349
34413,0.00266050964028116
7590,0.00323143517560458
11818,0.0136672227671837
17809,0.0904800609075169
16645,0.304575108503906
18904,0.0119838087572612
6773,0.0244130187189993
14446,0.00963410958138089
40586,0.315629016725373
13772,0.0187905780917406
35599,0.668030134919038
19336,0.0151382653189993
17425,0.00452139352689132
27989,0.0163721724147761
34558,0.479248346284983
23542,0.0178672852020483
34721,0.00590611961643066
8712,0.00680761679646229
15077,0.0022412236454639
10863,0.00594718814579501
35356,0.00951302403076243
18917,0.0262433549044389
39307,0.00262427593244175
35622,0.631811622892953
3783,0.018144469603639
22720,0.0188941633765992
41752,0.438501625686291
22792,0.064505366542382
3933,0.0159194732143495
44704,0.885234117722625
8880,0.00885792377394222
26574,0.0223371959519784
8922,0.0392219175142069
20240,0.0262697384790034
7195,0.00172120306125887
3935,0.000681607248488225
5609,0.00338535368192105
6901,0.00863023112497032
11492,0.257791563058803
12594,0.00064575117568976
41453,0.708137051762665
22371,0.0209299739046867
28710,0.0558459217739939
34794,0.00948630513246823
35597,0.00163147485999857
36688,0.0629822660111421
29104,0.022487626775112
1443,0.00158951705232558
27840,0.010288274505533
6262,0.24661062640416
33921,0.860735563927871
24718,0.143502797704649
36931,0.0638049537425081
11297,0.330415027675194
42850,0.238708148387803
21579,0.00959684135471741
34191,0.0128463368345028
42520,0.516783221013729
10134,0.120358608615284
40274,0.0707148322187845
38396,0.00798115599896553
20464,0.0127664482392777
7361,0.00179787477920948
33787,0.603746987030542
44176,0.0740599890803625
19941,0.0102048155864286
29811,0.0395078134604568
22011,0.0207996828384306
308,0.00131463659318467
12763,0.0025162774346617
8104,0.0438533444826255
42811,0.807636343152423
12008,0.0103753185610463
24147,0.0247659200354771
4525,0.00406111898026679
10428,0.341223054440434
15069,0.0233722217247368
16260,0.148317846021729
20613,0.0398248747745193
43649,0.00801971105771471
32335,0.630318188679662
11118,0.0105115299891313
40493,0.196928853143955
451,0.0169429502484802
13929,0.00916879370261389
7915,0.333525797599087
31410,0.555333396185349
18296,0.00188720265305098
14704,0.0234974280287936
30491,0.0223154676484994
12171,0.00232286866238209
6785,0.00187696011096463
8684,0.0402205429207285
14544,0.00264744873286555
4718,0.00263587295769462
35647,0.00263126841466765
267,0.00397196330776318
27020,0.546012573593028
26771,0.0313026508771378
1501,0.00286614555165915
22010,0.444934767148239
6828,0.00130356135615713
44443,0.242183727189102
37918,0.0480031326517595
51,0.00769914308192677
31031,0.116861291771492
40379,0.3849877868093
13601,0.00418490094451428
2523,0.00260759288084721
6593,0.0580891025730144
25326,0.00987323287513364
44799,0.564004297591104
1861,0.518531541113382
20556,0.0336307513128441
15756,0.759597248656813
20900,0.021036822299651
45020,0.333934882655634
21644,0.0103078239383083
30251,0.290524347398897
7340,0.00774053457979971
15369,0.010894131234978
4527,0.00862764512050462
22556,0.107553940212948
8834,0.0255587176482917
29461,0.232554206161929
32240,0.0531113484145383
3259,0.0561930198984493
39354,0.00466706602822421
2360,0.00877651227979626
19608,0.00886884254417823
23487,0.012716220678136
5976,0.00218414809854951
1908,0.0101695340653449
38329,0.00436655482421252
24035,0.169226058558236
25177,0.0200382629180574
13292,0.00199654116474295
36472,0.00701608090475281
34233,0.148329896549704
41096,0.54931486891627
2301,0.00194616275903626
18290,0.00779648717599889
15608,0.00547572612168038
26646,0.0571126083428441
44102,0.833659071590513
28542,0.309620867791188
5361,0.0355035801695317
16795,0.528573485777346
32703,0.231326344614852
30202,0.0829979029977776
34295,0.00533909357451628
3893,0.00173921786302608
20918,0.0727699753954269
6552,0.00495307889957395
16774,0.00370602750761838
28450,0.140627646354883
40567,0.064225950707784
17680,0.105422667886523
25987,0.012040494368788
23212,0.0384638573572961
43704,0.747830375497628
21690,0.0215463048399133
42934,0.685712645287078
7445,0.00154457244181907
33065,0.242770090994053
28164,0.147870531576691
25984,0.591423021188647
15364,0.0148153893563399
35229,0.123262091125481
21854,0.0143949213259881
21221,0.0371880170186275
780,0.00301227623775413
24088,0.46308106193479
33595,0.0118165100950606
43463,0.705394933525906
2030,0.00372671215649059
40694,0.0595740683823329
28040,0.0206761070363097
5452,0.00308504713417966
38033,0.00903777283765505
33903,0.768760338110401
17028,0.00352565790013401
20332,0.671535198221639
36427,0.0230594211804134
41258,0.0337357167626034
25206,0.0779721332717815
36673,0.012562919247606
1998,0.00103784250236255
39971,0.260456760633945
27914,0.0732659037700176
15104,0.0024018377748455
12963,0.00120637371182345
24839,0.140299232844864
9340,0.0755971909308257
11039,0.264796299836413
2890,0.0503985790500086
20925,0.03097842226937
8928,0.0183299180809239
30816,0.0371774588734569
32505,0.0172964277612133
1520,0.000435052796726791
17092,0.74086332640738
10007,0.0806607194490517
29535,0.0225962697324289
44543,0.849897882197501
43165,0.924323919970882
12946,0.0320186851609784
34218,0.012536424622072
22919,0.00941204301865345
3344,0.00160175182280904
8184,0.0131991318500925
1590,0.0047027733984541
13471,0.00691838894706633
13605,0.0772734571425275
44692,0.395150583004821
12021,0.00362710294804802
24639,0.00359393004977678
36400,0.0159053633248309
23923,0.0300140802104607
19283,0.264988659315579
17492,0.00110934588884724
35732,0.300788486801252
1776,0.00311544098050027
15621,0.0271712831014574
42656,0.0279943467491802
13675,0.00517327881106883
8330,0.0102197988251768
23467,0.00929571046886112
11289,0.00437851395636658
33377,0.0928954194983067
37672,0.00212422794352765
44994,0.763912002390913
37605,0.0265153448082409
39130,0.100593595375415
43311,0.800079859951686
41097,0.0639416730721654
16225,0.00245719942501563
24118,0.246727783197262
861,0.00194344100026941
30075,0.499687275711667
31215,0.467684069834572
9219,0.405872504070421
27251,0.0782365310101632
30001,0.518458004066368
45189,0.637007121715934
1639,0.0357926866248031
35459,0.256514301117704
9546,0.00383496302627811
19337,0.174135583372645
29206,0.0936662141634629
29627,0.0227832513515227
32890,0.0285538164899418
1161,0.00473931327916398
27659,0.377321889954323
4720,0.127941312104569
39268,0.0472097671133929
9492,0.0986600177072673
43095,0.0964267608943773
34688,0.397689635634463
11330,0.008080104528673
12751,0.00144163605466931
40703,0.285749867046518
15854,0.00218490421296533
16109,0.0226451069426037
2086,0.0471555450621968
9618,0.0454277876656623
21824,0.00487555922330284
26579,0.039867216186079
18255,0.0015574629841329
17651,0.0451900148021057
36579,0.0201223828871768
22016,0.00497870992123521
36425,0.0335472838686076
19614,0.684495130854394
30606,0.0753641177646566
19021,0.0181981860165859
1121,0.000947327285604721
806,0.00633963780912211
37343,0.0341178402360617
15353,0.0695953110667417
15478,0.00993451868394887
7632,0.0117319091778056
12613,0.000492402709655477
6931,0.00197265580459844
8934,0.00240714219435533
13075,0.00285529816481335
5673,0.00782939011077522
39871,0.052122675022132
9598,0.00694783542739462
28342,0.0097683536931826
38789,0.00198105174018109
29140,0.105271201190606
37624,0.513364475758813
10245,0.0194173236743655
1405,0.000563046417329552
6519,0.00334132032004243
33062,0.044727821922177
3417,0.00176857138532753
16487,0.0446035660942275
29868,0.0488108861879157
35127,0.0705316190640972
4303,0.00166707814598828
42233,0.54578801462411
21619,0.0149364209438572
18609,0.00261852224226828
9553,0.0404730156252236
14143,0.203424495740933
2899,0.00404854099087438
42680,0.594476651039983
11483,0.0092246442771921
43672,0.78378316116506
4743,0.00511604096496152
12340,0.0337639567658191
32078,0.100968212130272
13837,0.00737265825931759
32347,0.0908023041420147
39305,0.00670862438232035
26508,0.0494789801858888
1018,0.0014750961696149
1402,0.0078485075145667
30762,0.0814503166669338
40571,0.853840031736209
36324,0.064012687531244
43563,0.0777725293328658
16486,0.0167338531187294
8616,0.00942666693673493
2782,0.0104876453151214
20134,0.0206608172492302
20754,0.0325495245342315
23129,0.127145686764648
5742,0.150039963283499
14234,0.268337839304438
41460,0.0892547023206898
21001,0.00764218453749008
4061,0.0227582604761649
35084,0.0612371240483517
15000,0.000903938410603655
13226,0.00785962418689029
13961,0.00907402392493673
18010,0.00338160628824175
22590,0.117329584140644
28317,0.00632317386408768
11001,0.00714294754259629
21345,0.0120643087358618
36690,0.00851038069155992
43643,0.952163272490822
17540,0.00304257162829926
4292,0.00510392804841762
29517,0.243211774560068
22421,0.745949751457592
45027,0.565150122748533
11966,0.00114124106358498
11038,0.0108903187446833
34501,0.0196604761102853
647,0.0276620297958405
1388,0.042558958602526
25144,0.0150266422226334
4693,0.000367462792461755
26695,0.45862923569956
44294,0.182543964387448
9767,0.0117740481135827
17076,0.00540083227411741
39102,0.0101740023630368
25866,0.0435802778793862
17468,0.0030338088388917
21327,0.02931333260846
20395,0.00502459479280734
5542,0.0763974481061845
9391,0.00420810211210194
9367,0.0977097693157459
38827,0.284976968019765
30855,0.0251257530900085
16974,0.00545936891879746
26203,0.145678157923099
36685,0.293166783049002
29340,0.0615479547374075
44811,0.235352797226903
20552,0.0684087920164126
27172,0.0136841944443151
33207,0.0144590299698755
33282,0.0300661183716019
33023,0.0138336468243599
1783,0.0144148839117423
15298,0.205187982074575
22675,0.0231111142869828
33233,0.109163539196299
14394,0.00395403732212634
22395,0.0409122329126605
25756,0.0143414538156199
21427,0.0312531077066766
10202,0.0166945944452771
29245,0.490095786581266
35498,0.0362487244261439
7711,0.00611619325218073
25086,0.0156104181953735
5639,0.0129392630771562
9741,0.0124876764598279
8447,0.0107598604962972
9992,0.265762088801867
30417,0.0602369528304621
42210,0.0358915266677552
33283,0.0684324225753836
7694,0.00624246448654039
16246,0.0155257525837958
26039,0.00978734003638508
3416,0.00266689100798712
11753,0.0108246511193829
38357,0.0344422671475404
24868,0.0114914896335442
6868,0.00895193134780604
23052,0.0283042551944083
43147,0.817278274363017
33210,0.0641650482840855
11377,0.247816659695845
5474,0.00250821599778086
21270,0.00865161269603666
38968,0.00445643509168308
39055,0.396747911699379
44839,0.0125685498408138
24438,0.0134493065570053
34060,0.870094279738734
37250,0.0751680624238497
11826,0.0186340893677224
20503,0.0175212400016363
42706,0.0385048306062405
22486,0.0205534219888231
18954,0.10302876838219
9823,0.72668338017461
44054,0.0161033246254863
36625,0.268203079857305
31990,0.228443156429643
36517,0.129111629888682
2071,0.000832020036261521
27888,0.0385304512741264
12593,0.00768495767024264
26442,0.0320399298491316
22822,0.00798739284409602
8601,0.00238695676772239
7019,0.00400051258803633
12835,0.00665372181561437
31904,0.161643166469868
35662,0.0101252269138765
42979,0.848388883602878
4827,0.00782391934737506
12352,0.0078333945167259
12745,0.0520769293179853
18528,0.0168997992583747
44836,0.0183566033944431
16535,0.283232142471179
14187,0.0335463852152846
19277,0.0228414797559752
33541,0.0341897900305893
15926,0.00496780611773087
45152,0.082286809087797
34779,0.620528732216685
6340,0.00267007664697222
9906,0.0175532618329189
19851,0.0351746073880474
19842,0.0105294088059205
21585,0.0126752811050152
25914,0.00272690795354109
34406,0.49830258180523
10393,0.0703661226760234
39855,0.564154458643128
7146,0.190628944004745
35337,0.145985914529674
14796,0.00574916384599915
36902,0.0192937061866699
3254,0.01918897948997
11428,0.232830285626286
33098,0.0738614637486465
25683,0.198186817461218
30235,0.0267209334260315
7090,0.0016000679855398
12838,0.00398345898149402
31466,0.0457637425478729
42450,0.632416644656734
43355,0.80408822721557
38501,0.00356755861279898
21358,0.00780100955957695
37521,0.0148530617641184
29348,0.0728682890949883
34720,0.0658718151045532
38694,0.00291394923556683
41941,0.845756979508023
37496,0.167750762586427
23559,0.00715538892365636
13638,0.00510990166534197
37018,0.670978536226028
29293,0.0605860038465347
5493,0.0061086347527692
12289,0.0202592871196037
18447,0.00355786561040167
15039,0.0366728019900831
3330,0.0102390632273394
3732,0.00181642308169653
36536,0.00909119316416993
38921,0.0238060880250038
8798,0.0990081452184079
14776,0.0134654415036689
21437,0.00433403940951499
2403,0.00928723553299555
37844,0.00882773617166376
31224,0.121979246844637
37549,0.57964670834933
23243,0.148544455253726
18978,0.0525684946454086
42478,0.880182336626145
30453,0.141379152447383
39833,0.0652280305735352
34916,0.0134121136102999
9818,0.020921467306366
32194,0.0954954660020137
25331,0.174500737059525
18789,0.00260898404974593
38155,0.0096349585644835
36167,0.0578343121570641
26694,0.0129864592903833
18001,0.0395099697743074
4333,0.00116364756255413
26166,0.0925339260910196
42989,0.877781674971735
17055,0.0137089400869399
4772,0.00236293208554025
39431,0.0221400324728643
11000,0.00812937038073894
33309,0.0119134442079191
32889,0.124946015797893
14157,0.00271421149009224
20815,0.398662460357811
28896,0.0250906053266854
11393,0.0235199698004143
62,0.253703419001194
44876,0.681518238862967
21419,0.0254448618108774
41380,0.156428319959591
31787,0.279582663248854
23539,0.0049836093517957
17964,0.0236365832440127
43998,0.53753908988146
17728,0.00270927677371412
10622,0.157659448629188
12879,0.00666081854556577
7987,0.0114533688765368
18810,0.00133041305029308
21701,0.0771741203691252
24862,0.227785396304557
3054,0.00853519347982554
1523,0.00151789592555221
33981,0.425078186105686
36684,0.00753078665214573
24724,0.0535155292445604
15243,0.00424987270062145
11730,0.0745714604709512
26702,0.0110034948305164
15416,0.264340228785216
115,0.00128175866613723
10473,0.00922967989567028
36539,0.373029503696277
12276,0.033229053669349
17294,0.00854375291908241
41026,0.554863877323889
44572,0.576669989905489
33994,0.197441609958633
31578,0.0607693055277856
30507,0.180727850176943
39439,0.0118904388126885
13829,0.00393745249464973
5263,0.00299556364215663
4918,0.00259329759969592
5338,0.0641235654194228
42571,0.104307550909432
29854,0.0326430889832493
41114,0.216636178519997
35465,0.156630643032725
22804,0.404780466209745
8423,0.00696967361239063
29075,0.0372291127505806
20634,0.720194933540253
39614,0.0192647531589104
3260,0.0366667185114876
40709,0.0353072525379083
23319,0.0173533500988638
27267,0.026035024832314
37881,0.321849059481903
4377,0.000418954787496281
33288,0.0263279741765675
3676,0.00815258284314756
36839,0.012266252014483
42519,0.127383565817754
5334,0.0106636840058573
17459,0.00139185264919261
5182,0.00300648032614568
37811,0.164357688354404
41039,0.0271931832511342
2648,0.00697137164232588
42658,0.0913053118504193
18345,0.00594200435209234
13960,0.139223985526399
3828,0.00152680532676332
16046,0.082460880574722
30578,0.0284423560927981
8214,0.139503535450892
241,0.00153911622853967
26599,0.462186159639486
40429,0.023525503560494
31021,0.498127674337073
37977,0.00821306210276024
11631,0.00391232842035407
28812,0.0247266688450149
14080,0.00219809643220892
18007,0.233059305692871
10311,0.00933010846427148
10288,0.0168761875277236
22893,0.00676836369138594
45080,0.519825415253385
12752,0.00254613899818795
34491,0.0106163097113853
40317,0.216850158615349
43712,0.288578003258259
24091,0.0390136327527867
3775,0.167229359566539
35708,0.00757542641179401
28982,0.555494149465786
21442,0.0173958437193105
26170,0.0324110591821316
32177,0.229446289436418
9234,0.00939324289681169
34384,0.00683298451051127
43508,0.19272449704411
31379,0.870287912868347
19389,0.0146108415944043
16776,0.293320817399378
23622,0.0048340482661033
21719,0.0310896237559805
2387,0.984629038541623
20135,0.0161582032251914
36181,0.00379601870429956
3191,0.368022018605422
41270,0.0129263652601932
14921,0.010126001282262
23520,0.0305030522836666
40057,0.252327774606421
6765,0.053731252301648
38367,0.0047546064011177
17213,0.00617672079919769
22476,0.0218681025344816
13579,0.0192919846345755
32201,0.0368173472587186
3553,0.0138416682648966
29447,0.0102802172334455
40554,0.0412569202676976
6062,0.0259129316566489
15456,0.28639212998329
29723,0.518701419383437
5970,0.0015859396737191
18404,0.0180154169950428
24424,0.0193220518854034
4700,0.545572425754942
10830,0.0129298873311627
40299,0.207116617308283
1184,0.00284047380369171
33176,0.0184123908733147
19139,0.0159078907907564
33506,0.201029093355775
18680,0.00169597385791331
17859,0.00767014886038933
17855,0.00386248041046933
2874,0.00251390646944742
22488,0.0125760750023999
28013,0.0563560195147706
41609,0.874478428116142
33404,0.162926739507503
35561,0.0117890611987901
38170,0.0449162283129293
6663,0.00900151529281738
4351,0.0214458157966138
33500,0.316666867338608
16028,0.0034758553519233
27406,0.503651379647205
44717,0.219069171585194
35245,0.00237657840477398
6957,0.0188247250560365
29703,0.0753772002375676
38802,0.00174313166483616
475,0.727343704966763
21794,0.0139210792878127
44915,0.0394075235461916
17250,0.00261081602562501
39284,0.00155829648625567
11755,0.00811025960012388
19969,0.0216689247846568
9831,0.0226902803648792
29188,0.0553664554147905
41019,0.0629257933828612
27525,0.0282337610681412
30742,0.0451753557364018
925,0.015949110310229
850,0.0883166284303433
7570,0.00783032907034879
35803,0.00728935189118312
37318,0.0536229993821797
29933,0.0536710920874595
8889,0.0337367757097635
12905,0.00636105178129051
33337,0.0447643023748592
42623,0.108905193634572
8832,0.0587259301966019
2766,0.000718777148618936
35047,0.0049732058177849
28465,0.018987525812047
40624,0.472250087757831
28753,0.100477579263432
14611,0.0034190671783979
35132,0.00408850084982981
1965,0.0036434672426479
16520,0.416088604245334
26190,0.0214039209127378
8708,0.00730984559834854
497,0.00418384373382391
37467,0.00576398853538759
36588,0.0721812014758886
1245,0.0112050170682904
14163,0.690484205765042
37640,0.0385125958400042
36934,0.177074049175893
37209,0.118042675414216
34490,0.0162112723261149
26802,0.013337179121781
44629,0.41898872056144
36576,0.35367094897417
44477,0.000713615380732683
22633,0.0860971369257036
18223,0.00633582383099227
27046,0.166951582564264
14103,0.0226918855873407
37027,0.0469821299921778
14463,0.00587375626270534
24427,0.00418683171768405
32593,0.010616902691605
29922,0.0297584878981891
14653,0.00363975779617876
23591,0.00513210981205113
37578,0.00340987513896389
19292,0.362824871222863
35845,0.00332369745436159
42226,0.561058331429851
40917,0.916662481532468
10587,0.0323053270817721
17848,0.00422065301993869
31688,0.0429498473697392
17392,0.00664871488598272
39767,0.215903930332747
29658,0.0382541212968266
28887,0.0162795068457134
23571,0.0360190471352502
40727,0.205282398831849
8267,0.00312544168557727
18381,0.00325339855526254
25321,0.0171052420127626
8422,0.105518945410875
40152,0.118621713444032
28446,0.030341471453984
22883,0.609144599160895
31565,0.143034051388074
13629,0.00732879566856408
20742,0.0948043221037693
34004,0.217802868673676
5973,0.000791017253889112
35131,0.00187049932053575
37457,0.0562362776357364
28045,0.278842828224917
11763,0.379644529881985
40226,0.223802673083304
14484,0.0093823251767261
34377,0.0102023265031987
37511,0.369528078217005
1449,0.00753401030859795
42904,0.0967793583403409
16666,0.0153072101818839
15702,0.00165885086710308
12517,0.0013240359385945
17531,0.0130530812884059
17269,0.0262622874140458
37311,0.00948012533064452
44314,0.788225050580852
42313,0.58291927083402
39289,0.0196314958668215
7506,0.00152692494516577
36927,0.0183303070156576
43773,0.85262021305205
8411,0.0156504330403483
14410,0.00791333154476787
20118,0.413446346795243
44408,0.100062486176095
22737,0.11101968580616
9759,0.0564212757385383
33211,0.0887282224656987
14868,0.0177356224873729
112,0.00576608509016191
20013,0.373724494924441
7710,0.00396638173763022
33340,0.018762903492562
38369,0.00261101523702879
33728,0.0367579055263967
16773,0.00218239629594051
21235,0.0241075819878007
30444,0.0692507392315406
32834,0.0745274369140222
10484,0.0317234270824831
1240,0.135295855256717
12467,0.00699098103174263
1013,0.0144999271222723
25049,0.0249460842215971
9954,0.00470716728611451
18827,0.315700971770828
30118,0.0571010534894073
23439,0.0704428521012009
20329,0.0130822571621349
25900,0.374592636972274
19224,0.00926521552820383
33502,0.071897603497166
39093,0.0195027328191477
1702,0.0344474885788989
11822,0.00406539260837
19208,0.0146404671161459
27042,0.0147538466354031
39487,0.0148130537099017
35933,0.0153494028783216
7938,0.000813333861618387
4797,0.0058548943501517
38016,0.0201037397540402
19631,0.0216003417669394
6035,0.00156239381134917
21196,0.0313018674924682
5486,0.00206916500072364
32191,0.0470600468350251
19455,0.0130021274424243
18580,0.0213421169525196
9237,0.00102883335475224
4336,0.00109234807971098
38267,0.0122301676063711
44736,0.927786564082967
5437,0.00571848949066891
6396,0.00391095798631011
9073,0.00772004195703832
4591,0.0475461980436919
37231,0.0286810583873687
16302,0.00164357455011689
22937,0.0265432218751608
22507,0.0769851284058919
26503,0.316002134263086
1331,0.0102946867361841
2068,0.00118431610980444
31920,0.412498113603001
11771,0.00396387599327597
36089,0.00935353685927829
3987,0.00448865419969219
26779,0.0412206940131503
37065,0.72618990875292
5377,0.00196488119170947
8954,0.0610329934117782
13130,0.249133254759832
14490,0.00449612566295086
3268,0.00374787400535929
44227,0.99071454606676
3753,0.00219904752678208
28584,0.00881046614727236
40350,0.295584691469981
10255,0.0113432423489081
37025,0.0624332238762679
9977,0.0407184435524089
45134,0.678866768753716
7134,0.00431729897969494
7266,0.00210368258376267
16946,0.00554690757606913
13429,0.011196451085197
16488,0.00683973760680648
7970,0.00478380687870704
26948,0.0877983527052434
395,0.121997568589213
39517,0.200393518520935
27558,0.0216958092218051
41548,0.227469818032413
30394,0.116493713735413
30787,0.0204639430828001
3700,0.002061787789013
32692,0.0227007021114374
24029,0.00824550536232908
29286,0.0316256516811373
32341,0.0928621696360112
29801,0.0949070837658303
40417,0.20468466680031
30304,0.170095291806948
31070,0.205452930016247
16515,0.0405234140428978
33090,0.225083705196192
8963,0.0435230505535829
41468,0.703069121455304
14094,0.0841535282537721
34144,0.252531104303957
31296,0.7814124560897
41525,0.484034928296109
26871,0.135568903846308
22743,0.642749460680979
13791,0.49800663758954
25356,0.0152391627237897
37436,0.00852519772773392
22593,0.0223700281889718
41840,0.230167411216711
21469,0.031993543343287
19855,0.0110801688618995
21271,0.0156142045981306
33478,0.117238847299042
26538,0.0223327671120461
30263,0.59486169021321
42203,0.146669581176406
43356,0.777154120922366
25325,0.155650647415955
37880,0.00699081892001919
38645,0.0108916667451791
19463,0.10870121830269
38652,0.0149150064171678
3372,0.224711970804946
43513,0.726512925379421
11026,0.0983047191842438
1079,0.00670476905170025
32357,0.0561345411375165
28494,0.368927276315495
3822,0.000438949393607795
15687,0.293545492523304
556,0.00159891929945395
24663,0.0122793058352962
28752,0.69782980171372
30753,0.12846563065257
33540,0.0790501919133043
29295,0.0331086707744105
3714,0.00503435242834626
3947,0.199123185920807
10149,0.0236648077044408
18455,0.0295452736895637
37418,0.488029636259998
16886,0.169618773112578
42169,0.721385230637053
11264,0.009943228174735
39397,0.0308018386670178
23031,0.202523192939745
7810,0.00332544372894816
40443,0.0403560448318185
22519,0.0307531178704975
9867,0.0215215295161558
20133,0.00578991887847601
17147,0.00191896385287193
16248,0.710934348755911
20559,0.594154835828347
3979,0.000886970881424212
39508,0.121871136616038
23416,0.0233097463258686
24798,0.0520699933180252
41267,0.137289040303021
9719,0.0155317552499614
24357,0.0258934939694655
14841,0.0180832783823595
428,0.000998693443284948
16463,0.362918560830491
33430,0.0458635104067377
41911,0.434785555967541
33380,0.0161193469205725
14128,0.0135015724295468
4684,0.0383263072369043
26555,0.0212587176490736
37643,0.00611018822676027
10392,0.00560404375675745
35816,0.0141862620557031
17500,0.0133654203083429
6617,0.00408531290655331
5908,0.00404159456751803
21317,0.00293465038764576
32370,0.0857528670403131
24880,0.0225581478549248
9620,0.0178938114264066
20384,0.052508312116042
4822,0.00416218337084617
18944,0.016104293485376
14766,0.00127740538954557
17032,0.813387097548564
35044,0.212901880569557
38328,0.0280562113333232
24250,0.0703134098734751
7369,0.0043660057070243
16981,0.00589600681611482
15137,0.00601950146397923
17936,0.00411018385231512
8634,0.00324458671184582
385,0.0196578967321628
37884,0.151851235326906
35294,0.152256246810587
14885,0.00863278967849943
18560,0.580614674175524
44079,0.0126025357954559
7935,0.00152249659275944
6125,0.559399589751743
482,0.00260044350169234
24901,0.0388812135491742
40362,0.210560604334247
18831,0.0169058814684869
13190,0.0133476750230104
7250,0.0151380925833361
36314,0.0496088948677349
11107,0.0412664133842849
1123,0.00441576020119169
32578,0.117281274637871
27434,0.223022775612442
36765,0.103957918193319
26012,0.0129753116950267
29793,0.322210185235756
3621,0.00145967805796173
29659,0.353830259423423
20262,0.00834760116403628
6452,0.944235076810159
25329,0.223219678503662
649,0.0485532238205513
16882,0.560576501352184
1396,0.00289746662676433
748,0.00286781983720503
89,0.00262418716883532
12712,0.0114024214338662
16412,0.523166214783401
26422,0.193736088480234
2507,0.036695044038819
27884,0.093133422368542
6790,0.00364204678102018
20232,0.0151725401806313
26981,0.0101997225739201
7991,0.0126001612874747
4950,0.00217604681770496
7182,0.0179872392167932
32573,0.0593466781507136
10086,0.169214813906962
28884,0.211412996578719
38054,0.113461646215314
35858,0.0179575630300344
20839,0.125898786112159
15076,0.0162563523666486
22025,0.00362514854163387
26997,0.0203013311555246
37007,0.0674032393688825
28232,0.0155449525629492
31450,0.263525272845693
27735,0.00776296830980688
20450,0.0265508178869472
30416,0.0274263738697323
25394,0.0146611757587618
16775,0.127952745286165
24248,0.0459384427641947
44231,0.205119527675564
21190,0.0161100280209259
36534,0.0123887224358151
38824,0.00291636022394699
36541,0.0900308315178198
29192,0.18586932174776
39022,0.0328469802864578
26833,0.0567815665111481
12581,0.00150112995058119
14073,0.00475723022966672
6903,0.0231704725420596
36242,0.0115529814572576
36287,0.227995920299494
21453,0.0121201418093934
36989,0.0113621256365454
34823,0.00831338404493304
27631,0.130198562667928
20917,0.0530115744698042
2302,0.0152988432267561
20605,0.010208735529141
45023,0.0986643270663845
28729,0.504609869258282
17397,0.00404591616794794
32603,0.0509278739584402
5458,0.033838637327772
41980,0.604659518186689
18406,0.00469890450399034
2819,0.00844638644182913
434,0.00137262308850978
40438,0.0529518596821185
25294,0.0302206340326211
37708,0.0907396700106038
14640,0.0104018310757979
18837,0.0145442521987926
12290,0.0150206561857965
42229,0.0877865939846972
19550,0.0166870800568184
17395,0.00786752449975769
24784,0.171384599710005
1386,0.000375037258637405
32881,0.176713445115355
32873,0.160614651765003
7566,0.0619793448505455
22380,0.0239897459265721
26175,0.0180549980545953
16410,0.00430774907889887
37009,0.00496891434759312
37330,0.00959283316345698
44652,0.464523131668706
803,0.00131919029051381
44630,0.656910164287976
29440,0.0322211192805026
28475,0.0284544791331769
36998,0.00264410406002691
36386,0.0205065719945362
1024,0.00303884511320282
31715,0.290035419262818
23900,0.0271385324427713
4686,0.00499469005737426
27696,0.150726397350855
5190,0.00261498200462676
27211,0.00689536139390472
5918,0.0341148882257782
9648,0.0485332733146958
13852,0.00261133383389973
25631,0.00876362797333737
16128,0.0622637127544696
8470,0.229046227316666
16356,0.0153236985692817
15002,0.0136831251057224
32785,0.0807238384636681
41739,0.458414691416606
38722,0.0101658214506911
34241,0.0508052390327911
36141,0.0149583550628771
3361,0.0308864215025439
37376,0.0169868501532713
31744,0.193341769199772
42831,0.620613423929776
11405,0.00754593646298758
43908,0.662045961222566
33659,0.17372589131698
40643,0.776463677884057
34242,0.199719371690809
41808,0.276506722959601
12425,0.0143116212008617
23451,0.0231000787355505
13747,0.0085276505307798
26696,0.0120109617737362
16583,0.0226729866978229
31145,0.434015191964944
14189,0.121293885150514
6848,0.0173576806740032
43706,0.834738063171196
41,0.00380628476530554
145,0.00143574181016153
40816,0.478666685875113
20715,0.0134067704259781
22689,0.0187873272424765
44002,0.015048716471568
11698,0.0195820130502042
36442,0.00660308980334869
33958,0.0285344959532672
21446,0.0513301457461441
42409,0.77194061875416
26386,0.0115320490470623
6632,0.085637454215705
28183,0.0189194882826237
24179,0.0213222996461426
30610,0.013873376458026
21855,0.204469777342011
25723,0.0674639523626602
44873,0.772831950966937
28083,0.00797735140738091
21083,0.0223752297425459
24913,0.0586430576919842
22726,0.0383747449563655
36040,0.0260093002881758
22992,0.07263276376081
41256,0.0132377542037112
9352,0.0573045755616108
40198,0.316192159167418
8080,0.0150726819530992
23573,0.00457409397999355
28556,0.00354656096559523
16145,0.00843841457899723
13001,0.00218664066968683
32625,0.27457049586839
28585,0.0173265727305485
30137,0.0636087097347183
42049,0.475608035022733
4589,0.00868535712501251
28428,0.0395176939545513
20721,0.017664797071828
8983,0.0102573530367827
42759,0.0168931738904674
22133,0.00623020498793514
44933,0.7551182457289
35095,0.058745756346411
15114,0.0139266722309343
39829,0.459139658614332
14639,0.575390063503892
16875,0.0143482605433734
44706,0.544331735304807
31239,0.657352374995662
20031,0.00519122952598364
29729,0.0835551243044863
11625,0.0341763298676721
1176,0.00234761998348175
12098,0.00250055858918504
35850,0.0546054993594424
12359,0.163231717841168
1365,0.00333728530511873
8480,0.00880650604593273
43709,0.947859772527475
41615,0.77124012932334
20945,0.011343570543493
3303,0.00514788611011903
40321,0.371233862807879
35314,0.0312551605599433
42690,0.0119499472208445
7230,0.00117170442778989
5974,0.492808035806351
5731,0.188935490843831
35871,0.107298905980438
24961,0.00976966821023587
12903,0.00565810491946427
8182,0.280532348700667
8162,0.018887790749476
194,0.00124871584482947
3680,0.0856662871963858
14750,0.0038193681097506
7276,0.000582984369947773
18422,0.00173734224951667
28055,0.0992747044817236
37984,0.198861334458843
12314,0.282955782767072
24372,0.0069360346860351
9402,0.0926737702971291
260,0.00867886341949927
40062,0.221757921021402
21034,0.0450364536015029
3655,0.0015613495697564
10188,0.00919462129954545
5429,0.00310270032003465
13179,0.0110995185630619
23277,0.0171599185253529
22820,0.0256134891926807
29948,0.0882311953347312
34890,0.00772714571949253
1580,0.00313441900939519
5860,0.0163662115915973
17458,0.00424917116168935
23812,0.0168003312807342
28310,0.518234435047499
35443,0.0626385247815861
44818,0.401233725290412
9985,0.0481230302703121
33520,0.0103560256629464
33341,0.345387757043327
29476,0.0791652863287502
5365,0.0769186261593314
19171,0.039326754175286
32610,0.262818878091049
37387,0.0240774171192579
21126,0.754643985624301
21412,0.020802823033751
39751,0.0193413292310761
1565,0.00227825439869991
44841,0.174631195415052
12455,0.000954149008279742
39150,0.107057500203012
34265,0.0139502690355063
21829,0.00937268931263879
26014,0.017125755371414
9809,0.194977173400707
41611,0.966396888497847
26393,0.0248969629023712
36478,0.00490996986766659
2358,0.00864604679579179
31017,0.714632074474724
45160,0.0561048998083669
35457,0.0370097844109429
2951,0.00387901013485049
45098,0.8880286513488
3439,0.00190998830067352
80,0.00610555039987198
34414,0.00346839899905582
7571,0.0988445179415981
1854,0.00270681871211093
1578,0.0559118691450468
37536,0.0112229799766157
17735,0.00088803382219734
42503,0.751665951260996
27421,0.00336304338717092
4462,0.00110297014679889
38332,0.0049364419121185
21046,0.0733186443591149
23736,0.00881849795656372
15427,0.0716516554108493
40568,0.0228715819346238
31707,0.114658204117213
24485,0.0141775971528371
40461,0.414615706650119
18501,0.0287810709395652
6809,0.00150600218448308
4611,0.00126071750815497
25304,0.0227652483866171
29057,0.145436865123841
41863,0.522683009876379
6760,0.00188681992259336
13894,0.0652829486381175
7891,0.158009575301461
12052,0.00318490037091894
2740,0.00243787072716883
12918,0.00162527608097558
11954,0.00273653124223899
13114,0.00984381503913312
40830,0.600879642552838
9094,0.0582415597064733
20718,0.0143327525399849
14260,0.00359185808368409
43174,0.867362205724686
8252,0.00454771430429274
8016,0.0193903716175763
18683,0.00993319452832983
35573,0.0425503949153476
21600,0.0114723950938367
19168,0.221294094639899
6002,0.00821159609757397
2829,0.00211970968480434
21952,0.0226444243805897
247,0.00549582038427022
15017,0.014074058903498
9162,0.00305260636051362
24671,0.0418585557388946
40235,0.254591051093737
27214,0.250137253885829
44288,0.770075040449228
30421,0.0244307592966558
41655,0.832331762119592
31110,0.0908655236844517
18044,0.0830849282842445
20339,0.0188000068748568
13356,0.00775819313697573
17817,0.0108197601219974
43616,0.825184771267684
4277,0.00860091632713425
19825,0.0241658451264821
7426,0.00103242117978215
15484,0.275273533515026
15431,0.227604130443418
6692,0.0159773015145466
30693,0.553112693345096
40904,0.0836786490914303
24593,0.0183778880048673
15699,0.0637770291340612
43553,0.275823707929386
399,0.00505537679312568
42291,0.0524329916617704
42314,0.0209250779871984
26271,0.0915517420947655
35890,0.0224404773646724
13762,0.40934731655593
36165,0.0119920790690035
18819,0.00484810486705606
11391,0.00710013644809231
13330,0.0165454208256873
27830,0.232716726924708
15681,0.00303104143027533
25926,0.138847970302573
32398,0.0142062726201273
5327,0.0109989370425317
43950,0.0966138970324437
28150,0.0175654346831466
39842,0.133583293001636
31280,0.460440213522275
8828,0.0713576505583919
25011,0.0165827828657174
35753,0.0474813982059939
17979,0.0296445758444249
33770,0.431372355345805
33805,0.102810810464309
30392,0.192250274092779
4447,0.00143672596039383
3116,0.00113497025419688
40291,0.0620353054195037
29033,0.0639702098455175
22814,0.544323643863019
36829,0.0958013106673049
31714,0.166397241677457
2040,0.0022445400550176
1878,0.00628735246283781
15834,0.104313215451988
27529,0.00961551882954034
17697,0.657144962643524
44273,0.477058876757316
20123,0.466599705275845
3723,0.00257592083201898
30463,0.0483431182833178
39875,0.111284021100352
28458,0.0287482586111569
19619,0.00388795566001752
5229,0.0181338673634233
34370,0.00543909849037975
20302,0.027646030454296
3110,0.00197101205175895
19350,0.00991451587903882
22006,0.0221329013323477
16406,0.0179290020414547
28717,0.0228210933816382
44057,0.958599870676906
18047,0.605596860324351
1441,0.0131016566717397
11672,0.036270741386325
7703,0.00193656014132306
11659,0.00206976987299038
29536,0.142150722343637
5547,0.367161137666434
25119,0.406447351993424
37752,0.870012566584298
35210,0.0151270327249
40012,0.266198034648648
16560,0.00241332066936372
4466,0.0129935437764536
37859,0.0253773041014039
13058,0.16520665900827
11469,0.00943600647329875
24513,0.029853247258592
7621,0.023193884043152
1006,0.00418957305662616
41512,0.475759499369844
3229,0.191053970681196
8024,0.116674018996099
30274,0.0437200129819001
31462,0.0695151111822507
15545,0.133876222902656
38542,0.016178379589595
34160,0.84023170500769
40159,0.0358508912572073
711,0.00141001611180279
17978,0.0118724568642476
23388,0.0451416390793403
30021,0.127999893468308
32997,0.00941530983868272
26426,0.0329408426156326
22292,0.11225348622062
26686,0.00296717370728217
37410,0.00786384359490908
19264,0.0120354187080424
18352,0.00391149415882422
22002,0.0241086418115917
38287,0.610518545197658
34598,0.0294394855491491
31618,0.879160622888656
44428,0.148292039424767
1422,0.111079900908187
8719,0.301312870732715
14751,0.00222638685387313
12721,0.00740058237783271
43817,0.176506188192858
43828,0.0332526596577124
33562,0.216531625320464
35939,0.0165442874287105
10204,0.0148357695737624
36331,0.0441006782426738
3754,0.004153810707098
129,0.00221903105411726
38418,0.796954927079416
42426,0.134767486312093
15995,0.0222037881986556
8446,0.00610816840085276
8903,0.00707915717243734
44134,0.437365024251616
8348,0.00611832378258175
43638,0.394702683132613
6386,0.0273791195813511
32606,0.240949740137734
15193,0.322789913164693
21921,0.0105826817257559
17905,0.202643525434232
12307,0.0568915416241028
1985,0.00125651259737938
10057,0.178051445000528
745,0.000740056490668093
16732,0.00412007753126016
1937,0.00697392607434362
8300,0.212621194013197
18108,0.00136178171484647
11373,0.10305675454185
23967,0.00915295314852371
41245,0.0819382912846051
29916,0.0923529478452253
42171,0.390069869747654
43181,0.353273288683037
24186,0.00826896136839209
21286,0.0111803914421221
38965,0.00831006542344427
3368,0.00301778661092922
27981,0.210306935798716
20572,0.0279851074583805
4127,0.00101417735617219
19523,0.00832406335401636
8254,0.0301588173607867
270,0.0259878889895171
43212,0.851710972728327
23839,0.0109162141312401
41216,0.0928351477070411
7389,0.00089309588926238
44266,0.97049061830545
9322,0.180085215210718
28503,0.0274340689023847
40331,0.540891332298982
16148,0.0443282995352961
8376,0.0488737243062689
35041,0.038984357380567
5399,0.0705186937949692
4906,0.0436844292625124
22153,0.0279907132285896
28571,0.00956518175316124
613,0.0082408914418069
19505,0.00433894915310747
12291,0.0398661688688773
11338,0.014817379601913
5517,0.00455526614903589
11673,0.00284359502997126
7325,0.27992812417003
12469,0.00444117502663306
41444,0.211251424173385
26037,0.0319022163501549
3530,0.00411300549695033
10824,0.0272215391786544
13945,0.926472207780149
34583,0.203546680404642
2723,0.00393198396051407
30651,0.174305686644517
23078,0.0470190952000195
26753,0.0304229020615415
286,0.00555458432888425
9077,0.14151621988854
29565,0.035516552924314
24264,0.0443164473460299
37986,0.115473043845189
24670,0.00459121676331985
6398,0.000989750202242796
31264,0.301708762332996
7921,0.00116703709068976
17767,0.0160960069177568
30462,0.240012874307582
39596,0.373319418180946
24702,0.0196614797033086
34477,0.0343495067201479
37692,0.00216484785628081
8741,0.00260001908873574
6414,0.0112556063475033
38866,0.0547457267609489
24749,0.0154710799189752
7545,0.00669361999786081
11049,0.00557851494834639
20849,0.534799183410801
13362,0.0293134110524993
43321,0.312735902650736
35050,0.0438836368007556
6830,0.0035644999810462
8154,0.00487363999926287
9710,0.00581538862462961
33665,0.0110151078798426
22581,0.0648173662896744
10482,0.00540034353268516
5082,0.00143948081501227
17165,0.00357935526373541
15731,0.0277764950731691
3317,0.0201782481670976
36204,0.0131630433891998
34048,0.697270300172503
31025,0.0340669306891979
43099,0.315331514166412
34417,0.00412569305515777
15236,0.00183351991059452
33603,0.00873119053941431
27466,0.0259040533200293
28396,0.00951448760295889
26051,0.545775082252793
37164,0.467796116333813
12136,0.00185232153595548
14547,0.162698054923176
14740,0.207983941304205
44153,0.983519431213768
30987,0.0261617709916297
26022,0.0350006553200336
19040,0.0948638393133806
42065,0.790075705857165
42251,0.695915634147094
17698,0.0799977512540444
17778,0.00242928248605838
15230,0.00624868676856194
36842,0.00547176169277257
7275,0.00322147597232091
9093,0.00827035248832395
12305,0.0100559554966944
30307,0.160009735211218
21348,0.0157493803167671
22175,0.0851345771499743
30608,0.0915807089101769
21788,0.46169692529536
13673,0.00389236458392677
5932,0.0226157674301643
16364,0.0127821393768001
42341,0.0143234414290581
31053,0.117379276596236
27580,0.072414726816354
36723,0.030177417777537
25779,0.0117692410084208
11709,0.282823043138653
44471,0.0265671586660802
19372,0.0158581126876386
12387,0.0074307435230483
4758,0.00333401641233307
25862,0.021565283134958
9523,0.0269643341938219
27983,0.0099576769629926
8251,0.0138383707938976
43440,0.198822685655288
43784,0.160250907007387
36644,0.104157244118584
34537,0.0164109047226226
18998,0.0204498438756083
26731,0.00792741071233748
34452,0.0294785180720639
34316,0.0290741769171266
42526,0.26446147970097
12324,0.268783966471203
24615,0.0991322328380862
37545,0.00393700736250906
36275,0.0164761618659708
43816,0.168569587900532
30262,0.148589709035828
25509,0.0245160147043781
25967,0.0114591526322148
41984,0.207523407451897
25028,0.0500231506573788
29681,0.0904305771505019
31098,0.012570363153624
29523,0.500357488901496
30887,0.603157605764338
5376,0.017956840484257
42887,0.423951616713025
36819,0.942271537005993
14837,0.00435585883735426
15609,0.00668213267617208
6977,0.0357318602459535
31329,0.326639788524647
12591,0.00282179760286104
15896,0.0441090418773438
44750,0.72948006957109
32453,0.33095452420059
18840,0.0218980995563863
34225,0.014513882646771
41056,0.445586049928065
5780,0.0910032819772875
457,0.00295916535379504
39037,0.0303924224162474
20028,0.466759993509457
35990,0.0128015132006687
19718,0.0144763524936123
25137,0.0232428459826158
14130,0.00575764906301632
28670,0.0151026688078678
3740,0.00393760307485579
22926,0.0116112495885641
44118,0.850224827394517
18509,0.00349481773722911
243,0.00507076263743892
1640,0.0537106011664969
30029,0.0239628177114721
18612,0.00344431058687787
638,0.00991164965262276
14487,0.0421822326995903
9197,0.00840223422963365
25876,0.0169981055265426
11769,0.00813343753245026
42188,0.0979542558307981
32541,0.0771639424691989
2051,0.0244293908309577
44790,0.926713725259771
31568,0.256713271624412
37648,0.0768101547690209
3189,0.00683009319226691
18061,0.168330504356393
12392,0.0561980893737025
14990,0.00564299821563956
16851,0.00542101126189884
8766,0.13563020365864
47,0.0171656515994697
17507,0.00427411086593672
12053,0.00103660969893313
13300,0.00653985109967969
22933,0.00787234331158464
32559,0.0145888124925656
13826,0.111239888888053
39955,0.127532667005843
38705,0.00789431663232639
24878,0.0262523403217466
25368,0.235331067899563
6049,0.00155749021219494
7226,0.0508610882680436
15083,0.00700382459306353
33374,0.018226972953335
28611,0.0185596818383578
13396,0.338355863426347
42366,0.0577958490948518
22805,0.0836255734990889
38788,0.00385343738214781
38449,0.005737294324057
8859,0.155339286307701
44116,0.146702732720457
917,0.0250738091720177
29084,0.0270155961115755
28744,0.0140241362996123
32648,0.0175677672271488
6036,0.00262777755103379
41204,0.0100207339110553
20732,0.600176957511641
37537,0.00626661946328034
20063,0.0113024761645824
10413,0.0361095346581851
11591,0.0622270327152327
36134,0.221154806873462
42978,0.602236771909896
26329,0.0510623607394273
12468,0.00272982695160996
22113,0.0108149484915233
36378,0.017074162670861
23186,0.0177029125185562
34664,0.0397878546256059
4491,0.0040280548211809
5566,0.00139407618278333
26197,0.0163527885027475
25316,0.0288328330119841
33164,0.00474932220219635
21993,0.0774649735215328
21378,0.662445228076046
25796,0.314065139137718
30853,0.0524365884602663
29869,0.0437828682022819
11246,0.00943531873754747
23608,0.00475384948772072
19120,0.287284005768181
5868,0.00246662780867929
38169,0.139718401980101
41976,0.159337046670628
27306,0.212040468772031
22022,0.506240331908058
37650,0.0486890716237426
22530,0.327785584689415
31022,0.0363787615758743
10445,0.069402758080809
4573,0.38993028905149
12157,0.00331501196971571
3751,0.00150636785717036
19063,0.544776296870845
22108,0.183039545058485
32810,0.267868129980441
43260,0.498859231436418
44254,0.787278360315312
19900,0.0289872025208562
25199,0.0292446831938174
1154,0.00587012714710381
25306,0.135799468017554
33713,0.475185662042176
27218,0.451323032824435
14152,0.0022288098654691
28410,0.00730766953772626
19719,0.0112786191709721
26891,0.0235901352044677
13098,0.0181734063812973
4230,0.0188047380464307
40932,0.0257091920071445
28583,0.010848838623183
44892,0.849670937868727
17784,0.0204234279707158
33214,0.00547428308506915
15666,0.00277664845418312
32948,0.0550709562191662
33212,0.0251517836470566
23763,0.00655152945470787
6488,0.0220606691133547
28967,0.0484135320134437
15074,0.0261255284278025
10427,0.0211436209414844
33529,0.0731425825799616
44860,0.772508075777396
4710,0.00280531660645874
41170,0.21666881096782
43157,0.356444078017436
35448,0.966328269819544
28987,0.0970757824612327
26125,0.00453053412408429
14118,0.0213626415212716
17079,0.0430938824204454
6060,0.0117248755668317
33982,0.292832571320601
26799,0.100617912550963
11612,0.00890712805764584
42909,0.0698137590952816
37484,0.0116328136635328
11363,0.00827298480596059
32667,0.0521520764634556
24217,0.0256198107135059
38134,0.0261706514849368
43820,0.391917627987878
30759,0.0172846568636996
29325,0.67316179437024
25399,0.0214644130625121
443,0.00687760211783937
32203,0.279524150884794
43995,0.16275808785472
11135,0.0328378511252012
6032,0.00182308683735792
26978,0.136199517041776
23543,0.0108133263042073
23656,0.00438665281358652
23727,0.00514694122378997
15314,0.0473017778056671
7764,0.316114381982469
29580,0.105497920101524
44787,0.901365888819212
43887,0.011216038776236
2697,0.000937623755815246
33909,0.891928016472347
36527,0.00605565657965048
6026,0.00206649748987054
38763,0.00239422235375982
3932,0.0176148936491291
23452,0.0104560283838315
2540,0.00655509150638373
7091,0.0393604421011078
43629,0.047724498975076
31496,0.654014769586599
6046,0.0016569813287328
879,0.00172182458408273
17260,0.00499115443622387
31863,0.131121218008206
43999,0.500180177517426
12069,0.00152424146634605
9454,0.16855883894486
10271,0.0116759135740468
39249,0.00264436788701567
44764,0.898413008525376
43587,0.477995470923569
1494,0.000777108430143956
23470,0.0115904779649523
13734,0.0039414092955693
16660,0.00424127522232829
25893,0.0224028131527581
32167,0.0642648327895523
30813,0.021351328928649
1265,0.0016628738009534
11073,0.0141463904624979
13054,0.00731125286617231
42013,0.809452746850948
39719,0.0398175667653313
17136,0.00143454527029499
25248,0.0102917398982023
6678,0.00742378828652543
42814,0.0210872965383363
6346,0.000999335369718484
35349,0.00675201816695491
16035,0.0281467764685298
4054,0.00148147676181335
28668,0.0805104178244678
21780,0.013425678094665
1726,0.0034037044662677
19414,0.0794083791818847
28412,0.00627432963447661
11309,0.0191188941358376
24790,0.0129462172401362
34709,0.0108241092547124
18467,0.0122133925502483
24041,0.254033717915854
2722,0.0183581592692246
31730,0.240861829037403
30409,0.018087471749461
3293,0.0161385121382697
17569,0.00465872042412838
16473,0.0350959617431553
24600,0.00370123018529579
11538,0.019319861687875
39984,0.0721323602733061
4012,0.00211898023599999
16541,0.0026600434878855
31023,0.193813246877384
16330,0.422561967939707
6964,0.0264198398312685
25124,0.0830124716609981
27673,0.00627783813037652
5038,0.00220750156432241
29041,0.0473144437856299
10649,0.00832337231107502
36330,0.0321943396039394
22729,0.00792660581475283
20795,0.0653006415004146
29749,0.0320339466279755
22178,0.0259987696879192
30750,0.0247802509342972
35469,0.0179440582905118
14772,0.00159919038704263
24053,0.122654114373473
3345,0.00119926058536535
16054,0.0209675367927433
11423,0.0199631081209873
39665,0.126985896274572
33189,0.0224126935646321
2430,0.0863773188315898
283,0.0178544394581568
39159,0.0148833561990122
184,0.025095397196565
35604,0.00712785503313538
3981,0.000964689322535525
34980,0.0160025788409902
17609,0.00215131261223675
23886,0.0155185729038318
17563,0.00332585671419489
14552,0.0166897222247603
20053,0.0470038882446781
29367,0.156776275192069
31758,0.196772943680877
26469,0.00752053614845172
38339,0.0919374006780797
9043,0.00698933480503145
15408,0.0671909290863367
35777,0.0748755278564218
25804,0.16560859405613
22796,0.0169159314455757
36735,0.0434165246120972
38882,0.00474273808364803
35793,0.0293312735591985
41551,0.530095125824359
34532,0.00680538393293811
30607,0.0773764004497639
18247,0.0026493613423643
27392,0.0328676994576258
36720,0.0100475696813036
8196,0.0102009322408846
28185,0.0852226529350347
39094,0.895922192817332
24935,0.0173214193185017
34137,0.124700489798743
14641,0.176704615043989
34084,0.252985661468314
37211,0.0100231739725311
11158,0.0152131093194911
17207,0.0150699385403478
41589,0.767793884725581
7208,0.0175673311147645
14279,0.128798943893951
5002,0.0111450646537058
19706,0.00916538673239849
25474,0.00962748010730275
8738,0.00363656971597945
35152,0.0138945155190713
2130,0.00311981500539738
33133,0.0695880971272662
44335,0.909147929424268
10337,0.0103864429503675
34447,0.00336529655001328
16810,0.266391336013048
12919,0.01764855398163
30370,0.0285420262709588
41688,0.535820896119397
42954,0.722109995278718
1841,0.0114857785416112
34436,0.0605549959982287
38924,0.00357795068497146
23409,0.0140704636248399
44423,0.425299609370858
1262,0.00365056604789454
28837,0.258252804820184
31844,0.439567523337441
32112,0.390216414862213
13464,0.0220562724230729
38503,0.0320191479786027
7748,0.00248187210902914
12750,0.00134763642278978
13479,0.0051416827587862
43727,0.750780962220826
6660,0.0263516324389539
336,0.0013702637102476
19692,0.00998182932902185
41750,0.17261642907149
10666,0.100406424510428
21783,0.00987279578863732
16963,0.173278233021727
35724,0.0106072331861738
33035,0.035164499262548
37725,0.0124856387561739
5894,0.00116260063349476
26949,0.0254979248272231
19837,0.0105987988999822
26034,0.030664960700502
12327,0.0173646672206747
1728,0.00249136962169684
20154,0.0145259574813085
8083,0.336514586667457
34383,0.159897680649034
3580,0.00469919263604918
21202,0.0128773586306627
13338,0.0210279181917866
17968,0.0036850213851966
34018,0.385908765071078
15088,0.0539285220015389
30146,0.0211519183719207
38563,0.0352007910368441
28995,0.347474076547127
11120,0.668364831698773
11948,0.00506884192823792
14343,0.0256469064753273
27087,0.109484090814065
7326,0.00320286772909595
36947,0.013251354680181
13057,0.0192884432612643
40911,0.0347258096084986
33826,0.630568104895118
31363,0.529189352995423
18489,0.00818269974055299
26796,0.0258948832909462
16003,0.0817190310056406
20621,0.048683917515828
23896,0.018881300770348
29993,0.100987816348429
1330,0.00367296222314627
483,0.0032829549099563
11400,0.00536340227712835
837,0.00226485641420756
34577,0.205036014511016
12941,0.049861366774781
42794,0.0120811120808797
34440,0.0671545255681638
23215,0.0204872592737736
28360,0.00772058942480573
716,0.00123431988706682
28387,0.0649169693349629
20523,0.0301627088218938
30484,0.137205494846963
37646,0.0039311831976226
28169,0.0196966256223079
11780,0.183180354855056
26291,0.0128442897947901
14518,0.00506528536746225
37758,0.280453593105415
11420,0.0121921760171829
28135,0.0166176790213849
14831,0.0158566624589743
7391,0.0459810550974852
3538,0.00607820416826752
21637,0.0214516220614739
24991,0.0199325559301353
22079,0.0773020576851171
36717,0.112616076574797
34990,0.00679294369380844
27155,0.0507468649928031
43532,0.817921630860859
31967,0.49337176988146
31033,0.27293344445595
4938,0.00798559221006839
39133,0.0117926715596918
34555,0.00878980922457384
31190,0.137514368304331
2060,0.00242202846558471
11224,0.00420746325621161
17219,0.00342320710555426
24794,0.0614794734182822
5445,0.00917584356767711
21058,0.0443173972587896
37114,0.702221997151085
5076,0.00112791400907832
2626,0.00148056723419585
28573,0.0215347446992107
16083,0.0239404922002326
16040,0.00783213047614327
2742,0.00386869387173913
39758,0.0546737134889023
25429,0.0320577772681715
7095,0.00421352562071011
17480,0.127008605383358
5232,0.0170739257222347
12881,0.236570365341495
30966,0.339164459071112
12047,0.00392146560131676
29697,0.115196952182737
22334,0.438037899316518
29208,0.0654140107372675
3007,0.00912451832466453
22431,0.00928526101774418
2799,0.00239049080040326
20270,0.0200369402078528
16855,0.0103182721224501
12565,0.0718249402966197
39798,0.0887174293368715
11,0.00728540796875703
22402,0.0334852877934126
23436,0.00815394876273553
33625,0.00976992235742354
24153,0.484503641966817
3464,0.0178238694190702
19353,0.0100177615150854
9617,0.0669908866282734
41530,0.6308390985102
10729,0.0125115820145121
19860,0.0109658227254408
7856,0.010835516640241
37542,0.00393174307223568
6475,0.149234301740193
20482,0.0162753733730122
13092,0.00797135287866996
34461,0.152027501954871
8000,0.00793966215405978
33526,0.457409552635441
3437,0.00190864852094404
12699,0.00669878125755646
26136,0.190559693131778
16526,0.719015775555755
16049,0.0128842616344488
10280,0.149338195721487
8906,0.00790615327650946
38848,0.0387428325212718
4592,0.00257210189209261
16499,0.0389934348663148
19182,0.0782068403301799
5684,0.00641093067218145
12077,0.0015378030037406
26383,0.0589884356738661
2875,0.000654539608990579
8721,0.00240827678776623
26523,0.0176297071268505
30198,0.458522495387805
30363,0.0200964620780019
35222,0.0622533121081966
543,0.00185487687772827
16749,0.00995431304302121
29135,0.139751158055891
5977,0.0229037311626371
40228,0.265099301032677
44961,0.387667428705261
42760,0.148051961683688
21927,0.0284337451314484
37471,0.0403662735660997
26390,0.0850709065991085
43476,0.374023640360687
19010,0.0988174979187844
32828,0.315058287800452
39469,0.0584086440099206
17904,0.597387506910182
14339,0.0175210985281605
22065,0.0130950998076612
8374,0.0571718930053712
25904,0.0295189359632629
2703,0.0337206977848796
31890,0.376546826958536
5325,0.00967076094956238
36732,0.565882343668991
7513,0.0209645741257608
12577,0.00225268477962827
37303,0.138744254908237
43304,0.697112807378566
7141,0.0101485993231325
41420,0.119526335159763
17426,0.0217199161410552
36004,0.341912774261085
43754,0.0821155145049707
40620,0.0280123200999525
29066,0.0161868875949525
25213,0.0630101841412626
32089,0.204804343830987
30961,0.227812264883354
44883,0.292256344894822
15909,0.0101091174482418
25149,0.0272793754384213
29552,0.120646869495783
17882,0.00241725621026938
28292,0.00636796482727225
20712,0.0178717477621117
44351,0.878313380450881
22505,0.0278219302759246
44283,0.000753102192809033
8331,0.00445111167035364
29560,0.00919422355236728
23847,0.118598226375879
13635,0.053492342581565
20980,0.0260027548188686
7720,0.0866625164962777
14619,0.0090377543970461
6520,0.0365944799898529
27544,0.00835321632653549
39225,0.274114432001792
23112,0.032551871952653
23379,0.0249614675487282
28512,0.0213070029810571
10137,0.029230543121745
42529,0.041947622446127
16207,0.202435541523298
24063,0.312796589708284
18303,0.00374800807133094
19246,0.0218368224449548
21816,0.0081517739550498
15441,0.00622223532752851
30637,0.00947092924557659
11452,0.274182879266031
36097,0.0418061716520173
10945,0.00848346740809896
9452,0.0139800451939785
10301,0.0314443805486914
9049,0.00609389478237599
35592,0.0103042627913546
29198,0.464957525768993
32060,0.236439642446167
43379,0.302475721770321
4206,0.00312678264971957
21067,0.014972764223532
4540,0.00340435723225576
13135,0.0191822613085999
15974,0.0112710155498687
24863,0.0413132328066576
24168,0.103692612415441
13405,0.00814063285287876
37341,0.00756327316396031
1730,0.0120773591038453
11683,0.00677905972398782
44386,0.747957576738276
35180,0.0403220091008653
9122,0.563332863571383
32210,0.0313822681506122
27232,0.0258018793462377
39780,0.10318005959689
15185,0.00271379322885967
27425,0.00487346914955094
5716,0.00214765979552967
24666,0.0553579092633606
14422,0.0101104044256666
33058,0.109470292646561
37857,0.0451845382668901
31205,0.111597572126291
37761,0.126327296240532
18355,0.071991517148663
37408,0.110613969433359
32490,0.0509121770118514
14745,0.193688652122973
42159,0.0179154643935799
33367,0.0801785782064533
21622,0.00348233593628605
20474,0.0595183564649379
34405,0.00867672788573061
16674,0.272940264873091
27370,0.478691589618847
28511,0.0516789588700753
734,0.0121221708840701
34421,0.0076799934323899
13118,0.00570355271800316
23327,0.0258483029231402
12885,0.0500657175387458
41117,0.232319044890279
24467,0.00745882956185127
34542,0.130043704115133
23793,0.00731526685009603
37736,0.312248137326266
3231,0.00242418589132177
4615,0.000855904105466191
32450,0.539454434630743
28471,0.0148619270431859
11557,0.00521453475129622
33747,0.252370454317856
33490,0.0305085822780426
43061,0.741865301623373
27820,0.0489768638578886
12179,0.00198828795137697
9903,0.00900611365397581
44088,0.842724230706192
44248,0.0905678033289816
16867,0.0283798877862663
18054,0.00211109514538154
25469,0.0751733821989028
43584,0.552318576868139
3378,0.00285209489628524
8809,0.00466474151484543
157,0.000913960776202329
40924,0.433201822235079
20903,0.0420731892483458
24362,0.00975985929509028
11977,0.00185727275330797
30584,0.0127623006530811
34725,0.0214316476029317
30195,0.0205324655041261
12245,0.00314179365550569
16877,0.0087987759238878
37519,0.920625371775926
35752,0.28335958080892
14852,0.0570938256624936
2318,0.00461999437639497
34785,0.00702645666281546
27494,0.0335951239540236
33290,0.0414900538969031
5640,0.00460606690925308
19302,0.0474023898364742
590,0.000646567907688872
10127,0.0106279098075763
1057,0.0146973491742653
12390,0.0988288551949035
23099,0.0501326301024913
22198,0.0220184468450523
42328,0.474679176324614
9720,0.0232522676064483
12583,0.00296144872415763
38820,0.342968720608735
32574,0.0133712350053952
12226,0.0021714588648588
30512,0.0781273937178494
9732,0.00747060224265696
21826,0.0195159736086438
9919,0.198569017250852
33320,0.0184355085811777
10979,0.00226441259581737
25077,0.35779146178533
43593,0.0706677896770824
42466,0.206862717953723
18506,0.00466889232550108
6978,0.00096858706756541
15796,0.001345580435095
40359,0.284023594530956
40537,0.00712166089911997
19365,0.0539350656005388
32046,0.0918393140768304
7958,0.00730669608177377
17200,0.00866751922299616
38832,0.00363565131614296
26790,0.0212924211234244
23462,0.00482726133381435
25853,0.0134578964615853
4231,0.00109999483655575
42085,0.187269314923079
35201,0.822870033335663
15331,0.0670346159428076
17394,0.00871638598159525
16724,0.468654492841313
12624,0.050956978735399
32071,0.0734046341021904
44193,0.232787314116984
31778,0.183921263345836
27430,0.0119677137608229
25492,0.0173522170516059
43093,0.216650286672831
40539,0.0275825358035875
13087,0.0119202200675327
30310,0.145440754621425
21861,0.00595775679349324
14406,0.0028972178102762
6504,0.0186061212947907
24580,0.00877226225860964
31356,0.255192717165162
896,0.000296541506084183
39116,0.0172694611086831
14979,0.00792193192425174
39297,0.00318186603988907
34175,0.260386643977878
5817,0.00612924211034011
17203,0.227041077863749
21553,0.0269695282864605
26227,0.0211945086937702
19776,0.016740410060293
43781,0.27767816309569
16643,0.00584305960374932
4035,0.0138270432139564
4679,0.0017939304760699
6454,0.00688209546015906
33877,0.872986541657165
13841,0.00512400421338348
34659,0.0628070354719766
41252,0.252357402538586
28725,0.0310219880462839
4483,0.00460901345480024
3757,0.004004485016957
18341,0.179909801840649
27660,0.0369129589506853
33462,0.563217142149423
4838,0.00282086631633155
25566,0.0420150489455624
35942,0.0806028718672445
18933,0.0201797352428901
12142,0.00205777814657949
2050,0.00772164630719382
17780,0.0145487476652931
38117,0.31043778760672
21911,0.00283010450989194
29864,0.0725277048146901
14310,0.0558320814381694
17686,0.168790544142426
8914,0.0104076013465216
2073,0.000506226920248208
33209,0.303447438991561
14973,0.89177379708954
40333,0.0781095380037457
38354,0.0830163916444707
32088,0.0445392354040852
37143,0.937815135018817
11665,0.00902433885712428
5428,0.317998175044588
37789,0.356273091442626
26636,0.0839229131141917
19360,0.0437949935391302
8382,0.0172160714508877
42647,0.0861402696384865
20294,0.0140934740677438
34644,0.011938080385234
28035,0.537499387742479
6827,0.00170791969374052
9984,0.0468844054480446
23040,0.0199690498277059
27440,0.817342578915014
27259,0.0338031104526902
2956,0.330483152554334
40605,0.19210045063493
5927,0.00385275767012804
20337,0.0275631037129941
22694,0.0642818839590992
22121,0.0175710560967631
17303,0.00164697161587927
25913,0.206895654607197
12824,0.00286186128944835
36749,0.180075525363662
32512,0.0901373519318903
30454,0.203202658573518
42661,0.0315631777045275
43917,0.890553453388289
41025,0.114889012274127
28891,0.113590007932486
38523,0.764997883288985
30583,0.00924229929409268
16896,0.0648352781099779
10930,0.00104107573804577
19500,0.0317658253347156
34898,0.169429642199347
30885,0.0193218782338156
33924,0.117448860943716
446,0.00329304683068437
25989,0.0185262384057924
41327,0.0746356692956493
17066,0.0133557948156341
4376,0.00160185939578224
8046,0.106526421833254
18331,0.214425427726008
41183,0.5262157844716
24022,0.409839663221422
42053,0.20468954166638
17843,0.110833346162412
14666,0.00945891310614246
39091,0.248353790928987
16539,0.00857739411286527
2720,0.0071737905793149
29850,0.823240988231909
42930,0.0686444505221022
272,0.275048998653084
11987,0.0037617607104958
25600,0.0287150392477257
10050,0.48035441096882
17668,0.0118837341790275
9607,0.0162456440712153
41431,0.667361797390198
8759,0.0129175098156136
30436,0.114416684210281
10511,0.00632465833521873
21777,0.00551570518804046
29529,0.135401483834845
10263,0.0118789597642096
42091,0.219327763422292
19673,0.727126529618366
14767,0.123743157964772
669,0.00212554647798419
20797,0.0168140099879779
1589,0.00415130387086444
36962,0.0292150208517117
5090,0.00276305424379456
27730,0.00671886618049103
42379,0.975311248411914
29054,0.0723003740879883
23346,0.00962887336950979
24556,0.0114315113834594
17251,0.083675277093998
11109,0.493717810713101
19313,0.0126572627087875
22086,0.0482709291398369
15347,0.0128683434453195
24630,0.0138833466131264
11623,0.358784953136846
23335,0.0426970900880192
43164,0.214455255009666
2288,0.0137942113228409
39457,0.0568716321014169
36598,0.0183259631305577
31619,0.149011025879121
40724,0.145416165098848
37010,0.0176948745830534
44734,0.863018791757055
37451,0.00886127686777572
18092,0.614898510359967
38740,0.0186133067535756
22487,0.76979293800884
15283,0.00429307579459055
22149,0.0248311296084525
31865,0.0393361567246954
40598,0.0222240015862826
34651,0.00468384146828221
14305,0.00959914360950848
35246,0.00595885302217667
2298,0.00321688457528057
13307,0.0781603657995978
36514,0.644945676651471
36937,0.0150587448921846
9278,0.0959130694248294
20348,0.0211469582977625
8001,0.00577378014942907
32925,0.166039208554324
10110,0.331295350086478
11083,0.0133933915997616
7546,0.00146652839498869
20499,0.187672813002827
6999,0.000851429956658535
43690,0.0027441967151539
41313,0.204473496538096
21371,0.0213063972782299
20022,0.312341012566209
3418,0.0015367620163169
25023,0.0199599810606986
31325,0.346783934584759
20048,0.03919469228026
7512,0.000460925015172458
2095,0.00233829430966767
4346,0.00771470827226453
20472,0.0183420230654615
22598,0.00691758592494159
39785,0.315852578653442
28974,0.0295256306390946
32018,0.145795842689639
12521,0.00174929298416977
1656,0.00193284143125262
26906,0.00800949954711953
20385,0.024959971220349
20657,0.277425970008587
15502,0.00631569063879815
27112,0.0337569330089217
2011,0.00319489522994252
16183,0.681412269474003
8334,0.00420462165269418
2478,0.00652460226076627
10820,0.169237704520938
41746,0.412118958601174
20626,0.0333837467412802
36493,0.0027329186546019
15646,0.0994289409064139
6195,0.0897427365453415
37562,0.00338778660520123
44171,0.108330793490691
21542,0.177359864167018
37197,0.197946977032845
13746,0.144232474364706
30768,0.0128109162180624
44595,0.413460310379818
42773,0.0521488105386273
41169,0.0588198825998173
29234,0.203421617512264
22525,0.0278940151618212
6363,0.0127151830490681
13466,0.0282783190799319
25175,0.020762897007998
32458,0.0378236470723165
35537,0.0600089214828278
17152,0.00121928380446919
14821,0.391452325262049
28719,0.0425282984883761
3702,0.256822979372394
7910,0.000976532042408148
28249,0.0104831577654449
34707,0.0271498384441538
23693,0.0352732789829789
30215,0.0379447620002707
39702,0.618746225044056
34142,0.354272077665107
2531,0.00819032390788977
21565,0.00440072115496336
31393,0.260231439946346
18939,0.0470331984878428
41635,0.139714393389963
11027,0.199403853346038
41368,0.0690342022470764
30645,0.105254110742746
20845,0.0221670469485914
3545,0.000843269382438564
29503,0.023123810381371
5904,0.00138624872452939
3399,0.00184218700139515
20663,0.298265548440876
27363,0.0128471923167929
37805,0.0227872276199288
35795,0.0104605415196956
14331,0.0084367986324854
28861,0.0312902358738547
43056,0.0831859350893075
17744,0.0027609365068444
25491,0.0198401121838952
37938,0.00970594154903055
2169,0.107850521832958
22017,0.00800345621256739
10236,0.195201282341786
19882,0.183482780853846
6118,0.0216500311483037
42177,0.166008223148483
15536,0.00972519902631793
16471,0.885789628374876
18511,0.00283755001833166
30783,0.0472541175424186
13511,0.0502763985980012
34354,0.0032802605161139
10384,0.0176321578701814
22125,0.0129314243223974
22180,0.0332351810896117
23488,0.00591546814280164
35593,0.054382347156152
8366,0.00574470716535305
9479,0.518743438757782
21138,0.0653988723692339
33415,0.254823173294749
9775,0.494635030119102
27584,0.0728978722498603
33235,0.0156113916284817
5188,0.124661499761193
16288,0.285217268265441
19923,0.493008264618887
1288,0.00522304634491921
43877,0.216930279058976
8680,0.00499380105479091
37106,0.00868542950582433
12612,0.00325938899496032
28535,0.0181306262826752
12403,0.0702345727816036
5996,0.00143406177844017
10286,0.321225494050959
15727,0.647084957200065
22943,0.0266520496302402
27408,0.0182729499118432
32456,0.289468318705762
40899,0.0600391985970406
34930,0.0259044759320026
15352,0.0157091835103121
36833,0.00713672487123637
39074,0.0134588096052865
31401,0.868019234134078
19291,0.0150966774419948
15160,0.0166283520448611
37700,0.0174352794006111
13442,0.0336172057195003
35418,0.062636364562361
19393,0.0153377887792372
5384,0.386033914796175
27357,0.0228412061985843
29145,0.06224735400764
26972,0.0317456853557227
42508,0.269514152437791
39278,0.00607188798055818
2541,0.00966711594734882
29650,0.113819204387495
718,0.000971999044374458
4585,0.00243297657219877
9888,0.0168669800205745
20517,0.0287483731623283
12264,0.00475378235026952
11731,0.00599955698755059
39040,0.175869512777916
35244,0.522311144772909
8749,0.00600519679040478
18134,0.0332608800402759
22956,0.00490188335403873
26108,0.0417872655243516
38249,0.416348626969494
28714,0.0571007461589037
18880,0.0147196085534394
2251,0.00344442706008025
14139,0.00226315313717145
12056,0.0141879027971655
24432,0.357613968009526
5875,0.0039740217076096
17675,0.00248836706746778
37240,0.0155490010233199
30131,0.0618069235876075
29862,0.249412076935212
11915,0.00237843146398202
28597,0.00787310613139343
42941,0.046628905991614
1108,0.0294672753430412
14461,0.0136476109347018
17718,0.0168402831507251
28189,0.127405648299646
40591,0.982772180955219
25257,0.026381826508592
105,0.0403247717182288
40810,0.127500033297235
17143,0.0934059664854568
4823,0.00884082032987384
18798,0.00383793153384269
20664,0.142290734494058
32455,0.543976304234369
33316,0.0222001485609412
31115,0.0922278490560016
26773,0.072263432512422
25543,0.0120755768891188
838,0.00445846397761621
32617,0.0118038092921569
7543,0.00300099890105511
23406,0.0109127468579586
12687,0.230279458470703
7790,0.00262887154843986
17748,0.00174473506944214
11292,0.0017450636786407
6613,0.0055128172577358
37158,0.0096446377984214
2662,0.0020154721116737
5433,0.100984349286079
33222,0.0234529456727023
10566,0.0225004893432362
29124,0.339175881632182
41358,0.453337491999595
41694,0.382665154411064
21194,0.012817815769266
44619,0.652461849037732
33992,0.774028265160957
45049,0.544087602928126
13731,0.00754151869308082
33236,0.110512244959077
22260,0.0578420658526141
33971,0.0272688678786851
5022,0.312984986372499
40906,0.0311524126462146
33284,0.138013066135236
43637,0.0095062076661318
367,0.00205429206353295
36333,0.0036561925588984
42374,0.0284386479270687
20263,0.0271102519678615
26909,0.126940087083245
8805,0.010408778848991
29715,0.0345887159342592
30546,0.0404121208441038
20688,0.476629645445117
10549,0.0193128419490773
15086,0.00287946644377833
26313,0.00477452923559714
18046,0.00635439076584986
3801,0.0544476837382769
2194,0.00251010414800268
37869,0.0274178439295232
16970,0.00918608953848945
36223,0.0109624783455321
20827,0.0223718762837996
16703,0.0237960830550927
14261,0.00329873235463451
15654,0.370984147509829
31404,0.354050876298085
44666,0.934349873798543
31089,0.0637597851286058
22742,0.0115530626512893
85,0.00481518344950627
36961,0.782980284902489
40755,0.411922694657582
358,0.0181866268796532
43717,0.135454381930175
38243,0.156293766371098
39791,0.322768817302844
7478,0.000687554305978792
28860,0.206097585089584
12728,0.0481787190869198
25563,0.268747268224964
6908,0.014509151797899
6136,0.00447183262414225
28856,0.123435692363308
5269,0.00815258442609327
69,0.00234436888343226
1193,0.00681376895854256
20102,0.0131436899963784
31326,0.0400179625266713
30978,0.017335892114878
16013,0.14435089965498
38804,0.0105797849877797
32166,0.403093027399409
20823,0.10163690957339
30685,0.104812584696366
18963,0.0965788885862716
39318,0.225103013940318
12059,0.00175787347659032
35710,0.0271349700577415
1043,0.0012809419475799
9602,0.336425793826874
1280,0.00235821770744805
24914,0.0168040813423334
26202,0.00943694267750015
35478,0.00452366081337342
37080,0.0668820854643985
37264,0.0116990635002409
31438,0.531117945802268
23094,0.0358278590042045
6012,0.015557409970883
42650,0.293030783651266
12172,0.00246519610623918
8676,0.0314694375313826
8816,0.00997107681165652
32367,0.048605471325543
17503,0.00120996439933181
29866,0.0721387019347254
20551,0.138362805299533
9687,0.141719252455502
18908,0.478154060069638
26803,0.00633530179736064
2844,0.0176483219402845
32884,0.0133198197927178
36135,0.635068540606804
21550,0.0378587755048241
1655,0.00348639645391911
14222,0.700110554398259
9166,0.0220343538704906
28846,0.1588749425984
33755,0.305179333020585
44602,0.0075930284594684
2453,0.00104201678313095
1271,0.00362072810315222
6681,0.00697355317367907
31957,0.383753000790214
10497,0.138721320547686
35496,0.0404087531206101
14483,0.354907864815078
15175,0.0495326410888938
28140,0.0603599704319856
41469,0.6916489129501
28986,0.0487855052656144
23707,0.00515503338859827
32461,0.292758135195947
44064,0.148065757607868
8150,0.006256732567389
17703,0.00186479165644241
40965,0.828342945313357
10708,0.0399639372530845
23603,0.00240703729189189
1561,0.00112312398173964
13505,0.0289696728886554
25522,0.0109509008813186
22135,0.0150392904725932
27011,0.0396554390011008
41801,0.111687214657428
35666,0.00574271256933331
36005,0.00517820015432623
27929,0.0314429906425231
28703,0.408128129661098
21704,0.00719288612166741
29077,0.0401840219778779
28652,0.0319355143805209
13875,0.00380974013568693
22888,0.0148974257123822
15915,0.00548564273816184
5655,0.00837668773403956
36257,0.49073447254201
24238,0.350111446303144
17877,0.0130453116627268
41843,0.950456116528305
26525,0.645770956727605
22045,0.00835110185992718
18950,0.0299815313670123
36741,0.299374576164416
14400,0.0895131870046461
33773,0.116598190806915
10517,0.0219581178371314
7726,0.00737550506847688
10380,0.0176222705044338
35428,0.0108860245047284
17534,0.0126659384464783
34788,0.00939148945805822
13656,0.0115193556196631
33034,0.0167535945802884
28390,0.00760289278804467
792,0.0466254212150838
7900,0.0176216026987035
36437,0.00257634146252275
35239,0.0125070586955336
24994,0.0740200612629529
44306,0.605744066750284
33220,0.114939859734418
35290,0.0132720589099208
23454,0.0159231363977673
42903,0.111810908433251
25308,0.014027404365379
18306,0.00195977334362757
31632,0.0958799531104672
35012,0.0571843622474423
717,0.0442531950113555
362,0.00136050568245616
9286,0.00456482177151082
13957,0.199161470953939
23115,0.0168251383074051
38947,0.019243158640687
30937,0.309680971784984
26612,0.280685328414047
41190,0.319629287068178
11790,0.0080966593300581
22024,0.011897968941062
10361,0.0211831155308247
9959,0.668275342881352
17801,0.00208881394177476
21397,0.00747314144626989
31581,0.504405033132869
33712,0.0332173826487727
41473,0.656855803534752
44024,0.741024213297181
41138,0.0183015539735513
9310,0.475912159003777
15489,0.00907442186591744
30861,0.0336743096665195
9716,0.0351272388588314
29978,0.0398036301368215
32835,0.0754005428908942
3199,0.0277618704604477
36130,0.00774668757894637
16906,0.455287835989317
7289,0.0676817156814191
20394,0.0119965035328671
36170,0.0309052125729452
25883,0.333045316478416
13573,0.00356116645477094
1370,0.00527754868480897
2592,0.00212118368446261
2090,0.00122887057086077
29930,0.0276734041827582
37227,0.0136442691900386
38603,0.013935521182537
26465,0.110523239214731
22958,0.0203710562203845
44225,0.314727188839195
15760,0.00987926695378751
28167,0.0304685110062571
43331,0.820514701078916
3904,0.0206148324453062
16464,0.162422952065035
4272,0.0373830457867916
41450,0.166948863853695
38813,0.00258073992648492
12247,0.0319018159130816
11354,0.00180556403431871
42566,0.624366256831361
39539,0.0252884832013501
10362,0.0120829566985534
15742,0.00744398873814977
3213,0.00221163664675486
23947,0.129368602964794
27198,0.0287593318342806
22962,0.00768693764142228
6630,0.00158767157397461
35503,0.0097412255382941
16208,0.02753146591557
33087,0.402216270375216
36404,0.00422561185696531
19779,0.0174281157527417
20770,0.646023489019112
44983,0.181152212225401
41978,0.0802711591262438
6154,0.00454854288237326
34991,0.0144817283384697
14557,0.050249413002774
23650,0.0019262480163872
8908,0.0127694504556739
37199,0.0225723162141687
31150,0.467022219510771
45007,0.73100017036101
1231,0.05345630349604
12362,0.0385768769631983
30343,0.0900329064843851
3686,0.010251967270338
7185,0.00159464300325192
42992,0.00629664614087092
7121,0.00192678906261466
30852,0.097795887743852
5287,0.0942382301549258
39293,0.002188516367511
26713,0.0092028731022868
34437,0.087946861750899
34096,0.690566893714269
29707,0.172662210794778
40021,0.074875118900173
2305,0.002398718683576
19017,0.20691474417163
19693,0.24634515201307
36253,0.012144388698374
13285,0.0396983259730728
42287,0.436243447822204
19715,0.0102663203882068
28307,0.00923865266568324
5354,0.0161064826633688
19020,0.0210326567029702
32122,0.407569041684496
8208,0.00160380944316989
35320,0.0684477680444272
16995,0.0239345712373149
35790,0.138939444436566
42258,0.93166570114185
44075,0.00853011010819455
22064,0.00617040122550979
14672,0.119453458698777
24018,0.0100910302447607
17229,0.217068954938423
41550,0.373898871901554
12180,0.0127736094020036
33119,0.120237897492154
28504,0.189935220485603
13194,0.00427873003075288
24503,0.00682354227049041
38610,0.093655189136363
26275,0.0185675057301692
10875,0.00317193453274567
26437,0.0374632401899915
19939,0.0203827039997057
10294,0.00780348322945616
37358,0.788520635723121
24299,0.0147093166563391
20049,0.133656674226415
26240,0.00616419803937463
18748,0.00176913646559166
9007,0.015760339185868
44678,0.451853816678344
32369,0.0590189475442708
15339,0.00343900247906711
43014,0.841585334572739
2778,0.0230156193987291
27424,0.0158778947356693
20241,0.0120722499889255
32922,0.0387294116629703
36649,0.484479005270473
36092,0.00412774712841792
42567,0.915736265038501
32761,0.042539809146192
3463,0.040256734669611
41425,0.0811308223892645
2530,0.004535699900687
15818,0.351108777613921
37388,0.779511608782306
42965,0.77043726157123
33798,0.0646858997586236
26433,0.0394988902814313
37435,0.0325465260328875
5768,0.0036762454721753
39877,0.218572484269612
28415,0.00893114738129913
17357,0.0481501564979621
41051,0.314729092205377
42607,0.0211711299702629
6609,0.00148659603727582
3962,0.00189004919508077
35092,0.141369826572593
38132,0.00488250851135844
32100,0.421031089644803
6006,0.164765436341964
26115,0.0332250635989365
31119,0.18391107598566
26005,0.0556126826020589
11505,0.00784107734587111
794,0.029664525765476
11459,0.0167525924217189
27881,0.0109862369840898
34834,0.0654527816160696
36193,0.0303869802068511
20632,0.644471382307153
6269,0.00602073898845924
1279,0.00260841623711973
12155,0.00281872178170444
32714,0.284508578153626
32666,0.0172089848213091
31087,0.318742844660246
25534,0.0439816261584381
16577,0.00982830831423587
2074,0.0111218816213579
42405,0.398888551821057
25267,0.0217004040416688
26292,0.0122353680457041
25484,0.0937946719464855
15356,0.00485127249425908
10969,0.0112381797433913
1337,0.016591106739408
44689,0.321658650684772
32465,0.0816259012771478
33871,0.752295879466453
14613,0.00230502310862238
11723,0.00388521406160104
21458,0.00339142610795913
33215,0.602481312710159
29223,0.0255183317454475
16384,0.003635363529008
559,0.00575054861636459
31207,0.337312224506735
20312,0.17276797711352
24824,0.0151148680220132
13586,0.00700328115469558
33933,0.144264422411805
7624,0.00333815619325534
23850,0.0107810986293701
5430,0.0165778340910837
8322,0.00201937406577426
41121,0.107179502944235
22138,0.00960675373369564
44897,0.820457954811503
18478,0.00999456966045912
18678,0.00415947401160685
4909,0.00198709500258138
39958,0.380582193577171
32517,0.159254755650259
30529,0.324694303389403
11701,0.00632426119120566
36203,0.00331477415307846
6881,0.00164196593676876
44122,0.00110416671173212
37155,0.00228071497198623
41722,0.742725654907854
25533,0.00905384864625768
36852,0.0185716678294383
33507,0.0296695611325746
27982,0.0232128921421876
32463,0.527234458293938
32473,0.396041910877521
3687,0.00506298752265055
20591,0.129878714558066
37607,0.00534587137263001
37871,0.620561950585842
34293,0.00842049204226915
33390,0.0635335812411324
6563,0.000798641002335833
10355,0.0162736969383476
17466,0.0108811065902111
31992,0.236379259167779
10609,0.0358435244365547
34801,0.0193223208707062
5775,0.0194256780694014
7609,0.00232580015121016
40746,0.71645870630165
2945,0.0148415045041368
40548,0.0997852615936864
25428,0.0186127188636996
43865,0.564929740664144
5167,0.00389113569313602
24354,0.254555614833778
24307,0.0143747018148889
109,0.0449903577841371
37469,0.0190320771574783
44807,0.843602822739365
15706,0.127995387595745
27658,0.0216767429424075
15596,0.00251520246706055
26918,0.0663348794007549
45155,0.292038555368089
37535,0.0469025674812531
8428,0.00625969760735923
3769,0.000981362231012608
38226,0.0139696471794352
19557,0.00526091761495019
41774,0.446894770170169
10885,0.00426621163224868
40112,0.106737759484469
28859,0.0252535037524087
15491,0.00989019070978914
36657,0.0329984150689165
28264,0.060252559720076
23924,0.00988131565759343
15315,0.00488453235430151
40349,0.0365031408968699
14110,0.00379244638114184
17663,0.00228307025283448
6980,0.000815923537780246
18929,0.150936261894052
27098,0.0501522701182268
7879,0.00145778414418601
2885,0.0125826673831546
19578,0.00715053223788117
22122,0.019478471317306
8669,0.0219744707408533
7220,0.00294028134673278
36557,0.00820437354651515
35913,0.0113108051271723
7884,0.0141499914743519
44527,0.664188574329035
43642,0.0378271004403119
12733,0.00444812981169408
39844,0.0270622482335279
14488,0.018243158481098
14146,0.0265792711139165
42734,0.976804033127983
37274,0.0261134490179638
31289,0.333535668111639
36963,0.507820775302288
25550,0.205515461221334
17849,0.00509549426498475
31165,0.088278720781347
42784,0.0386264252282077
4840,0.0204273051296488
2681,0.00481597142000566
15813,0.00265536231674457
31490,0.0398942830596086
22219,0.00875083404973829
33474,0.0349773545286575
22239,0.010913243090886
3923,0.0190988353081429
43288,0.483294208994037
41534,0.170502288447015
9333,0.0100501784806411
22213,0.560451722892123
30010,0.374475477411029
11410,0.0105033297160989
671,0.0982175726371793
20793,0.0442176126526014
41967,0.366492097561101
15229,0.0173513734746239
32408,0.441527682523477
2362,0.00397192436590727
18480,0.133733495609397
42339,0.577944987815665
11746,0.0436731651437666
44179,0.737539205817172
7404,0.0298058007732105
31963,0.52257654687759
2330,0.0169916314939537
28192,0.056082536717764
26874,0.013647068304232
42769,0.0338797059200581
37821,0.33194930158241
22637,0.0220745852933215
14697,0.00438569333949482
34019,0.902982210823897
13595,0.0644608429382978
10983,0.0180560680906741
17081,0.0131517298486334
27942,0.0102686239977833
35632,0.00727677666042282
20140,0.034213077922188
39820,0.154181105623533
9259,0.019921724708644
40414,0.0124849341753346
38406,0.0156421990561708
6128,0.00818782053310314
40427,0.0171167248289422
6974,0.00273126185433488
13066,0.0252519923917991
15342,0.0035931614683619
42041,0.56715558201573
40659,0.552265972812329
41158,0.16424231519553
32067,0.0932403974925929
12538,0.00269354942784747
7269,0.376009355122833
12213,0.00339129522048656
38468,0.00469125374183708
33218,0.146028960929323
32364,0.0969995619004083
28389,0.0208598663727168
20322,0.0207271656860675
5243,0.00408151191724838
18866,0.0209944035896309
12162,0.00220538931761484
19535,0.00981499683100417
27839,0.0986661317168304
4138,0.0167907997100796
42995,0.221193186136293
6484,0.0132897862796281
35781,0.00598062601173175
25130,0.0296452237505046
36103,0.00233017133476837
478,0.0016993525396743
9606,0.106910005130476
11015,0.375357212015528
20101,0.263259986384507
6350,0.00310285404539613
12270,0.323078972386562
11222,0.0538630128306251
13031,0.0645672278489142
15710,0.00215558023635758
4075,0.00195676420966609
36928,0.19927666446399
41632,0.246676377089369
34669,0.00281275653260477
22748,0.0374068682897199
13212,0.00552989680177559
3965,0.394949400150212
35316,0.0561819298583052
22236,0.0109676347496863
4227,0.00475159631194504
15837,0.0127766424724951
27916,0.00415844481590516
22854,0.429012951766223
10267,0.00853929692922821
11113,0.0019827059340911
8786,0.0202673860537146
37180,0.502642105034246
28609,0.0102956487389935
12930,0.0199739581831707
41741,0.368915356474986
29149,0.138981759505749
43782,0.59565882280697
15409,0.00538625790520304
6731,0.000750652774218602
31526,0.152952149086384
21386,0.240052402086416
24305,0.000842594759457246
40087,0.0654347912993828
4820,0.00192146270086899
40079,0.0906863562914979
25384,0.0174606718485861
27720,0.450172357562104
24690,0.0158443768634621
8088,0.0466726023331036
7433,0.00393585171665259
37431,0.0357863299528347
36806,0.0201306021246947
2413,0.0164033352829296
15743,0.00897552286266324
33874,0.411872146646983
23458,0.00350295342628745
1934,0.020101788787159
3261,0.0374437861349892
900,0.00491770850279593
38748,0.00280911816462835
30624,0.338570259318907
40082,0.262337539191429
11243,0.147336180279654
639,0.00490269079966272
27774,0.0269312446187941
7779,0.00615822685185278
42993,0.059129763533052
44403,0.573110556187579
31226,0.222037872642629
9070,0.746184286856701
38914,0.0086439020596983
14153,0.538640886401778
26808,0.0217038487577402
26050,0.0115282416904321
26974,0.021170868574333
31313,0.295199127693899
40363,0.464133861285813
14096,0.00392078844979005
11499,0.0960510494474776
7249,0.00299802614295945
14322,0.00691153456212294
1429,0.00628028416808947
27237,0.530608793706403
2714,0.0112671650743434
5301,0.00313765040114398
11533,0.0029605402418221
1744,0.000994791067450906
4162,0.0333157254743843
12705,0.0102745512988129
28470,0.00915395390441011
35000,0.0149566775994544
20761,0.0190409163390905
11532,0.00436737596709644
29714,0.0432861918138051
3475,0.00192447537306827
32175,0.073311795686293
131,0.209654889622795
34940,0.0902423173153157
28,0.0011654130417272
38812,0.00245555355887279
31442,0.732797403480956
44576,0.743844598980385
25299,0.0232790483073839
15094,0.743023313635616
36074,0.00707993505481625
16641,0.637753624301392
2637,0.00187687427124939
43777,0.087222371597619
16861,0.284132155166484
6174,0.00658013846598251
8147,0.00292745948631934
38166,0.0677620994516939
499,0.0011840748853025
6485,0.00157135951035953
39590,0.0900733580692412
3970,0.00116324996791523
40802,0.0281271403486156
45181,0.392101895453478
37696,0.268902912519136
28053,0.0128261010999935
34581,0.0268345888348864
32273,0.0379760029906374
16058,0.680604050181077
4021,0.00239503067033305
44522,0.900884735655684
24204,0.129210611739185
5550,0.03629170754264
15799,0.024906797919838
23535,0.012690381178961
1536,0.00958025666518774
33870,0.332113776884643
13820,0.00369503116874449
44061,0.747444946486669
24222,0.0268607712591448
17175,0.0252960729640834
33112,0.193978712923013
25432,0.527412274754113
28459,0.313664357017172
42464,0.197964714078458
41523,0.778321208392142
15333,0.202938274475953
3036,0.00525094329611089
41977,0.162768267973666
3473,0.00230396741500683
357,0.0179974662603512
31503,0.0672803670423691
8814,0.0363342584587047
15657,0.020600982762189
32850,0.217200235245866
29557,0.00903184263816971
39114,0.00676321196492553
11364,0.11312278549366
41605,0.0710670117708933
5086,0.00280421319061157
42222,0.46582684052583
29459,0.129174919986964
41987,0.506267498827524
32755,0.0306909819894021
33075,0.0186506608806564
41802,0.327913433761791
31872,0.241203232417047
36379,0.0181238093572375
9889,0.075572511221768
25242,0.00296833628064895
35775,0.00606227541466209
23644,0.047821790449885
11860,0.0673089767551429
25380,0.0122185688305601
1798,0.00266499134862523
43309,0.492712426434058
19792,0.0149513960112239
31529,0.375842874329424
33470,0.013169805364591
14709,0.00420943652362177
35603,0.0874021110823457
35167,0.00611274085050503
42000,0.756176133393898
39138,0.335888954166937
19782,0.0111462311017696
34012,0.734978337891908
32007,0.097458799011617
33381,0.0623773633833037
38692,0.00964870426652494
21577,0.00990355164712117
25454,0.044647804097758
11629,0.00215623101217539
21047,0.0222407100041651
27568,0.66752482194704
32592,0.026272290900259
29516,0.0389978186312523
16559,0.00578450671616789
42637,0.0663433931921453
11671,0.0111482759782129
18719,0.0010819556039664
4052,0.000494148016033013
504,0.0167216763460791
18795,0.00246211024705561
38678,0.0134284637955837
11536,0.00468891045872082
24477,0.00388653279917136
26898,0.0290647948001704
33421,0.0272181651481625
2028,0.00231824935032715
42972,0.600875719253065
36219,0.557619601087391
8045,0.00411445250622446
40572,0.0552341184634262
38654,0.749412757669782
38581,0.0269787962045047
17105,0.664618471894285
45128,0.730806718189347
17548,0.00312905113035742
761,0.00640760029264607
37342,0.0643114654717819
34412,0.00534839981010969
10053,0.0113855326164742
40974,0.99673523482263
23306,0.0234123470226108
41693,0.162060675701586
40949,0.255230493814232
18228,0.00826872046365029
30391,0.0410963543779376
16435,0.0152332382659976
8226,0.00796843470203329
44837,0.00838751704567484
933,0.00280248615831349
17422,0.0627073730218362
20077,0.00410097529646907
29998,0.14506407466472
39016,0.420839432913125
29603,0.249279239933861
39329,0.00230216963492474
28312,0.0170257076153526
29059,0.019991084226019
618,0.00207658510643644
34546,0.0881506180223147
29740,0.313626956568371
25836,0.10984917483135
7599,0.00482385333673414
4570,0.0017010154393139
9083,0.00492176364443994
22998,0.0195994200727565
24097,0.215885010947316
28375,0.0127874881895244
40640,0.17461766502906
8777,0.0425722851457748
24408,0.151338534608624
665,0.00697201210087581
18710,0.00146126020068535
20104,0.00725504592716119
43713,0.17463139090697
31256,0.296215535594336
41798,0.253002642069629
30248,0.0829435297593201
2329,0.0734824899899763
13910,0.0480050009404511
4236,0.000963745272695087
26569,0.0157930179481299
21551,0.00575784195078369
40410,0.015174200500604
12446,0.0135803855633118
8440,0.097758994451194
37645,0.420415254057592
20458,0.00771229756734184
9793,0.0289573203140516
5696,0.00109448766650611
15583,0.00712489124147924
15450,0.0701680841612292
3150,0.000316487573715684
24962,0.0574085601280562
40476,0.00383440504266268
37372,0.806025444456431
42604,0.830111073655627
19976,0.00798747747343301
40141,0.355077572693644
34071,0.686869354660626
13224,0.0199298638806257
12800,0.00552998283278078
32114,0.164156993505241
37561,0.00394133612117141
26740,0.0138212196074062
11923,0.00746059709801754
6686,0.00203359583583271
35462,0.540860979521554
18403,0.0087207870153734
12923,0.00537016700339546
8874,0.0589742429795826
11454,0.0112404639480681
19395,0.0111640754717034
1927,0.00548304024111014
30866,0.698455645818391
27753,0.341865612779269
11503,0.00554330980854728
33592,0.0121806804116036
9394,0.0188187666643637
34219,0.0438167097054485
5557,0.0182981782423403
12545,0.0011532689716792
3490,0.0107503446728809
27394,0.0230120691315866
593,0.00208054939932752
44667,0.483682215719027
33172,0.102815157280554
26178,0.348435147152702
32619,0.124042942441299
13780,0.779562016292319
34888,0.00341374238239671
3761,0.0249528415015245
44797,0.728019750425934
22563,0.0464429932724081
40195,0.056293116754453
6825,0.00313691987334159
18377,0.00574258956432903
36286,0.131327867926444
15004,0.00217429644908976
23672,0.0471209695783604
1203,0.00467614601636018
29779,0.163690096234443
17155,0.00272875255180139
44050,0.880040489994046
10108,0.02372466433774
36278,0.00923743949436303
4791,0.000258049056832412
3192,0.00145436063592736
27445,0.0215978083516423
37516,0.0444857746857028
35578,0.00697222786270215
33568,0.0290516724975172
38560,0.0206347013599387
30273,0.0643713346339786
18175,0.0165225628341158
43071,0.11289232311476
8942,0.0599156785016456
23048,0.203613755931425
24308,0.00455499441539087
5802,0.0347163436159285
3323,0.474557246634043
44684,0.0307400652009012
7112,0.0119563963933094
23777,0.00302880670300036
9032,0.0610609424765241
36585,0.0106488917307703
34566,0.318711827514959
45156,0.623416491541681
24864,0.0788776262624299
6224,0.00142064831681501
4904,0.00947195755988493
8887,0.00662150151385122
10098,0.296285045862461
38488,0.227092568500092
29617,0.120325439858367
24298,0.0119238286516753
35389,0.0574338319001938
42697,0.149109351820794
44192,0.642753679130588
41751,0.583361057190918
21994,0.020665142137017
12280,0.0361258084538275
16569,0.00582707784288862
34326,0.0852556612827209
7491,0.00067948721268701
13522,0.00689264419170463
32323,0.0535878576416171
40036,0.882691000585503
18408,0.00843974533574295
37623,0.535178731096895
10475,0.0041827400133087
36990,0.362069423126039
4953,0.0110086378217959
28997,0.0326477324750981
8341,0.102649957956536
36124,0.0260142720889205
42514,0.108866661140096
44446,0.0947709612387389
33444,0.323669497944379
41572,0.268316475532295
43641,0.220612463838346
3119,0.0055989459509021
37923,0.00884768988669221
34517,0.0476280427122912
11764,0.621666672983588
19492,0.00761764907873644
44156,0.813207988692764
2149,0.00406239263617694
44603,0.994884503725943
4148,0.00544882724369063
25379,0.103316414063475
41455,0.64227629552562
6833,0.00348907133935268
19031,0.0140496285501051
1916,0.00274459901313562
18646,0.00128602226294589
22597,0.0132407223131115
5100,0.0216004473519188
16411,0.180533464368771
9647,0.00899827541686195
16980,0.0107156701068215
23265,0.047423926219512
14931,0.00225376093521401
1724,0.0038441665582936
42460,0.533813314930691
21208,0.177840578932872
25301,0.0339661379668337
1727,0.00336689667894609
5393,0.0140976975861523
44029,0.884037891877839
10557,0.0562491104208029
7034,0.00851938015970404
13153,0.0252190283049551
22377,0.0202873797254929
33457,0.298094386075795
7306,0.00390098101816236
1028,0.00235089078842297
17057,0.00394761774715215
67,0.0826904924535855
38238,0.843545063472099
10014,0.00664467068189772
38730,0.142170358870881
28727,0.047336926135943
42851,0.0845084516830389
37846,0.00581766374669705
14043,0.00925802502225818
22412,0.0396311943123432
2640,0.0104534366603904
14947,0.218861728212201
44978,0.426527271839303
20575,0.0184163747759136
1221,0.001958045477241
44730,0.763582757989096
8627,0.00822983007037844
35620,0.015821274683003
17505,0.00897910308146941
8878,0.0553547746837172
21259,0.00916824038490335
44794,0.391942327964917
33453,0.289063626049423
42775,0.0163213106528479
10714,0.0144405975089106
6194,0.00790883173787227
7102,0.00190762622776485
38586,0.0341621944291488
17521,0.00576329818347149
28921,0.0298519337111626
9784,0.0116093176698993
2364,0.00457829404112686
39484,0.0398372515229614
16937,0.00718637657843002
37950,0.57032002889438
4407,0.00810066696255201
18986,0.174220709184434
13308,0.0141318746202634
14388,0.114860615234085
9386,0.135820685938344
9653,0.0075537805325148
37047,0.0318062134273775
37788,0.0451000964286745
37037,0.0120952898940446
14840,0.742786884706966
2029,0.00785101724668097
11352,0.501774296802788
18809,0.00493486204476512
30329,0.434788048450441
31585,0.0264411187446444
30878,0.0137596466792473
21054,0.648670834342061
9872,0.0184634046521515
25579,0.00800528936833602
4539,0.000554663296199286
9458,0.00491539050583963
35953,0.037088674476055
15378,0.0494716289696141
2663,0.0102250269608799
39510,0.175479718500273
31819,0.392140989892099
23875,0.0137917482309125
34906,0.0524874996351549
23902,0.0246789401240825
28361,0.135067814243861
22715,0.0200850762977587
37445,0.102904666269862
39137,0.295382011810257
35742,0.0150385705812554
38918,0.0665093940656543
18771,0.00714048101082725
38495,0.387411774347819
18446,0.00280961063600457
34031,0.152501078268725
16605,0.0558716628199889
26873,0.483695154445857
575,0.00679811476257816
30435,0.0269495947726018
44302,0.00148277377093363
7272,0.200476026402693
19029,0.0534082197647232
28898,0.558846198808326
31384,0.553810911657756
20245,0.020982199073141
18738,0.00182342509574898
21119,0.0299762118822944
30345,0.440201389133032
27302,0.0172895021780951
31094,0.511593021066093
16685,0.00692491656548199
39309,0.213117314725488
44474,0.136696226828426
18570,0.00571995763024864
121,0.0368961131518559
34054,0.27021141498729
14515,0.359586545910112
23268,0.356709939621137
17039,0.00827304754197601
33895,0.717994879245392
39117,0.178476063656183
40704,0.0640228650027949
28510,0.0219733050419143
34108,0.657456848563697
28971,0.028579472130048
25445,0.00499746737288275
1493,0.00655689792759359
1036,0.00128476853516839
27734,0.0918856003834456
10912,0.0793846183138381
14379,0.00994244441033635
32765,0.0734577468895495
39136,0.118525277564948
6531,0.0635810448709078
31035,0.0301201234609568
27714,0.759379719814691
17768,0.0892359140992804
12627,0.00138044583216966
5122,0.0165213218272087
17526,0.00631836989064505
30158,0.00859220647836885
28764,0.0208174698460585
4782,0.0635615882828327
14380,0.00934139208745823
9509,0.165806041581869
21200,0.0277512625229962
21706,0.0100902344149641
38844,0.0042356461031292
42788,0.257342341746409
3921,0.00872594977608629
17660,0.360056872330303
28486,0.357055317284578
6439,0.00583494636506002
2824,0.00243780617596765
9544,0.00634171942761
4717,0.00138698007141302
11355,0.00231377637796529
28948,0.0735579081379366
20882,0.021711808792884
30668,0.233961667144579
31511,0.136770391786725
24343,0.0050411193718086
15920,0.321981615550497
693,0.0151136182330168
25910,0.132663639638203
43005,0.66910724886764
25927,0.0171309845769381
3956,0.00844859116646719
1632,0.0157983652224647
23464,0.014883140579246
7489,0.00261318656042883
28919,0.0628248155600842
40147,0.64290816003364
8454,0.0159058566268832
43060,0.0675356195489606
22527,0.0899859828626937
1421,0.00408328138451847
13882,0.0364877723304929
41035,0.109548190390766
35384,0.0146549981730827
22909,0.0587235566583712
35493,0.732281724637943
6495,0.0017370710483779
25753,0.0181317408585266
17030,0.0205255860473817
30191,0.161818325902507
35510,0.0176918108083702
22155,0.417322985317859
8699,0.00312445236926647
4694,0.00286152210235512
37501,0.0282442504181845
5483,0.0107174301931001
10103,0.0615417737976807
43666,0.0365704066933618
43715,0.839700086486889
13555,0.00442753114625689
11781,0.0147398465140519
12026,0.000824289952065092
39782,0.24598144439372
17411,0.00591805959376014
17861,0.00936149570185958
13378,0.00201615065114709
41878,0.219322218582292
29940,0.0259323840805651
38911,0.00153659127680304
5281,0.0606352532824054
2199,0.00427238907000138
34714,0.0384299686528597
8824,0.00413195383109345
20597,0.0138809033364539
39846,0.497261058097672
44098,0.483215649860195
4654,0.00214758932849786
5447,0.00927953604619352
41876,0.819417945541458
1625,0.00579409392981975
18553,0.00582761827222294
22626,0.0292422215275532
4132,0.00434624943636941
14565,0.00642314188842627
41208,0.0768946632137515
33597,0.0404697591645545
37738,0.210042177122002
16209,0.182662696251104
29967,0.0447416654257203
2669,0.00209509583641839
37522,0.890486659073699
25279,0.0145820304438393
11130,0.00437736926167682
42231,0.456700982772757
18030,0.00352415634049647
41692,0.0755074659254419
12000,0.00692080543393246
21929,0.128700015083579
37300,0.0220658074704159
13339,0.0286385313790334
4818,0.00235565472795072
25847,0.0331313998933345
21898,0.0130844206392029
4571,0.0314761318464938
20094,0.0109453943867868
20222,0.0129006154340158
41561,0.780509894419972
15095,0.0162780123808872
17043,0.00406398847597304
10779,0.0269554657472144
12880,0.00478799942544617
17546,0.00953120970711997
27153,0.021702293602127
5755,0.000820226469158258
28792,0.00726174001062561
42924,0.0367842865600051
38995,0.163297738930483
34286,0.0207437624008137
32382,0.0577022226942635
44708,0.293698215554633
244,0.0019908818836837
42911,0.0477086274539177
20537,0.0282399082401208
11712,0.480392340729997
10924,0.00159002792867995
17622,0.0086882615484844
37269,0.0130107183487878
39121,0.0161010258018917
39494,0.094779628511977
41275,0.0125723483706526
29200,0.106264314217986
1159,0.022302736587029
11129,0.0144470281899579
39141,0.00391995244404349
33185,0.0488188402232687
28117,0.0597669763227081
1323,0.00253220605662962
11472,0.00989250660454428
29071,0.150595494718378
12894,0.00604697669520127
24506,0.206847446870287
4170,0.0734226923275157
11234,0.0784707339609187
30953,0.0311794791062207
22145,0.00861019275163119
26068,0.0148855037851407
5898,0.0214804852631872
15133,0.00818617608736754
4412,0.00277276268452125
28927,0.109198618478003
34352,0.0253970597587293
15273,0.164562553854987
15697,0.0141688807085144
41288,0.149802380862913
9683,0.00868490507427196
16668,0.0407097844914656
43268,0.785266981269455
7698,0.00154787239527063
4134,0.00738501242234416
42542,0.582147694739928
21079,0.0314713604048897
23137,0.0156452715764353
43537,0.712163404188117
14411,0.0080720712986054
28233,0.0196072125015697
40327,0.438347448040581
6312,0.00135794814900474
32876,0.00849784908371697
44110,0.377631791862701
27253,0.247850827080151
3030,0.0334847392108487
24274,0.0129985551899412
44569,0.0820709884732885
42022,0.364119464110871
4948,0.000993914788583975
29253,0.0506317824227128
43044,0.872530635344998
28257,0.154949087429904
44848,0.792903107116753
34784,0.00909232721422724
15379,0.00501672763910281
45197,0.377841380450142
9425,0.0648409518300518
22297,0.0245134862304552
22333,0.0418828423188339
8183,0.0707185744498076
38855,0.00848663852143602
7304,0.000447739231584448
32704,0.0613806640889177
11940,0.00582278621042705
34308,0.956195102282795
9774,0.0118087730576332
44167,0.000771716214546814
29904,0.0332668922056165
35720,0.0160315055812077
33739,0.152164257386059
10684,0.277679373888596
36245,0.00251635088519992
25841,0.0958689048885496
39145,0.0053725819486388
39889,0.0560086668229922
18327,0.0448412555417964
8375,0.350051191025912
42543,0.672299503713071
15914,0.00469700272483221
9311,0.00653897499301184
20642,0.0223149686462039
4329,0.000511638685305872
36099,0.00581206875623375
31700,0.0776488373565153
2492,0.00449286748822544
9232,0.0043798612176623
3131,0.0204333796764388
25120,0.0202246765008687
21307,0.0127434803248
32586,0.84727110189539
27641,0.0157171538538976
18009,0.00739149492907848
602,0.00314961938478867
31709,0.415688295974963
3015,0.140200229978907
18855,0.0494709716430116
33169,0.192051844091344
9473,0.0101053382709016
38399,0.00923613342224662
39690,0.450639485847264
34443,0.0336408296622416
14220,0.00500854485433547
35177,0.00428957464031722
11732,0.00089397859459498
39717,0.0113548992764613
21529,0.00813646750048836
28765,0.0227261608698516
3459,0.13605585122987
33447,0.0674923080527692
14311,0.00903204199270091
12805,0.00805100912327797
44914,0.438894826388786
28966,0.242021505110054
2271,0.00486040491652177
35958,0.119461745922374
583,0.0024486414433832
30428,0.0636357680692001
16349,0.0674701912826807
27999,0.0461394156385499
24144,0.025787329096054
38796,0.00357648181576057
10648,0.0100515640600797
16572,0.0347163736998492
40185,0.0661780929455214
518,0.00365945833474547
17763,0.108506799103335
26992,0.00910447520443074
4243,0.0134480023097168
35834,0.0172434782660031
29316,0.182600645308738
10588,0.0103498073493147
22403,0.0255980386273853
21201,0.00982118480361723
25778,0.0161451719038016
43363,0.691570717926403
10505,0.00409448324414829
5153,0.000538163852114296
29148,0.0231053445705892
16259,0.0395623619585782
11875,0.0159958586062633
6295,0.0108542823325383
26868,0.123186852892086
4297,0.00377654781712302
23765,0.0031460542667321
6211,0.00238841174527543
22557,0.113183554336745
32339,0.781302344216344
14503,0.00222003251598208
44145,0.675487704440907
37828,0.179097435793234
34496,0.0489137908690547
40050,0.717879683406684
37694,0.003694372136318
20501,0.358807178002863
22302,0.147363815056154
2841,0.0707865391025329
42504,0.525991933184538
41563,0.443845261513716
23876,0.00741454076452779
20599,0.036915054792523
7931,0.0007697455638871
10370,0.0202050091467244
38583,0.00934195300538459
38891,0.00861710982812711
40656,0.119924876987199
20201,0.0720470338367472
32815,0.0584299209316774
8921,0.00454735019819493
22381,0.0395972730943358
33973,0.613386754313281
23064,0.0172458626411081
34525,0.0067263965971636
20046,0.0127905255354296
15170,0.000544972417729951
36183,0.0194350281779952
30792,0.406241141580984
19685,0.00617162844454358
29806,0.0251442765279144
39327,0.0444204093764256
22812,0.0144978631272444
31605,0.278506071379217
1894,0.0654722805337528
29952,0.0237295804428351
5227,0.0142264492606299
18413,0.00450222736543322
26521,0.0272059358923058
10363,0.0213688096620451
38978,0.00470619258724065
1039,0.0300427693766223
17309,0.00776842917932944
36856,0.334437139324252
24817,0.0126242737325609
33676,0.0149044793452127
23014,0.209709116044868
3349,0.00108516586636291
18780,0.00320577002557759
27064,0.0157878070010091
24111,0.419952557427722
39378,0.0465566000437762
27008,0.00714506989248711
9627,0.0960566511319343
41038,0.286302184115425
33103,0.219208344042869
43368,0.522462629078586
4999,0.183802705856098
21746,0.00856937745844903
2091,0.00190178863025328
31378,0.458048653725655
4632,0.00141141906104052
37285,0.0259684665457463
18103,0.00493066808257204
7791,0.0570561247164342
41044,0.210315100926614
34544,0.154774365761414
5796,0.00102567176813253
1273,0.0161145934498207
4185,0.00747970005086613
1096,0.000435149261374819
17012,0.0104498470063274
31773,0.189273283067765
24578,0.0224611505944872
18900,0.0932616841105412
7907,0.00385656385276154
19057,0.0493840817363995
18153,0.026056905227898
388,0.0290520836456745
9828,0.00707762162836961
7854,0.00209324986427243
29935,0.555004970882866
43249,0.833860882072918
171,0.342572169557505
26842,0.327617598879744
4285,0.0166378362906787
37160,0.0452637620739567
12375,0.0350610830563246
32005,0.156014983031766
7381,0.00146010113351497
34726,0.0155757529733952
10923,0.0184977428115699
6855,0.0665348031962068
4465,0.00479809905865025
33194,0.0694075613352245
22798,0.0443972845790471
15738,0.0149645587377732
2198,0.00787288727099463
10852,0.210322523305627
40234,0.120711359361017
41101,0.076346744462294
22722,0.12163552150555
31240,0.344210015258816
32205,0.171222824599558
6037,0.00136403750187251
5261,0.00630213197861741
870,0.00775363813015184
7393,0.545114924845064
37746,0.0135760453368639
33298,0.0212271293073466
32136,0.173565386793624
21530,0.00183876580565661
6864,0.00394865774513445
42351,0.829385208107732
238,0.000890572751807161
15119,0.0056323733135653
27794,0.0605231688452492
40440,0.0476313232639806
43444,0.337390615715559
38392,0.0111951058777805
5209,0.00183076275379266
16261,0.0233811912027035
11334,0.00858590808128003
5622,0.00657717449952836
16195,0.00934386882237503
19188,0.012286983112902
29640,0.0360721893372853
37,0.0311385577318557
2112,0.00263224520753184
6130,0.00607927880030227
19092,0.0126864171071512
22616,0.0493777827065558
37320,0.0246162589624049
29802,0.0258265460216218
43801,0.461247572396705
40535,0.010198945822062
14909,0.262930512012204
40831,0.46725219331836
35120,0.0117904127265809
14602,0.00288922872639911
3454,0.00286548151797288
1191,0.0956355269694508
15487,0.00983268821017858
33959,0.125415826456004
6354,0.00814284088595378
36487,0.0194520469990258
7334,0.0247323857757069
22171,0.0389578602970254
21171,0.00988547311578528
42261,0.795275657234434
42024,0.254334851414511
22759,0.198136297032146
43810,0.00569576171420835
25886,0.0231876171815625
1455,0.00769338912668056
24550,0.0120569272991385
21976,0.00682256091068694
43352,0.537426105761439
34309,0.0802618384790384
16700,0.00876994846534917
42458,0.789489470851035
17183,0.0558603058260531
27091,0.0677916728036564
42408,0.656603606822289
24712,0.0404257725127978
16254,0.139184123355287
43290,0.501473389881916
11635,0.00363305953630482
21796,0.00486405464705626
30160,0.0216210233541342
17176,0.0076884353983543
43305,0.646447822603781
35703,0.035491281862477
4146,0.000756879690689362
22744,0.0453417824511971
34541,0.00961617141154402
18184,0.00584173523524245
16064,0.222286156881713
41916,0.306018969488537
11608,0.00969497556251957
5793,0.000994641927793322
35684,0.00664170788658253
16997,0.0394251641126757
7058,0.000993872786504214
6929,0.00138171627659312
10279,0.755188209411816
18752,0.0283030084058673
32903,0.0306798571703607
3602,0.00123855358915126
44201,0.721166469405849
27550,0.00902814699955585
14589,0.0246020693727786
5,0.00739232213412513
6010,0.00346628265206929
36096,0.0829798787310384
19705,0.0207144359993798
38912,0.0125702907097356
19605,0.0111004834727294
12772,0.0016381510417834
43195,0.821718849611288
32568,0.262820298030349
3032,0.0474040999056583
43663,0.0421775356111843
38184,0.00850282659591187
37105,0.417794332438775
31785,0.382805231298726
6467,0.0133614637112736
13812,0.0115226622545765
42846,0.045185957810347
33325,0.0379230857164256
33585,0.04255733410772
44895,0.580572868050505
15891,0.00673636245400846
34235,0.350507246325984
26065,0.0265541426933356
14669,0.0990999071582005
16160,0.00643611058456715
29567,0.0369616958365181
2796,0.00633000903994699
19411,0.0152002748721018
25614,0.0333060172659184
38672,0.0255389742214615
28425,0.117874309433836
41903,0.661481730875741
16891,0.00958038756125137
5728,0.0912820193167529
17871,0.692257224574348
20316,0.00480085177354477
11702,0.00438645508323488
2085,0.00243030575411665
747,0.0120091330914881
35181,0.191094237225454
1387,0.00165327544287322
32325,0.315422433559754
35223,0.0978753474714553
9453,0.00562649702369258
43506,0.0920509231685561
32668,0.110567047627921
8006,0.00190418987620456
34284,0.0275040906546336
42028,0.78229828745586
30119,0.0907371384184884
22453,0.596122722676857
10177,0.0395030426294217
20570,0.656999467815451
4073,0.0132450161190696
38973,0.00261623410750695
35977,0.0255473775099421
6654,0.00763053205942078
42983,0.43544989117286
13809,0.685074703116267
4847,0.00421081395987828
37525,0.196996463252482
31671,0.216479337451654
22497,0.0177656404725724
197,0.00632029325436345
8812,0.421156967909481
22251,0.0452042645386715
14732,0.0130445590789852
26975,0.0519177226601816
19678,0.0490463661929204
169,0.19714090892747
26057,0.0225758574021475
28961,0.0567439778115484
34564,0.0136591045702549
11078,0.0874200129825859
1376,0.00785144523898472
38953,0.0110515224084286
28866,0.0603616122405337
10524,0.00950338940023754
26703,0.0225809248761737
37642,0.00525559205902736
44237,0.0571543845723873
7924,0.000746344868584624
1476,0.000635786725694325
34695,0.168310915336929
16172,0.00303187427665329
42559,0.870777938328875
15081,0.000784324780215889
23938,0.0135387124111744
23190,0.0198331237184798
31781,0.733633692763957
41201,0.221252443240029
38059,0.0079703618145528
8752,0.0278144237054763
30628,0.780163954902418
32520,0.0603786194753302
13041,0.00517954810615167
1457,0.000433294555605196
22092,0.0273129580732309
38019,0.0920272638415792
386,0.000988721318631047
20205,0.0911250242539797
9396,0.0353353924201293
2025,0.00160851515081788
16346,0.0503427155314884
38105,0.00232808003129291
44431,0.349937396019931
41346,0.185376288277027
1174,0.267767026893313
778,0.00055242770646796
37595,0.00252009203756937
40129,0.680006793122423
12883,0.396547803810266
35489,0.0122961754346394
18268,0.00291122034233497
8325,0.0388655663368178
29224,0.0331425936752704
32711,0.220169610815719
6185,0.452265721565036
20855,0.163571965504097
21953,0.0105885676808471
30030,0.0775826962230633
36704,0.0178248446912536
24910,0.102587318103279
38667,0.00803810019692304
44943,0.648070241054061
22917,0.0276081851245177
38606,0.346205997164892
21451,0.060732329360564
43431,0.0670489007907163
6303,0.0213801833344433
18,0.000620667331360853
18426,0.0695169662235452
32923,0.0878092836124193
34987,0.0190273102361823
42214,0.451562799170173
12911,0.139002773901996
26327,0.0193297717700057
8552,0.00279281020394948
16311,0.0112505111014301
19196,0.00861605736969157
33849,0.036804039575288
1830,0.0142960456275812
8686,0.00149609107599688
8541,0.0222259794793023
17471,0.0051501164689734
8672,0.00832090669362663
8152,0.132839227297559
28750,0.00722581973610308
8779,0.0165466428973652
17410,0.01991627428462
21716,0.00329533423840859
9515,0.288242546987262
24341,0.0757383471309611
13345,0.00694984052944668
31660,0.0620175823666814
4744,0.0144229938021248
36768,0.701374122609005
33976,0.163932308585358
25211,0.0537788389225935
24083,0.499509636766659
38101,0.0148558660791216
36272,0.00436714496200066
11754,0.0047486736348708
8535,0.0193737366438545
26432,0.0148723918462462
7600,0.00280902358515022
8269,0.235601899394598
22922,0.219704863806829
41452,0.652734152022942
25677,0.0153152304415431
37683,0.0476684934873394
6719,0.00148103739048074
28809,0.133213614485022
26141,0.0110062396191545
24537,0.0225040917601372
33636,0.0322987232177961
22686,0.00802329093532699
33537,0.378691149587358
40654,0.147901178623278
36488,0.00681565027386041
198,0.0030778627777834
12051,0.00124073828120536
28230,0.00906254678404281
43693,0.0143447477279141
31399,0.599958612353881
3159,0.00233230961672823
2725,0.00163679808398202
26880,0.288238743966662
19220,0.609137830820983
9296,0.00631519042513122
24611,0.0125769908066607
36572,0.151421987579891
1269,0.00469086010097684
24167,0.0577985926012693
35811,0.219583336705112
3519,0.0461696265423766
9918,0.0502843685847811
3931,0.010978448958638
4129,0.0069100012155886
17525,0.00800272596168558
37328,0.0183800527900551
35350,0.00833783176612472
25801,0.0176707816275708
17652,0.212836149668091
23226,0.0913988710533999
34348,0.0040147829205997
35027,0.665422578581221
29040,0.520440518081146
39308,0.365293189972162
28767,0.0203515226223998
19493,0.0156694241632449
32701,0.184475490463148
41975,0.385111566348705
31340,0.610139502877924
37723,0.0340941490152288
29471,0.0606405424635143
33473,0.0319060265184076
42448,0.154463120765944
43350,0.709979291684623
34978,0.0290550262402976
33253,0.375134986522096
31002,0.619587511033369
14154,0.591620032336372
2768,0.18427064112488
43689,0.665514341443608
11205,0.0229142473660833
28338,0.00464837825982747
20265,0.0121506930735431
5013,0.0026434883907318
37999,0.0538736974127047
21970,0.0193132862541992
14421,0.0112106011350261
39272,0.00595907848731823
28059,0.0223425607700227
5293,0.00994811326456432
45056,0.468164483407711
43022,0.145815073410075
33630,0.28845771886708
24532,0.0104774780685722
35596,0.00434874645022377
22608,0.0800798267051479
39899,0.322205480097318
28332,0.00684705303377671
22351,0.0369053201269033
38410,0.408304628325748
8126,0.00826484880088411
23823,0.0067891573165884
6074,0.140635555784164
15895,0.0254344972010829
41480,0.0867292756769607
37833,0.0201555646078442
12629,0.00195283597550948
40626,0.418570738852908
11648,0.0133153106977145
30334,0.0426978676094642
38092,0.0284363047696511
14120,0.00107543565496297
28313,0.00450768774017075
2202,0.0791155343694632
37261,0.904391213167276
39918,0.140685288481048
19271,0.026455712122608
17746,0.010546763274271
41960,0.757840822557281
39233,0.00345117044635603
7040,0.00110461049467162
6301,0.0194231632215516
37644,0.105284462063093
23734,0.00747984613134888
7523,0.00986981260887261
6911,0.00198561120660518
5120,0.0136138174965257
15795,0.599132948283585
11700,0.00660187772469631
2354,0.0684366953697714
7291,0.00572265360522677
10658,0.0107598371369921
14824,0.00402714811887896
30200,0.0576018540124386
15528,0.0624535590037017
9964,0.0072842172702571
454,0.0202465860116254
22668,0.0256081082831089
24407,0.00667484083362925
17201,0.10100232031149
8280,0.0686851069805651
13785,0.0517391081983342
6299,0.016829152085461
43266,0.747474502291855
35211,0.0122214577913096
10994,0.00193100047397958
25887,0.0414755810094638
36136,0.0332163923474057
38210,0.00796940217548878
12670,0.0179393914097852
34089,0.15710892925154
25303,0.0106916717238227
22019,0.0249584856153694
22630,0.0240385483892477
38313,0.0438625476198863
38626,0.014852555315446
36065,0.0123526815803826
40510,0.196375382214548
3021,0.08771948225427
7165,0.132135195622391
27134,0.0163240396572446
28895,0.0180444683556968
6318,0.012467824842574
28046,0.0138500999985152
42240,0.477046305794519
12104,0.00175676963718883
24080,0.0481461327831069
28393,0.0500623543297727
39528,0.352262678831163
33002,0.13735850548422
25752,0.0102279137672411
4739,0.000423496705586007
40676,0.613428857662447
40002,0.0837762585272756
20498,0.0125373037086089
4949,0.0588345657624904
5308,0.0080496444143825
714,0.000440973250772671
22415,0.0254830403851557
23744,0.0307668373039252
18876,0.0895614558448947
11385,0.00299464438970574
37002,0.00917353847090116
14011,0.0462706528417828
9214,0.00371644113326049
20487,0.0238803552170494
10644,0.351490227829231
24252,0.00679744097806448
17446,0.020235046489543
6143,0.00700960577649802
36660,0.00766413904097297
30052,0.247224211961116
10426,0.0211655287229158
901,0.00910013002434762
382,0.00873251151160565
39601,0.0652267240510386
24620,0.628960583241577
3625,0.00481385141601697
13313,0.00256589882705822
12730,0.00302219358989642
30553,0.195876525074049
45161,0.853702922024183
22163,0.0156249350675567
41675,0.634857096095771
24882,0.00919070337160739
2122,0.0517437365346748
12954,0.0565328402334544
32542,0.229980055094319
15248,0.0161311617749703
10358,0.025794346183602
19138,0.0299986218994244
44326,0.217879329605769
19018,0.348129704482907
42698,0.676573809341367
23170,0.0354466337163736
20321,0.0466822686424492
26945,0.644219104388515
13777,0.0895777119104101
24965,0.0371055094492044
26491,0.413984956378348
19922,0.033196337894879
42349,0.949579756960214
11859,0.00177284213953323
26273,0.0299209387892426
17750,0.0397908665988557
10346,0.00811197393266224
22061,0.0353063051786994
24480,0.00921860028265842
10671,0.0271026965965017
9756,0.148593546179879
26342,0.0156604835227152
44881,0.353598712578735
13250,0.00641322155923481
34585,0.0143623278894414
21071,0.00637359320042239
33515,0.354628074973044
35821,0.0706269981892632
4688,0.00463881627597591
36161,0.00531437870599242
17106,0.00795461406571357
38933,0.0395559417435214
39807,0.811829751922036
38083,0.0365842174116471
41526,0.419813264756063
8948,0.0162240700754126
40343,0.900474143368183
17013,0.0280056000723968
34672,0.947152762665723
134,0.0012201661270963
10642,0.0113843168759289
30396,0.0404101830625657
22966,0.00770135988446478
25834,0.0687543297782199
27156,0.249527073737663
17657,0.00603553423643758
13781,0.149954947399275
28580,0.0150873664429645
40574,0.0990387155011484
19651,0.0722403164215452
697,0.000860339146916115
18759,0.00143794634544787
44601,0.000692958646388226
19810,0.0157207858606775
32501,0.0571524171161434
3481,0.0437265497819825
33816,0.805112135142705
32878,0.081378056063575
4563,0.0108946130922445
45052,0.0673428420336089
25286,0.0199297674162444
1196,0.00523774190255316
36827,0.224844519012576
9505,0.046205759862969
15050,0.00511911379070976
6246,0.00405752088969687
1458,0.00437276242843648
17980,0.0142385139932453
14636,0.540619553329164
4809,0.0472374324503491
33656,0.061454540697921
5518,0.00116257561737174
9478,0.0195053874645249
8023,0.00300879920887047
12656,0.00489797308989343
28665,0.151092413074174
44319,0.360971254951515
4201,0.148560125117849
28433,0.0325787185778682
32331,0.070718195408132
36759,0.112586425713597
29342,0.498938254404076
40463,0.374247613762165
9066,0.0161137163078678
34767,0.0264756744849052
5426,0.00402443992428211
6317,0.0401496731306961
27960,0.0691140927748031
2170,0.0080280111900258
42298,0.185541611884179
28197,0.0114815269716163
33408,0.182097915534995
42026,0.463909104181803
37444,0.217107549109129
3609,0.00609124074734741
40996,0.556286768623396
44396,0.286830600001364
21853,0.0110578926368527
32826,0.0240696719070453
24306,0.0106134753811935
42860,0.955829403667137
35045,0.0193501178382961
42397,0.169571133137174
29107,0.274154151487462
24421,0.013253528839731
10395,0.00983875415690013
20149,0.0137692077168834
42262,0.484269269367509
30320,0.0434982775659598
25123,0.0581844885367806
3577,0.00330716703262431
43707,0.279782571924672
22912,0.00619137233505431
23498,0.0170513405900371
29530,0.0075031036462845
7521,0.00130406276716021
29020,0.0766762420533499
32953,0.19993609801965
12331,0.0576771263728476
16709,0.00521522844661137
7951,0.00329202204330915
11961,0.00175802870538356
30994,0.0752943446120961
30227,0.034311537370108
16061,0.0068621609255691
23891,0.027094005925926
40422,0.79866012798415
43664,0.826756943229575
6145,0.00954622038854388
36981,0.0208690334388738
3589,0.00220747864208461
23855,0.0202737434975521
35567,0.733078763217047
7716,0.00136760805109467
23049,0.0366672603251967
29497,0.131184306229247
6225,0.0101433491548444
33475,0.0589465117547552
1988,0.0129310588361333
43470,0.175572931631316
940,0.00252539940360071
7645,0.00330836276895232
36568,0.047827132710086
44615,0.86727211219997
2464,0.00611583580005736
4824,0.00761126320363958
16457,0.0591498673118436
29818,0.0213581232934846
20829,0.00924621486087839
11762,0.00282838265271698
10230,0.0238002593152165
27048,0.023985591215771
34927,0.00305653533306737
5438,0.00942369773765154
34704,0.0336437915490132
39902,0.460181044324098
25547,0.0558799927085272
15255,0.00456468385522529
11227,0.00385634952986759
29204,0.0705997472848341
15629,0.0978719166455957
19838,0.0831517630986002
32663,0.262240124527718
27675,0.00794137516717839
22084,0.018128411659504
41963,0.761872893591696
13924,0.012519085449849
14825,0.00940815182274539
4669,0.0689387407432388
21228,0.00471269432672403
37838,0.0322053265740029
44213,0.00614077499969871
40060,0.680245112903357
26156,0.0894849609916609
36862,0.0259268840566069
15971,0.0235529328729475
20696,0.191829851868081
34982,0.658157160125225
12546,0.00877838329254828
12322,0.0441697316504028
28720,0.0219631624250384
29999,0.0441479651824031
32192,0.0908253452142931
3180,0.0103468278117891
40751,0.750129335102947
29920,0.0158416179913795
30275,0.0286121855063306
20656,0.00564105169338618
22132,0.0298028876259094
319,0.00215260587639322
39096,0.0132174800806926
41429,0.637236684027178
33769,0.33253195238749
2892,0.00156869195139038
27586,0.105124911309094
43539,0.452740570291073
33641,0.0473993483556623
6261,0.00483553273749052
3851,0.002249066451152
39699,0.0114325627221668
19752,0.0184598828469041
38795,0.00348376384733017
20856,0.00694831196988276
22918,0.0122182218412751
41865,0.269655394762404
38039,0.00757771761472686
43037,0.0457756977835087
27505,0.00336029108866026
38513,0.0157107164387473
8528,0.234413885996651
22372,0.140391756189808
17232,0.00856225855122942
11545,0.0318196076306526
42355,0.903058841129144
12296,0.0990336554173892
5624,0.00175781849151499
13647,0.0266963033220536
44547,0.0547931318330964
22176,0.0156979879347968
2340,0.00470189726937261
6216,0.0127890962601395
33803,0.287553484880955
27933,0.00704274451207302
44853,0.786530738564324
41937,0.327886006411376
24425,0.0102315180801867
41009,0.708459170565737
1336,0.00524190089353595
23994,0.020620659196914
25670,0.0155392048015033
43171,0.198518597209288
38726,0.719305358311323
13309,0.113847725960272
35504,0.0158832028011541
6360,0.019929378411789
6799,0.000563788212838291
28280,0.0353693657663563
11425,0.00673316467871449
5322,0.0102556275628558
40077,0.255583000256133
7984,0.0479723698849395
25163,0.173869198651847
35815,0.739021861245733
25234,0.114296036105586
34635,0.19155993352373
24510,0.181185571549704
43038,0.293184647970599
25307,0.0279523229696853
44304,0.00158099902793793
15812,0.52384222721123
27021,0.0136206592940257
21879,0.00473744824638763
33066,0.011655072214792
13627,0.00290085019106791
1517,0.0239607044810575
28282,0.034361443549978
44332,0.80647650881518
1077,0.00254595700735177
25724,0.217737456139368
38004,0.0874578116572661
15148,0.00197924893208842
24017,0.00864454424667143
17158,0.00236575271418624
32428,0.0702903344022337
30690,0.0127674657692033
25265,0.0062876317354751
18186,0.00414078730285378
9474,0.00894401884221804
21380,0.0164161582946873
1084,0.00221703371598671
14599,0.00574179479223723
37701,0.00442353045508775
41379,0.2350471854247
42982,0.317965116688596
33528,0.0131850638415771
3426,0.00138904742537231
44771,0.673763690291507
30487,0.565651224325714
43141,0.376393489142935
34957,0.80294980827764
12783,0.0190905937845645
33354,0.0864988503418671
9596,0.148146632458906
39183,0.0051685700323614
23748,0.00830264745517638
38943,0.00390434668058805
24528,0.182207570952758
43885,0.0801113808508538
38107,0.0108337786070438
13903,0.0150582642056909
2843,0.00686023924882502
472,0.0630324838568784
1850,0.0247063416200733
23263,0.0285561167168953
37506,0.0303290184398305
24871,0.0993080077138324
31104,0.122768829489605
22896,0.167440278532397
15955,0.0581119122071569
43068,0.683977140096922
26163,0.00870238593393603
4774,0.00395707092371214
9878,0.012242240938545
14137,0.461122099620775
10004,0.00962834495904956
24295,0.115475114819456
3818,0.00475814096826851
24612,0.0141101414708383
32195,0.714955783199766
849,0.00181535421252702
19625,0.0107503188975066
35931,0.0244803669784198
25134,0.050359671571537
37225,0.24368499595347
22218,0.0312338589586141
13661,0.0735289481258519
7319,0.00831564503665744
11889,0.0287559102551195
43466,0.0980263645286328
29582,0.0426009784626611
27853,0.0209387589941706
32022,0.139856846750512
18594,0.0805281454262449
37186,0.013995360655992
21,0.00584050366741606
23912,0.0897331032672181
37909,0.0222363760032954
3675,0.00860576135981966
7222,0.00478285672976004
41049,0.661946960149257
33091,0.253782225762207
25727,0.0396038799907489
14271,0.0112167744663048
18663,0.00328520831756758
33378,0.032552540464888
37949,0.114449185724159
25674,0.0114316821862382
9191,0.00509917928007102
1600,0.00247772171065072
27052,0.00733836069859486
42948,0.354816769123933
16385,0.00871425097855791
43238,0.725518380082426
19179,0.665592605722875
4040,0.000938430352740179
16182,0.00331435084012927
45123,0.0102515839301838
29698,0.460046673803887
39100,0.211599319185678
8332,0.00161876688805867
30593,0.566176134489677
42122,0.0909250642148248
23033,0.0320544448878485
37084,0.129979330640801
37691,0.899884702120407
38574,0.00580169061154585
24126,0.00765525211407392
22471,0.0557276320807588
26336,0.00380225477934762
45009,0.260941319303155
4191,0.000855464394207226
36640,0.00500280371398995
31197,0.163048485542944
10918,0.0117704605557973
324,0.00537942604703832
9949,0.173419627176179
3998,0.0121849943934827
37601,0.0981291432186023
7619,0.00188233707800886
27508,0.0191530243638109
34385,0.00344646469276425
42675,0.162247869117261
14856,0.0205454285755808
43830,0.634201918822127
30104,0.0185586558436776
15446,0.173648762161411
19639,0.0418149621232707
44544,0.0591994227721809
8730,0.0293392782731703
27777,0.548725601747155
23361,0.0201772889151093
7302,0.0323101974865641
2564,0.0112303525298101
12,0.00383939978786695
34138,0.252652470525588
20002,0.0121431462406607
4038,0.251865790225671
27821,0.215554609701441
21782,0.445476704043428
26064,0.0176476255672884
28769,0.0549849005565576
27240,0.00758719559555452
14998,0.00872407826022119
19974,0.0191799388028916
21903,0.0142553151116858
15855,0.0020070261727386
8974,0.0263712391529137
36531,0.0106703946736671
30369,0.218675814820283
13948,0.0106625493512149
12913,0.0329146946553505
20248,0.00795099117319624
6669,0.00164419324595622
32489,0.0455545257077579
17449,0.00578399401195123
1777,0.00336613577195147
9948,0.999348200783581
7209,0.0102194829536813
11734,0.00730637938164281
22411,0.0161936225579827
34266,0.099550303825013
19332,0.0906485953124085
25467,0.0179445596541102
2747,0.0022634773092441
38758,0.00178353456139089
7968,0.00824448659886613
23407,0.00695346925545013
1895,0.140989165034656
29011,0.082223405819479
45092,0.292478020657784
16300,0.101276086885869
18236,0.0161128614353523
9276,0.00693796589712808
42340,0.148856060370128
38566,0.0049378299429437
19382,0.179291657065739
33302,0.0255277174687043
4474,0.00081731798371525
43125,0.0544907725258103
9820,0.0132047807839487
4756,0.00329132367418567
44907,0.0262638989060663
38828,0.0851056962074764
31388,0.234840628465782
31286,0.620546359051286
6497,0.0169156485316626
2533,0.00360083988529347
33611,0.0164014467991368
33093,0.218881916829416
2013,0.00150340219165456
11111,0.00843912317195642
19195,0.0297831230887143
27955,0.0401874548175731
12181,0.00186442612886716
42290,0.399047922778441
657,0.0114563389504091
23202,0.0079216468537074
28811,0.0747432433216762
11306,0.00379250717940393
8199,0.00895665354219764
31896,0.084835818595468
26434,0.00965738241507549
37194,0.0479188678221971
4888,0.0051017771227421
9652,0.0281916054356545
12902,0.0152476097535228
14057,0.00939575555416613
31360,0.362511952839358
44278,0.00125590671678732
18470,0.00451607042874403
4517,0.00414843225695885
39050,0.0307253934688721
13507,0.0966524420750971
41701,0.59574224251653
1723,0.000969465703670885
8760,0.0472355340435127
39258,0.00420193438093774
34828,0.281052545596192
22540,0.0106463943362835
25772,0.013322284326475
28370,0.0263376142762374
30113,0.176418309205561
28191,0.612986597852399
27341,0.0146649838844288
7830,0.00928406132889674
31100,0.212841024572501
211,0.00796854516666983
7514,0.000776331815511815
12164,0.0011456150787686
39053,0.0127001570296583
30095,0.0248909926434616
34307,0.0165024992405583
9966,0.001785325610604
11714,0.0275906067283404
38688,0.301819412655426
9389,0.00897328896637566
40023,0.241344133485775
26470,0.00583643586843358
21546,0.0104328705195022
4637,0.000609189252558088
20874,0.00865811653469766
9684,0.0115155835868797
8230,0.00415958791015869
37862,0.01300370251374
36813,0.00722364319928947
880,0.00177841772582685
949,0.0238050589896234
22027,0.012561896361606
37634,0.0640246222706477
24925,0.228823023216948
17084,0.165121278167092
29076,0.0343202994645742
38546,0.814148906226383
25768,0.00922406175989159
32144,0.230428431944874
4255,0.00442890948138808
8700,0.00266655189540918
38207,0.02406782912072
35616,0.01949377437598
13377,0.00884774619198488
40933,0.53904820635993
39511,0.107836303105803
36295,0.014595307151619
26718,0.0749778846143844
5490,0.0127077945904854
31888,0.0703977084885871
22306,0.0125982899404593
12582,0.0029755098839528
19971,0.0251238406175801
34197,0.0445985283618575
35617,0.0109146629035464
164,0.0354114223809786
19468,0.0134900956544398
32926,0.174532864243293
32391,0.466112599086601
25777,0.102754445303662
20571,0.00633870888854964
37590,0.00187966301090103
3811,0.00329345941090543
40029,0.10048679364527
5577,0.00357351814042304
18065,0.042838233356551
628,0.0196112105901133
2550,0.00260179745592307
16832,0.0139321822354039
25500,0.00990874687142293
7582,0.0718216746925284
34207,0.0194682062292323
43546,0.0292815857721173
20737,0.312215093146932
28101,0.0352576955492747
2901,0.0105644605360653
20734,0.0302792617799772
32823,0.0381710332255087
1479,0.00581662142957783
10518,0.0158133366355163
44483,0.0977311421181304
33808,0.0832768976531456
25592,0.122207900689659
37353,0.016742601995434
6665,0.00486922754466035
36335,0.0125577152519589
1366,0.0123380535707343
34374,0.0596780089942845
40227,0.8688533583164
14773,0.00503043489923031
16290,0.0354833013197849
16766,0.00304894214658574
44578,0.00103004726864961
22325,0.0853764083814453
25107,0.309122745391098
18240,0.00395956062491679
21031,0.031670845117119
17694,0.0630641021122511
31338,0.00558220714080348
5366,0.0100524526761629
3508,0.00128287078869308
13146,0.0165291165260906
23098,0.00872880187016982
23700,0.0160675698895329
10891,0.00711539994888658
10166,0.00938338619414444
21889,0.0494730671801546
27670,0.0293805516201288
17876,0.0242378824246467
31183,0.278282739681871
30014,0.0279426490886366
20757,0.0135043266192091
16884,0.0309417851869439
10769,0.00158910766837625
26537,0.0270529664058268
27828,0.0114853176044974
5155,0.00130711323376592
19434,0.0423925191218244
6349,0.0123436165770205
34482,0.0108422307509456
2292,0.00103864923360292
19267,0.0122581717397122
2520,0.348887957013694
39573,0.0326177810665066
36282,0.0601875438073236
28749,0.0402152393004285
40814,0.716622593918889
13003,0.0034598283166517
31444,0.913484921914026
12635,0.00124905379061422
23257,0.045563993781108
31368,0.296455037706048
33306,0.245756368892172
60,0.531192807356649
9989,0.0223672432721598
24813,0.015677321727046
4928,0.000434679708427726
8598,0.0343675988219485
24856,0.34120304025681
22344,0.0190648850926566
7689,0.0331098091054963
44154,0.13599177675999
43548,0.773921894986807
21887,0.260704048578028
14240,0.0118831110727161
1919,0.00295793050600008
11308,0.0584070372540103
17895,0.0157547756280959
11838,0.173944237545312
44775,0.0243920086161036
8487,0.00977639121754416
22291,0.020645714190791
5726,0.00388085232949531
4900,0.0196555241938813
20043,0.706443303761998
33078,0.195163350596028
27750,0.0946910470035773
14023,0.0105120952773785
40467,0.788395068263185
26563,0.0957898651543403
41567,0.115322004358655
26206,0.0629436313118799
23841,0.00998444372840214
30908,0.541058688221607
29280,0.168226559106185
6640,0.00657710258939097
27797,0.0118321805742988
44715,0.347430697191939
15063,0.0265942230325543
8666,0.0198421765462732
13744,0.0139103692170731
11641,0.00733022684430227
19729,0.0240228505386564
21708,0.012116589824332
19254,0.0169405441711232
43489,0.0772422038112335
24172,0.0189061555226882
6496,0.073168129136299
25202,0.0108247478694308
28795,0.203905172720948
13014,0.00796557651145525
11268,0.0864070324136981
1864,0.100595381098482
8867,0.0191731666345042
3941,0.00223023335908725
41470,0.588941040107361
36992,0.140041016427593
14556,0.00135105240804087
37570,0.0219174786390484
20300,0.00392635055672859
16291,0.00993736171165726
7278,0.0232334093993634
722,0.00258496110529854
14006,0.208416517836397
7012,0.0192174055457762
14800,0.0130486751288279
42808,0.603886406075807
9871,0.0191104653383156
5743,0.00483032909752896
30105,0.274440038202408
3407,0.00264817827154727
13048,0.0170752815817683
22954,0.0274429807946795
39338,0.0105990467811356
17852,0.00318509906161344
23940,0.0119537691689141
29315,0.455446344567508
18722,0.00337203068291389
18636,0.25009258216932
15758,0.00877236886439652
44074,0.000301793744291311
3827,0.00559246648930965
41732,0.361315772495917
38246,0.183818315170352
19671,0.0341240179641374
30703,0.0633487503886602
18870,0.0356520056949771
4786,0.00144791995276575
37373,0.00977210750520164
23440,0.011567397023042
41033,0.970372419838976
40954,0.234799515066974
25157,0.061398303699977
23747,0.0228022591158608
44166,0.75526328090534
41764,0.66817820561508
32918,0.0399818113200943
4313,0.00376511371517817
7759,0.03655106011646
22046,0.00945359093410982
4050,0.00784345076376426
42484,0.207246261225742
29275,0.0565453378060985
27995,0.02276763861345
2784,0.0102428743859381
7553,0.0478179123466743
22202,0.1812287848033
