"Id","Predicted"
30944,0.0374434610674963
35598,0.0810273360158268
44990,0.0337306276967909
12688,0.00789739062528282
37613,0.0203028806519223
2264,0.00581143939925096
28768,0.159139507147215
15290,0.385344451222325
13140,0.0539517642462515
6045,0.00329417033166133
40068,0.375367469699859
1952,0.0334704259842931
20662,0.100016229139344
40837,0.47633143418108
8580,0.0229134343799015
16750,0.00357597181715636
42420,0.553424777566848
23237,0.0427128733091852
14734,0.0163193340678113
37968,0.0294600159740644
9623,0.056919376010801
33745,0.157725540317887
15939,0.0140233611493076
9536,0.0156797034847854
955,0.0114749115024388
37901,0.0466289969546045
10800,0.00811460659720468
1447,0.000280515996015343
21022,0.271663936674689
44988,0.188789377994276
3294,0.134210879194773
16298,0.0124624649336141
26003,0.00698811886039902
20434,0.036939887575444
4218,0.0008559604205902
20557,0.0259272060023018
23491,0.0105971355117831
18894,0.0265847623889463
1034,0.0209240820370531
16853,0.0297582998663825
19817,0.030691012011072
34328,0.0326676658400121
44694,0.0171257865480437
16295,0.00784303377476869
24495,0.0101115572518274
8082,0.0311716302555323
33319,0.0668035601834288
2634,0.00258370543708774
9657,0.0814110963665903
13845,0.0284616089451161
20962,0.027702080279313
14432,0.0109352359497028
10097,0.00516580868330767
842,0.0378523197824587
27178,0.119792940886149
39134,0.0257399836202652
9061,0.0178004903624219
10440,0.0367549008801243
27923,0.0213183646710443
39292,0.0113092157524555
40132,0.578140858871822
42283,0.600813030952511
22327,0.0258236086605199
6670,0.0178924531345465
17063,0.295243907460011
7928,0.0027117536391989
28631,0.0387281143340353
30718,0.299279468549313
37488,0.195660920290056
1676,0.00852820162583398
21812,0.013465754444582
23009,0.0401686369955476
3942,0.00161977074299898
43358,0.553701633662152
35311,0.012737998868257
30580,0.0917234665759322
28066,0.00880589079701234
31976,0.12761925385382
38467,0.00188821966083296
6217,0.00190193674243234
33586,0.0478112188245874
38602,0.00421421810607154
12071,0.00227867928705964
20821,0.0131346398174127
10090,0.00913524871925446
16722,0.0319907163533074
320,0.0143272865308513
36408,0.0586243660938523
18118,0.63939330249339
38607,0.0141043856829547
38547,0.00811995896601451
17919,0.0036893715344899
5128,0.0008106528697979
470,0.00254702585702437
237,0.00407981760830772
8140,0.577044853302
11777,0.0266572397133467
40652,0.303042564646805
10904,0.0138471101962258
35340,0.016040765645969
44130,0.0582616647106629
24738,0.0115703151590577
7063,0.00243765639288025
36624,0.238789488182785
22054,0.0171911318446432
1327,0.0138228947290073
13421,0.0077995620911212
15246,0.0770784772983426
3595,0.00746877211928155
8826,0.00548492252299076
13400,0.133405790579491
30652,0.0433506154097824
4897,0.174095164272486
12622,0.00997083314875408
12960,0.134590257830777
39940,0.165969977614348
36316,0.0735783091104636
16735,0.00426459319093568
2307,0.00334794050487605
36511,0.0346053653987544
31877,0.0692396693153104
8642,0.000536706790719558
26079,0.151231110869369
43742,0.107438398283411
40216,0.882323982820843
41997,0.733131136458006
370,0.00237765641390194
44563,0.136171719382805
24982,0.00810314074963083
16556,0.00211328813071969
20759,0.761232830201065
32444,0.335850187256715
35987,0.066907643362806
42987,0.802507833252356
40762,0.175114163595262
7431,0.0109940413943669
1343,0.00323060649192954
22564,0.0625131392559996
15627,0.00202005310342399
42584,0.0572921195097557
42695,0.0147780343527799
12101,0.00302108102755626
37384,0.0260632758515689
41271,0.134125856413516
31319,0.250101260590244
17015,0.0985248315702843
38074,0.00773733656757318
33250,0.0294957341901876
34177,0.973405933846551
9304,0.0111790838661553
31598,0.11499519771262
18220,0.0292437385228417
13414,0.0139122725123964
30913,0.0500811251687984
41536,0.563610387722696
33814,0.158786674093399
3168,0.00763429324037631
9661,0.00233664438128996
21500,0.0617234088067804
10613,0.660212614788973
19602,0.00481190302112221
44639,0.203920574258457
36188,0.0338999839722659
461,0.00364759836944965
12010,0.314665791661429
32302,0.591871101317519
1910,0.00130990780773913
3549,0.599876081914569
19587,0.476811961615832
35512,0.00870430171327409
41242,0.781765515971371
37703,0.0279594241199777
42436,0.242452326628701
14408,0.0398148301458318
34666,0.0650859874055819
26728,0.0110828277120104
17488,0.00837807835023709
16151,0.155293938475942
14221,0.00518267306421703
32962,0.0378828014849373
42876,0.0361134220159793
44066,0.0386634943339839
15400,0.0169916290449165
2218,0.0839807359974974
41324,0.0280062447035431
3886,0.0493373115386369
15122,0.0165812953512431
28021,0.0317963535582385
39009,0.00190304451389027
1760,0.00352267461812379
31217,0.350391236339108
4658,0.00108135241489495
45202,0.396519121655497
25187,0.0121641128152057
38205,0.0284685059336843
30845,0.02432393280788
9134,0.0215614843042041
34397,0.0227226467868722
42224,0.115686006611354
35759,0.0368520109424121
19409,0.0165867921068344
38834,0.0138675570930552
39790,0.690169601611354
10246,0.018216336086743
16434,0.0278329233339077
7022,0.00837690884139655
36977,0.00305144403430441
27930,0.00679553572257966
31732,0.103029277220383
19861,0.155792071417068
5900,0.0180969889772802
20414,0.0308886773787423
9463,0.0211132750763079
38427,0.00733475780281716
14032,0.00698049358388731
15172,0.0421048544168746
23450,0.007139452835344
19888,0.0189784942975771
31780,0.229715633668626
11230,0.0291282054353262
18923,0.26003427154864
41417,0.971639352277268
5215,0.00215439421982333
18410,0.017330570227736
8956,0.0349816052135693
38568,0.0140801998640041
4887,0.000622996182150089
28285,0.268352807620539
7473,0.0229933061382784
3045,0.00296052462688209
33901,0.194096319474724
35021,0.0086130303957594
29015,0.0258702789404298
3968,0.00321475198445556
8596,0.041625956534237
32082,0.206155859553824
1134,0.0011145209726745
45045,0.41850624555703
33772,0.191861018450112
13266,0.0140627820404401
21907,0.0131234949246068
8929,0.00491337693725101
20398,0.150366356545209
26298,0.00870690695745605
36328,0.00462258321620271
15691,0.264045485141514
29373,0.0332514816877162
25955,0.0333683236517434
41917,0.348894114042599
40658,0.269392086372861
6298,0.00880625087029971
3069,0.0234097908265518
11260,0.00723179053629314
24267,0.0164317497426243
33825,0.230568343393604
4496,0.00326421903269208
21146,0.0125530391797101
2593,0.0040270665348444
6083,0.000859319372323562
1556,0.00246053293566095
14072,0.217634186296439
29324,0.104840574356667
27936,0.0321402214858489
15768,0.00687411445360467
14977,0.0203711802050795
6584,0.00258264963437083
44313,0.754787497614729
37170,0.177030735339449
43992,0.187695561646726
6285,0.00433375533019859
6122,0.00275818431643915
24732,0.0511309119326235
24809,0.0107061376937568
38711,0.00282563309612362
25181,0.0222217877452631
4099,0.00190228786408008
3582,0.0100977477944666
19865,0.0203776297081269
41098,0.0153089344603841
7138,0.0164448061298235
43087,0.121685960252539
24687,0.0222932394845636
544,0.00346747623268146
4706,0.0108004113621362
18896,0.211444413120246
1897,0.00213922021395409
15134,0.050379405823096
19281,0.0135211375641178
7934,0.0129795725778389
43940,0.0208154476123423
3887,0.00243676788389873
21933,0.0203532170295191
29645,0.0581625950412059
33396,0.0183199159204973
5930,0.136791083086481
28231,0.00828671936026506
20353,0.302000850135018
38701,0.783592142700748
20582,0.0340099581927279
8141,0.221793651541782
24754,0.015224410930391
14609,0.12103657351702
14715,0.00728779007133794
29116,0.0255092868518821
23504,0.00388031637704272
26879,0.0282758206486398
21075,0.0203361045185096
9583,0.00667776911569966
13848,0.0399705505154046
6548,0.00242793953271251
31831,0.103231321792016
40583,0.0185577700175722
41276,0.44198208221785
9971,0.0413348204103825
21053,0.0878811788304607
21029,0.0495655441090744
27391,0.129793566989139
36154,0.0255224894885316
24827,0.0539869803031757
23434,0.0161464781629288
17059,0.0611279184398188
7015,0.00195481172762941
1928,0.00389175767526259
16470,0.279711138728476
33127,0.0157913216439421
13332,0.0501917141776226
43972,0.826914558859004
37566,0.00309322970573692
34438,0.176695325491598
1839,0.00237189173600239
5986,0.00395726763569178
4057,0.000384471848446633
33020,0.767377129137313
44457,0.203446199417276
21396,0.0391655621136846
1484,0.0157068923858497
16671,0.0218071803949885
29573,0.20439152899163
32717,0.0361065388455844
17696,0.0128622565575772
25332,0.279767246207925
4544,0.0205693105562957
36972,0.00717748973755872
10238,0.0088206302478481
28438,0.276226719698495
34361,0.894022598550092
8482,0.0624818188683492
11154,0.0117693855315312
10001,0.085864538917623
14569,0.0247813349229567
6747,0.00196711668554527
33327,0.17509126274308
33016,0.0193764590055738
40508,0.0221359135573936
36731,0.685990973831676
37997,0.0116975601024689
13690,0.00164784385391024
40985,0.726822590472795
40774,0.437058419240491
26038,0.0132160415575629
1845,0.00566766436167823
25519,0.0341072627118733
35773,0.0111228706933444
28374,0.0187847482134169
32947,0.142702407316502
11464,0.0632354947389602
38084,0.00612621016987085
16089,0.0195639361846905
33229,0.0621472625473994
4991,0.00264133180157859
34744,0.175185508929694
1038,0.00450606039325418
6752,0.105263325750249
2343,0.0742612229220847
21231,0.148725142396962
21935,0.0176742847502479
17441,0.0177940375994785
38852,0.00206578354615075
12488,0.00358435358145636
7329,0.00935839648660579
17004,0.0401052736756278
14486,0.00518349569684794
33620,0.0110232000856034
37796,0.00303947649892909
24885,0.0845685546172308
29500,0.601702743876222
41012,0.0357191808088739
38840,0.00617566632643074
32073,0.111690173524442
9218,0.0194063742875259
23801,0.030774345320672
34790,0.0347802748971333
1983,0.024109766036945
35769,0.0155570712776699
35601,0.0908720947491749
23345,0.0741405019003771
8714,0.00446558733341997
20034,0.138112418348274
31030,0.0430143024067419
44767,0.0203729581804983
35581,0.0100411974295534
13335,0.00364028738936199
39376,0.093003796102568
13310,0.119354436307842
16865,0.842592132066075
28115,0.031943272386402
36119,0.00535945030599491
32452,0.12232849367726
24607,0.0175543000922236
41080,0.184367819499442
6817,0.0457181957820768
27492,0.00722702358595886
23238,0.015496475667929
35660,0.0381127680625151
27841,0.0235891909779602
5065,0.00135324778875741
25363,0.555443305083419
21640,0.0134416223733523
12682,0.0178290272760657
24568,0.0147467511667317
31413,0.127416234261869
5556,0.218994001470229
1667,0.00434104543357517
29215,0.0757212129533011
7162,0.00107099378824579
27387,0.0343060914387404
8149,0.0366192684085208
42479,0.332414665243739
44252,0.00137384962966784
32275,0.451706252829583
14678,0.0180470047257329
22067,0.0154720887926158
43111,0.180803464810113
18507,0.381277665172754
43180,0.500755642480934
36922,0.0224013391242293
36175,0.136417854057999
45072,0.355739862832671
38202,0.0108497608498125
31499,0.0687417503479793
10457,0.00280519280340701
7384,0.00131611440869278
35885,0.0232853585239196
4749,0.0029599486906037
42572,0.509878733361905
12102,0.00247798678099872
17216,0.00453690527102395
3843,0.00809779556268453
10379,0.0142150414416563
28154,0.0111439626663868
22144,0.0344651930521454
25790,0.584055691008408
14785,0.242450095803509
11163,0.00557683993929162
18148,0.00198675102736114
41569,0.595015593280281
20562,0.0340845667347075
11905,0.000396631510246544
35377,0.013091364509606
16498,0.604001723877515
6525,0.00495219143467411
16299,0.150685531135876
8121,0.00594599676254221
34504,0.287278611092635
29430,0.420410840555265
27274,0.0165154852154476
37895,0.283205032166425
1053,0.0213403468712703
7331,0.00331565933909226
26575,0.0195885601193263
23687,0.00552909830322632
6394,0.02451028705691
2865,0.0687399590153172
3162,0.00564705992145529
43449,0.459405225925351
21120,0.519019365514249
13641,0.0174400994065469
30469,0.0430814877907715
29391,0.0516597784216918
22869,0.0827800194878977
40431,0.0149274701654921
17866,0.00488372246113327
30301,0.469518993077844
3008,0.00821777619973072
12771,0.0177720835864097
13128,0.0110378141934028
20194,0.0899607295437104
351,0.00224409399136393
38524,0.0174130773252647
24733,0.402459023633145
17598,0.0678979015297147
476,0.00513324345261509
14007,0.116896119089585
625,0.131520320482604
27858,0.0631436581181035
21692,0.0476022005450254
8188,0.00883572366601936
26259,0.0371257018247803
12958,0.00916595298952688
40396,0.00783137616366078
14642,0.633439527324779
43080,0.0996833114188081
37946,0.0314193470029899
41789,0.431079385275722
20574,0.217118718723773
17873,0.0106142321765945
9557,0.158641630217409
30895,0.0214738988616286
10225,0.0227851210859044
11585,0.00461194628872051
3810,0.0250672935298923
7147,0.00314560351511891
19330,0.0183227602998974
41437,0.80934511984625
4893,0.00349537922923176
35101,0.00905033080509405
21355,0.0518764216778555
8187,0.315729231244716
22911,0.0233074684684592
15006,0.000869809817150842
27275,0.00504746167572831
38550,0.0124585642004101
33167,0.199299225631511
36913,0.252248686352125
41006,0.471146102554596
13944,0.0478703917535191
33436,0.105191846128608
5895,0.00433702362923286
43775,0.0329564556142765
33868,0.638717860428993
13222,0.0325097557656336
39904,0.10320178913144
28357,0.0138709170028461
14768,0.0091500582629653
36562,0.871437883417783
8259,0.00327096925615777
4864,0.0213621837737423
36676,0.073745950278995
39115,0.0198448394967421
2546,0.100327620950725
34212,0.734575522798483
4056,0.0625748891417971
5224,0.0352339786713255
28722,0.170219854941564
16236,0.0392908314019446
41610,0.554968158389297
31417,0.688537243018414
9883,0.0219896550064537
41837,0.510087992285548
27824,0.45950822516853
8966,0.0085723425379643
41953,0.326636629805681
5142,0.00325024856439364
36001,0.0164031616157818
1751,0.0279367855854839
16111,0.0978484053734671
30193,0.233009059886474
10911,0.00575170431610875
14541,0.0345459573218229
39033,0.00804577436411238
15770,0.26065639873375
13741,0.0652529873675196
33543,0.0294078496119153
43682,0.0604865198902193
42394,0.343909032071284
31039,0.0680252253932872
34360,0.104503914164309
26519,0.221649852797419
34753,0.0244913916875726
16397,0.0125593837325161
5679,0.00155502158910988
10422,0.122924533774181
17850,0.0233789061550769
35348,0.0337387242985472
960,0.000513633235395314
36957,0.0713778831047722
1844,0.0283486405527218
31693,0.179209284999932
11652,0.0112537053748211
25825,0.0482431243049045
25528,0.00663251884912555
17247,0.0022048993330344
32400,0.151716062365488
32307,0.331945687110929
26933,0.184849116465457
32327,0.446528003788228
26752,0.0286487616268498
5975,0.00137415961382476
1163,0.00776224381467415
32011,0.130472543538685
44015,0.220181227911516
1913,0.00144526927549645
17284,0.00536021144763391
28002,0.574881169726738
29246,0.0239482528038486
4027,0.0142427225761873
14513,0.00489469719997261
36796,0.0263631133645514
27086,0.0190019945351427
7920,0.00246068437236401
27778,0.373705277376144
19790,0.0222818214163712
7124,0.0570347860068943
44513,0.517251915783992
28952,0.0197290400717183
17067,0.0369958600272552
16444,0.0688879795270534
19135,0.717210300214764
7604,0.00828737645305942
23602,0.00259085231526382
31385,0.266036402554228
21534,0.193390129559672
32118,0.140557441619517
44962,0.883133799264031
33018,0.30163295640007
12261,0.376291433573507
17151,0.00697568441080699
39358,0.00541108222788854
28833,0.0109878807122401
17579,0.0394365263701513
38771,0.0127970501525723
39656,0.126164417733154
19935,0.0101022869152508
42136,0.111453965196303
38949,0.0045879168375949
1226,0.013815194736795
40280,0.223130440270795
8407,0.0141983411589398
15518,0.0401173773693206
43213,0.54759255935401
8628,0.0118264528134781
40957,0.107604578757837
39012,0.00699854827569829
42289,0.442545532980362
27957,0.0143587936880547
28883,0.103341951873591
21281,0.00965140765853868
31756,0.147510262647833
16078,0.00641603373040487
6331,0.0147798038449984
25557,0.0848966399083297
7254,0.001943358614413
4079,0.000582211966051115
39386,0.575346680558564
28409,0.0148720421137536
39418,0.487876220243027
14907,0.0101292349302851
20932,0.0278733381886844
11649,0.00658201951693403
34729,0.00656010449466246
4463,0.00871970560057125
15377,0.0111255334713868
1956,0.00476341065868818
36633,0.027146638400016
6672,0.0032136390759053
21244,0.0177412909003078
28957,0.0654016716791926
19180,0.319752057095445
19556,0.0125913349604194
4386,0.00276543756227275
17959,0.00626574337984639
17341,0.0060220885936384
43927,0.995063149250937
11339,0.0043014594693106
15530,0.63780839065003
361,0.0153559449228212
15166,0.00253853033148264
23441,0.0175908206958376
34903,0.00227947416756523
14256,0.0321600231916379
5187,0.0035560915844515
27010,0.0264449804199198
32970,0.0514962476397672
22543,0.316415848407027
13564,0.143250018377049
12483,0.00233066624140791
43897,0.953794650238186
2201,0.0259017732729079
25069,0.0154444989648607
10837,0.00634032890858989
18995,0.0210085495648496
41152,0.0482682342033306
30951,0.0197120557761841
29938,0.235666637088167
39220,0.0616398542660078
35250,0.030348734350427
978,0.0154026450816958
42235,0.158572060461098
35784,0.221765857298945
13175,0.663460637948733
26967,0.0134568483269453
17884,0.00835518183100591
11333,0.00705903436956745
12195,0.00521669129296114
18481,0.0271923959541454
2579,0.00409864394053424
32280,0.0576285695200047
7498,0.000445082300238826
14489,0.00837865961387937
1111,0.00247068023329244
13242,0.0413011549847881
39836,0.322642720352969
36101,0.360270919104671
8286,0.285284330387214
26664,0.078926251415934
30781,0.105240193849583
16270,0.0483180863296836
40889,0.331395525604572
4508,0.00190938218726925
28677,0.0489141190405766
7417,0.00092263019256865
18287,0.00685049884255002
37896,0.0149668598049538
43373,0.0967010357155952
29971,0.0897645546731372
11296,0.00291070053188153
6524,0.000571639062252317
10067,0.0101660297730303
2918,0.00177744158318101
975,0.00264665104970317
34245,0.0149616819133271
38572,0.103341252809613
10991,0.00343202240508409
21366,0.532923122645543
14024,0.0135383370380227
39841,0.593076697669633
8292,0.0258688200427069
1428,0.0014840387946638
28972,0.281809206488764
25745,0.00953915520805251
29294,0.28026651448913
8180,0.021099928042474
24570,0.248782042075078
24844,0.0326297037844244
10154,0.142859672520716
35957,0.434490730546495
44612,0.105113679049
26923,0.0194020849643353
23997,0.238239077092673
41459,0.649699886273477
5222,0.00314879680253603
17198,0.00630106748817271
4387,0.00134754709678875
24328,0.087465731684842
38790,0.00955417664520957
28574,0.0306773925009084
21681,0.0156177522131206
20807,0.0341649132728478
4421,0.000870044554892541
40482,0.33334460819433
13398,0.00514666841256943
40389,0.0522881755309978
14741,0.375754396385342
39804,0.173626849480899
34710,0.0293198789503534
38780,0.00417709051571544
16597,0.0703741880254512
23155,0.0293359393369403
4328,0.00208108383581339
10045,0.0132620212175008
539,0.000489176960738637
1463,0.289769092961951
12644,0.00102526341839323
11218,0.0133730728174343
19889,0.62347353009278
6837,0.00129370189091698
39471,0.0935175071914837
20269,0.375540373405686
26777,0.369746723906468
39743,0.0173578670102673
45021,0.794974572714903
27238,0.296325430274127
3864,0.00415838531352201
43285,0.555310370247859
30989,0.0570580447075773
42163,0.457026558872902
19514,0.0383136740706331
17773,0.0238904458196283
28731,0.273689447851165
2779,0.00595637496046728
35694,0.0187533447474058
988,0.0445278522566049
15375,0.0424191653847076
22930,0.0102919558115242
18006,0.568204238480894
11240,0.104061859925972
23353,0.00318719757568241
25588,0.022157300349705
1540,0.00491285679076753
2933,0.00249670286639023
27291,0.00703718397425982
37459,0.0361687721404536
30840,0.0560756137323655
36088,0.752891646873385
2939,0.00319843706110727
40789,0.0203135844033137
40188,0.826245675315884
20683,0.0348659767912912
21177,0.696393213226486
11894,0.0050788449379586
45131,0.459936072707525
25990,0.00641435757645799
19770,0.0130694041708593
35641,0.128023924834549
36816,0.0471997816217395
17366,0.00171023510960579
41391,0.319198828604894
13068,0.230733804770215
45170,0.0971881555957926
44152,0.962954334110736
31906,0.154603214067517
29619,0.165358469261046
38322,0.0128792160498076
40975,0.138332467487825
41414,0.77866702418772
24883,0.0142187849226361
35270,0.22177688464101
21260,0.00687492290283161
34433,0.013320160784711
38072,0.0388386109916267
40246,0.771591490072936
41584,0.733109736851167
39805,0.0460954872005371
41725,0.466367782479487
36058,0.158322835557853
39109,0.268043696746192
13255,0.353648749962442
14744,0.170579589774959
40277,0.840276372600214
38264,0.321140674152471
32707,0.0137548786585039
17011,0.0121427669259005
19053,0.227820152378089
24077,0.182352888197562
25040,0.0130434457351449
17192,0.0250176886735751
41438,0.901509658506923
19877,0.0185027107916234
18807,0.00520886090132571
30809,0.0132257149961398
25552,0.11611705224199
3796,0.031623998829258
2642,0.154110520127296
11216,0.0357050018177331
24487,0.0304338367029914
39787,0.946820052019128
6231,0.0205511938363916
11844,0.0336313935449215
21689,0.0172017687129225
11097,0.00951209161880989
14471,0.00761974050491082
20833,0.0395043838372552
25392,0.260505547912225
23757,0.0146628226567803
12038,0.00585316239298171
15444,0.111869421132573
39605,0.0459288950244183
11787,0.00416812998382193
34208,0.00503514016921541
5151,0.00840843655986009
35372,0.00385055589798431
3325,0.0273897787602773
28076,0.00913298093961962
17939,0.0891948999019621
35528,0.0230263018740246
22438,0.0355180096352513
3691,0.0287679541998549
40108,0.0701511684840883
39496,0.0906053912012699
21049,0.0201608252309916
10123,0.0190419674699337
29376,0.0183942999593694
17573,0.0128207569647785
2569,0.00641779449689368
8268,0.207312301461635
34338,0.249723948412727
7638,0.26034256032064
2916,0.00477888649417757
4896,0.0802438001028383
25081,0.179128089520475
37051,0.0422135342926432
39857,0.726939749683234
33762,0.190631473135681
39737,0.0158147688791278
12887,0.326040470244721
21963,0.00117116715460217
32434,0.146303526710659
8324,0.00167940208942389
19362,0.00797246604531538
27053,0.0149924587918037
9074,0.0579584706517763
30900,0.0521002792197522
32971,0.0680343504301251
20389,0.023947266652746
13858,0.0535627916063147
3838,0.00771432624898588
1299,0.123135041023323
13889,0.248801412330724
2357,0.033984672426907
2972,0.00332930137574742
1621,0.00156259501496053
5520,0.0760126112341888
18102,0.000544059216645304
43639,0.00672176784268428
31476,0.6999571016178
9736,0.00209331691386574
6290,0.00256505151425796
18132,0.0456029359201934
3629,0.00137218097689923
12063,0.000832396171765939
45102,0.962388627351289
15873,0.0194158518920275
3128,0.172920562571671
26074,0.0129195255210743
5512,0.00221266510766627
41386,0.498943918588018
43866,0.00753598027094252
10523,0.00480820324846508
19447,0.0145911977986098
5292,0.00732824198732439
29299,0.110272141032184
19004,0.184182311615044
24773,0.0289963312635804
15999,0.0435689098713342
42352,0.796350238788891
34733,0.00345830753026038
28676,0.0113225852796835
31304,0.492642073417971
25336,0.425079253667631
17451,0.000819208220475866
12338,0.0290566314852523
8845,0.0130716114253483
26070,0.229024032561689
41923,0.364068692260012
4675,0.000716005122133976
33947,0.570792737584155
4941,0.0166883762368378
17933,0.00707478415675955
427,0.00724792290093408
43493,0.0210187116035967
10843,0.00551498787734408
6952,0.00085996878227152
34256,0.0139244062649238
14901,0.0114226596122764
13891,0.00889105619415893
34670,0.0201526101099842
4770,0.00124246609914389
9931,0.00897693888980095
11233,0.00811582619216589
17682,0.0518242045728437
37991,0.272787045932855
34470,0.0806066477952483
4714,0.00437842157224671
7430,0.0134075776312414
26431,0.018446108910823
22561,0.267851157547956
5552,0.00461982765856209
7425,0.00140670612892945
39557,0.185926909096365
30217,0.033541715446941
35162,0.00611391297372774
4529,0.00409552831783912
6917,0.0596221902628008
26016,0.230886050597768
11899,0.0058316137849385
26643,0.0529002628727538
18338,0.000387200281506082
33463,0.180273212571041
7568,0.00279984443256863
31121,0.116785659829592
42970,0.069567991508476
25276,0.0386898388093003
42823,0.131400291603
3895,0.00253718819322366
31130,0.041604332087889
25637,0.00711817759444551
38191,0.00435409028318115
38236,0.00721639051088432
32145,0.461054584266155
40041,0.206889116702671
37268,0.00733448705229527
44448,0.183869786625614
26214,0.0166375194121621
13225,0.094650181027961
1873,0.0022127480315351
11518,0.00704664477995942
39595,0.165428372844262
22320,0.0275014829403841
19918,0.0283607139007356
17833,0.0164876574781157
14389,0.00590528199677693
2737,0.00675233187849108
5045,0.0122011247214614
34972,0.0160755920363695
39991,0.879151487908315
13136,0.0382285238346874
38355,0.00677678516446187
34410,0.00423688127710113
33068,0.0284091112583117
9749,0.012342098871126
13907,0.10008668700871
24196,0.0329794836584411
25165,0.0560855861515873
9565,0.0400934327439856
19086,0.0569872509165083
10814,0.100986501286489
22215,0.134224722985924
11668,0.00262111429409076
35137,0.0022746072045431
38400,0.462867123541459
27303,0.0510124369789152
18425,0.0181834624912527
8916,0.0108194752046431
29881,0.0266197386878518
34444,0.106400728995933
498,0.00356171427000038
4955,0.00703903225368216
34015,0.315416403935839
20739,0.028355480603612
27512,0.0411438959133284
33830,0.168409207774115
8327,0.075322495231793
23231,0.159282483517842
33450,0.195464238208394
354,0.00300461624483544
30794,0.0978712002198568
39336,0.00196764465506046
31501,0.05085030138594
34005,0.33608822253105
15131,0.00434998370242134
31698,0.162810648849304
32502,0.0148600561161238
25693,0.548179655526228
32413,0.0817127602911759
30496,0.0664638967298873
10678,0.00961134249128227
12949,0.0606573206409322
21464,0.0158026263000626
17128,0.142015698022354
34368,0.242587033089354
38128,0.0201587970754953
22865,0.0419951233132241
23621,0.124910208024014
36039,0.00372533304715266
14019,0.0148233933373082
29512,0.183183081532794
38578,0.812447457288029
16059,0.0300841679188388
42935,0.0452121727677789
19200,0.0493887098400198
24046,0.187170309042677
40978,0.0357948978627113
38744,0.00391739332921276
43569,0.20712306578105
28849,0.0863031031882161
34230,0.00692068926904885
11418,0.0362125133688525
35437,0.0257885641544029
8886,0.230695932404437
40432,0.0166358282797935
11628,0.00410378349244792
23844,0.0818648695281072
5140,0.00138452124368629
20032,0.00483091932848315
17567,0.00522898698665297
25297,0.0313493061334142
29919,0.350892472710967
10656,0.0756336272475991
35207,0.0171901464703147
26315,0.34311353805024
43512,0.362225829215425
39152,0.013590169902542
15241,0.473294005783201
24149,0.999999999964347
34565,0.129915995594702
22387,0.0409471224253065
20685,0.231542268901397
1091,0.000559402008095188
33743,0.886072569466008
22432,0.0491478564733898
19033,0.0227270669337564
13551,0.0219703604178676
9916,0.00885457328524969
8063,0.133264604552469
23291,0.0276077458892037
4704,0.00148547556144169
41424,0.243581791916078
21303,0.0764142709321242
14970,0.010806503475567
34104,0.0936879019337084
12477,0.000730165490681238
23560,0.00132696787463218
21103,0.0315524590697202
5888,0.00421927546849736
36237,0.016297461894721
25918,0.124418727894151
36602,0.863020758451269
15439,0.429397220794343
26130,0.518837063393042
25275,0.026223422995536
6018,0.0676281846850189
24175,0.0166101568298376
11974,0.000793647205787795
8997,0.120154320388807
16625,0.0251817278260971
44177,0.46443393509668
11431,0.00698727750087061
30574,0.0130939255699819
19112,0.0185977826499344
7803,0.397729780680975
44570,0.0376809091499227
1157,0.00273333429709322
10424,0.00730248461150404
1584,0.0353731277545309
8852,0.341518387986598
42326,0.891309597412414
11926,0.000445915278010419
11881,0.000308633360762411
43186,0.352846525461992
36016,0.00297703043435051
4516,0.00742170495657624
14684,0.0157829823159206
37774,0.190502551410559
28929,0.0147818703041273
25789,0.215958190011562
10691,0.00897492231117807
22082,0.053255618162798
31420,0.631960541919826
9042,0.00857421742742341
37712,0.494447999892556
43678,0.359229243306771
4794,0.000950479525741615
43660,0.00995931375246924
9006,0.00315496827096157
34511,0.0377263838569035
42558,0.249082967099112
31175,0.402378333776325
27234,0.576367384738325
8687,0.142699521679539
4945,0.0503824206975682
30070,0.17096242044098
15573,0.0143280797165653
43281,0.387523494013651
12957,0.0470360465423103
12048,0.00274483205737785
24902,0.0238845754126744
19606,0.00785359534207618
27835,0.0548651465310768
7192,0.159708268949469
34297,0.723718817709061
7461,0.561842075786303
21480,0.0105683260345752
11849,0.15321595234551
37649,0.0147367222934691
24117,0.715017772768137
38010,0.021763640083716
3074,0.00313653165300136
32182,0.0991682005596811
17716,0.0111438229146562
26303,0.00461818198787745
10756,0.00444375757281911
4974,0.00142215866628827
28402,0.0561122942203567
4453,0.000511632285881954
23307,0.0294138121210368
40491,0.58685782065315
44815,0.269581849033236
4859,0.0042698452365248
22134,0.0128520876935064
40251,0.312974736932596
6492,0.00626269635308989
37223,0.0935050852218365
23485,0.0180833248924256
26015,0.0300163849273238
4814,0.0581248465115578
31433,0.836996657935108
22042,0.0374433687188849
5990,0.263402619131331
44334,0.846390430153332
379,0.0110603177437319
17928,0.0145260345551317
39720,0.02651007079406
21173,0.0234427443351896
21999,0.0388441284638852
19130,0.0155646638055172
40044,0.0942779286890668
9436,0.00550701177551805
8500,0.0298936661818521
10027,0.00658449034886522
31277,0.401052842178567
11062,0.00487472457493012
43202,0.701566043553638
26262,0.0065492193594807
9107,0.055861093283682
16493,0.00954215174243489
19588,0.0169235362329356
23566,0.00938498557623286
22253,0.0134999890298218
542,0.00299591660878208
19383,0.0235925744965444
38980,0.0166134585688968
11229,0.00419948952067489
28403,0.00465220622033975
26300,0.0987487244767881
7833,0.00606356925877998
11411,0.0139660331113602
31242,0.476224815598575
40526,0.461148982942441
38112,0.00399939582761918
20527,0.135129032566332
27057,0.0156639034964004
12407,0.0917892237502496
43688,0.398721093956787
5064,0.00154215590417583
43525,0.955056754111166
33144,0.0249430925592734
23472,0.312172041701045
33604,0.0610688136448648
41762,0.357661887150008
5003,0.0185247264203672
27331,0.132528089866093
14876,0.01438500898425
45193,0.168519900602105
40366,0.629162232810714
1945,0.00421363895700262
7169,0.00461624413798714
10268,0.0452141186320343
5989,0.00228726357007114
41756,0.297479982610058
40871,0.0224055086020868
27380,0.0245152670719381
7588,0.0043208710008801
9482,0.0450168472684395
1180,0.00138128036975376
24499,0.0102237448762577
11783,0.00125592938825781
11093,0.00713728689373086
21086,0.0201260728898702
10740,0.0514164379015844
35843,0.00445197716949349
35741,0.00910792129732851
15092,0.0051218760189439
6088,0.00258549210655201
8193,0.0138005942158837
5087,0.00784468017214169
4588,0.000661093152587115
12633,0.00138178835655632
31924,0.169927362699597
18668,0.00073521119440627
18884,0.0274040015930866
27764,0.54256219666944
18739,0.000295436589051452
32504,0.044883026369623
24573,0.0151619624859191
29330,0.183287230345431
36192,0.0093899557201496
18586,0.112678222356667
21463,0.0505523591121977
5109,0.067338814916742
35664,0.0175348722147871
10131,0.0095546021718981
24921,0.014900776730094
14069,0.0196762890876082
30952,0.0784172352525095
32105,0.243888926171047
32498,0.0203878685337742
6113,0.540952072155266
32360,0.0319457255232584
37825,0.0117576867230172
10515,0.027490333940415
18621,0.00911317051542298
28158,0.0189178999660265
12061,0.00297108800248686
1263,0.00592697983346241
10592,0.0413002173938492
755,0.00161212327769975
11440,0.015429362163413
21676,0.00956167309614058
4053,0.0016811854043539
38298,0.00326284513685944
44260,0.000654162044159911
24007,0.0184059506419856
40689,0.0486749052972501
4369,0.00251872510940499
13261,0.376208061333308
32130,0.0474438636846089
8397,0.0105650758765491
39197,0.661752134501063
31395,0.490527750062613
38752,0.0146592692372671
24208,0.00594903561485035
3020,0.133149852707842
19946,0.0789919981670441
11253,0.132976974943573
40170,0.0831687045819501
29731,0.119957857383893
9133,0.0706075335571222
14101,0.0127924365282444
35119,0.460440146340459
8437,0.00699231767363399
1737,0.0038019285141624
29575,0.0585108435553309
26734,0.0204162571826075
15723,0.395250624874684
453,0.00377545419332202
16185,0.623551037991209
1572,0.0531556786420789
38605,0.00349443467476161
1794,0.0027625872405887
18457,0.0324969777713164
2394,0.0139601819869658
22386,0.0225556878371625
3889,0.0205171141632789
13104,0.0164097207520809
4630,0.116421457409822
986,0.00845213044364071
22506,0.208137262782838
18817,0.000656984550066937
15954,0.0063569399121372
13786,0.0224428883317055
23284,0.0294877051366395
43736,0.0806012951674376
25878,0.0528670685723448
5633,0.00094198867727763
37218,0.102261683669856
22472,0.0589254694065524
42914,0.372799635607854
33571,0.176118303333903
8793,0.00802639389581128
34434,0.0605817634456996
11548,0.0173523756344432
36782,0.00204194721835008
26362,0.0341697144494497
20960,0.0367922117338485
27158,0.00908986228085366
30594,0.00956682256059451
19226,0.0306842551482555
32966,0.0583151206975267
39448,0.0434686397542748
27184,0.183750755315585
32677,0.0282331415327405
4512,0.00562884572950075
11828,0.00767913499538704
22856,0.0976242194592343
43450,0.656486966468619
39036,0.0190319682981042
32249,0.0407340594520369
24376,0.0018219662440524
38079,0.104291932598735
18438,0.109840786101635
9587,0.508502638926771
20679,0.246772464577001
30271,0.0727863496275123
24970,0.245137727660095
42837,0.0473784689364375
45196,0.587970597841095
5214,0.00393150896086194
35483,0.0158205235041053
4641,0.0662188672161139
25058,0.266547149648888
36566,0.72008572386904
3211,0.0048191505907308
40903,0.179588278069616
40364,0.969470966797053
27402,0.0188214283877949
38743,0.00136595750478849
4039,0.00107077421707233
38382,0.00383182477581064
6786,0.00595046325192591
19610,0.0268459780937344
44919,0.109514199725895
574,0.00663534118672331
5387,0.00323131145353505
39783,0.353207035656965
5551,0.00066439187228702
28092,0.0852941901779779
41287,0.197608719049332
37554,0.00154109502510826
28335,0.0300981292886211
5115,0.0146083701255038
23529,0.0483727042109448
38429,0.266493672530694
44425,0.441219636894902
28813,0.027377612549228
25098,0.00807684785296116
34465,0.0138592298152823
10439,0.0105777957530468
26097,0.0232980091110764
24382,0.269808178714137
17443,0.0516431323657891
39281,0.104260018542724
20865,0.570388588353725
9655,0.0161212245210198
18639,0.0019891166413519
39179,0.00684021704591356
8665,0.0324169007208158
24048,0.00717672613837062
24748,0.0986213115042532
40742,0.0218385359875073
13561,0.00868398175394446
4384,0.000506033592072677
12744,0.0647862209550265
12002,0.00131275270517995
5042,0.0659918055078073
12749,0.0044058182142331
33441,0.0184573721751182
33649,0.0182880443470906
2021,0.00225814708528277
21561,0.0241756832155929
31610,0.327643994484072
3938,0.0107660201397356
26356,0.0914632227805797
39683,0.0564784339617579
19913,0.0128130442737846
32985,0.117539633574731
1063,0.0208343863071747
17262,0.00699589644554361
24661,0.379778118263805
18093,0.0100046815456802
26367,0.382838051269712
3879,0.00315721176471483
1238,0.00317701326967719
11133,0.0463042488036811
29527,0.0828365292372778
17292,0.00275748336610328
12683,0.00813449710730408
20261,0.0526120365321849
32069,0.327932790484162
22618,0.00814040059714112
5530,0.00203880911724415
27480,0.0229599623517055
15561,0.00786910097912796
25314,0.0243217834567313
7747,0.113581073613499
10412,0.0621457047602866
2857,0.0464505918446651
33768,0.192784077226982
38048,0.00618448614083761
37270,0.0196295780453361
4011,0.0163346161825045
24131,0.0471192360194525
4356,0.000401513478461064
14595,0.00304369578673113
6138,0.00846249766387655
20857,0.701575157997535
28613,0.345967742324253
11775,0.0153919481675992
43501,0.146577852371254
13933,0.717814092813302
14470,0.159897478074649
42059,0.211217172444034
4321,0.00156389509321415
38380,0.681159625941325
13105,0.336849241479687
35455,0.715815882084549
1120,0.0018779419380509
27978,0.0392102520279053
6374,0.0108587822555037
23511,0.00340689680988653
6687,0.00285641825906766
30969,0.0246438326628728
44753,0.870359066363431
1468,0.00795544428424502
26018,0.0988803546470171
449,0.00299328660128239
42062,0.83785246736234
21140,0.0291213018052634
1065,0.00208599618272687
31382,0.73075532872279
14275,0.0436508213175937
13403,0.0396502512153328
18136,0.0508015280244327
1333,0.0501225807257245
11157,0.00695990320768044
14001,0.00560335090016015
40825,0.0220562771891574
10496,0.0134036054326905
5842,0.00581550701215182
42888,0.0628744158075738
11929,0.00309317184267587
10618,0.0291424774134811
3605,0.000214458440342473
21608,0.0105212450167869
38312,0.229348831462184
29754,0.0417580053001974
6089,0.0295425280764574
14622,0.0924853128673649
29085,0.0199666991274637
14574,0.0477661384020719
31185,0.277479745329616
18494,0.0257446626839663
24569,0.0123667552205003
25269,0.0195910552657299
474,0.001188884628214
15350,0.0318422584074184
32383,0.252541675511528
604,0.0106777677255322
9036,0.00908806131508055
571,0.00117007158557779
40172,0.220826048855423
27754,0.183513049879409
35690,0.039149275521282
39927,0.073456919015046
40564,0.14024666039239
35522,0.01939380787534
17278,0.00430885074931487
36815,0.071738732192049
25894,0.0485862807131585
1644,0.0107604823516298
32931,0.122988213495822
4172,0.000384802707805223
36985,0.843267022616673
32436,0.330823770266264
29831,0.0406293212142771
35004,0.206430517636493
1052,0.00181495267912059
8562,0.0289363141367475
36760,0.0207409393396299
22895,0.00836631746528927
30283,0.0969952288239435
31359,0.343480189882865
12003,0.000680758969206306
18055,0.413102894878313
39648,0.471159991603485
9859,0.218773380517149
23851,0.0148924051257721
3087,0.00684132995609012
12050,0.0103705543323168
18541,0.765665478286353
40248,0.540978525403468
5446,0.00947617722750085
19977,0.0176594539926809
6017,0.00106520538204679
12760,0.6699510548264
7865,0.0195706437585167
16976,0.684616906269789
35481,0.0406842579030901
29153,0.146114477580273
3412,0.00306499531024432
35961,0.0137152587675439
21084,0.0968285598241801
23132,0.0527719116052274
36263,0.242544785488331
4158,0.00214462981017393
41780,0.513053501842711
19192,0.0268401607908485
42130,0.419324188712148
13869,0.0223783544682441
2190,0.0700954020595188
16951,0.0341374879905579
20529,0.0186479564709106
37363,0.0170565458092328
29907,0.249027666186677
9537,0.0399154088730607
3798,0.00144869368320669
43036,0.185101100294258
43964,0.267825951287059
16534,0.00766073664262849
31507,0.143019048418129
9241,0.0681258451106586
31887,0.555364309094811
35671,0.836725116019396
29395,0.0826191896590665
29589,0.0363963154657709
32359,0.144433893624376
5039,0.00776046909833879
6559,0.00512213845797804
20558,0.0182913207184986
6936,0.000409150780168006
28408,0.00917950857223001
12536,0.00577635249118476
4944,0.1412519717256
6915,0.00135917773610231
14857,0.0230728372321495
21263,0.0514793408217708
13259,0.0235055044647525
252,0.00201430214474554
29392,0.203454463893556
15872,0.00770255717286395
20939,0.332930914514384
40053,0.384588279569537
22735,0.0347806558946895
35296,0.0606402553663269
30127,0.0494754265043121
29630,0.56329786422302
18230,0.0208191497837741
37724,0.00165911272110028
13063,0.0331969109373951
11261,0.00141837400287493
38998,0.012483154686715
5145,0.206342871154996
26490,0.0300461977433139
9825,0.0317053744884363
39331,0.00789569750638522
40813,0.0386902288561775
22886,0.22961443777347
11021,0.0134841868645939
3207,0.0202839063810525
38244,0.699905844345187
3165,0.0132194049214325
20965,0.0425766465223889
26794,0.0813763036101296
19816,0.138615359081093
4528,0.00368646345142452
2971,0.00302797393633625
23276,0.0949723649635758
40843,0.103965526887578
29812,0.156150084340481
6499,0.0444394208477852
16037,0.00498648146235319
962,0.00158179591904599
40341,0.0498047256614443
24387,0.0570104816489978
16989,0.014089015700358
35693,0.0502126904097485
15892,0.00569208852563385
28591,0.0240053012890039
22995,0.0167407506457473
24735,0.0120610902297752
12614,0.00474659397407113
337,0.00287363146318392
4258,0.00717989291574634
10645,0.0339613847898183
5420,0.00277743773615023
18310,0.0253838808680507
43996,0.0142932295510363
16317,0.118200421351199
32622,0.21668789398298
11490,0.0336819373477519
36337,0.0601039239499927
5424,0.00231170414576834
4923,0.00441786892128345
10738,0.0116310964559649
35756,0.0537160095582421
33429,0.180062057586962
13180,0.00571976897141456
22897,0.13471201390079
13970,0.205865986005329
5776,0.00539904428395097
16417,0.260005165731557
11696,0.0132649014950213
8698,0.00125220209902754
36596,0.430120774393459
31014,0.104059284132292
3209,0.0020909638576233
9481,0.00492791470670925
25480,0.423534892736448
1767,0.00507095028973619
37482,0.0739366185943368
34634,0.0134975157660275
24311,0.00917353140438337
14091,0.00377591258736139
44553,0.682470242315953
12818,0.0100376095452945
15520,0.322458757951625
37147,0.0893019599063457
45121,0.499321616861027
26750,0.0627271360363981
12512,0.0131549224739172
24268,0.00512547392397374
30091,0.25587718291359
43825,0.0966039068183642
29785,0.0480520170083485
23167,0.00638528374721406
27527,0.0698958056891843
24973,0.0130606852548716
19338,0.0220975778730936
6782,0.00231974228242711
13968,0.199115085443191
9783,0.309477298296054
31944,0.162134018529199
644,0.0103278710237009
26265,0.0230963026879085
5719,0.467011385698034
38194,0.0018851696403145
27258,0.0513650125659125
36122,0.0182700887114655
10781,0.00927264863313693
45132,0.767474080831594
23769,0.0057557095667397
31892,0.161736000505751
38631,0.0181949513235729
3466,0.000908078380289
12801,0.016035192813747
18004,0.00664907402542252
42871,0.440679111234351
12968,0.0461891447177858
40679,0.0327462306048167
3440,0.0246403477744453
1470,0.000791065524246251
44140,0.087127769141848
18073,0.602743939913238
40999,0.178391389394505
42932,0.139996763915951
33957,0.465593772034303
38551,0.00590230715061482
13329,0.00394110895041468
963,0.00261558734767416
12895,0.0052503978968381
40292,0.0458227510647195
18869,0.082928168050666
5878,0.0201661799564859
42359,0.0460079758650417
31143,0.0493172065631277
16023,0.0139138417654118
40075,0.219427172296805
12304,0.00775714882839471
19485,0.320485299383765
23963,0.0185444230043849
43878,0.147845515046513
5657,0.0076053233254883
3779,0.000957095827666813
22585,0.0425344958106199
12447,0.00650886635931039
44754,0.394044063030268
28147,0.031443769225079
9990,0.0300332832933911
35619,0.0612859818861468
22855,0.0384904265118576
31922,0.0760790764098596
14661,0.013395198497879
3821,0.00418217022741058
33100,0.031327623422985
9577,0.0377736706268929
554,0.00384405519802958
181,0.0135319790382501
7788,0.00412289911368232
42427,0.0563565700214773
39390,0.0499570727521304
14026,0.0122279561369209
9943,0.0971339291245197
25044,0.0147284543143043
27852,0.0820068123889782
35086,0.0581069957944676
5097,0.00639844683313076
41846,0.123126765531495
9144,0.391670424729051
13094,0.00357155429646619
12803,0.00481879956646297
32535,0.223161714857701
22454,0.0735587566072389
17056,0.0502482775686488
17544,0.0014468347130933
15149,0.019296602989902
24829,0.0727845870103885
21643,0.00894119570070841
7732,0.0092813455821873
38967,0.0141031891476004
22503,0.336303266861071
17769,0.00972981900187589
37146,0.416306908584421
30157,0.0262171713610901
41951,0.210588442512293
1234,0.00416087685461352
11279,0.00066807362446152
42665,0.0514037585276361
18984,0.462604368415814
1399,0.0167554312998864
36552,0.0375455487286709
6047,0.00577383747926367
19660,0.0196303037160433
10352,0.00994466333103589
40113,0.171625941015544
19470,0.0163832602595849
8650,0.273831142347195
2931,0.00491266200696461
1966,0.00444152564620603
32211,0.115629619382512
24717,0.024711924115683
8507,0.00929358248469188
20543,0.0715652394826461
15150,0.519703107303615
7294,0.00152568343375386
39579,0.181767290762189
27220,0.0419505834585096
22914,0.023029095297828
9890,0.0167537857570533
33760,0.139783090258429
21340,0.0699129121666001
8819,0.235723421199652
12480,0.00309212021475882
19564,0.0269073039512987
39330,0.655665573773884
30236,0.111763752911515
24867,0.056930804471091
20313,0.298875683527375
30099,0.350378778977872
8733,0.00520890099142944
31956,0.224742576926915
41223,0.0641581048002699
21436,0.0481098476249757
34646,0.0627058666337927
23425,0.014765080769249
19088,0.0329215134650903
15529,0.0163163923414049
15129,0.0150995335722698
9974,0.0120132890069171
26624,0.100554572037403
3802,0.0155516584893285
16960,0.45218609237077
36344,0.0302925465522218
34463,0.0358550152664158
9567,0.000636907311986479
8032,0.00683638317926866
33710,0.0372965081720772
26140,0.0593021698388192
36214,0.307381883744462
11975,0.0273508269932077
35943,0.00871271177688721
39123,0.496968879965565
25942,0.0794918677393448
32680,0.495445298539985
2257,0.0114142688182274
35406,0.00712510852579632
40509,0.0131898178519479
26475,0.0216844879346556
29211,0.178856225986537
45166,0.299661438960023
27653,0.0110119199714134
26758,0.0302121866722277
6370,0.0470220405923157
12874,0.00516753100121633
13518,0.00980858410008381
13081,0.00895275833172341
29021,0.0544882898984665
39008,0.0468556710805206
32008,0.0728112648141411
32849,0.0659731252522693
456,0.0122717205178962
34140,0.518739446800542
38686,0.305177825758414
6551,0.00211321404835341
39886,0.0715565960733451
5467,0.00444896055790786
35189,0.0203942231404682
27256,0.00447103695590717
32074,0.105842484420963
18217,0.523334497225262
44343,0.0470205949947918
12788,0.0409810449336269
23754,0.0188631375168469
14761,0.460476653022445
12645,0.000847772024237329
26420,0.00498008125017444
18008,0.0233631545760747
37108,0.395103157389742
26656,0.0112397696604958
36802,0.163849162810791
19681,0.0332954695373117
36480,0.0086587404671925
19323,0.0304003873650683
21180,0.0893066212893499
11836,0.00391730383645401
21588,0.0217193602460545
23759,0.00911107126845362
3661,0.0119728661277119
36321,0.0113587753884611
43085,0.0893240241801845
8986,0.0619831272453446
36575,0.00737447167018903
15334,0.00990746591707958
7593,0.0769656626756353
43716,0.00133971859953371
16632,0.0130713786035554
9864,0.0131140541032189
43030,0.581660057691236
7357,0.000995103414941767
34165,0.955537992222441
23821,0.00815035532643923
21218,0.0130314888146985
26101,0.737020573639998
3471,0.0052170519371819
12647,0.00558072795213588
8464,0.00350427632470544
32770,0.0331638942795886
12435,0.0469577670777542
30426,0.0302349870512753
14205,0.0111798381475695
44097,0.0392358421378177
14755,0.00338001950375131
19381,0.0559102798054076
1979,0.00212227253919365
42766,0.102844997710619
27216,0.0466340112868118
11941,0.00320513372213753
11686,0.0112734378509898
25794,0.0164534796748994
16652,0.00872185584599078
15946,0.107322466872983
34201,0.092061088291622
31475,0.456411182222265
4358,0.000849848648135815
33048,0.465329682485614
758,0.0171530403048895
31387,0.306842121647851
4449,0.0258149159432753
23180,0.0306563365906953
3449,0.00739871084775973
30506,0.0417393039494796
24378,0.0104615148640843
21370,0.0213033990593387
3092,0.0124419570288331
4163,0.000871875026831779
3315,0.554862788220666
12680,0.165049916499893
35547,0.0181102957776021
21430,0.0212451934736674
29394,0.0826615554775051
21398,0.14030494503293
11265,0.00841770522897399
6510,0.0102107412798071
7469,0.000536724405502079
32384,0.550510903575764
9360,0.00168474432424339
30483,0.0309587969793009
37386,0.0167802584103314
40915,0.37164224717103
32640,0.0195786189781387
10640,0.0830027481360663
12037,0.00158848824001792
9205,0.03050595660579
1492,0.0327355671889058
9208,0.0157732867473623
39119,0.00467240753808
44052,0.430084670280009
23015,0.0891102454958813
34155,0.197266355645114
17515,0.00441602658088384
29944,0.15607153844495
333,0.00259557179812443
19216,0.0440390227764441
20930,0.0432787305046616
38286,0.0173761006649921
25233,0.0233307622510161
17874,0.0875764808261429
9022,0.153385028737491
31683,0.0495391832749219
42036,0.134509031847763
8155,0.0599546335435918
2721,0.683932432357099
1698,0.00312395164088182
36113,0.00355448135892181
38823,0.00228523027082996
22669,0.0183469736972586
28567,0.0703418312540993
41491,0.617133719205384
27289,0.0193739747330016
41234,0.0760919994925632
5321,0.00176731718327622
25027,0.0226591955557789
38992,0.00405541480955255
28434,0.0100352932423247
1805,0.00605895743543846
5854,0.00193909453543045
3405,0.0065799161699993
6604,0.00272268298981992
24958,0.332583546095104
24636,0.0641090389871662
23725,0.00139298952281449
21033,0.379465646386873
44937,0.390689703213035
31557,0.536801694181413
16612,0.0191380847033948
38559,0.0261898404865873
43376,0.290797403432455
16458,0.0418998917143738
25530,0.0121193446906249
29861,0.0549678423814869
23643,0.0170640926169654
12898,0.018883143735864
408,0.00385638926465165
33536,0.0127415236325343
39908,0.18418638854493
30820,0.0483866165900208
38634,0.00345415463235213
38025,0.0653084661101064
30393,0.178183497190617
11742,0.00864085012820952
1010,0.00515100617997105
19430,0.0500490295807847
27971,0.0137254165129202
23811,0.00996103783518926
23140,0.0213063155424696
30835,0.042185043998234
38851,0.00981753009938179
28799,0.0908841161013968
9811,0.023050645195016
33393,0.0308936082769748
34120,0.167059675900837
30185,0.0918417746563006
31409,0.226013197876815
39082,0.0170205361386474
15132,0.0156212135029
5386,0.0073303038891769
28319,0.012994599087548
24090,0.0859923964885454
35648,0.0190498347487761
29587,0.134511241470004
38596,0.00431457876082485
2020,0.0053894562815645
17985,0.00885062577708973
5035,0.632475615261158
18035,0.00891643374667173
9981,0.0290558090279585
14529,0.0260504600272224
24300,0.0565712695647222
9020,0.00530646941067439
17018,0.0120103920846209
12737,0.0866763273591349
34690,0.0544998801178296
34837,0.00552952830540279
6177,0.0303357904159404
30844,0.0175028737452301
39684,0.0594661625962547
32702,0.0170255580205793
10857,0.00167520150203223
2906,0.00153704928482388
26009,0.0260646824664525
10151,0.150202328421952
5687,0.000165414099350961
570,0.53503577339263
24146,0.0133731178495116
19554,0.0274434636992658
12841,0.203347224419276
3081,0.0627429723550138
32963,0.18775698573723
9499,0.043597243392662
35435,0.178306984783808
6942,0.00209763740381768
5356,0.00229895891523076
39149,0.0114319560199642
17064,0.0708409112558139
38443,0.770653993313097
27733,0.00644512862949243
13229,0.331929239775474
26652,0.0182131882409136
3959,0.00422572277109165
216,0.00325705820543434
35826,0.00482832859227011
3623,0.00514824239927495
36439,0.0247610421582553
24107,0.256182851112231
43461,0.848626401693911
18715,0.00214230612911829
31561,0.328133557417128
24695,0.00851895436384327
5848,0.00328388425754819
21839,0.0581408957072331
29721,0.392532996059621
9772,0.0802798920000791
5992,0.00151192908624793
29605,0.508193310531524
30522,0.0319519368882076
39014,0.0405091423234066
29513,0.149588762726428
801,0.0029128943570474
27564,0.0191784404705941
26679,0.0212264812405482
40705,0.0350610638416576
41948,0.953351545809049
11392,0.0884839454422382
35674,0.0123084448950651
29203,0.185245336104159
32047,0.550980558981962
14736,0.0153434378272993
27276,0.0230743190343756
38035,0.10719824021833
24330,0.0308065650542926
34922,0.958350190950485
24012,0.0149598384840421
20806,0.630503245128267
27164,0.0816455775660816
11037,0.00273815421107846
1389,0.027559256202489
6368,0.0305798517121003
32063,0.0666512668118965
13784,0.0164335093500732
16669,0.0151856550212723
8566,0.0067606638649057
37956,0.237991547660489
43106,0.778699468834261
35063,0.0104245388179878
39626,0.0296735376692914
43198,0.878265849895946
30548,0.0355806340033851
33495,0.0780193840330445
8710,0.111829681022191
3951,0.000641591992671434
31779,0.211019856138914
32026,0.139686665342867
10213,0.0192522533512473
16159,0.0250231874828336
43745,0.16390501737788
24769,0.0380374927139622
28463,0.101389665429166
23072,0.00250993925710444
27998,0.488902685839133
23718,0.00313989795741714
7812,0.69667437426975
1905,0.0138932716238865
6893,0.00056931273820606
18994,0.727366179243251
3262,0.00984016751558096
2767,0.00623155311009893
29235,0.0439355269248797
35419,0.0554605273612892
34578,0.0014387426865592
6361,0.019558171669224
17074,0.0646694469451716
1599,0.00390749174607509
14915,0.160157103511786
23051,0.0181817200153816
8213,0.0059720052048116
28029,0.0212875204428798
34686,0.00571250650974926
39657,0.0215417359151514
21343,0.0164321973596133
13699,0.0132227509356229
44882,0.321627218791451
26823,0.050712643489166
14710,0.043992384242846
18737,0.324005140535267
24109,0.0601695050069853
12855,0.00300107372136219
37548,0.00634713377896137
16930,0.0100500124140253
42410,0.382313937258868
27652,0.0680746054276768
18797,0.00205208064277206
8521,0.0318620962074251
3200,0.00751681415634651
40787,0.194438772982819
8302,0.00623713294625402
38543,0.0908365634228565
32340,0.175217685962185
44411,0.120167243362543
21759,0.0474571042438164
27890,0.00578941261687311
20489,0.0893099893375843
9729,0.0152505671486469
34996,0.0183713985016321
5647,0.0107030667301638
37764,0.0187756845228623
31441,0.313548418926996
41555,0.363027488839976
4246,0.0268989949654715
41758,0.214160441940691
23146,0.0210722680924113
29533,0.0193446648027417
27953,0.0305992035673917
2432,0.00527700742738121
37185,0.460447603865925
21778,0.0119006332975457
37966,0.179191502310456
31540,0.0901634188915319
40934,0.117673762004948
31140,0.0218066170763751
24475,0.104051150332098
39592,0.0219857204937511
8941,0.26479431109766
43241,0.371806505336005
28132,0.0213636337683682
21117,0.178901736828461
14644,0.607773721959357
29898,0.118800361069836
25526,0.164334212963343
15778,0.0092752471794883
15434,0.0237152589653285
24321,0.163857816822577
9456,0.323104070045884
11096,0.00504605062492743
39427,0.0552320021557723
19755,0.0196451068060224
808,0.00398740675439475
23584,0.0103313774144772
31512,0.170923019932236
12636,0.141716753901783
10192,0.00327920820857741
39997,0.317277475566725
3183,0.0148100799365997
30184,0.0648921649392464
20805,0.198700924384558
34636,0.765616792051036
30888,0.00560984841487788
29774,0.0167320080998915
31159,0.0464178197853455
26042,0.140255741390759
42939,0.589647282452665
30629,0.216345783594612
289,0.00746643653441133
23008,0.117508576397788
12463,0.00209085548432572
21105,0.637533746307779
33699,0.499146581507194
7438,0.00328076721676255
28756,0.043435122780606
34969,0.0228719640583387
33928,0.179897282221451
17123,0.0202575332156198
17190,0.0033369125096863
37191,0.639476000375642
31996,0.18241173484894
19133,0.0185474714554711
1587,0.00262468296865518
37375,0.0384423352410234
7851,0.000490817897745524
22685,0.0268927108232759
38426,0.0836815591696666
5881,0.0627135839576845
32217,0.145208541942328
4803,0.0555859702842414
29604,0.0785303090587658
27802,0.0112585095906533
7688,0.00126449481811208
34067,0.560770231247836
14237,0.00449930395857235
31322,0.172132384910183
28549,0.0522735552341798
44971,0.926149410920245
25536,0.0280155883002965
27551,0.019614475620635
25354,0.0498310803534349
30461,0.475001841398164
44538,0.288064312711734
23959,0.0117588946112244
23546,0.0140301871880965
31358,0.412774192551305
36194,0.0116501617457132
13685,0.56684831653929
39405,0.0567239639471899
17725,0.0293957536305769
17918,0.00741315353906631
12438,0.00852350408121218
1818,0.0248652922149361
16760,0.031506933462088
29965,0.0406374271119552
26536,0.039410128786904
19083,0.0235792770309503
43602,0.183042607869019
10493,0.0226068885854572
27642,0.0106776275522037
23574,0.0669795117600133
6866,0.00213202487290624
32806,0.112220561225943
19177,0.14603787463916
16895,0.0669017729877338
25873,0.0261755580440466
30695,0.0157074426034206
32927,0.0420035644350996
340,0.0053850526566245
6708,0.00208168404474913
32781,0.134061524835475
28456,0.00599196459153824
23615,0.0947447021165004
25656,0.0156523215153832
25577,0.407397527819361
25832,0.0215376865039408
29813,0.019047941564063
13582,0.0182102126509478
12091,0.0343066154053687
2883,0.13933723569437
8981,0.0022155627636049
38046,0.0055407933885832
6717,0.0017458917642527
27225,0.0205076380583496
6071,0.0133455955094502
14385,0.623912199444342
2444,0.0262481672256989
36559,0.00756291886129423
30832,0.0135376217736276
35663,0.179626663735961
21917,0.0425750579852351
14229,0.00996091947224189
17555,0.00996909872952451
43158,0.939034405622764
38842,0.106192051244297
10078,0.00698716689463868
33300,0.0345249938980895
5814,0.0020947237863364
1623,0.00464344371210886
35393,0.290145523115145
36266,0.168211135799085
17104,0.00647925182598721
24026,0.127782730921925
263,0.00197022948088382
18516,0.00642086215068968
18119,0.0102364456883524
1768,0.103865463236055
19683,0.056950383808985
42382,0.441165844302514
29305,0.0405578735412608
1987,0.315282933074785
2788,0.00133733145480138
13049,0.0057308610470968
24632,0.0283158880467956
9195,0.474989408570419
25391,0.0369902377064121
9550,0.0214968744412273
44959,0.842542610504869
41817,0.321975035054273
5163,0.0593238736031889
24635,0.133824462277649
10669,0.0072397929467147
4817,0.0150859320367998
44229,0.0298349809632678
10287,0.547366476842629
4018,0.00366840284704966
12243,0.0285487701611011
26371,0.0465990929728919
23537,0.00714986996257495
2276,0.00818297584890516
5041,0.00256643345873374
35751,0.0131946473946132
33469,0.0283092001685882
13572,0.0279302840387923
27669,0.19018927650289
5858,0.00779427700313642
13688,0.000972533990913297
15994,0.19248394300928
6129,0.0107804127072105
4002,0.458562363644597
15440,0.554167370686979
27693,0.117785867819662
9035,0.0128757991122894
12637,0.124394392550008
15481,0.00686357990676189
11401,0.0223080224077206
36535,0.0230202579368494
15677,0.00397257509495002
42140,0.0582655963927453
20507,0.0524713944682671
8025,0.27756287120689
44546,0.119789173019898
30142,0.558161087728355
42713,0.0365685349200273
12931,0.0474738402759476
24760,0.0182416179743121
42252,0.117464130528456
32229,0.15344756572948
44763,0.882340326605537
21423,0.0366442093527295
14588,0.018645799110451
1397,0.00287463336931653
614,0.00489963171538108
15274,0.013234207931874
22625,0.0911884830850504
1335,0.00118744595629155
19064,0.0594662283837452
35814,0.448163912138663
2580,0.00274983437582868
39048,0.0109466075123655
21044,0.0411094943693546
36604,0.0433599654193391
11395,0.000161569634961874
24526,0.0635799145693056
17301,0.0106647217098376
20169,0.0286658346243403
2802,0.00405099726673903
7728,0.00225464764116285
6889,0.0181518436427519
18973,0.0882631922203432
26602,0.0273533794495526
40628,0.0373466598450476
13484,0.00499847415320719
39499,0.0809403004287206
18550,0.0225366661868567
12938,0.0310889399289134
39554,0.0141631502893087
982,0.082735679761899
356,0.00602501240410246
6745,0.00459277914448395
42885,0.0280535970178187
280,0.00600590382476262
30477,0.0428113610144946
25225,0.0286550471589895
8827,0.0968689329621122
27790,0.013604511267048
22214,0.0105579662727336
41243,0.0410118391655772
38090,0.369031146781158
24462,0.415475831154702
7519,0.00607258689608562
4059,0.000676312272264076
35020,0.00740675605165289
28616,0.0256079237229005
17982,0.00623111138422951
41280,0.612666383772065
45126,0.321393827698536
38821,0.00362501462419119
39147,0.0146000038142635
9414,0.00705275636394537
29467,0.0493162818531531
44641,0.103261516183278
10579,0.00331890403981403
31834,0.0509339196657673
27039,0.0693696440168125
13923,0.185574735107289
38569,0.0316739799906914
42461,0.882860991020777
42007,0.850568678829473
15216,0.0142250610475591
2587,0.00111754586233944
31885,0.377215698057733
19988,0.0415462272064957
39089,0.0178979901859851
43190,0.487414297550031
40390,0.497946421025961
6581,0.0131887977704667
11512,0.00997053283652005
39771,0.988673154984908
35085,0.17813882072344
27710,0.0484948309317997
2219,0.00877614065741888
38294,0.785666557571784
38876,0.00510300740127846
25710,0.0422803830156939
3352,0.18936460768301
17252,0.00604579430543547
15417,0.0686953783626271
17719,0.0144163893063587
19786,0.534983218082356
6427,0.0452240659287021
38389,0.00764352502409017
20987,0.085141935928986
39677,0.14091178094165
12187,0.00360063439548423
30187,0.0822859495870254
21223,0.0163421933163832
17923,0.0309932997752737
43658,0.0129531709623465
37734,0.0120318953143128
18273,0.0298591323827535
25851,0.0161655512748833
1409,0.000376705740451033
15121,0.286934026538315
2787,0.0114249838781862
20072,0.276562623505225
7527,0.00598806604246939
27869,0.0163301880497474
19273,0.0266055382935721
19772,0.0305362117256631
39714,0.0645175427794516
27478,0.636088001355184
15460,0.0151358921205614
15653,0.00173926367779008
4800,0.00761074040740184
37058,0.0219394638031003
15249,0.00224176537567608
30710,0.0347819524157668
33718,0.720844716332701
43967,0.941869667700338
34176,0.20198104470712
16511,0.0776564059815379
25435,0.41692437727287
40283,0.85319687901507
23394,0.194452146267793
24927,0.519752045107454
40672,0.0787560188581239
6313,0.626846355393608
15856,0.0100977500535694
12820,0.164684702441013
23829,0.00844743962316962
13263,0.0124939588183644
21267,0.0204262458810528
7419,0.00163196338559822
25374,0.458480760356595
22152,0.629226868979303
22511,0.0585814026132591
32190,0.889112535777837
36218,0.00382301286541088
18051,0.277821037004124
28003,0.0128347322811081
34983,0.0462399828811965
34893,0.0289377373401398
21827,0.065414448134356
22361,0.0283179228551877
8594,0.0223904908595718
19054,0.0229748777413304
12754,0.288208601062943
37054,0.0397814427397297
8036,0.0457580110195276
20142,0.0294564881932573
35621,0.00431607746708713
2696,0.0089524534991033
4090,0.00637397189486463
7953,0.000476710774734463
22931,0.00958464985735575
30882,0.0238784642769873
34028,0.20427769275547
33465,0.0620925803879368
22300,0.0285157113595377
7189,0.374962878361648
39046,0.351828097595006
6859,0.00291361428612288
23068,0.00411757976897721
9556,0.00991989493357595
2730,0.00224712804455381
14116,0.0112174802811311
1627,0.00109310765545383
12227,0.00474553407879947
10118,0.0177406897657935
8352,0.0356258495468604
6902,0.018976614819596
18918,0.22950738210015
28774,0.0268024982228642
31007,0.063650093546777
29427,0.0542774490445086
10602,0.0236047865639618
27559,0.239606401470696
43161,0.560579412572771
12042,0.00950869265420144
43175,0.775252109277648
43053,0.521211765467451
9584,0.0138031584155019
4844,0.377955585984034
10804,0.00237747618103657
35855,0.905780399227535
26721,0.369501217488465
10130,0.0389233027489453
20390,0.0581604004069343
43232,0.570233968574524
14564,0.38373165136565
28296,0.345385009414438
29540,0.106006213982063
1107,0.00105082549332573
38209,0.0521309870590278
26181,0.348333459104686
22753,0.0567917151448297
35947,0.263247701269286
14282,0.00689989263889606
40074,0.0632226293070237
23274,0.0432225901437304
36958,0.359291195668006
18354,0.00670920535706058
35138,0.00283345080003488
7691,0.00497118570438394
42103,0.27556731967517
21789,0.0284922995773753
5159,0.398507593441445
18172,0.590075542828651
1083,0.00526568831388734
39819,0.31661952999424
41859,0.655789093767927
3912,0.0017750913753263
13962,0.0353804753110271
18283,0.0176404004430209
1799,0.00189564388281619
15433,0.296733538151356
18359,0.00851848107254674
12442,0.0268659799239689
13223,0.0404284183547769
27973,0.0193686400863345
1690,0.00102054982674117
18638,0.000464880608918302
11369,0.0967132514968749
27129,0.0317796365705494
28537,0.0738222256061245
17185,0.00255343880897904
26417,0.00578327730508252
12402,0.0272309061182833
12812,0.0348537144937862
22066,0.0052108948443596
17161,0.011358261443184
36202,0.0133495543846934
33839,0.0671561803752986
20251,0.00893097994373537
25155,0.283535449509199
26284,0.0331086316183646
40330,0.0133055641014444
3837,0.00804618314640675
1541,0.0261385703759951
13788,0.451783911294755
19682,0.0425070745235273
42204,0.174622338529952
12781,0.0316255552312261
24281,0.0617310034319184
16741,0.0126617998603292
17117,0.00264367304929358
37288,0.1203427270661
9589,0.0133811096905855
32488,0.123676777208557
31037,0.0233556401656997
4551,0.011806863812163
16252,0.0148674538823949
16876,0.0575160944272544
4724,0.00161742795843158
6690,0.0025410665591125
11080,0.00668008731700182
23427,0.0320027931159037
26509,0.464364202486925
38231,0.00796153718271925
42767,0.117969460665068
29996,0.156542114105268
26770,0.0319987243001559
30387,0.0139678605570011
14247,0.0194540165408423
31454,0.537455433402836
33737,0.20638218733775
26280,0.0553885782528614
43772,0.24916413053511
11177,0.00810346574795746
15864,0.00765791184242804
33723,0.16616070683971
18959,0.0110594170408263
44793,0.51937939245585
12170,0.0192014844259621
38393,0.258309240937797
40377,0.416096286586018
44031,0.747429581599193
43333,0.692516069237523
24313,0.022266408304863
7518,0.00770657289205075
23507,0.014792517174936
21493,0.147633200215813
36230,0.00671961888275958
21213,0.526847336170726
17354,0.00458886979974115
39163,0.122926880285028
40451,0.0609894957531771
41156,0.0260217658405019
698,0.00597794405215447
39977,0.278775648223961
18139,0.0689960408573227
41505,0.233639251034791
26989,0.19622067593198
7742,0.154541382979703
37093,0.0841398945100793
12952,0.00898527629554748
8139,0.0105435400353539
37001,0.115465417042749
31808,0.370590779144461
2333,0.00700149531950215
19616,0.0661409866104869
43490,0.187404172038689
14482,0.00951339287201524
38893,0.0155960318406984
41704,0.932810514977914
39276,0.00451945225100268
34128,0.551418751872284
26238,0.0704881577836037
40553,0.0446086128836653
34865,0.0125160637423439
3593,0.000736919228262752
20581,0.0280839388142108
33223,0.0124072716241998
6058,0.00124646906696393
32863,0.127447596610795
10026,0.00365434065019385
24887,0.214987042432434
16919,0.0376345588675571
42273,0.151327243536008
43841,0.421410272936918
26314,0.101574990023973
5017,0.00121833928171045
40368,0.900053058506887
16324,0.0321852855515943
26618,0.0209238015098571
11785,0.00508148228780578
34976,0.0104607309827934
9892,0.0126450884043125
39697,0.137824075464806
15579,0.30638138523071
43655,0.118234820640922
27080,0.240201395440467
38484,0.435763524985731
39470,0.0222366873108696
33187,0.0126505166281609
4855,0.00267344080996031
21901,0.00553001496041544
33946,0.0900385506707459
13042,0.0126354092160311
11959,0.00266692322991043
34554,0.0257173684011249
32238,0.169596879749306
9678,0.000783154350674654
28633,0.1004444211259
14524,0.00842682612869184
1354,0.00223471652930401
17720,0.00410093410073408
5712,0.000954177857247928
360,0.00208959950238562
31968,0.0630268211717581
8290,0.00631489543997352
33827,0.17945032594902
5984,0.00110325533484813
19833,0.0418240022646138
4176,0.00172549951714991
11507,0.00761680693439033
44454,0.0649435609289782
25388,0.0258405059045623
35590,0.0164549997147964
42564,0.0346375021153224
9855,0.0112088580230219
15179,0.00543677525322489
35667,0.00620157590020557
20825,0.531267421959589
15696,0.015548988057118
3578,0.000281688509826722
9412,0.00660208972049056
38130,0.0238626966695497
36811,0.750207632001026
42378,0.261900291753619
34,0.00533062726219523
39756,0.0711128757242348
37266,0.132121623438064
45151,0.769208993375214
31232,0.525374594223634
20379,0.0589052260186223
31015,0.0732225229601326
1664,0.00871924583836128
43383,0.83217802107938
11122,0.321893434198532
14843,0.0185432423458309
31725,0.0696801157160972
36376,0.0129352399833741
45109,0.112208524458519
918,0.00112362528670031
13117,0.0348783993875968
24110,0.189964615507101
22456,0.0471324402303084
34844,0.0107039714545552
24650,0.112923068566859
25100,0.0289410912280458
42402,0.102362666855569
13669,0.0701280136145394
41318,0.243797551953759
26747,0.358205807506346
42544,0.507450698035858
43303,0.405302693602338
37925,0.617443011845651
16767,0.0176493064759127
12658,0.0852221290540903
19822,0.025379792158192
15183,0.411659008539179
40225,0.162407297619793
22981,0.0333065710257415
10650,0.0545448127708174
42206,0.1624953484153
24006,0.0107002276195469
36713,0.00371285084125744
44575,0.133128509348592
11491,0.0178178582442753
2505,0.00403793125890746
38984,0.0298991050014512
34115,0.166274393727674
25333,0.026610214786067
35219,0.280654987935767
18244,0.284033922544525
41238,0.448950797971543
21081,0.181465639693709
39120,0.0353397165408586
41371,0.036558403771211
15182,0.0132042058592344
2034,0.168222889785698
6401,0.0141137541044444
36594,0.00319156736032883
15603,0.0176462758193283
9895,0.0104017507015032
2783,0.00368955486226377
28289,0.430832163194031
25458,0.112939655703553
17501,0.00882065077223329
37183,0.0132458756234897
22645,0.614051896786625
8743,0.00714219783303817
29506,0.127022528291478
6535,0.0033650955704224
41401,0.0955704254000131
40157,0.0737461898675116
3078,0.00182608845265945
40486,0.0109672716638944
38697,0.00400209653676433
34291,0.0434571672781102
35253,0.00455182214462718
40772,0.161716695724679
8055,0.0802537413530726
20035,0.232459690096817
16000,0.0163309381562492
24443,0.0239648184167757
28642,0.0202619385724281
31757,0.0719611688574115
33893,0.414492834381263
39765,0.267123748722465
5300,0.0301387407499927
4784,0.00402720576035744
30338,0.0228526406381275
4994,0.0339217971783628
15188,0.0196335410362942
7285,0.00163844517478812
42403,0.231467353457894
11772,0.00531652085948709
4156,0.000459085881381492
9963,0.041606542493777
27451,0.00762853589753679
41237,0.0630643656416085
24280,0.0275628687985461
34069,0.0646827901581597
27386,0.0599579343132228
28639,0.19644547944597
29428,0.0577613658738165
12473,0.00141294117886978
25719,0.0613459909454236
14467,0.351880191202843
318,0.0180065051196141
24950,0.00956788049864181
8625,0.0169612067271458
16679,0.00371539023052503
1059,0.00447349378760306
23564,0.0244158111416314
21972,0.0223525216709171
11052,0.0210769079207658
21093,0.0437821750325602
26812,0.0176245208182237
32525,0.0132610174149029
20274,0.0191848086538103
1141,0.355383399462307
14501,0.00629831392350997
44700,0.0128527725292093
2537,0.00237001548310976
39270,0.105432698266302
19351,0.0403152867059926
23275,0.0916081802355997
26934,0.0416422426178043
4996,0.00420202751255333
7474,0.00315804473270759
7373,0.0018782293742462
5121,0.256121511887849
11882,0.0031898897475532
41834,0.677709567289109
35033,0.0359241816332146
2125,0.00241577374688863
36547,0.147739772142473
4332,0.00206438632244114
21763,0.0132382670356924
39200,0.283346177153147
33857,0.0431527457001658
8872,0.00424280301647996
30346,0.0756838642193524
21760,0.211901041701804
25227,0.0424015999485446
26827,0.517638029070937
25571,0.0180782314803797
23165,0.0111952260536539
5250,0.00436112042349048
28835,0.127316201272247
12417,0.00902573615884007
34885,0.00695964190871688
42319,0.107331847301887
38625,0.00502842883433647
19979,0.0236020331511417
20350,0.0711195622596023
818,0.291741610354455
28398,0.0384141834711299
802,0.00106197283346863
38087,0.00647296924691522
11286,0.00251679969080461
7654,0.00439354393662077
34195,0.0149657701715354
29088,0.0321247649322813
19811,0.059803597767412
12628,0.00203319356362247
25784,0.509401689862346
17191,0.00350549647029468
31227,0.531827396689013
12679,0.0100977423760963
11076,0.0130629077580904
34500,0.0852973070808088
44519,0.636511515037249
17592,0.0168914696782879
3848,0.0293186153228374
39772,0.101266565376337
42180,0.175395204700717
24915,0.0612072663919717
27374,0.047536695633591
11816,0.0118485845372197
3070,0.00230458164007634
31980,0.342074780696029
39274,0.00266528461673441
25747,0.0112238585111989
37011,0.0132923189034518
15720,0.199969537143115
43472,0.885883433120246
24373,0.0208719474597633
36415,0.129337093183707
31208,0.36934143286613
43188,0.88732625157463
37955,0.175479328158906
11972,0.00644922212969896
4757,0.00153481030117146
2517,0.00611567159353545
19759,0.0447341979820085
39667,0.216429427038692
29431,0.115209854371066
24413,0.00749378260852501
39796,0.0801326598522038
14255,0.01621996519475
8992,0.0176300662809595
25045,0.0849044212031779
10096,0.0204134807723657
34174,0.471761136865288
44033,0.588755669256176
20359,0.0203249197967231
1328,0.0032049208787172
31782,0.0866702491356781
18423,0.00652767971438615
34404,0.00739488233302778
13082,0.0296679107487162
10196,0.0104598073571354
38491,0.0101772258840324
21268,0.0143790810038871
16881,0.0057363023291738
15391,0.0370140378750042
14296,0.0160813396543128
11008,0.0274608500171343
12508,0.00263047114963927
32567,0.0568743522135811
11981,0.000621636351345162
4841,0.0102587653933995
39202,0.298665630832499
38320,0.0449816176001872
13973,0.160137204597012
41296,0.38313509321044
10569,0.563720896631078
28109,0.483903637470622
16170,0.0597755927311527
32477,0.0535080413295717
2296,0.00043176321278977
30754,0.147938543505562
2861,0.00193472876881566
26077,0.117806059783075
42320,0.219782440484861
6505,0.00246125999302244
8694,0.0104158267993552
27336,0.0424027114979665
3562,0.012318257476896
31245,0.2289055916291
43310,0.603274803518431
3258,0.000889053420748325
22293,0.0380569505554162
6580,0.00172761934964291
30597,0.058823170665121
17830,0.0131552110761509
5251,0.00710103137786492
32712,0.0174998890653653
8971,0.00571070349650853
37564,0.00298033450021818
7918,0.00260288387551096
14869,0.0290772692969325
35817,0.0227990669021944
35629,0.0940787350995915
14044,0.0723588491259243
19601,0.280239574292903
19486,0.0944230782384984
41679,0.186665650417641
43581,0.284787142466845
23223,0.082871832767159
17288,0.00348513566279797
11043,0.11142573069371
8869,0.00372028557942204
6319,0.00276046566451611
6544,0.00357843675448918
6253,0.00648030930274925
28944,0.0209689439894884
526,0.0127031773850299
36283,0.032299759223765
35473,0.00532070960188721
27322,0.0578999975660374
22063,0.0147427566731667
23526,0.0485364366464318
17504,0.01037014192503
25746,0.0142233922928412
30145,0.0936045336759747
24019,0.0188332372199131
17464,0.00395887978756886
8808,0.0212958251048287
14070,0.0077999525284177
16275,0.539711270172217
17932,0.00871425906303327
44874,0.151803030390406
34304,0.0639440148415064
1164,0.00939765765006266
37728,0.0070545353691812
30928,0.0561849236011914
6382,0.0864288430906726
10597,0.0090471783923855
23712,0.0152454268052716
32980,0.123968977375513
2396,0.00922496072647146
18610,0.00884128802297866
37133,0.0124144654272166
654,0.0238076350448841
43617,0.0155274361414333
15557,0.00548737528826539
2210,0.142837305054288
31703,0.442364380024922
36053,0.0758797915162581
4914,0.0011403331641356
43153,0.579421248848946
18237,0.0115833841545718
40492,0.0119142436749756
15755,0.131303023368956
2134,0.00131409770023719
13648,0.0220452549706845
10293,0.0211837307193829
460,0.00185294016090436
29366,0.00603662816476482
21882,0.0688413821593734
13606,0.0106238630373448
14996,0.0133793684493481
11478,0.0510235158196182
34762,0.0871599425955224
38642,0.009036107609339
26270,0.219122929711129
33704,0.0936408555594697
37193,0.0790815183193007
37004,0.00954227621580483
22970,0.0405494788281659
31431,0.605490140995554
41909,0.0657047316870544
36008,0.0208385549936935
15496,0.012811973395592
21474,0.0137720550878133
26729,0.0184779954851781
30266,0.0198463755043954
2912,0.000643803197011621
18329,0.00144620318050633
27023,0.0101279905565923
18563,0.0303921269329449
10860,0.00379570018217293
26409,0.0150767495356496
33898,0.764802805401141
6700,0.0019068625570939
19380,0.319949715203193
20835,0.0464670852101196
4685,0.0012750286987099
10947,0.429698772118055
20430,0.046266274435145
1000,0.00989758574588117
13277,0.172473315972848
18644,0.0030634940291015
31479,0.313470850620175
29597,0.0100820288881205
14202,0.00585783855073799
10887,0.0727070922926643
9880,0.0169862918933877
25555,0.00675652102730618
25075,0.0605398585657814
15819,0.195373012404648
3242,0.00338195666807654
18504,0.0148925699842234
14534,0.00601048681116528
11290,0.00515897985742192
19668,0.211656013476371
28466,0.0289736534050335
7839,0.0252421868975296
29122,0.0372506878683965
10950,0.138521614961772
14629,0.0312224587736151
10811,0.00403617007753034
24963,0.0283801704552984
3365,0.144906257889663
1122,0.221379877383313
34814,0.189659268712806
18932,0.0296081371528223
30026,0.0382405280987208
33516,0.190579665622975
28872,0.0300687120391277
23531,0.0270404464379637
12574,0.00851025022075252
27604,0.11373413076882
42325,0.178895724682038
4920,0.00260849069058738
28873,0.499358440798368
24509,0.0113253026039373
34770,0.00538046304429507
13964,0.0145230191458906
11155,0.00838840931169661
5267,0.00744486357356764
28951,0.020256303877145
12197,0.000672246470496121
19012,0.0363750501642756
41680,0.410929890406148
36592,0.0177042945776763
21431,0.110504417521954
40713,0.0571453088201201
31702,0.0895440703785099
17116,0.379916061208324
4726,0.164612421910284
345,0.000732881898999366
36653,0.0160189392947994
36209,0.00726354092890512
32142,0.115787025426286
15978,0.13408233660262
12092,0.0136376188841778
1445,0.000406382580791503
11017,0.00843580209921308
44045,0.00435258502869762
33869,0.455356514527429
9010,0.00349922380398406
7446,0.00939702459477662
25152,0.0255872245571864
22384,0.126473919383276
20701,0.0490007321069111
4925,0.00222926205692898
14790,0.0144342794042223
19831,0.0313747285901848
24861,0.0466265162214071
14448,0.767302831191453
42890,0.627704822172071
33965,0.403260577261954
27142,0.0619613668938712
43911,0.511622829945596
37958,0.127802244935498
27563,0.126039203311956
13501,0.049539467828937
16725,0.701605372073802
19316,0.0456828367664587
13459,0.700140508622009
32009,0.0518427642934449
11716,0.313762712365278
36680,0.0309545322017379
42417,0.135668938999726
27863,0.0169530725145589
3387,0.00294764201359941
33265,0.088223647283843
17485,0.0557337373783702
42507,0.037098618365231
27106,0.397997566366247
44494,0.744088672512766
15184,0.0211222629508904
22649,0.0315572343395123
26534,0.368176139027817
35334,0.210257081046903
13752,0.0124332400576682
9101,0.00729750661070532
20593,0.036450302723441
37941,0.875633467943172
4514,0.00510121658163451
4104,0.0380878819233696
24710,0.193989793925272
2904,0.00100274400653186
22071,0.0752374112660544
28171,0.0159385483697534
2024,0.00323967141103118
39859,0.426536339206673
8664,0.0117968481677644
8096,0.00586329129878658
44728,0.663834131642199
1064,0.00290139335797064
15852,0.00641898272965964
20296,0.0532308804910754
15115,0.00546981704659194
29583,0.22909731985024
42863,0.0616542718970551
15643,0.368958232339437
311,0.00177252685969257
4992,0.122947406614487
16357,0.631712362765292
8746,0.514375635747967
40276,0.448420656812113
44434,0.173449986345534
28200,0.033046751546395
13908,0.0122859894128443
20520,0.0731904734564366
1736,0.00864703686052415
852,0.0214224017120966
12286,0.0102002908634449
19309,0.051199089479055
14802,0.0234756825914571
1853,0.00391856605452987
10931,0.00714213962995435
44827,0.25042354043189
26205,0.0126248106096952
21379,0.0905471068752318
7025,0.00270842233571928
25322,0.0365844116934448
31315,0.252819055210421
39845,0.0344228155585492
32036,0.159897446811207
10902,0.0202861406043709
11756,0.021673501995873
15786,0.00451911545514919
7725,0.038594489293311
4209,0.000607371231860422
13526,0.0111506452907145
4125,0.00174606331330464
3433,0.171587170090419
29985,0.0829861391361318
11880,0.00353834055746687
18515,0.0116469387655373
9868,0.0230514038656506
40947,0.0269506084367369
7055,0.00522201336577772
19542,0.0254537497379938
14378,0.0065895964759763
10777,0.0242961719497235
42008,0.750088008226298
14621,0.00634881622370617
28136,0.0172014024249316
16333,0.0606503696487789
38378,0.0358405382673466
30355,0.02561606287368
15208,0.020284987749477
45125,0.53931428091134
42255,0.236816200508744
31826,0.104010718038376
16570,0.0514856589894231
20351,0.0415333824262325
10056,0.00757935344442178
26532,0.00693638504533767
42959,0.875566207363775
38716,0.0115893296600594
41506,0.672132071810588
8670,0.0276834821394477
34313,0.0113120623099291
27207,0.00474991266319758
8899,0.00680323120089465
33485,0.121964306374667
39107,0.115636057919237
27103,0.0840366277464723
38319,0.00457512321710226
9374,0.0906352766283259
12433,0.0349477295189524
2810,0.00169586745456592
34349,0.00293872271164699
16888,0.0158514772681512
7721,0.00107311853203294
36974,0.0151883117660279
29649,0.0249120345825733
42131,0.211044350833967
13375,0.0466946902194825
31339,0.818491903498312
15227,0.0106737358681784
8713,0.159583058490829
33953,0.347204210613131
33744,0.123805377277123
35214,0.432219784225016
42862,0.571929977554916
23444,0.020648986591766
26843,0.0134998273691216
24233,0.0138268715192069
10075,0.137175097895953
30059,0.518945110367129
44222,0.00416758613977378
21487,0.00679984714254402
30603,0.0423685213787223
38053,0.03715459825684
19406,0.0130239090483986
18029,0.0113345208623789
24105,0.145723493770021
38916,0.00762482587607345
240,0.0106117230834388
24256,0.0515535666451897
37371,0.32087102844782
19898,0.0490724541086138
8729,0.0059735805900657
34647,0.0167388179671418
6165,0.00290745403871739
1626,0.00173824072070723
36546,0.023008954258678
4731,0.156990219892625
42587,0.2272351385862
44690,0.160624691787469
9933,0.0300109536911795
4064,0.00221936621351237
24746,0.0548152271535457
9613,0.342155761076393
31993,0.0675333149980979
30549,0.441064356338308
38867,0.0234886505943662
18531,0.0211825540963618
36153,0.00644322144329828
17007,0.00416878902259774
40398,0.0385267380507673
6988,0.00115778498374805
1392,0.197574860319964
30427,0.380377469826113
5247,0.00302005923178267
1393,0.00641302444753791
36944,0.0727924079774224
33834,0.0612602701903642
38604,0.00392611230381455
21775,0.0779136355718304
2928,0.0358300590018847
9309,0.00868445004172269
36874,0.625224323022977
3120,0.00549341509647297
3065,0.000811041293293856
24610,0.0630401337496953
24888,0.0340538186360813
4371,0.00442484349103417
13376,0.0754684090929181
28131,0.00512449579138843
31811,0.0641102237384893
25675,0.33688292664915
38865,0.0423379136826118
4281,0.00028894950611823
26941,0.0120783462456893
37070,0.713105036297807
29511,0.155360920894607
17297,0.00266676512915167
32197,0.0925643122983906
29195,0.767694421656514
21646,0.013468515277419
41077,0.0804519559431169
14926,0.0152161235098227
38954,0.0025703893102744
24401,0.00774104652097234
33878,0.644277948510626
27061,0.501418364427812
39238,0.0848098623804797
18754,0.0102283012509647
23866,0.0170757857216583
37036,0.639127937084199
6085,0.00193693651814383
114,0.00609956689735184
30587,0.021998906433029
43859,0.37821075608393
23499,0.0335188331562999
23815,0.0115085496907481
4605,0.00237112368999893
37214,0.0839146126332053
21113,0.073557706754816
23772,0.0678082650101072
18185,0.0159739860873425
42375,0.437975983726884
18315,0.0049265154741839
25712,0.0111311508719446
13868,0.497578635747807
10432,0.00502626980180826
14455,0.0166872206462383
39533,0.0197654339452754
31653,0.0372499234352223
41585,0.216805765663094
30412,0.0588080929467641
18590,0.04870680122765
2421,0.102050651985113
24592,0.0145616138861193
39598,0.932823659378776
5969,0.00403090142677742
29809,0.0787264065349901
38664,0.00471585870605199
27353,0.218584382361275
31737,0.105658665156741
1875,0.00231909204315831
13767,0.164608033415104
25601,0.0103876515389256
12237,0.00378806517363811
10607,0.01803281387894
39555,0.0321794358699609
8157,0.00667258721654486
39698,0.33998094952016
26754,0.021341226412795
16870,0.00324420451322276
41810,0.243029564423308
3028,0.360520559430682
5902,0.110636632120003
38960,0.0155126222340034
44739,0.978469364615462
19914,0.0266432000662777
43103,0.864136009009893
29871,0.316319804591378
9636,0.00365838572198866
6430,0.122337665068398
35474,0.0427938126296113
42238,0.101849382290425
24384,0.01585795913472
30330,0.0498543542392001
18442,0.00894887842625686
31851,0.333221897323325
1969,0.00679444580607852
30451,0.0723852646615018
27609,0.0135894321551528
36131,0.111121784461341
40243,0.366454294572701
39445,0.0261011072433242
43283,0.817509518112429
10971,0.230791753909467
18620,0.00164032373448879
7794,0.0170589026586264
21559,0.0287347548553103
32750,0.0751291580391552
25960,0.0713624105101695
44000,0.0072598569666281
6590,0.00594312789736623
19466,0.0338069687967794
1138,0.00875574695479026
23825,0.0293125803794027
6050,0.00124966169472441
40523,0.199911050823433
35154,0.0544957446745615
40006,0.729808610287395
40670,0.263297848079566
490,0.00579106575959647
28252,0.0427364555049342
35331,0.0130783094557695
42617,0.0310376646063376
22087,0.0243888495846379
44921,0.43921292692412
44917,0.301750844908606
26570,0.167426638830534
32614,0.377400583901355
2954,0.00217515200561527
6680,0.00403289121044076
42668,0.115272480246165
34446,0.0161819889119984
18593,0.000161936045351702
28534,0.0330293468047826
9062,0.115395640234051
43488,0.802757334688486
39357,0.00324012908303572
6181,0.00206201970847939
42878,0.121736619234494
39840,0.0825671611923789
14435,0.0251248584221251
24446,0.00722044376151501
32587,0.0473819401778382
17941,0.0601091697279481
15493,0.0100974537229499
18714,0.0000531914658985232
18725,0.000737391766723557
13270,0.0569960828269556
34968,0.219598048735471
39460,0.811842349684037
14850,0.118764166861808
31139,0.111969718525402
39129,0.0124144632675591
7297,0.017573272260256
19006,0.00844693551958172
6187,0.274626851516188
36489,0.00532909319657075
31868,0.046274906197885
19324,0.0144361775675497
15005,0.00193662447393308
38346,0.0138523882977089
28056,0.0147060137455769
43879,0.527513546230492
15658,0.0502437540525246
22345,0.176444984039378
38757,0.0159157806533696
38641,0.003047186039642
26907,0.0088873397241818
41927,0.139497311525146
24624,0.0125651096818453
37425,0.0238814105864208
30661,0.0281495782830589
25099,0.0110636620082791
33596,0.0453018463398033
44842,0.0408478786519253
18209,0.0182824308603465
12135,0.00353560088940892
3534,0.00756785816856457
2717,0.0118026272560151
11597,0.306298294335604
32552,0.0609610772459618
17699,0.0136088801433656
6420,0.0286530352342751
10462,0.0400218331580713
26672,0.097800814759674
35533,0.0524086268856206
18928,0.284920649274902
6517,0.0175388019343505
7320,0.00259960013405367
6941,0.00195471247553528
16696,0.00444262527029403
43059,0.952230291303665
23916,0.0390145109646301
25807,0.0213999262173946
23102,0.0118007946951387
24542,0.0120619109635119
5450,0.00459392442135311
14652,0.0177046229633608
11178,0.00411872225950063
20405,0.0350440981665992
20259,0.0106087722707217
32318,0.0584276546194087
9183,0.0654996533147272
8240,0.00992031929162621
43684,0.501488909681564
27767,0.0201017711096292
28868,0.190973219877521
5436,0.0138029451189592
30229,0.0178764152824302
21137,0.236526610893169
21296,0.0237697112147868
32805,0.296573292623034
23913,0.0131909359532682
33951,0.763706990803711
8205,0.00986579101967279
31303,0.537978194695662
27308,0.0523136971090079
11914,0.01251334176265
15913,0.0175777124734312
11964,0.00133783910356191
26887,0.339403693552432
28990,0.141762920313994
7144,0.00240631376574771
2798,0.00731953375346744
41716,0.439470553502946
40089,0.0586453575462837
34158,0.722275820472256
36619,0.0738345174381507
4098,0.000231460809954609
10408,0.0534963282369368
13630,0.0484426101625031
16077,0.0660682233354248
38781,0.00968712974675018
16093,0.412798709308106
43811,0.00805775363513389
32930,0.407546086078482
32631,0.0276685324530715
34074,0.962521515922346
28588,0.0227274018593653
13925,0.0108621629646123
6570,0.00106756122010308
4469,0.00144435029250881
8298,0.00352828628575095
23877,0.0453806761327962
15574,0.0111828351028738
13659,0.0414113360236198
17331,0.00061770807802974
1467,0.0042840542010557
30331,0.483445512891593
13679,0.0129743307401818
43104,0.764633194085025
23097,0.00393706105495911
29949,0.21549197131045
18053,0.0281089810546216
38372,0.00347271591222229
16567,0.0576449497551591
43046,0.298194274273062
18392,0.0470298886232971
10799,0.0035628482467239
41027,0.149021683831189
18207,0.0488122864467608
19802,0.00838465875555764
41398,0.270735832657249
8608,0.0129728063788113
36270,0.070925060960278
18356,0.00276607501574355
21302,0.0243949193353824
37982,0.0161692148736487
31938,0.521671347039719
19166,0.0316257085924139
38674,0.00632551568572162
21134,0.0441775983812641
39818,0.22904825537924
10937,0.0327574713269846
10006,0.0236762899249407
34268,0.044883940494547
44091,0.0724242116073485
37735,0.00779349465239514
19446,0.786505023538534
36366,0.0687481725677467
25055,0.0453499132288906
16734,0.602745916277462
12828,0.00644845051624637
32170,0.25280912242539
19769,0.0346210519240998
33892,0.49206606428042
5234,0.0201518351537749
38746,0.442543084641065
23832,0.0734460502401016
15294,0.00573277454385985
35715,0.00405746363974478
28030,0.0111973201758216
26349,0.0154926160015037
6513,0.0350125700782864
13668,0.014749804643265
27959,0.0219385094908037
22447,0.0512024252280479
20913,0.0188963486638412
5916,0.00299421118493248
32662,0.0834643619434831
10042,0.00387875913464268
38144,0.221094535661554
27304,0.0731177326839797
17709,0.00996144862567031
26714,0.0151773479372835
38639,0.412318383910739
27417,0.0166662276364771
11018,0.00759707735414115
9215,0.076408298788918
7486,0.0998100203480996
40267,0.276555855598225
38597,0.120283013394498
21354,0.0292191509763631
25255,0.0242723509014661
37504,0.0173506277849162
23946,0.00222353596559224
43294,0.597258202393198
43725,0.00378191582121989
13634,0.0570405035338223
13172,0.0141969816182083
33912,0.928056446331647
23041,0.0161992790029522
9175,0.0336832936344209
4181,0.000840146041903084
12673,0.0105238127397651
5233,0.00815491064139481
35827,0.0100316224670429
35417,0.019238446731612
19091,0.0993116084991893
15615,0.115917943027755
32324,0.0418051387059113
30353,0.0508854089745964
19367,0.0237457324341959
37260,0.175076280907179
40991,0.0306692573396784
4843,0.00108816850174033
24346,0.00403985155673188
4922,0.00305336236334115
28184,0.0389558503969048
3114,0.00150371194310715
2018,0.013468635764214
18634,0.0119236038936479
18740,0.000492638883054181
34840,0.0225843873262042
43591,0.189439176426867
41934,0.488245266453035
6546,0.00793824509570901
36051,0.001256747095031
22623,0.0682451494303314
38370,0.00506758199973099
39550,0.605416044793746
20601,0.0197723343732372
28981,0.0329857363431444
17006,0.0143468931200617
836,0.00262722534335916
28667,0.014552983466522
7062,0.00471001598252685
26446,0.054572675464695
35909,0.0152902761209736
43983,0.212225822696535
11561,0.00180324777688261
10984,0.00454894529976321
19883,0.0218382299152759
1116,0.000440913612423756
13703,0.016887061834006
19287,0.464276045335031
6743,0.000737679337992563
20794,0.0490536039879798
8965,0.0333315917148578
34886,0.13112191124926
21769,0.0405411292293888
22714,0.0114567428396064
40968,0.924207694578954
642,0.00118004382391549
7846,0.0130137609990978
43766,0.429999102327213
41357,0.0108658832003702
39566,0.0822520515756557
20752,0.126516950103758
16837,0.00542704595044213
8533,0.424087385662855
14594,0.0159658296287162
23476,0.0162188192854358
1803,0.00537829656428196
8178,0.0881971483914891
25022,0.120797091588035
31513,0.188900286133062
33627,0.0291274172241039
39414,0.0260213061354402
20355,0.0222182630550516
8112,0.044810068417218
33241,0.108826755030615
18684,0.011729977795614
15838,0.038867440352977
29479,0.0717368745961868
44686,0.132082784323028
2456,0.0035989036004591
39056,0.103177602510017
31461,0.407898268882923
37301,0.177029282866205
33097,0.133776296726054
21663,0.0124951223426488
36581,0.258544319180893
29110,0.0968283582880805
35779,0.0128823389866811
20996,0.0377844992699127
18058,0.0520158364765919
13125,0.012123404961332
6695,0.00701162022376679
5385,0.00222778676522221
9470,0.0324108552042585
15207,0.00620103230451969
37625,0.0148153096821312
20851,0.218182685504458
25880,0.0322326366572802
14668,0.290410662769826
15730,0.00314775143661737
18095,0.00575986649029043
16917,0.0362690421241299
35230,0.0058578272589439
41143,0.0946947718090928
40052,0.0679755693810327
22730,0.0379588093227991
25958,0.190190441908369
5355,0.00204437935487787
28566,0.0316458485706773
41797,0.602503732599654
32254,0.0658673279954474
33786,0.324309511401704
44059,0.105975863546455
35645,0.00401971303778717
43868,0.155547999908018
17304,0.00315298204368748
37465,0.0197869206230483
37167,0.0233671844157411
22641,0.0355608693493784
36180,0.00619915997296122
25230,0.0151292342603463
28175,0.0421201817933658
36901,0.00899140259456227
25537,0.00985573521345563
3788,0.0209323588083496
25762,0.0085491431595082
32160,0.374670047154141
42630,0.484310793147015
42892,0.795174778606159
13893,0.634602068791351
29669,0.208162505957813
40633,0.0533130660716922
23135,0.0204177286956788
5987,0.0251813821905402
38250,0.0604060999573555
13667,0.47745989424494
25461,0.0300967716597951
34741,0.151486401203188
21623,0.0108032807003336
22257,0.0228708249908578
7131,0.00119502273787843
40579,0.131091641585252
7653,0.205564166271201
5495,0.0394027911935179
33637,0.0693151940565479
11693,0.226739753455617
15428,0.038955716364726
18919,0.067295424625487
35740,0.0443423235403248
12549,0.00121042995480894
17604,0.00868584696725389
44058,0.52175039566542
20587,0.0339828279013872
8028,0.0103646414604452
18050,0.040557786729431
43968,0.970062633325126
32719,0.0348617177788286
6694,0.000854674763226956
4041,0.00186910717787773
1482,0.00622109865223787
40250,0.122215742204031
38577,0.0108626342439921
42877,0.156627545082531
22905,0.0485972663475383
28116,0.00915537826129713
6189,0.00338845914827193
743,0.00328393570624247
14819,0.0288541725079871
21847,0.0280242157966353
21203,0.0292154017855233
20773,0.0936478274677482
23283,0.0551701934010822
35500,0.0016621803794276
8431,0.023722234885182
39625,0.053062549316778
39054,0.0156817566625362
12558,0.00239058083571627
1887,0.00643733841963567
40892,0.0382577662196325
42082,0.632749389828197
42215,0.526923866211658
38897,0.0656324222330197
36152,0.197739364634648
12966,0.0303301119236877
36716,0.0234708650927363
548,0.00505400204802132
34694,0.0204060596564717
22457,0.0288918632512803
7765,0.0399329156831342
9145,0.571929798261905
36689,0.00742890391344612
16166,0.00317271463302482
5983,0.00703149955580371
28751,0.0399575662011202
43447,0.434072044157895
44589,0.00322366785158444
3318,0.0147068785406076
42263,0.0996531855104558
39356,0.0207496993661298
41050,0.159145103341851
18219,0.0137984775309647
42439,0.536492741969394
19875,0.00895788625087417
20416,0.0381788407499491
39917,0.279276221572092
29906,0.166543544066912
12319,0.0435099872437251
15761,0.0360560639858576
33521,0.0128363122898314
14439,0.143828205994593
39452,0.128622090472395
28452,0.0485810220212927
20790,0.0422850711195624
2327,0.00635281122937918
26968,0.323247789434177
6356,0.00335524156460865
21612,0.0381440271313164
36220,0.0064126908251641
7457,0.000924099143535072
43276,0.579187822518863
17802,0.00721880263388191
12626,0.0012598423471179
3339,0.0216764615817717
2549,0.0577144508544468
41063,0.0576996037851181
10638,0.0103253303521481
33662,0.043655981564435
19160,0.290499102235379
35204,0.00852984331949603
7629,0.0368458352809
34497,0.0173107239255718
25971,0.013624192953198
15345,0.0607439942230982
40319,0.0625775265735534
10164,0.0066587171386446
32079,0.19165823499118
18339,0.00520194320496055
13805,0.0336302430318367
29825,0.0178791214305081
22111,0.0187386097327331
26382,0.0227344820742547
23509,0.00376434770514805
13440,0.337761292652034
41933,0.500075674465866
16114,0.00825493005086459
40104,0.370174422853245
41603,0.0921128798240707
41131,0.0230723258131771
40007,0.691139907360662
34606,0.0493710970987718
23857,0.148595019482026
4988,0.5039349025719
19830,0.014008385359757
37993,0.0133938887032568
37877,0.0282324326461907
23482,0.051974730185007
655,0.0287419558848133
25679,0.0482435127705029
39365,0.0822235644972719
13856,0.0919750190930798
14174,0.0377939712782243
40100,0.196979299280056
3129,0.0403739516858126
20977,0.156880264626924
34759,0.0247304320419364
39957,0.292279877275854
36289,0.0516497421521413
38807,0.00127936480658302
27962,0.00212824048355281
24637,0.0413652366395092
25360,0.107574078123061
33613,0.1708141604012
33454,0.101888030260712
20934,0.0171456424833428
18596,0.0261981225309997
29531,0.00533278555340407
8747,0.00704041257873594
31279,0.481292410519385
5570,0.00311008547800199
12944,0.0161371296633249
31798,0.1523783269657
19990,0.0174761685237424
9725,0.0146953625083425
37660,0.031403513103292
13642,0.0761376243610083
36693,0.721716626393418
8577,0.00412097708319546
24433,0.0428212309733869
21475,0.374621446054761
1974,0.00253098777977534
2110,0.0210766981388153
20641,0.314873515161491
20548,0.0285065862767532
3085,0.00970452417697196
23247,0.0583710479570104
44746,0.686569907266209
21609,0.0730154886989665
44410,0.379999719378205
31369,0.425724416839782
12317,0.144620183125347
31263,0.0786523322958018
28205,0.00579152414187223
31366,0.413697990550119
39811,0.214039392642205
40305,0.43311684543532
8825,0.0222725638833939
5004,0.0628378058038366
23962,0.00636697475337336
32467,0.331230428068745
19577,0.020947092272909
16322,0.0275528979988795
5915,0.00701535486883914
32152,0.602424546224327
19580,0.0119438775860884
25403,0.0214634558963191
31109,0.0867629448008376
28781,0.0179387600416178
10867,0.00443879368353688
36560,0.815376050283953
37200,0.0421593057482893
28771,0.261115386264395
29289,0.225727165199006
31911,0.0418312195529295
9769,0.0804003210501324
126,0.00825979567596402
41378,0.768047574484524
16571,0.0105067105461684
44944,0.00862771637553324
8503,0.155940096154933
40289,0.096827105703683
2342,0.241345889431775
37071,0.0239049235998813
7366,0.00484075693327407
33724,0.0566604311190529
383,0.0112947872463244
34464,0.282798936728542
32911,0.0336942678561393
19403,0.0880044773231584
39934,0.058923210092918
6715,0.00618944086415721
16836,0.0225677233807226
4295,0.0022041478766245
43286,0.911129919712346
40433,0.00816819631859081
30883,0.0141710414497138
16431,0.280332463556524
17254,0.0347277943723361
23412,0.14128570267626
36354,0.0506396871153359
7947,0.00489232162646912
42907,0.118355631363659
38847,0.0149507308891355
21864,0.0176175151317771
34900,0.219712995952117
35247,0.100611539690444
5070,0.00674636588381545
39744,0.0253863599285947
38187,0.0095411461310523
5075,0.00205687060658988
6557,0.0123876849096349
44276,0.200097969801193
5496,0.00337555746179813
38300,0.0601706047228091
30403,0.0967411098147398
13389,0.0118051158681622
495,0.00367688319420644
9182,0.00679823168552848
17924,0.403207533650203
22126,0.0363527303745491
23785,0.0185776401188692
10630,0.165248680653137
20426,0.0401320964591548
29318,0.21660296863789
18286,0.730857727930756
44250,0.0350894935954122
3001,0.000975036259571017
5597,0.0160172471183819
16566,0.00887683814329047
28912,0.0306895329349705
3766,0.00496011592809698
33999,0.827507704391312
8113,0.0142304618441278
15982,0.00447613589439756
28079,0.0180116634753538
12573,0.00399085902669409
28656,0.0772792929438076
37280,0.221301239262661
44344,0.0512840971575371
25041,0.00181362004741132
30943,0.00972135744541663
44360,0.00285875167320136
13665,0.00191888601186186
30682,0.0415241672404926
16925,0.00596047257948822
33387,0.023235593682662
20161,0.0266658018558911
36858,0.0192468599280029
32843,0.118831889290788
33413,0.221359347253274
3306,0.112547775518017
30856,0.0106649288650654
37830,0.00220415712707192
12199,0.00658147556884007
35989,0.118775853517468
40479,0.0351024632158639
26732,0.0147542650044851
38073,0.019959358003722
17352,0.00350754239762019
24701,0.00644794059358689
24087,0.124077543240945
7143,0.00425320699616758
9143,0.179651952258018
742,0.0133218625031666
38277,0.0232363124303983
22577,0.00818622052569843
41030,0.333672881711382
24721,0.0036904765291966
42098,0.0493768631534003
26368,0.188107185280805
13539,0.0352684317023081
12017,0.000354533240140953
9315,0.0198269015944401
39423,0.0467956793066507
36959,0.0812975106859814
24840,0.728797176280229
3401,0.00105776795533058
39068,0.0351033103153119
42043,0.371477414732334
1679,0.00216612550022695
5351,0.00463518354037845
42081,0.704339081455982
16800,0.00402504205532131
29704,0.151252014623801
18258,0.00547678974110811
29196,0.0857931465911623
43475,0.392284681281063
39062,0.0215462045511877
12470,0.00131445319449659
35401,0.00537616504151607
12260,0.142955798305817
26841,0.0224306359056103
255,0.00271398171741158
42852,0.844674496694205
37374,0.0275763558073724
39896,0.726097962852419
19552,0.0187747019774448
13794,0.122188197756733
24136,0.00655075312250149
22196,0.0240586087943784
41479,0.144592991032011
310,0.001320207334445
12361,0.00901358749163658
23926,0.0595178501172435
23083,0.0964251688958498
12836,0.00383901200474664
16765,0.0256598128325758
25503,0.0772566245569518
23976,0.00824900053865206
42625,0.491042873370603
22349,0.0206363206245812
5744,0.00892672741639151
33578,0.0332191914103567
43630,0.369914921909673
39852,0.0449249219423984
7841,0.00476676663848606
18079,0.0059068989901952
23355,0.0239320022034667
30,0.0117536126587174
44368,0.115352702826609
27644,0.64097627830506
4030,0.00463872357481293
21920,0.0140454906027586
42679,0.123517773113476
829,0.000793309404746852
20249,0.0501958318976993
26258,0.004673418596933
28177,0.0199678840014033
34677,0.0144908113055362
41188,0.509663574739134
12118,0.0252366146942266
8455,0.00794081672758864
3374,0.73531678340343
34860,0.0293183189504182
35065,0.0640384210615435
17894,0.00704165976494026
14637,0.0104255105626546
10510,0.00913057084064295
29161,0.0154597260228392
33227,0.027325615771323
26477,0.0173628341101607
41483,0.945259511462192
8879,0.588533583439448
28275,0.602041654446613
20338,0.0113226008495027
42918,0.0905873075317157
32554,0.345455132853101
16273,0.0109884461826021
43245,0.926784244240132
28660,0.0473862189276645
28005,0.0517903655808676
20647,0.0452744903714329
14682,0.0070116415762883
2482,0.00191553853754544
36086,0.40876128633563
16327,0.145388783016304
17896,0.0237263145137208
5889,0.279851437940767
35669,0.0166064283696279
2612,0.00464195032419918
33179,0.0441348121370497
17648,0.00379267666207574
7487,0.00294003198934871
12103,0.0320721298587083
28325,0.0112381140148596
37252,0.030678804427212
30756,0.151598752101318
33774,0.558262152529108
2503,0.00428093712804813
44316,0.456206148502224
32470,0.0953490510463094
18685,0.00945027743392023
27928,0.00841492112511922
6900,0.00112049558417257
42329,0.0319382747907957
23578,0.0192589285049015
12830,0.034675513213944
10655,0.204024242687087
29711,0.225445483702737
5824,0.00390174819492605
27966,0.0112259966028261
108,0.000889215848879889
15421,0.00392846602135677
38338,0.0384469288598433
10594,0.762604766930257
16126,0.101906449823137
18927,0.0789476500054649
42714,0.0463450477132422
43875,0.0678808433261089
44903,0.389943270427788
6064,0.00464930806667416
31754,0.401435996059991
21902,0.0250411908377581
23357,0.735403102343599
16354,0.0151727923328071
23719,0.00280591340056446
7336,0.000782825281761737
25404,0.0165528817114298
43228,0.597552874326483
39718,0.390994015242893
8340,0.0019415849716361
2426,0.0423924480700051
8015,0.143457862823224
16376,0.0202921800912033
28424,0.0756095808227748
29693,0.216865912298395
13940,0.0274698907764038
2558,0.00333383311180632
17157,0.0043737253724326
10369,0.0283056572275726
25597,0.0201297937736081
3653,0.0142155093078307
33972,0.656704671746939
629,0.00509883417285299
9082,0.115907909530425
1663,0.122759406026527
1268,0.00190455919381917
16192,0.0205329373807665
7353,0.00219143108890217
6921,0.0041951846517595
10542,0.0283074783108373
22348,0.240784046997819
17774,0.00399919445152936
9344,0.0424499896111583
22632,0.0594959343217278
20242,0.0081803333680279
17628,0.00178842640489323
41381,0.215691537967202
21404,0.00878840667227534
32780,0.0172137885941983
14010,0.0246583062061245
3652,0.0408376566013062
33059,0.0289756639602606
12154,0.00372106005733392
26506,0.0308039238791591
7535,0.00291787860655937
44786,0.00968140902163778
7941,0.0018748193900114
34757,0.0268827241810028
3969,0.00935133814968404
6711,0.00787773815519881
40925,0.043078116424403
26317,0.0144447139968737
23956,0.0037675821381098
7956,0.00305765744136859
730,0.00488030026005258
1722,0.00308588558501448
24016,0.0834574281738801
44163,0.873192355500278
19607,0.00560281228135356
20387,0.601043366939418
37553,0.00148069043062187
9822,0.0372291648337352
12568,0.00623320397776623
20109,0.0254759869092213
9053,0.0103143632993968
36982,0.00850380471847692
29264,0.115160851622082
40589,0.0788521439475009
40938,0.022389442025898
6645,0.00358507022209684
43019,0.0505441244971599
28977,0.0181556270054105
28793,0.0298562931149861
31613,0.578315588237996
40662,0.0213024401462705
23164,0.0488035013903181
16181,0.116315202937468
34889,0.00447781899847971
17342,0.205899546170523
25636,0.0135851367569703
14382,0.237791421885173
3664,0.00286889201725698
27082,0.0926287298037233
32153,0.470381647527181
16823,0.0513071805793987
22346,0.0208350433156042
8102,0.0170683358725351
4796,0.127037862243819
39740,0.0328598087770396
11255,0.68107743278967
17797,0.0436086616985452
22434,0.0923814461830191
9847,0.0385857742678998
13184,0.0235170937361139
8136,0.0445000237427817
19007,0.588605963698756
33861,0.0724783882750173
15059,0.492877157893026
15336,0.0500869413313384
41827,0.393928210746521
21642,0.0317346278626398
36244,0.347759029742179
14726,0.0070347646551725
28547,0.0705261857197948
8876,0.173225388567436
7017,0.00980137559759539
37621,0.047044368798863
42113,0.0549228288404538
29803,0.0523233374798745
15737,0.547896922253159
40833,0.0224107881282611
17423,0.0119693853325909
8688,0.0691024338885845
28359,0.534689254627756
30955,0.0560946872241005
41403,0.390209043078024
6451,0.0258370960077452
21315,0.0140203573476454
36033,0.0042329212786278
6198,0.00655912966006278
17927,0.432818809134013
8717,0.0751311989454485
25589,0.100750566143564
25715,0.0890040556920855
15178,0.250727836145117
37112,0.0962159590011384
40547,0.136621048118705
17899,0.0462801012820814
1608,0.0060988514917767
9899,0.0230111756464848
14370,0.00348386206964834
1842,0.00571507878100411
4049,0.00046290242652693
27806,0.0511616413829595
34342,0.184978918797355
19233,0.0315514401698535
2602,0.0210492855104048
43912,0.233674721197839
41765,0.222465424764628
1971,0.00611272458531471
35099,0.0422851042563219
21251,0.0249472911448614
28203,0.0614086682780296
28708,0.0293701416714207
41918,0.981404675815693
16007,0.0731238664802553
15464,0.0108049934736233
16140,0.0129753279782015
18617,0.000212296107418056
39436,0.0202457708554298
37552,0.00206910651058778
13877,0.0597987410488004
31800,0.238344182475068
24895,0.0251295696665807
38507,0.145295459020032
3483,0.0426850802589856
292,0.162549247150044
3099,0.0288418532594507
7986,0.119422471561005
21837,0.0263391097897625
6200,0.00191144269673857
34740,0.00866147104928691
2926,0.198445565889707
4152,0.0587209247073199
21277,0.00819304593102734
41736,0.124529453915802
1506,0.00329513680969183
25482,0.0452943014921045
39706,0.486912923068524
15363,0.109489224935903
26797,0.00934668949562838
1860,0.00828794147931245
14906,0.314231578810049
2891,0.00115733627177929
37617,0.0175377051214134
37879,0.0486570028797115
37705,0.0167526992884897
5315,0.009190563236986
15436,0.0102477392083628
6328,0.00652219603943993
13611,0.00920497843162931
41882,0.094379942460715
43361,0.615594725507449
1197,0.00583054899864303
4426,0.00794969074341318
32111,0.120590374936048
43240,0.430606323979854
39065,0.0217687643524906
8890,0.505770141025977
44816,0.45083357704111
33125,0.102730728417383
29281,0.0802591352697401
8835,0.363138970829332
43130,0.204344751040798
5268,0.0176728524846698
812,0.00157113904083789
19030,0.0424880071441181
9559,0.00934409000881992
24988,0.083373794029645
5879,0.00127558912614184
21726,0.0277065359529465
15797,0.0493956509578084
6592,0.00249408475859902
33714,0.568614979408808
9718,0.678854612863407
37589,0.284564861996332
34215,0.00762395645780785
31727,0.415036146505625
31010,0.21932975829718
34911,0.0184564528321031
21362,0.0191864763176839
13381,0.346469987026639
16086,0.00940631943795987
15859,0.789586877313665
21207,0.0193131876126451
23266,0.705547864779311
32892,0.13142706431222
28564,0.0110741905861398
39522,0.48750628855265
13576,0.0362139948140816
6029,0.00215470396637998
11955,0.00291123110339457
25559,0.0248586919282891
37145,0.0338817354771942
2246,0.00252426986048759
21678,0.0121469225592452
14788,0.0118572243415314
16348,0.088050675655474
24236,0.0111175839010992
42155,0.596317056228537
7309,0.00131643167287488
4217,0.0105684806823248
22961,0.0183693014143764
35733,0.597112716654703
34875,0.00657969322882482
27649,0.024939361365685
2528,0.0632457158549361
26851,0.12592720209545
8381,0.0183522113634078
18032,0.00796861231333905
29243,0.100910188443364
40919,0.307853129662726
4874,0.00380907295594266
38860,0.02360498134618
15221,0.397858328459409
23952,0.0100479874521916
25390,0.217496313014754
39627,0.0227600074314655
45136,0.0169620825514071
27457,0.0135443829431092
45138,0.110173634090969
44023,0.0900585689553575
41194,0.0219276416264235
44631,0.821317128538209
34085,0.841478334524594
35046,0.0394211270628822
364,0.0116265396221487
25505,0.120232630410927
24662,0.0470006830134264
13271,0.207093458218283
9086,0.00576510321671451
21584,0.0215645692346322
34891,0.00533468966716452
458,0.0728025281607046
23518,0.11187023126436
32094,0.213419567874872
25064,0.0151285620789757
25106,0.0461481757600836
40531,0.0111006880863641
20069,0.0216759323840488
13431,0.018857329727456
26318,0.0161102656106168
31120,0.385099567942872
33459,0.0784777958729619
31802,0.353389326746879
12278,0.0600092236981212
30447,0.0344631979849939
20148,0.0729611211670629
4556,0.00217009586377241
11345,0.00900718022647469
34408,0.0108523489302296
8802,0.00338780829881271
38070,0.0109048716167238
22322,0.0254968642710953
16287,0.0118101829080943
38531,0.0242072062059306
30162,0.124685845742381
21684,0.0917590636852287
40484,0.0108640088216544
11752,0.009242545603194
39070,0.0150701979028545
27418,0.031746603016853
33281,0.119462024509748
2595,0.0127204856263781
20093,0.0220318402100575
15534,0.0254654268838424
29566,0.151332666898613
8296,0.0181683302422124
13892,0.164609209022153
32694,0.228495604210429
7939,0.00714767756369247
28955,0.119255620030389
14286,0.00376241780144385
29748,0.699471735140034
28917,0.0872005455925031
23044,0.0399856908140031
22255,0.0206043004921336
43711,0.738712538104126
27416,0.225275236730809
27263,0.0188042913482904
28651,0.13310267829744
43114,0.398766315830381
34952,0.854970806109063
34299,0.00933400409631813
18208,0.0107970006106425
19725,0.0279761563218792
32820,0.0115371321212782
2839,0.000978295090199938
16707,0.00214080607144115
27212,0.0513732467848279
36212,0.0138140169306899
39534,0.0253816003431089
2089,0.005785467355841
8803,0.0793531147004884
38935,0.34115232750927
17071,0.0493834619185181
9932,0.0760509673887612
5061,0.00363865279976844
42012,0.181600465411723
16647,0.0178510955338991
11320,0.204635906241612
44041,0.389284855419058
37338,0.103456031233091
44858,0.894087805516434
26662,0.0189913622663789
817,0.0019987779671614
13321,0.00508193112076148
15721,0.406310083485709
13353,0.0109466406091893
31587,0.155218980454009
15013,0.0183896851292626
42817,0.0103783119048525
13319,0.0139329204893485
1037,0.00318178694014233
21400,0.0260256527337149
44638,0.64253415878145
15757,0.0025305244974547
444,0.0115058675815164
4266,0.012323064149902
3710,0.0976595867149209
4036,0.193473492120438
12316,0.0194119906013302
36769,0.0886632333343079
29267,0.352343880991471
7267,0.00129111462522077
41521,0.710533393772595
4650,0.0184633508798695
25743,0.0118003376762382
22594,0.0152331314479521
33655,0.0245520568038248
7903,0.00115944226137977
32673,0.0196088979753385
32671,0.190765825320357
6436,0.00454219479897792
34515,0.0316218467022687
32387,0.0545505625762472
32414,0.241069643265553
3585,0.0120841539995719
17615,0.309400485693177
24765,0.0251789713402227
11750,0.0438444304199454
17734,0.00421350744179136
28220,0.00894322696566666
10087,0.0167444301140336
11743,0.00715524786726494
34830,0.0154708035941334
14457,0.0984957824918017
27674,0.011927323501714
16489,0.0196582313238467
43578,0.172717293271591
12976,0.00723397530005216
44238,0.0107266728871577
6793,0.00568873800111559
5929,0.107905931946388
7612,0.433135750579154
377,0.0077197607490898
44181,0.0571000139293717
21176,0.0338182844552628
5296,0.0307292224915558
14814,0.112826202829146
3613,0.0155015088017333
6293,0.010036185670112
34162,0.271347136833372
27665,0.0071183226708436
28615,0.0103784199652268
28999,0.037550153032527
25113,0.035170714912869
7402,0.00566158440908624
38158,0.00395539498081984
4370,0.000421218732681744
16146,0.547939870110848
5489,0.00105010626635952
17834,0.00460617635714163
22294,0.0395056182055361
42828,0.448919578033112
38587,0.0169358560266706
20279,0.277174040183225
4575,0.00142504774618614
36387,0.0147183128461354
18500,0.005872601862985
19800,0.117259864464722
23309,0.0226357637922706
28089,0.0443040445395499
34715,0.0283297702861604
28666,0.087984126889886
9222,0.00486479527663908
9576,0.109569520600632
343,0.00298442430563934
42532,0.580351430559314
11921,0.00241168639226127
16351,0.0303430803148012
35374,0.131643198348751
28367,0.00927312192776422
45024,0.318146474733237
4917,0.198939871152933
28323,0.13746564997805
42250,0.11985343309804
34075,0.358796774887836
421,0.0490052993318988
37710,0.0186194089323106
29414,0.140121201799511
21038,0.132007612727681
13749,0.0368377739002385
553,0.0211674052149018
44264,0.258252646684152
14472,0.0772662265007533
1243,0.0007512932887282
43364,0.606255493319588
13478,0.0503509192628781
45016,0.81984224489571
43032,0.572060756915779
3579,0.0541025233889703
5499,0.00280538702899767
20227,0.0305710673870938
44020,0.399303621966243
44155,0.0177702297945036
2816,0.00606647771999983
13943,0.207492627062536
4003,0.00256618630408975
27795,0.0308928433912084
1682,0.0057653621453819
20092,0.0443377002256264
874,0.000838548426313734
12344,0.198415804447741
8391,0.00275564632427854
42391,0.449079974013439
15510,0.0272898451150089
25792,0.0130622606602033
36133,0.201126806990249
31287,0.402067739456844
15288,0.317771944514213
10360,0.0732866984229163
10305,0.0147570694846737
6615,0.000877924524008422
13455,0.0372883417317919
22923,0.0202417245618745
29626,0.0950428515085367
27482,0.0401067875687666
35257,0.157920475433408
6140,0.00227261716865397
38268,0.00383137227547125
7863,0.00152727014712186
3654,0.00258666799976763
30067,0.0435616397525855
120,0.00244460860798341
23061,0.288997573935063
41115,0.108500248646016
9921,0.0263531669575552
8754,0.111152126620571
26060,0.266201777100835
15117,0.00594749940086231
42132,0.138600742755114
9235,0.00550320747981206
41202,0.107252379130648
18382,0.0122490337025834
9572,0.00735041748880523
7631,0.0104873470689699
3227,0.0085831970709787
20979,0.024704032237462
33855,0.588749902639153
32936,0.037105179965055
24106,0.19182478811093
21095,0.0269624865665445
2870,0.0011305959335239
18893,0.0331581928821533
26738,0.045329287742556
21393,0.0130172504280444
10894,0.0153370509715501
33416,0.0634117480701787
38431,0.00784251736686995
30537,0.0903003489726107
29072,0.19249919076923
33978,0.230694819399753
6073,0.00624309163063364
7448,0.00325018604644188
23039,0.038137675371189
2815,0.00127448146305551
27450,0.0636236535804335
3419,0.00105634717531014
34547,0.010670840213022
38175,0.0339040950973341
25117,0.020274857336897
45211,0.104061073054897
37602,0.68910212960084
31487,0.340946448437825
30972,0.114619896919443
4171,0.00597185398996385
36679,0.560955233659626
2338,0.00280314272981279
30917,0.0140999983019322
5138,0.183242667012614
26129,0.0161133408916659
31230,0.351709665272439
5668,0.0437399515937157
3101,0.0201559389629048
31097,0.101298504585234
27072,0.059916347416965
35133,0.00489441102282039
23620,0.39373249351801
21732,0.00958419262248253
38601,0.0132352546309821
13294,0.00976239115730449
31768,0.0198135263828427
9611,0.00309099545990086
44197,0.100372485150752
3044,0.00495742530264417
28349,0.589343213210553
42286,0.178647949711908
28180,0.00931475034209063
25440,0.41311777683372
40444,0.0844583466515742
10458,0.167146994057516
5610,0.00151558675991068
34616,0.00767724442472366
38745,0.0139405435666289
35097,0.340504388777099
16337,0.204121423085172
25561,0.0412191218291614
6409,0.00575772047450823
10580,0.0462162812606267
34146,0.3736104680333
25924,0.00582669455992634
43409,0.476132990317207
35982,0.0824193412644463
34992,0.808661996481168
14502,0.00536880067719115
30711,0.0187829349984884
5797,0.00628439736550717
15618,0.00505937668609507
14113,0.00309654598674401
17424,0.003247084002499
12486,0.475920404602443
34572,0.0102936833200461
35651,0.00640169514525027
22241,0.00791491612271641
228,0.00107698631278784
22836,0.0367966191907245
16754,0.0124939043346092
31654,0.190684768675607
12398,0.140992533054814
4616,0.00947304377147916
3097,0.0287216999955593
12868,0.00952684772512923
11794,0.0940134955269317
41775,0.670098566159183
14173,0.00545516999567828
36781,0.262279837422904
17206,0.0157976011447161
40600,0.0308500596866154
3743,0.00355915016623467
2872,0.0048480202911302
43929,0.552333774954578
1403,0.00100521843978994
34561,0.0109775206234578
19777,0.00845379476422484
6987,0.625421387216868
9040,0.00984167206225338
23788,0.00427156256387833
22416,0.0244880357115445
7837,0.0126439682795677
36586,0.0333507999362477
8417,0.014890754604076
5786,0.0070808119812154
44445,0.211542836598774
11244,0.0122488658428057
15589,0.143264398260821
29182,0.0234790218295715
36817,0.0343869713712839
27490,0.0142812996660645
41495,0.717777989392222
20672,0.01732936967129
15187,0.0366137153647803
18862,0.0194043156846073
21699,0.0116433999746694
20604,0.467711853794271
20886,0.261323271479105
26767,0.0191635457668487
29472,0.0189512873472758
21519,0.0306246718827067
3747,0.0156896735366107
9150,0.00629374260924735
872,0.0450645410156746
11684,0.00549903458251588
24621,0.102312360159853
22636,0.280779495950136
12762,0.00277668183256165
4511,0.109440193509197
4555,0.000950267024593412
28595,0.0145938096695699
8629,0.458261452859555
30825,0.0141886626420517
44865,0.404010852321519
34372,0.314188388859945
9527,0.00323014813586113
5506,0.0310740674279461
3126,0.000606519823196222
18238,0.00451058775559005
14646,0.732387756479559
44470,0.641218200565772
9760,0.0118655066928752
28605,0.148999222608696
25936,0.10374596681972
9622,0.0268529137331393
37603,0.0128454995840649
38304,0.0185120907358267
25849,0.0265571713494403
36834,0.360785289660368
19832,0.0661507022264909
22186,0.175892884716986
36030,0.00373846358125174
41983,0.577123812724892
22038,0.402527062815222
12384,0.130218973021873
31659,0.124846010233013
41720,0.169929952873286
42380,0.531694477536464
5295,0.0070441689114415
12987,0.223157405055148
15606,0.207436427540728
29875,0.0471070837835975
6634,0.00800676817638228
33263,0.147441795175824
23614,0.0253390478835233
2944,0.00218687033166248
12950,0.0191378357448491
37290,0.0124417559633644
7626,0.00207300632032189
16682,0.00379911699216016
35525,0.0216857869979149
42594,0.0006755396440684
30713,0.0385257686772907
14076,0.00808726888232477
23589,0.00782274059548772
26864,0.331759784781594
1004,0.00180111828839054
14040,0.0500546369794173
22916,0.0378360359162274
17305,0.0371907166949532
36057,0.0140527279747898
13174,0.0260334418109691
15443,0.0230424517981331
5307,0.0200326981739367
8359,0.0144616442708092
18460,0.00435197431468978
43648,0.450863680278174
42271,0.478815597850419
32902,0.0851420536227838
31327,0.345008269574837
32808,0.0773481850949583
11467,0.00588126569159712
31554,0.235669190649094
14013,0.0404203170927189
28196,0.059403527460912
20510,0.401692181730363
33165,0.0438766656740499
24555,0.0155686880458943
759,0.00287370087207712
7633,0.168893101675656
21337,0.00684271194671991
36067,0.0213311671472698
36738,0.0173541582111319
29037,0.582888364565312
7481,0.328317524873615
19294,0.0174237649030211
33440,0.0106496066950329
34441,0.00317177814151361
17265,0.0105524076655108
7637,0.00659524763685478
32228,0.0913926197243094
30769,0.0530460911922515
8172,0.0114949135858543
19341,0.24534813427093
18170,0.0261484827956009
4626,0.0084302297281062
33967,0.390513673286842
6603,0.0175267596634954
8817,0.0368430359121235
5737,0.00582184104061205
43979,0.0679377609604218
29791,0.0111999756080727
42318,0.0820122074126881
35658,0.00997775821920738
5522,0.0032256576469854
17478,0.100307701183471
30002,0.12914271200767
44911,0.786418816920697
23020,0.152812439329063
40487,0.127365005175351
13832,0.29746568239251
43971,0.895795753053199
6861,0.00578461945774801
6930,0.00265487463355023
18158,0.0157232296675532
29902,0.0266548661644657
1611,0.0036439800255478
39642,0.0376203975890983
34123,0.442759972182689
20097,0.0548247929652131
30545,0.0558876674604501
22078,0.0157281777190361
33940,0.234682222394894
45149,0.580541425871227
43978,0.0856302166882526
12169,0.00278599490546723
10716,0.0279228585111897
31867,0.423937697524163
26982,0.0442745109015931
5093,0.00232818025936706
44548,0.489135291422377
33432,0.0498998704001321
30896,0.0447145114582405
12592,0.0359179144304215
30432,0.0742564043084001
24406,0.00342597359747964
26215,0.119911690896967
3672,0.00296030418661589
40386,0.0995744022621873
25451,0.010946364680278
9624,0.00730341022215647
14148,0.0104219658833836
5360,0.000673643060444768
6750,0.05940555351407
26861,0.0476382113825633
39773,0.148380098611753
28565,0.0105017646950104
13898,0.00584576874257647
14846,0.0443230888635608
6875,0.297131760162491
38094,0.0417889149687032
17343,0.00252171730326429
877,0.00177735113918612
41620,0.244714907628178
28678,0.0271567346005445
14038,0.0193826115005812
43892,0.291902082057758
30632,0.039805492445721
19747,0.0289111055933548
35652,0.0149084480167126
13836,0.0300853225994776
8739,0.0825099373480644
36143,0.052794759977645
31783,0.0656616336073678
40407,0.0149987692552919
33029,0.0271392113046076
12634,0.0180459425501628
30049,0.0620247870421184
2893,0.0369444935422808
35813,0.0107417902578977
24395,0.0131305469667465
30442,0.202209911000881
24761,0.0233158980089214
41748,0.915509690178574
39655,0.624008526692496
28903,0.307044345786495
42247,0.286000530878418
6236,0.0548167812995635
4317,0.0150184460903447
22827,0.00649941121754728
3196,0.0120563692162758
12873,0.675478763432162
16358,0.013548865496128
6162,0.00511964597554887
9978,0.0231955089757204
25975,0.0584234789797486
11161,0.110486970062261
29943,0.269711619366927
7311,0.00233296513122432
24447,0.250701870264005
7203,0.00238761858516267
38759,0.00121308829814789
18349,0.00436799569567102
43674,0.303072536951208
21948,0.0155780267999909
7190,0.0574769795190676
26910,0.0866981777339151
8462,0.00173757038598061
14358,0.0294935643987154
27562,0.0677795302972409
31218,0.325290848824329
21527,0.023197838719345
26927,0.234444520056959
6256,0.00437795989762378
40747,0.0899391005547293
26495,0.0368101563053642
17666,0.00374554421161484
35243,0.0207637161324653
31825,0.0863821545456598
37963,0.0187179740305825
898,0.183172425656959
25580,0.0278059957382873
1658,0.00115340830694543
31647,0.0782886352015163
33468,0.124121960814699
22817,0.204154031282304
16133,0.0172802362151166
11976,0.00346954960391784
33767,0.357953805250443
38446,0.0172349208647956
35949,0.0176419322860721
31637,0.159805106131049
45042,0.137307772723585
7253,0.279543777886453
31812,0.213216512283011
16916,0.0290649600447438
3992,0.00904201656531106
1948,0.00126200451345818
42729,0.0308246395034772
153,0.653359802449811
2542,0.0434275221799327
17467,0.012068948886006
22716,0.0379288510306629
7950,0.00207769491262916
41625,0.661035153313212
11453,0.33112915592153
40726,0.59812349498316
97,0.0150471416796879
5606,0.00215793993045746
14917,0.00771590864870045
41105,0.15795532527055
6547,0.00218785686524512
41631,0.492769702767387
4613,0.0122732034696436
18168,0.013921529834494
44673,0.181843030141312
25704,0.332036681320749
7533,0.00302971855970961
22566,0.650485840776654
24451,0.00788272568178803
33657,0.0323761762924864
9277,0.00416529418604696
1666,0.0328442332291098
17723,0.0176508175647802
32561,0.171667878473364
1427,0.0313393742787346
41669,0.273781160154725
19322,0.140399924457449
21555,0.00427517589218886
29596,0.0711622018220475
29890,0.0299604258875623
9640,0.00213035791384373
39985,0.123065087642255
42704,0.552749128380208
327,0.00465279099187553
44854,0.502867294394367
29848,0.0718201640981598
32915,0.097762371662974
15874,0.00669951730706024
29096,0.0585632069083167
11576,0.0030999162672389
6991,0.00599277953558341
17596,0.00352735377354835
42021,0.11844700221776
12355,0.281556460991119
34557,0.0231545063925038
34731,0.00196514643567154
6532,0.0369876055137233
18162,0.61382161263864
37767,0.00507754569080333
24750,0.0149875759165991
22758,0.0290446758088226
24040,0.0392041232098716
29402,0.0533995923716408
1906,0.00204652123951938
41681,0.426778786801815
28788,0.0171238983634997
38646,0.0122307738231065
16527,0.0188374828993966
10868,0.00636031992135919
37894,0.0103370393615377
30988,0.076107336864262
41535,0.437662613305237
10244,0.012976514281961
19013,0.0188325126178914
25501,0.0142522302130636
3957,0.0323960753964543
15630,0.0123982128169998
2969,0.000753452483823456
15016,0.00223339121843332
4101,0.00105544114560579
19279,0.070299104215981
40425,0.0322687030671693
15660,0.53265778532428
31067,0.0593162288329056
15287,0.163347944256707
38415,0.0177108827923002
40559,0.0108957301620699
7933,0.0258244991822707
43744,0.0634200960358557
38810,0.00389484218880439
3806,0.00433392784143588
28857,0.0113183534128154
12175,0.00291516831481982
4799,0.00180019700924766
26782,0.0438137785234765
7111,0.00281186556638545
32457,0.124139768434029
41411,0.920275369620913
10676,0.000952375087952747
31152,0.455386916466208
35701,0.00694957753777794
39620,0.131533654455767
37847,0.00169539376071665
14550,0.0594391358419881
24450,0.0142843266019043
23046,0.0569966538772357
29259,0.0882041292441815
4324,0.00126786253241508
41127,0.0706238455447124
36123,0.0613408039846461
20115,0.0155507143065903
38627,0.00329326104821819
36164,0.0355959078087523
40334,0.0183655071446416
42316,0.102827307351618
19812,0.0230403186461894
24325,0.100555429476532
16293,0.0592223595123203
37914,0.0161555991219424
9064,0.0100905139979899
2706,0.0026336424509316
26289,0.0109578012219955
13477,0.0192078775933055
37517,0.0136222376872729
16238,0.0110973570874657
18554,0.0204585947552552
21448,0.0346847571801274
27787,0.0362915360439478
22664,0.0472865494468199
28242,0.250476931890831
1749,0.00666983695333498
30126,0.273857768359386
535,0.00683210994705846
6267,0.183561750449569
24535,0.0413802952043707
23724,0.016148411608556
2707,0.000588602209567542
44846,0.227772478818235
15368,0.0109357601689229
17920,0.447527438364889
466,0.00458507740707971
42667,0.177394654017003
11324,0.010118912823964
38283,0.00810671598813931
33379,0.0180066899633706
3531,0.0141819222408531
38023,0.0112219575883619
34959,0.147010632594978
28018,0.0105624398844088
31415,0.921231100565665
33435,0.116559687829911
21526,0.0139361684861651
811,0.0019434624523144
32735,0.272526302767089
29468,0.168867139684372
27138,0.00781846044819968
28901,0.0553539394797216
8495,0.0825418743567202
18787,0.00356820417623482
19433,0.0145278903362879
425,0.00403774948937703
28190,0.338174405524758
43517,0.664109495156579
945,0.00360431460441924
28012,0.0122540023697246
1889,0.0235482950044952
38366,0.146087215725256
3249,0.0109593492692703
10921,0.00366300755648513
31365,0.369612237720628
10551,0.0149711816596905
22802,0.0211214541975314
22350,0.00838894909946803
23142,0.0822375551935079
42089,0.197075190582069
34161,0.951566435565336
19191,0.0170945650210705
3758,0.00394382251111828
17683,0.00412859898359757
12358,0.13799535150023
37647,0.0999090776566219
1585,0.0164028284856822
36146,0.00836676500970234
30973,0.196846280673341
23681,0.00560655211644813
4479,0.00594977217367448
28646,0.332556517712355
42198,0.755456528981189
4618,0.00615684144797631
4187,0.00219788896502848
1051,0.00294436762143972
17187,0.00119941556218884
25481,0.00967531388575042
42752,0.0514560075041416
32518,0.106712289283379
7383,0.00509999993200085
21076,0.0283779825657437
20813,0.0679182760741868
21131,0.0377981396900776
19643,0.0195737383283684
30472,0.171756426882736
31766,0.547928861366806
18475,0.00811885565290967
32539,0.171746662187962
10823,0.0229023767075185
11555,0.0407136956510003
16902,0.483491529156827
12590,0.000977555690877489
28086,0.0135261296878666
15284,0.00474541608582017
17290,0.00950936884143043
32829,0.187954549763101
44809,0.254681610606722
21133,0.0117752244323669
26457,0.0632689105467447
5494,0.00607134502565515
19688,0.00108567731287235
26173,0.00790276816496977
17560,0.00230526885011424
18169,0.0858328618459727
16485,0.0152207535259401
35680,0.00798048763026705
7073,0.0024477447579116
26481,0.202196781854762
36787,0.0224271684268095
13038,0.218082960551616
5999,0.00278746903704543
26629,0.0188800477208658
13394,0.0294413723757237
14830,0.143801859412368
10832,0.00614300256841358
37136,0.00436905770946777
36027,0.00305105953980802
42957,0.787959735163877
28110,0.0194637136099854
31349,0.553505735447026
14357,0.0968477942933133
27615,0.0739706064937883
1398,0.0160282122556999
15357,0.0202576538257896
23138,0.0232744313326713
35061,0.00472345574705819
1385,0.00096207845940709
4454,0.115997943147027
38803,0.00218301128409299
44670,0.741253879733983
10189,0.00442735140905351
27395,0.0191030726724555
26299,0.0342367125272885
28663,0.0198496317011516
40312,0.252379822926122
28060,0.129373905530704
41542,0.131302818490072
10717,0.131341588520024
28993,0.0304920472125835
31457,0.617864666701379
868,0.00380209528487608
1539,0.001040201395282
41356,0.0447139455372314
15649,0.00477360399330772
4298,0.00128951327242432
11045,0.00626067633995392
6469,0.0596438341167097
23480,0.0175908625468077
7257,0.00391212820095432
21256,0.00988744630465418
32282,0.4708294621027
8204,0.0221149795149516
38489,0.02827666268964
15401,0.0353605138614212
34478,0.0138648477107972
11962,0.000175976387834215
37936,0.0232041144114663
27822,0.163786151551762
10145,0.00365784468653777
18218,0.0856856679320441
24227,0.00382005017871748
28973,0.06668557649617
9045,0.618127007505382
36940,0.0173437064002601
15517,0.00346396517197139
823,0.00516898524301242
29577,0.0567206748359578
43691,0.548986401002147
22353,0.452054104533863
42845,0.193546706088799
41052,0.0919961414192212
42785,0.286270617627867
38591,0.736346541020239
34082,0.69023871801335
16055,0.402523561953414
12210,0.00233655542397726
40097,0.510475304383878
29451,0.130209910986744
6395,0.00383334637203799
6650,0.00339439730435984
3681,0.00180055598123647
21311,0.00521903066345654
25966,0.165428260386014
18773,0.195664638650689
13895,0.174628353466803
40117,0.0774679858616045
28711,0.56921391425483
29094,0.0598193151763959
14417,0.00857335410839726
30423,0.0322707032404241
39724,0.117468259125011
43102,0.0121032363260459
44374,0.0424324583014994
1647,0.0859708795310865
37139,0.0203737768775639
39095,0.143310088391879
9406,0.00552222402525846
21973,0.0111384055280793
713,0.000985314923112031
28440,0.00563166051271541
39660,0.072380574184183
21188,0.138126040638017
16695,0.00982145890096488
23872,0.0281342772414978
32119,0.168608791459338
10791,0.0305078723470129
7579,0.000610386582465037
2300,0.00251417971134312
28715,0.0182808094743005
38907,0.00758734871535155
16992,0.189854727321506
34833,0.290762282724286
31559,0.105371746939778
17351,0.00767079667695371
44127,0.00221920993887481
33370,0.027972754636042
1099,0.000856006209623525
16180,0.690761547270145
22733,0.0160881057929866
16659,0.0107261351592357
32184,0.454533828612734
10441,0.29011467138766
17594,0.0108329548747511
36126,0.0391662380570397
29227,0.0609489698194874
7332,0.00480393644504089
11136,0.0091697820943547
27808,0.106557030853614
11314,0.00332265298503937
10133,0.0503368085745034
42539,0.44051880011109
22077,0.0456664899300285
30942,0.0602240947655727
35248,0.0197150780879656
35726,0.0106571918285668
40723,0.031194402599776
6926,0.00526858252479373
23163,0.0351264150160003
32597,0.325643993428252
8275,0.063180504438298
8091,0.00641706988465797
34661,0.106174462885688
4979,0.0178428113027788
37678,0.0417822088865688
38773,0.0129365059446839
22544,0.0603599897804826
24517,0.0496943002375514
9019,0.00814239161139993
25691,0.00887390971876637
23740,0.0147456597653881
38065,0.0488139872432373
40707,0.271069331013521
31961,0.706743239506495
13715,0.0934849964895414
1295,0.00345969508021418
10786,0.016055174610934
36018,0.0141133860367446
7206,0.00878750086411026
19570,0.0175428127455132
11272,0.00635685295135747
44709,0.182802386639372
21762,0.0165388955187638
45025,0.164438374381024
15429,0.0169907439842865
40176,0.574004294325858
28870,0.0176211810508085
9485,0.042789089784075
32695,0.0332122043139009
26241,0.0106401229075684
34001,0.427579003964038
28629,0.0384839926110971
34835,0.655194422314549
11886,0.00105055166141922
10778,0.00637591030811323
15015,0.00435964974540288
40480,0.101082431025897
7988,0.00349381670953033
42033,0.165182062607196
13990,0.0588687816258957
30907,0.0808768200975594
41784,0.105868406961776
42762,0.183785166621534
36973,0.00557436807236183
39982,0.211045744513228
14705,0.00700967459867756
28747,0.0727313041426025
12045,0.00597383467276224
36855,0.032069910656491
18090,0.00581756695276837
15324,0.00541836426820543
38190,0.0456775809605541
30837,0.0110010926841584
999,0.315107697949586
9245,0.358097894923537
36831,0.0259337445759896
29496,0.0961768114842319
6277,0.00826176778856114
36884,0.0738505521065558
39203,0.00438697771070731
37075,0.0300536309243968
33384,0.01904125032476
21626,0.00627897103286945
25575,0.251088631086563
22252,0.0103634574958907
36951,0.254241210507318
4461,0.0100217667491966
6238,0.00881032464443054
27900,0.0196411863992342
32620,0.041906057661439
3003,0.0141407039937907
6114,0.00363488087461689
40164,0.763972321858572
15176,0.548282492428532
42517,0.709432359343831
42603,0.279792055885097
34869,0.0269422644604631
41915,0.87742505786039
13481,0.236168081075425
13340,0.0411767236396959
8019,0.00951769156483932
42886,0.133312755197056
22088,0.658196382734424
25116,0.018568576831633
12677,0.00362649722199788
36812,0.604132731199585
6380,0.00415178659313593
41448,0.0427881758387979
5579,0.00205345646532151
28979,0.0425832061676993
15785,0.00335283993565372
25162,0.0087786760717266
7743,0.00777495954367445
14572,0.00996203499748383
5030,0.00836527389122198
45137,0.00164904325699456
5253,0.00371744032634277
9887,0.0046681957846606
19571,0.0063872151014214
36221,0.00324018291157579
23516,0.00948478199874617
23194,0.0338650800554993
5859,0.0457918535528386
21504,0.0129391500685479
2566,0.000867860694877813
26191,0.721378389765426
21851,0.0302826773317588
4265,0.000624760623846788
6834,0.00956587296826178
33476,0.0186498904024082
34466,0.0168341730557833
35110,0.0104483733548947
24214,0.00944306492403875
6528,0.0157783081083256
17689,0.0949039475732989
17981,0.0165312766793618
5582,0.00515479321133795
38440,0.0336351784756376
40920,0.279087356597065
19887,0.315957458622167
17235,0.009229356994197
5713,0.0125791008430735
42614,0.0568376741480588
23304,0.03713419914843
29889,0.0328425588480251
40945,0.316352498688197
24419,0.00853433395858967
6359,0.032536694680844
1505,0.0013696204250946
41957,0.374519029240324
31679,0.058269299816105
33664,0.0243257991889762
9261,0.00902151820121144
28100,0.00669460220117917
15771,0.0388831216182447
14651,0.0854381078596019
15924,0.0122273369486696
41989,0.192746323815809
19498,0.143442121613766
25311,0.0340346878256044
24936,0.0915231913360212
13388,0.0111002349824791
22234,0.0713672076552952
279,0.00123265846635178
28657,0.0333626683270696
10700,0.0680544552319744
22588,0.103441418211771
8377,0.0349499517441735
17597,0.00593285823019676
29968,0.0684284608489204
7483,0.00144247806940549
45019,0.419525885514418
40870,0.099360561654952
43974,0.929504535236906
26105,0.22575209410463
16009,0.222689135022528
1562,0.00419873763726191
11779,0.0449450106063907
27761,0.0305924205825044
25447,0.0116041347500018
4998,0.000735895901364025
31971,0.493090601126802
29738,0.0461174982599852
4372,0.000394620302323444
11006,0.0121762177827667
21900,0.00911864827879493
37606,0.0254951658446827
33221,0.441356437231703
9692,0.341770205538226
23029,0.0184095989545439
15928,0.0642830487150768
25965,0.00929330322896387
42861,0.781081439876347
42248,0.0746058894672955
23849,0.0532120996982282
42415,0.542964142715602
13437,0.00406492164201732
44992,0.786764696531591
31241,0.313487118478999
17421,0.0411500789020108
8429,0.0163207482757294
20491,0.0387402898585685
1592,0.00423335833116317
17373,0.0332360865461933
23917,0.0287699933831817
13773,0.0406048466047515
15585,0.0131896396241723
25672,0.0354475879478106
10005,0.0437430125356355
43392,0.0864956604332738
30808,0.0274059069612867
21261,0.00714037907731052
16780,0.401414662198207
36712,0.00301383985775954
43210,0.348456102446222
25051,0.156654894208252
38058,0.015933900551608
22870,0.0160278371999642
31194,0.144464207561158
28736,0.0140916124415053
32208,0.561305789961799
31567,0.121553296941229
32796,0.0656372958266978
3212,0.0196616478556346
31054,0.382451032270239
26111,0.304131908235695
14555,0.00535672727400358
24865,0.0364943851294858
32068,0.394893952178137
17,0.00184214300440026
28551,0.149264444332948
14396,0.0124491342950541
32147,0.391148708701925
17240,0.00400023915914713
6077,0.00410522377158938
21037,0.545936644321546
33140,0.0474076525260956
42940,0.131787922511128
16222,0.0142522104894037
40209,0.166144564632743
31733,0.0688670122573513
37818,0.163296662385707
2197,0.00267565458980568
11462,0.0274994004136602
37872,0.0155604072764793
30621,0.0578312741139735
6594,0.00135280575017863
7351,0.0320806391208818
33727,0.0866349034886558
16389,0.0368054186759479
8605,0.0127864433836951
4080,0.00348068423014498
3960,0.00652350963662947
26620,0.0204693006417609
22295,0.0174261613681444
24272,0.573190717432203
34088,0.739457404475548
38887,0.0127023959962483
33961,0.505423687411235
14078,0.479925419527264
13364,0.0280095381080656
11568,0.0122103254121715
1135,0.00500996982124903
38240,0.00577623199460897
13264,0.00434571947808719
11644,0.0045007874891471
29684,0.0560529164600541
24369,0.00137319540463578
34870,0.750453589208446
6003,0.00433170298226308
30747,0.0300715648581247
14749,0.509939141587791
7110,0.0100482188413907
34380,0.050873587892691
35238,0.0176066275995777
37593,0.473946737318596
188,0.00468188431958261
34813,0.0232360579895648
41024,0.0505161398221003
28682,0.156109805579168
26427,0.0152046538616854
1661,0.000835656352822331
28851,0.0515132830239286
5332,0.00378146099783687
27373,0.0373079888210845
29997,0.0831395756748089
31894,0.157435518871436
14679,0.0139489054945067
26726,0.0467147222523248
29419,0.03174682979772
40288,0.107701052889548
10111,0.0400703997893451
33622,0.0625196682514058
25412,0.0297755971976227
6984,0.000833755380587133
5705,0.000563413483996742
45208,0.240166090162766
32389,0.542294547998623
34569,0.00402232118773711
4735,0.000895131274758418
891,0.0092446406506929
1753,0.00645620969108131
14510,0.00109159202106106
33889,0.0794348510358083
6095,0.00406135862731937
43386,0.920831935607257
1486,0.000552156455167979
1437,0.00787071979674116
38618,0.0215107432667376
13276,0.00352710326841214
12381,0.0136320208908425
2395,0.0112004688623355
10262,0.0223290944437849
20117,0.00899549654139408
1991,0.00725759182192087
29199,0.0383081950931594
17717,0.0542032230037024
17444,0.00138991156188056
2057,0.00202409259840115
27755,0.00996959896457892
35559,0.641620582086009
677,0.00400747709182225
98,0.00178830814452246
8898,0.00199107234877216
4990,0.00176497930259457
37579,0.0354439499552062
38717,0.00951102585176044
22179,0.0143971378101592
17188,0.122325280660406
2174,0.0599670560907013
17714,0.0622779023029355
106,0.00316126124866328
8042,0.0103599425828646
22047,0.0425107849101713
2813,0.00304760914506599
33784,0.256749769241436
25254,0.0253072977506086
21321,0.0144867442049983
27756,0.00732975759113597
22358,0.0541644813042054
43543,0.309103967023477
2716,0.00146366908922513
30173,0.0105730378642824
6243,0.00904524692655632
23538,0.0067438597305793
44157,0.149653083722241
26244,0.0220276091477085
22776,0.0153941145698309
26858,0.0501275781613846
35579,0.00308749578195189
3726,0.000491141052299835
11595,0.00795204188718486
3319,0.0108457356299783
3403,0.00450022317677181
44540,0.590849025439398
11168,0.00581952946702594
28199,0.0318364302671122
17339,0.00755601779888434
20427,0.283224214663823
41697,0.591175887167948
11933,0.174174783708051
14386,0.00608731667982696
39348,0.0152723019295427
25141,0.00827462172169905
36983,0.0881260220885577
19758,0.0541959842099233
3429,0.0240132929982049
23645,0.167743184427478
967,0.00280817803229239
41677,0.270704531326672
8662,0.0033175911026351
4579,0.00108794741444836
31741,0.014237464255096
2645,0.00116520749791844
13936,0.131845182633489
38778,0.00176815689913301
7944,0.00232362727429419
11169,0.0320927761268984
27135,0.0224965789259958
4533,0.00238745566677715
29201,0.614293480269745
28348,0.0101221989197259
33991,0.337705632659453
37839,0.00248017573865422
19132,0.0316019212655757
776,0.0249104053209907
32651,0.0790706789428694
33883,0.435135344981941
26451,0.0353685745142049
6186,0.0121209071504092
17619,0.00463484643007311
26350,0.0310879016122926
6251,0.00198140885133085
13552,0.0203323813482431
6230,0.0257312018276051
1877,0.00153117260935195
26745,0.0317532442761934
30064,0.260167704129207
12046,0.0000803407220110093
19920,0.0296079642931387
2269,0.0241109225279642
30003,0.169972438508151
8145,0.0376456272077903
23856,0.0149916736220203
23161,0.0299571501334449
40708,0.192854852373986
417,0.0702455998487079
8579,0.0146806032495947
16227,0.00715887034935608
10240,0.0477664463217152
5357,0.00253714733838503
16872,0.457125601256494
1357,0.00284545440853087
29895,0.0203449061349505
34202,0.182820305727009
27083,0.0218435701376821
15601,0.00829215094665938
22172,0.375242891452806
44499,0.967628805174096
36132,0.0193434252556686
16956,0.0586039019068549
38379,0.501016682100675
2936,0.00212998823392893
6137,0.0224551069416489
37983,0.00289548491783716
37809,0.00313506763380984
15807,0.0191149077252339
2092,0.00196201722699086
24836,0.0815648394553196
27235,0.448881520963274
3184,0.00067671003060966
11939,0.00316415736100926
22710,0.0312887303518179
18981,0.0284989646400437
25466,0.0974929117686908
22786,0.0876118956891008
30968,0.628187270904719
2260,0.0137325004828804
76,0.00321347200171648
33858,0.0874121428954827
24942,0.0535378408868177
23363,0.0143573688866285
39084,0.0347413526483848
33897,0.374266491336728
37192,0.110300732035793
20141,0.0919706850218195
8643,0.0184349418649518
13525,0.0425828720915718
21068,0.00868985011468618
19059,0.105470929758928
14649,0.569094954769041
6445,0.00681956800590918
3718,0.00344040504892232
9323,0.0107097043304572
37512,0.676781370314703
11547,0.323695574311232
37405,0.0480791469383252
4430,0.00182413584591651
11707,0.00199320112426923
31467,0.0421915309375801
514,0.00251105336976808
20006,0.0517659962925882
25793,0.0532123107128238
44951,0.357134554890853
23884,0.169235840728507
18543,0.0181873279569306
3829,0.014590028396709
20963,0.14130232684135
43434,0.70949697764242
735,0.059304442088323
18225,0.0131989423560388
31846,0.0833718986923585
6068,0.00171628194840525
11562,0.000988414978001334
41129,0.0422495149536575
16723,0.0140093108205112
19618,0.0331962130310924
6278,0.0041372072541845
12347,0.0704118891434724
10297,0.0231448132612958
439,0.00939400544290554
35,0.0179016373807662
21739,0.00813249013885696
492,0.00456212967577308
21467,0.0333152882043151
6152,0.00583987085863154
12265,0.00970090651816658
9279,0.0141729329544635
22927,0.36941598514912
28607,0.00816327430239869
7348,0.0013279143277881
34169,0.0868054885191586
14341,0.00337539079157987
4835,0.0047377879956381
25996,0.123218938494206
2012,0.00741953243191306
28260,0.0434387716773624
18865,0.0678750776773087
24000,0.0333759952672638
10121,0.00445346547569007
19156,0.350469598047885
23677,0.00498273752343904
34362,0.168227547125837
11937,0.00307151529950707
37569,0.009427375594743
2423,0.00367791366477872
8167,0.0276831396225676
7511,0.00109270922182273
2348,0.681330251797762
19459,0.0319974135989944
12603,0.00123553034490752
42836,0.182209658423749
33226,0.0181154084172783
24292,0.0639808541833647
41678,0.0802030161782827
4498,0.000321184965389391
9645,0.00609270389942596
37850,0.0185089508672427
4699,0.000113078284447216
11662,0.00252987034331436
44606,0.00424284926300123
8201,0.00812669289290821
4424,0.0010504388817949
25817,0.189546456699781
7849,0.0213672555825285
28329,0.0138268581826612
35100,0.0183397152818521
34754,0.0805963775058589
32543,0.017041465911855
12090,0.578434570168988
40673,0.566383482325347
12506,0.0014092918397654
32652,0.0222638608291545
21181,0.0619321753568003
16564,0.0177409038909484
44272,0.0325814980001258
28561,0.189728933833604
26655,0.079566679995872
4903,0.00771475664078904
40989,0.0835066210573837
18072,0.0456308161138027
3048,0.0256375257110416
16770,0.00558963917240061
2553,0.000481464082221686
13763,0.0164506628375937
24094,0.148596044035162
3571,0.0231102101260808
28283,0.0111791469204963
29268,0.291912130435906
16941,0.0365037399333947
10718,0.0151776207783424
40468,0.0203577306522279
10063,0.00840398329542117
32332,0.354041498334277
22491,0.0317214606335168
20826,0.0592139107039847
16394,0.0209081654321068
27977,0.00947262725974719
17810,0.0247998087786696
41291,0.173446429701332
13695,0.00886303804489547
15827,0.0885223964390706
29423,0.0801064177225096
29961,0.117475194157408
24688,0.0120425726729609
27633,0.00488805579504698
6289,0.00836743824406374
23679,0.00317243829353796
17409,0.00984708484111468
16438,0.142602859322743
39000,0.0148399778407315
18931,0.051059709771284
29819,0.102154924260468
17148,0.0262327194802593
43300,0.749015974298049
3208,0.00172841279890589
31909,0.170214182271041
35882,0.0218679746567879
43255,0.898636489515616
24381,0.185598263411282
26279,0.0169756980931754
43471,0.488206684822416
36348,0.0222142563888105
34149,0.707757867211432
16617,0.0353811752703283
8218,0.025499704684539
39108,0.294917422459441
41721,0.0869409440448759
32049,0.175026431751814
33084,0.118176918915399
6586,0.00308134352604391
12191,0.00463967071783366
2694,0.00127153271045154
24762,0.0372300479304003
40264,0.133442613379317
33561,0.162041924891685
7386,0.0014234110332368
36739,0.0106524618835915
21005,0.31228226633827
23139,0.00904001860126916
16811,0.01524425850371
34594,0.0447980970592359
30411,0.0682826806240808
34687,0.00258379657448635
27180,0.0290724553988861
6808,0.00737506399059297
26553,0.0722970117843645
10389,0.00556119787138668
24706,0.33252077935443
22208,0.0274007919635603
34476,0.969716605672033
22161,0.0672457565791699
10143,0.0191392092042152
28331,0.0129866777845794
2064,0.0014156693057275
31735,0.0530861841415125
16329,0.00930400141495636
10333,0.0190785973639679
28815,0.0264701315353654
5521,0.00978023656202636
17349,0.00312287563231205
3745,0.0179841263250706
22389,0.595751138559297
11378,0.0950261663213296
32329,0.114904145412061
17420,0.00596543473029663
14511,0.00622874517849875
1440,0.000984733025622194
9233,0.020080293066912
12485,0.00620119100313533
3279,0.00127674851551559
5658,0.00238797208400291
39516,0.0489001153424181
8346,0.0770378074172433
24013,0.0127122347167618
37026,0.0159849101229481
27215,0.166024944001931
5000,0.0226342251492231
21211,0.00785458390390864
13625,0.0430763293727228
41434,0.448300963175276
36655,0.763439298169244
40795,0.0584346523559349
29532,0.0282408891712594
13987,0.908198260964706
15262,0.00654787355494888
36996,0.00381272954075966
21743,0.0130146096067524
39711,0.501162211876017
17846,0.0249990091062837
22308,0.0216194486446901
14244,0.0374876190300488
29313,0.185273053271331
26098,0.0310416684555426
7000,0.0153378518793041
18741,0.000730843634042475
14277,0.0336148978499217
45034,0.24749384302284
29420,0.0972553809136648
27260,0.0908454476671913
40011,0.235883180013148
14464,0.0860141342066714
42011,0.739057242218553
14873,0.016578042138899
30678,0.197077418908804
31269,0.231778072174465
27591,0.0357314493808307
26925,0.0239194187283732
7194,0.00147370078010284
6673,0.00815229336418326
32020,0.303204836086105
30615,0.0205984893656449
9585,0.0126721954631447
12776,0.175003681771511
35284,0.0786258190437203
36507,0.010502887730516
39424,0.0445364169340599
37247,0.0470350479739188
40474,0.129331930319206
33911,0.25498054026765
31018,0.422790377426816
9206,0.36594921252438
1472,0.0117855936085776
7316,0.00199847151846239
2603,0.0352087750661255
38702,0.0151562895005953
19549,0.0136359689796512
83,0.000723219181053515
23378,0.0453664558803903
5715,0.00119288159086859
21374,0.028492024441029
18707,0.00339028165683063
8128,0.0171891306298517
18688,0.0346443733223941
43798,0.200199819752017
20969,0.566562751628573
35804,0.0193172662873454
20943,0.0718152885951009
8951,0.00528639024966042
39256,0.00460315984790771
10949,0.536030255137104
23185,0.00942214171820036
25266,0.0852477526460585
30425,0.0443963997359855
30364,0.344541647144166
36667,0.00452809849951274
26488,0.0294124898145416
12256,0.50392098579121
24858,0.0507278045238327
38677,0.0074844494910377
23295,0.0223579036586731
3034,0.002551032982994
32421,0.223436506477757
11761,0.00615143725043031
41278,0.191695549387262
10608,0.0352462284763315
41711,0.168315799112466
31116,0.0353233735069816
24198,0.00476027297843742
15541,0.0258505132684493
37815,0.0311936989624873
32676,0.0576329873000856
30726,0.0904096624396702
17963,0.000788226104978666
28641,0.0670549875705989
29639,0.113991014610892
13062,0.00885481112554935
34775,0.0162336634671935
8513,0.00267093712977636
15787,0.0399061876222977
44893,0.663773356439904
43994,0.866803932336659
10561,0.004148812631999
36002,0.0674440114613953
34020,0.174070439379217
36771,0.0146540803629517
23354,0.0104965217465856
31966,0.0836399133495749
7767,0.0275338922022651
13585,0.0340077302159909
42952,0.846371575171474
29113,0.0796146312008919
9023,0.0349439152180729
30290,0.0855301078910439
43075,0.40344374061941
36647,0.0206770808679251
15893,0.00787117289650457
5794,0.00174094301300563
43576,0.450236757828122
26512,0.0155368397512032
22548,0.0819746501934047
28754,0.269163583538227
14494,0.00444868359528469
26573,0.0190429057169187
9209,0.0108145953347287
25845,0.0239896109745685
14050,0.0210995420697949
19128,0.0199635671254505
21045,0.0397101663583544
40122,0.146250122465148
3872,0.00806386615462792
18674,0.0514735337956427
13205,0.299086010585456
17126,0.00583257546173873
22617,0.0432967072043815
41545,0.137629623269848
3839,0.10689905581018
39296,0.00316649941105743
21924,0.0152872465755259
1624,0.00219314811331199
33881,0.17995588153166
8323,0.112585427893327
26109,0.0121647848001902
20493,0.0829722071355899
35341,0.0110258235486872
38030,0.00209201846859113
13536,0.0280426765965087
2041,0.000783756337495409
33061,0.0158007220444042
25193,0.0339730069253244
24430,0.0193015476431975
44759,0.187737519859715
45075,0.364841358227201
36699,0.0162369914866049
27745,0.0118126050633248
33829,0.148776029723387
15394,0.109601267534601
9766,0.00865231157436446
19385,0.0267991488162672
31381,0.44771783263282
23973,0.016622452308616
4189,0.00167457719342737
23173,0.0718797491776329
39391,0.0793674201168297
35024,0.0176407301875353
18891,0.132644264577589
35388,0.0212156966563727
28599,0.0247822620554919
5240,0.036283581717464
43382,0.096226669791042
225,0.525283066232106
40994,0.0840573566559165
22782,0.0289418298887859
41179,0.0188173286209906
7104,0.00222175297557404
26915,0.0122386819658151
3479,0.00259671058274243
44012,0.85335041076193
38224,0.00420795948603804
12484,0.0056861155704524
19370,0.666147142742183
7792,0.00167481987881973
38281,0.754608724970347
339,0.0415761491087746
21705,0.508825268540648
26247,0.386433698916973
9836,0.0283060735767381
37447,0.0117617108232295
31042,0.137117135418818
27439,0.045837235075054
29700,0.125381281849478
5596,0.0021921057830343
43326,0.426788495976874
22499,0.153429726655603
28399,0.0383550786199683
21946,0.189282521784644
1510,0.00457367968760861
8336,0.400353698157353
25001,0.0609235124571722
11023,0.0335781992075861
28776,0.00639224225007949
8197,0.00582314205138865
12391,0.227203600293699
13354,0.0282338032929524
29957,0.040046720957487
2127,0.0216674453375427
17828,0.642278293218537
36847,0.0583236159203788
39325,0.0305333517322853
173,0.00460871104617736
31947,0.0946172525005717
25217,0.0273869546908275
8291,0.0222783048221106
13469,0.00400127081195347
40888,0.292988009924311
35392,0.00353282269391392
3174,0.00274172892204686
24984,0.0644010612775186
23100,0.0235837185268336
14866,0.0158871511298636
43322,0.208723045755393
18235,0.00796830572505493
34094,0.534221551078993
21115,0.315040215379856
41690,0.0790070953221955
29759,0.376698929237459
4892,0.0596601874199594
25105,0.0123270533449714
19584,0.0142110807282721
8222,0.016536269042662
42961,0.0998820946233205
33715,0.442713935641186
33860,0.0244528509137255
32994,0.193249639873265
29515,0.00698933571729327
10776,0.0050138189414881
26183,0.0660133993706457
33152,0.103337041332766
6879,0.00186734886278365
28000,0.0113833507320163
41743,0.960360336861954
11843,0.00364066881189878
35105,0.00826128930471003
24025,0.00199372599376826
4391,0.000151469174232737
20185,0.0331100720008919
44382,0.0525311216814571
26558,0.454451694538347
4884,0.000614835268934278
42613,0.204639254116126
9923,0.196033700765061
1571,0.00337570634874799
31528,0.192167093908108
42456,0.816122595011171
44253,0.737643875541973
39057,0.0143285148909882
39854,0.14399217032252
39975,0.137700571894736
5907,0.0030043356478133
40031,0.0589094620045434
29905,0.0966656285597958
37267,0.00854331636564537
9805,0.273487957608618
23344,0.00377014883209444
12218,0.00522383063718209
17781,0.354106852503337
12078,0.00875228027280681
21097,0.0352659152012749
43459,0.557924115464894
1202,0.000763252021164854
43510,0.771239464567061
23001,0.144084504564459
2256,0.00839121925732468
31795,0.195115720818124
35420,0.0140319041458468
22120,0.0433405495379523
9518,0.0196032635686908
1222,0.0463277057535751
35174,0.374052618231549
36861,0.0102780412973192
28339,0.323682041610301
3913,0.11365063522643
9246,0.0158267129759357
33934,0.53491218041876
16592,0.0254263322645725
7259,0.000733478021281689
28118,0.0805861461431648
23370,0.78975626235321
26535,0.0413746050355095
25976,0.0187958814130779
24490,0.00736215532352565
40374,0.437983799708574
281,0.0500230697813253
4921,0.00169904767482945
20168,0.112323644416839
26764,0.0351091690400566
23762,0.00575468937552401
17367,0.00953635941002389
44791,0.659794935853467
26546,0.00645592373206911
27543,0.0712501761882522
25663,0.100944877474141
8219,0.115137410276914
18307,0.263930838778279
23302,0.0322917538806737
21885,0.485375423563034
12964,0.00710451438449405
21428,0.0213215186652853
8242,0.152396980221223
22600,0.0367224647726284
2121,0.00139692923994041
1833,0.564340128662534
39652,0.0947007662140802
11372,0.00858540946477085
28223,0.0103820220330722
30323,0.0098964761415685
41913,0.788251258571452
3270,0.00580584220112269
15709,0.0212008105515191
29614,0.577758489243658
9796,0.170184879921162
21845,0.0284486936549872
25446,0.0249007195850346
43523,0.319096742504497
39708,0.225666876420666
2195,0.00329859561873921
11116,0.389461448711447
4063,0.00133990893053169
9113,0.0621822242772836
15745,0.0108238021678738
34399,0.23933456755445
25525,0.025385390189482
29409,0.220265552190731
12685,0.0645236465973577
32209,0.183366071936031
42946,0.155098907386608
38349,0.117325446270166
3541,0.000377320451616995
30691,0.020136140033344
4467,0.000528723106304009
39353,0.3565511806846
29602,0.0216444719392452
20469,0.0238585865061159
44371,0.022891122760002
31080,0.0316623884126568
23795,0.0134471508693514
1377,0.00781520702684483
36452,0.00740233668529365
14115,0.00454421805091978
32764,0.0186158743810393
30055,0.149433160107403
21234,0.0272061476111367
10058,0.00360085667784961
2704,0.425710181386585
29466,0.221166894216525
9265,0.00673951331756047
41778,0.317387557394699
25195,0.0281282542099703
1497,0.00746259155806429
17217,0.0105631529770694
17818,0.030312405793639
16548,0.240950197299451
21157,0.0539182347802041
30857,0.0178220005289277
19938,0.0685678902523773
579,0.00438216454114075
35080,0.20907579493283
27859,0.02087449794763
15341,0.0156997367984835
33344,0.203422539604281
5870,0.00257838694852658
44785,0.881368429937659
789,0.00392776251116715
15488,0.102674403801881
14535,0.00658567094166336
8369,0.0154870101443145
23359,0.111881532021486
39355,0.11129530558834
43961,0.432461339215438
38549,0.00469150532796546
7069,0.0492855403215232
39285,0.00550522029459048
13142,0.0512268710217475
26235,0.0144528905857339
32965,0.0329472628555231
34027,0.558400421039439
25532,0.0165131476888638
23118,0.0924346416356088
1993,0.00329576455042874
26621,0.00625804467633056
44301,0.748415273824948
35768,0.0595382567479156
32732,0.122416347023312
2278,0.000551338692088076
2493,0.00294661912075309
5882,0.00169365509178424
16492,0.0336268264856885
25863,0.0456147926934379
42434,0.199179276847981
40205,0.407384703485245
11832,0.00158043688116514
1924,0.00322934285903064
37960,0.00178288126308722
4446,0.00166973601449284
38095,0.0159459047971946
38708,0.0242380215870815
44119,0.889946287437459
16483,0.59434237451974
501,0.00136865260475468
5513,0.0033605760429914
25289,0.0271951940956218
15205,0.0217026466623776
10696,0.0427597961397766
22187,0.0155055384881451
5337,0.00265685172542366
36969,0.00765781761053917
33910,0.13468275314418
36573,0.657485512468274
33977,0.421326903074747
14292,0.00898340009033146
35788,0.0111688191876711
35516,0.862687848051303
5282,0.0111519948256921
44625,0.49670290887948
12922,0.0123008206359214
37411,0.973080739640347
21417,0.0242904620976672
32431,0.167133664497176
19521,0.409594283973584
22948,0.0165055423467728
40258,0.397360906474968
2419,0.114372656005686
8473,0.0777198252417208
37278,0.0127741064003567
19691,0.551503711952485
3930,0.0826829046169882
23930,0.0245778429012161
8529,0.191161557028784
35739,0.526160432525002
7524,0.00154663230018763
13559,0.0240919418577248
22628,0.0577084921885079
32354,0.0450117457863539
3219,0.0394398158301232
10036,0.0101596508633833
28836,0.00969383936805164
37256,0.0147729589690409
7520,0.0016882188812292
24317,0.00604770688114424
26908,0.00852642503890537
23738,0.00882167766980569
8434,0.0526162295359113
38239,0.113413016549414
17643,0.855345654540082
26344,0.0766408371592032
7016,0.00421184290393102
3066,0.00803545367703622
20297,0.770742984169153
22068,0.313049102137959
26798,0.0220034234815352
5139,0.000499938975735733
7706,0.0264393833206965
15964,0.0706617030937516
23702,0.0101463182109935
13580,0.0175026438581154
43101,0.253612426608398
33759,0.110382308974555
39192,0.0094963789996026
11531,0.00677920983434232
3334,0.00181436526810161
6297,0.0169196535309449
16863,0.0134281072646115
37161,0.0375668806973071
31822,0.0609414148931055
13289,0.176517995958973
23221,0.0411586749524095
13291,0.227909149465643
7142,0.00176252457680028
23184,0.113227511705684
31157,0.0858234236544867
6203,0.0103301090941774
34540,0.0465609331568891
13956,0.0316061289250053
20655,0.0241523461265647
42574,0.343821410699074
32000,0.749643881963159
13496,0.00736513884602843
8390,0.0507880860984636
32110,0.0180701503104299
2213,0.004429983934567
5600,0.00157769300086855
1464,0.00212040516582606
26285,0.42904402183101
1532,0.000774643256136565
784,0.00338010410894653
44528,0.331306200485554
20633,0.0411353177006361
4439,0.00110462745439508
21248,0.00130070547250425
44402,0.595003011800048
33882,0.504114793432143
11404,0.00314153235091135
32365,0.415421885869867
13736,0.0224865415189762
35067,0.129561251678748
29773,0.0427587446206487
29946,0.0382036052954464
11887,0.00278428305233501
19145,0.012063259384024
10877,0.00429675947608511
35358,0.0450564445441382
22271,0.0399398591051531
9663,0.00556579444168339
11114,0.0283914795096981
27311,0.0160951348821414
36907,0.0354885125097388
1816,0.0824565609554454
771,0.0012719353612191
2794,0.00837602944000541
32794,0.196721972747611
32447,0.145703741951636
38576,0.900337383938678
13996,0.0166418673533038
26993,0.0106898244285315
42829,0.480637018156158
3103,0.000694831919693751
14988,0.00115578125353975
37597,0.331875304419844
27120,0.31707726342822
37899,0.00784887577166122
6676,0.00293555110783987
19750,0.0115111947717247
24577,0.0143875145422934
44701,0.110153823807458
3980,0.00784759552469319
8260,0.0240779558643714
6523,0.0070849541612635
42056,0.114224296621654
24232,0.0714020960707486
4435,0.00225884352159194
37888,0.341787127429016
14081,0.00515903348075584
9490,0.00575159881875684
13107,0.0374695779118898
37654,0.24074713317002
27327,0.0757713754641392
36677,0.701481731020677
4759,0.020894598778441
20936,0.604490941472236
28336,0.0969623303681237
22270,0.0463305546600717
19453,0.016124410476344
42984,0.543034178661538
3216,0.00144101204481189
32064,0.19306791036771
26584,0.0423858289590457
17621,0.274487893579032
1379,0.00156866931493341
8361,0.0210910778898591
19726,0.0573647445386254
32929,0.0406931986742326
15060,0.0435805987539123
33438,0.101189440555499
7261,0.000547942261291668
11690,0.00021791455687018
33821,0.384887810232458
1595,0.0088320291520191
13971,0.146079451326296
27411,0.0209641375482593
31807,0.0942885802480394
10502,0.00778580688641573
36481,0.109233341060649
23773,0.669793648004871
32584,0.127618264126184
19866,0.010479441556833
37452,0.616739881671659
4165,0.000727940839967337
16168,0.00483886805944407
40434,0.135571709320039
11050,0.00251487433129305
13499,0.0182929359715964
10772,0.00460969569552119
33674,0.0119469767420368
10770,0.0065385342571894
44347,0.630812236803995
34883,0.0703989227655693
25323,0.0063077653475809
2283,0.00138056936417582
36299,0.00386762405290514
34239,0.0485369847633306
19531,0.0234808836055015
35929,0.0853611482216109
23209,0.0424738730448483
24896,0.0312005581032455
29229,0.0454056498117877
38164,0.0108498873991628
23400,0.0821458392950425
12284,0.0457291661910371
20781,0.0530160017136812
2551,0.333587056644275
7969,0.00888618838612753
31655,0.0688082075589104
23469,0.00655480258360085
32713,0.0220296268934925
13646,0.040359876105316
32004,0.185429382908479
33443,0.0550431122886766
2833,0.119873201438925
7193,0.0138678668824521
13059,0.15655532412066
38371,0.0367770815956955
35657,0.0602320678625664
35293,0.0136988570688428
12080,0.000911206885042163
26102,0.068810089922449
20872,0.0701189022008017
20189,0.00892089593656476
26375,0.0245380493097248
28555,0.0115529052245102
31748,0.195839385980125
28855,0.0402628439098569
11692,0.0257624582174404
4411,0.00446870019084537
33706,0.258073016473777
30566,0.0680103567437718
20062,0.109529736721999
4042,0.00592736278130241
16255,0.0290540209686707
25410,0.0169911915195445
7927,0.372114743761645
21408,0.0445025289443231
19874,0.0228372794480997
38487,0.0111752040851674
2562,0.0961039170981716
35938,0.0243798159686089
13233,0.0395649207944125
34933,0.0464331129881484
26290,0.473394748844327
38013,0.353160844946375
8591,0.0075423945345787
21653,0.02147985789123
9239,0.0075620155544747
33056,0.155670020304418
33466,0.0431527083714275
32309,0.12426037124504
17242,0.0120024148663016
43910,0.876416947293819
8685,0.00686518492156672
22642,0.096413013149444
25988,0.0487752017804262
3194,0.0742962475989113
16231,0.587855157689603
26204,0.0172908393057342
23294,0.163337979881349
8539,0.0293195757305367
43792,0.628001587386276
26196,0.0110738362397497
44588,0.00550763398754094
32,0.00618695921649123
9776,0.528032461250966
10900,0.00359339461711375
5025,0.180192337807182
26707,0.0149717855031754
1128,0.000358687046764004
35303,0.00951254448400472
11288,0.200016794250827
11173,0.0334552152623376
8048,0.0129226546365514
26106,0.250099066077488
34599,0.00496242345488791
15259,0.0336334082059911
14532,0.0303090620584736
21102,0.0920159612732799
26071,0.0198080998785131
21273,0.0139396208209184
26172,0.0209935571741343
36763,0.0395035680357451
13269,0.690637336569491
21661,0.0100222290810622
18416,0.00727583826949433
4005,0.0444551227044381
21279,0.0143901723268168
40800,0.438592156420811
33437,0.158456891371511
40182,0.111988974200631
19056,0.0409500129576405
30386,0.377979794229499
2136,0.079207237560603
5280,0.0549778458133352
34237,0.38347335518391
42988,0.849505454309534
21825,0.0126801223993734
5252,0.251630421904962
39531,0.0291472356989277
35975,0.00789028029062789
167,0.00180440966049502
41823,0.765982292190515
11442,0.0113057170909598
8587,0.0153247208733663
32977,0.270559099329611
11475,0.00929814763750562
5476,0.0139995059006416
14200,0.00506509961715496
28436,0.0468726418632059
15306,0.0313237407116399
35940,0.0847907129196511
9467,0.0100935377900005
27491,0.179916667232323
5370,0.104542159502439
44009,0.317542465158302
37175,0.011947261163124
31729,0.0372663844881466
26093,0.121549896671194
27831,0.0351712732654544
5021,0.00202077430060061
43219,0.379306984402655
36438,0.016799696009621
33781,0.526111683151957
17678,0.00896224478334908
42922,0.14426275588412
1695,0.00223670739278841
18525,0.012600011433951
10249,0.0106769662498896
28272,0.00949920371506003
20651,0.131077602424234
25809,0.00720475997686181
35914,0.025046005832962
29068,0.078385939861246
25223,0.0408472896675788
40585,0.0329399729300074
10451,0.0132144096697761
16692,0.0188597152689481
16401,0.0489786823867246
32236,0.160420714844812
39619,0.0211762788259406
26091,0.0276292802983532
12708,0.00522973524849919
13301,0.154990633986017
13445,0.00368734442056588
20668,0.540952635091613
30204,0.0164483178483546
37156,0.0219113180358619
17983,0.0149180012898797
34675,0.01888049168756
40824,0.0465317471783676
26515,0.0204369317202027
43756,0.0302585644946762
39704,0.0482138974886294
9884,0.0347167404202455
42383,0.12158497721017
19288,0.0213411500765472
3269,0.00427997028962894
863,0.00977840949573885
12089,0.0154519924534433
2996,0.0164693681017649
2705,0.00192570024981879
29688,0.0300765262718251
42536,0.166781335206687
11042,0.0458021303836031
1586,0.0221495130265449
29144,0.0588526181535854
26293,0.0219667238329659
44888,0.662032983874587
8638,0.00295508532355687
1684,0.00203600146147409
25640,0.0264326425918862
29445,0.086874439545615
36761,0.111227138785598
12205,0.000447621524781814
10442,0.010474676863958
6013,0.00256684000957712
35057,0.0137806145890785
22436,0.0289648130886452
33011,0.0710208699919754
1291,0.00584124676930172
11291,0.675321867224109
19907,0.0195194720152433
3862,0.00231252014937367
40470,0.0901260519599832
4045,0.0006307323188613
33905,0.137301543036886
38479,0.038507034758951
3182,0.00137213047068852
3100,0.00641344749399977
37165,0.0250323389798431
33162,0.0493620338394017
39099,0.391903485448648
31629,0.235612572551998
6023,0.00197592561760344
16898,0.651076405564048
36949,0.012635776837385
30716,0.0836457299147984
35064,0.011818265691621
43669,0.0282422684477642
34960,0.013080629447469
13080,0.0185261297988966
20349,0.11521931003948
8999,0.03002667976218
28640,0.0202606364564388
38554,0.0956648235904713
29369,0.0639094381221816
38948,0.00778972239246791
36952,0.0264945812982827
6268,0.00772289678231938
3850,0.00467111628412522
8576,0.0110502297019633
28520,0.0208613555410664
45139,0.0589650140581433
13818,0.0128184249155861
44702,0.359811291147784
34234,0.00268354820915816
5078,0.0336322330072918
14975,0.011453142870458
28513,0.0245984875448718
20143,0.311864861722009
6703,0.0211494190690912
9046,0.0133285515134409
35255,0.00434966824134066
42384,0.690832837939093
14863,0.0316196799307952
32979,0.058828131504247
8660,0.153761632154826
38656,0.00607026524524799
13053,0.0374119119704271
25101,0.00955906263890117
20763,0.0449377932479007
36838,0.0159576566126633
1944,0.0012087334134315
31236,0.557430296012098
346,0.0674851394291016
7007,0.0347483973762473
37632,0.0136960324507253
1044,0.00319522846304304
12807,0.00859403602825979
8245,0.0200936765845327
5236,0.146672061708657
41476,0.715718762865596
16964,0.0156407581543486
45086,0.769676270197344
39398,0.119997461679231
15163,0.000512470883777686
8675,0.182148693324392
38208,0.0188242920931754
37230,0.0527712443086048
41733,0.102417313663288
31882,0.12963876619514
16573,0.00681426382166461
21604,0.0367120232009135
20181,0.035921100977661
17335,0.0663135136733162
36725,0.0232888921270173
16206,0.455488287820632
26661,0.0997549801499598
24932,0.0302506296163108
23898,0.0270144423100795
20724,0.0261207645435362
16516,0.789399120258834
9779,0.020369591635431
44844,0.895985771045245
38895,0.00407993199443536
24547,0.0230350418784895
33173,0.1393018800927
23943,0.020425897035365
20804,0.301727892025728
23177,0.071769525311298
33345,0.280141977446302
22174,0.0197582483388414
40169,0.701948349343132
29673,0.0826329718271041
30256,0.279440567769569
16533,0.0364109420885686
6877,0.00401874836537015
18953,0.0419380925889446
39647,0.0767398438504476
23873,0.020460658702598
44758,0.873749319909071
44258,0.129647695333301
14210,0.0392883326921329
8351,0.00596965129900252
6435,0.0354259811384594
40137,0.418768250061155
10402,0.211887395999365
32372,0.410234419640085
37131,0.00894617161690519
6934,0.188921445598645
11498,0.0103236619469589
36670,0.0491507161636475
28950,0.11059627627861
25231,0.0158646809601868
6739,0.00346227508656018
37351,0.00802328579074595
39602,0.0544423916086546
29095,0.110041778558787
18149,0.0096937200660999
4501,0.00223644375267123
10973,0.00820088262858108
9945,0.00442602762439714
30110,0.0108456646270332
1750,0.283887746351213
38853,0.00619825878587583
33410,0.180947825396503
24213,0.044749638413942
22404,0.0305497545574054
16693,0.757836060821128
25065,0.481451486632065
20268,0.0243853814438399
41596,0.239264094616888
22193,0.0198550116460543
9347,0.0100105729270585
44954,0.292317868052053
19845,0.0410734430801679
9891,0.0360151092591776
38027,0.00741580667665688
24908,0.045245093179852
20315,0.0121107479600272
4829,0.0133728561806995
27286,0.0341673482000577
25143,0.0365851670773415
44900,0.922161513229191
13177,0.0403755986000558
29228,0.0383354294017353
19862,0.12734152982946
34575,0.0312009629281942
43077,0.473774467530458
13476,0.023778970132585
26485,0.0179900069598166
23814,0.0204454932652701
41729,0.206773689730087
15789,0.00218777741066033
20994,0.0215716551619651
19445,0.518127609582429
32410,0.160586261079745
20691,0.0914121993125722
7913,0.00692650442810092
23175,0.0253809249293244
44365,0.774346218845029
7423,0.0643108781378619
19597,0.0324241539049886
45083,0.135474500106069
5258,0.006775152041963
13491,0.00607211343896405
36075,0.0140912462559433
27002,0.0967468019130727
8913,0.0132970974336302
7722,0.000981551900783007
41988,0.470066351236389
31132,0.213911499535701
27301,0.0276394873134771
21566,0.0728992056264965
34429,0.0198246872160375
41737,0.118240248050237
31158,0.159641421848487
44429,0.214202679322766
14223,0.80645063453026
31000,0.0122754266394977
31720,0.0358738372225254
22862,0.0370070065541157
35637,0.0366568111409769
21015,0.0107618473602444
7919,0.00134248880337611
10938,0.00717119315087694
39001,0.0105688425107285
4220,0.000210185040219031
34981,0.0174418839443902
13830,0.0721629195637637
24200,0.00564805335990786
10798,0.0117474194847965
1577,0.00387617464905616
28214,0.0731087526344629
43846,0.00920880271380899
27179,0.0936449062750868
18490,0.0225092690122569
40573,0.0341690634719643
2710,0.340390659734769
11749,0.0111719217158576
37119,0.0140918209268111
29379,0.037147990942584
42686,0.015457407375016
7981,0.00445764120835265
2014,0.00099355511633146
14352,0.00495705426267988
40700,0.0579309259048465
3665,0.0143127168221642
41076,0.246506155361661
22441,0.0132717759630008
6989,0.0108984304318997
36518,0.00380670160123302
38793,0.00318710850672613
9540,0.0425680533445225
6134,0.0095921707126807
5663,0.00142325570038574
14326,0.0117010063219296
44623,0.975156211103152
32230,0.367559332111701
1490,0.00096220466304983
21606,0.0798411085234982
16088,0.0338687896441673
10842,0.00828833161149515
2404,0.00815040152432718
35109,0.0143003192088831
25515,0.00960828467028535
6787,0.00256709312356558
35649,0.00542064990765833
14427,0.0261559264237515
8472,0.087332820374988
20415,0.0790685914493477
11967,0.00234440053159521
29518,0.303640046686563
21832,0.00511186362403754
25002,0.411725930120235
8037,0.0110863985402948
10082,0.00679857465308428
12747,0.029759175119582
30558,0.0832327849639907
35527,0.0232455846005112
35344,0.0547486520745151
2273,0.00279670650844719
13423,0.0159487980065511
172,0.00389778647990375
2818,0.190237448423851
7057,0.00947522203264342
13725,0.0860424812533294
26531,0.0137140569924227
43729,0.060360547107033
25977,0.0705713909341033
26776,0.187291302991309
21630,0.096214889728904
39504,0.0412808288943785
13811,0.0413409863157079
21945,0.463775594791282
25237,0.105121725747742
39577,0.369309907219976
39837,0.248339961526766
44635,0.829006031488005
8897,0.00958413347229975
15512,0.0140285681622087
3178,0.00600886244451256
1788,0.0243313402109808
38434,0.308009877372502
37333,0.0294063026561912
36666,0.0384272581310756
39486,0.0261303490423394
10019,0.0551918435314182
33677,0.0176180704837455
22752,0.0282019793961451
31147,0.0472139195622704
8257,0.246024788664833
31608,0.096609562512773
26248,0.0152833190999077
6958,0.00138609289991954
6591,0.00390787049081388
15437,0.00905096136502149
13603,0.0218055445990905
38966,0.00653430138024017
42055,0.272811250995208
22399,0.274908694557072
31484,0.343493671518963
21012,0.0496213087804172
2838,0.00262665234192119
38616,0.0919654634855476
23308,0.044044005186125
8049,0.00522760994046925
24672,0.132717279192643
31074,0.236581642501827
35837,0.876425763178999
20111,0.0743488815803273
35447,0.00459378074739798
7113,0.00347015807433291
11786,0.00950220849088548
37539,0.0447516732236312
37063,0.019996660638711
32974,0.0417328857027968
3448,0.00071474874195198
8056,0.0115186954717177
39380,0.0109554991966491
28525,0.00834397397792049
38256,0.00474963517032276
39178,0.0865204639971177
10614,0.0277280988852211
10833,0.024762931699748
39402,0.439549360119632
4861,0.0014397881615695
1311,0.00186257922477929
21295,0.0225180912204238
6701,0.013509154876186
41904,0.530805585473659
28915,0.00866499677817572
18821,0.000632026875819885
5262,0.00332245339809442
4112,0.000890754932623491
2974,0.00312340899775842
2287,0.00686056798166021
4845,0.0310867228272426
983,0.00128494473494716
16555,0.00296961789142929
19219,0.0816458218079544
2646,0.00196155314274018
44011,0.61755473114941
30267,0.0583250492371614
2925,0.00325433137339691
18546,0.279177399198073
14168,0.27454694344542
35398,0.114976728578609
20898,0.284820112893342
39670,0.010100529844946
10750,0.0200651326549341
44931,0.0193618309711384
24453,0.0142443850076082
26403,0.057712660204743
31593,0.532896186855654
8084,0.0187972543787496
34325,0.284230520559467
15817,0.0254905597997652
11266,0.0398673923042174
24278,0.0725748320779836
31219,0.381269434304322
33294,0.107160115096881
27526,0.00691086265367174
1439,0.00829383206053568
29842,0.167289862131855
34796,0.0617834800767196
19843,0.0119166834254834
24367,0.0154249938702914
41549,0.457834819053214
41042,0.0286192650232864
6406,0.0170997119456374
43985,0.00286038019467423
9882,0.0079032591418034
26120,0.011180131368099
29923,0.13806319025474
23474,0.594029738558476
35016,0.0133128740847502
40199,0.156768076602386
39963,0.230277738531541
13453,0.0107300099330568
38183,0.0655873975486096
26010,0.0146662925600106
18512,0.00387486402325175
2412,0.0358440564987061
28302,0.00347579617627369
15527,0.372441774321455
43599,0.414094840778278
21002,0.0208590652599
31902,0.137453333361336
13030,0.00804814977453571
9029,0.156743919051711
38385,0.134335320542668
1412,0.0049718587722259
3187,0.00167772155958033
27383,0.337935941644846
10344,0.0466116608900956
37148,0.0101504186156628
14849,0.326446349543178
34359,0.0827653465627602
36880,0.00944495769152051
18935,0.0710220859294221
30748,0.0796687420929738
41360,0.0302833519281767
38221,0.0095065894769826
9349,0.00776095045598894
9942,0.0269686939584242
43728,0.00144005815157555
16814,0.113631478155292
19916,0.329545519452894
848,0.00179338551946154
29830,0.0559365789792254
5311,0.0220075925241699
29050,0.0444276244503698
31276,0.485494841942277
1579,0.0009237559663816
35422,0.0225381373679929
41489,0.195737089672588
24059,0.57283630030476
1229,0.00145389496334088
42305,0.323918841474458
28340,0.0465025477479171
44051,0.66353812366323
25716,0.0120742246995593
31238,0.690457560904928
9842,0.0314202792406821
2631,0.0043254200660014
19087,0.0330018047645841
10682,0.0152005456411814
18968,0.0303001367812418
38573,0.0156033759721417
12273,0.0193448959218424
13134,0.0143816099864329
13217,0.0157962389318266
39931,0.069615078840306
8868,0.0318182814047503
8985,0.0104572313847465
36176,0.0713294598377605
8864,0.0137837242362302
33251,0.105276293672793
41804,0.10277211948088
34199,0.0691642389693119
11301,0.0135708410937971
4066,0.000797319282314666
33477,0.0562455817645221
17189,0.00421844005752423
31209,0.11823815108918
12228,0.00547344021712626
6884,0.00164537272799169
32263,0.237351601292424
44676,0.703337583155359
1139,0.179493035842274
1802,0.00374906559176175
15932,0.00926060584275327
2207,0.00955526340980426
12070,0.00367534682903634
44662,0.286031292866686
4415,0.00277513923603687
7554,0.00473016424872829
18337,0.101017989600445
14022,0.0086828166204699
4785,0.00139971180564608
27435,0.0243631192994505
38342,0.110844280981055
34246,0.433729595256746
38845,0.125555911925588
17350,0.00436218074408893
13071,0.00927552194015955
44077,0.0374578799260441
21482,0.00434923043578303
9564,0.0611856354898585
44584,0.626359683556662
42712,0.238987678122545
27666,0.00744435827427103
25690,0.0212612864654042
8707,0.653777467599234
39945,0.105687664335385
25991,0.0103429662224044
43677,0.257945521904705
22535,0.0892795750529651
6759,0.00214272155848752
33635,0.291476163592027
13216,0.232513711237562
14235,0.00692077554789207
19084,0.0381284801964689
3205,0.0223610546307832
40505,0.0388659271112007
13141,0.0227190908965563
6292,0.00634350077365673
20167,0.0260309628121296
14725,0.361007751082635
44851,0.740275389370181
749,0.00191170472562564
12190,0.00188618483301937
36843,0.00290519246622661
41528,0.18670102833011
10176,0.0540483086191013
10430,0.485934097202507
21154,0.0111010807097275
10044,0.00967034086542731
38926,0.0166373451934166
9597,0.0232920841002961
1677,0.00465649710295825
38288,0.0248038038234016
875,0.0123068855900569
36247,0.0115872861852035
9898,0.0109735187061724
21662,0.0123244405866407
4651,0.00279199548136884
42512,0.298751774977798
39456,0.389676169065465
4457,0.0042166453195474
12297,0.0131101639012658
42223,0.212921654298823
7341,0.00123818118569902
1223,0.00274461038841127
9794,0.0132678421556734
25272,0.0100057151516095
29651,0.30762965403984
11223,0.00223367435581382
19930,0.189692079073055
26026,0.417323889844524
22542,0.0590637946384166
30503,0.0734163461697603
35627,0.0372549345190993
39168,0.00435622198959657
11999,0.000156409744258842
33047,0.133524837331861
27870,0.0547931225014759
3782,0.000479329013803457
26099,0.0201826424026352
17089,0.0348484190363708
37035,0.0751859799355593
44732,0.845735894218967
37883,0.00655465893892485
10020,0.138980321066012
27803,0.0122546469865931
11399,0.0191329323689924
30117,0.074071575495264
15769,0.0531815192035071
29737,0.0300481581151089
44342,0.0139281165418372
15001,0.0208273587728023
2701,0.0340335462819722
42905,0.516064939555511
19910,0.0669735329295722
2341,0.00192934726635136
7232,0.00498279096413994
28635,0.0292419403280836
24604,0.00702788030307422
21179,0.0181191108366745
14125,0.153895563139971
27535,0.0215682289885146
26863,0.0336113543670133
24820,0.0331312018402266
14314,0.033441999153965
43267,0.594422265434737
5599,0.256007093027082
19285,0.0930121902028732
30984,0.0084224844347172
29112,0.037201364695364
44251,0.677227107437036
6721,0.00671844813872046
29918,0.0272129533414491
4081,0.0100534337340276
19413,0.214529728115559
28294,0.026315984509532
8164,0.00547076098151887
14958,0.00793645614906337
12379,0.475027718658285
22356,0.113466336639784
40956,0.0633365386778811
549,0.00229734676954176
10377,0.00315167199975238
8355,0.00392036108773195
37656,0.0123183267021843
38777,0.00129400461335129
29464,0.118143623340074
35976,0.222291806460717
30230,0.194191890879503
29680,0.0248728500949391
26123,0.0122282878197181
4932,0.150352246046999
17585,0.00514960171589543
21925,0.26775956748115
5012,0.0195821881916023
40596,0.0552854095129229
6518,0.00696466142576836
19574,0.0754124868703268
27780,0.0241837290817835
5362,0.0406069888872725
36654,0.00982958063091769
20765,0.0197493873300802
38477,0.0352890841770647
19174,0.403062923419055
10694,0.384815087388591
37671,0.0082257692605551
17650,0.115418624298249
17132,0.47765574542794
22978,0.504984026728021
7686,0.0052324108170606
29787,0.118398200917333
42803,0.215106996765833
27277,0.0122807725934637
7216,0.0027637913136838
17724,0.00428729249885391
32955,0.32111892742812
24990,0.0183902585267559
25692,0.00878188022363766
19712,0.0924433459200034
14670,0.00635064519146405
17034,0.103242849029115
8402,0.0127938227789083
23965,0.0498283767350347
40049,0.144321831319653
2570,0.00592640850001291
8894,0.0102050615132895
4687,0.00136483975677391
3603,0.196827195047578
33920,0.807992994523146
29115,0.0806252476446938
3800,0.00300056791690951
34843,0.0166846665825429
24356,0.00262458314609377
29631,0.826651916521776
7908,0.0107092721526139
8062,0.0227464256123314
29629,0.0766867553293107
38102,0.00705266418379172
13498,0.0342954120565041
11321,0.0332287397220562
42170,0.407722022315501
10463,0.00404360476602254
15254,0.00807735553236575
33264,0.0389134750566904
7263,0.00134986477002626
19107,0.575262780768204
9336,0.126535905862285
35946,0.260352825624366
40986,0.139374694448061
21250,0.181756505755345
28247,0.0215430144371886
32185,0.0530677858836386
17681,0.0543208378734838
23373,0.314605763449652
9850,0.0196799818290727
10165,0.567485066867336
14000,0.0187278512108596
41353,0.133079689113844
14403,0.0153873689636497
23958,0.00581211563593435
12524,0.00658918336598558
18498,0.0209600735606284
161,0.00146002006546536
6063,0.00922369599067363
29844,0.0300800550058313
6171,0.00572964148951357
9359,0.00862139014386801
9472,0.0186817736940135
44613,0.087317178724939
352,0.143618755780774
33314,0.0278836565360547
26983,0.00503927977768627
14281,0.0334958996718047
30239,0.0237628631469984
44440,0.244870119061508
624,0.00685333054390054
37441,0.533694330196897
27171,0.0192209707009116
19151,0.698657051369672
19097,0.0198468658699691
7940,0.00529902459037551
1503,0.000285721950010174
34556,0.00669246838193831
25729,0.0165920123113029
33225,0.0777875636203777
27698,0.0118085987134978
15766,0.00498980220283704
29171,0.259510679179436
32649,0.195694805881436
43078,0.277702510639729
25668,0.00724201943120242
1156,0.00808157478371975
28411,0.0389566806461659
36144,0.0236771610739661
41623,0.315169128396888
10619,0.00986130610205797
32143,0.186159404813722
25985,0.36124802338718
14356,0.00458713820764487
10673,0.0452395622096623
43886,0.00558094494393846
2477,0.00606106983872977
176,0.0308194435516612
1829,0.0248803043507967
17762,0.0822566563042375
28630,0.345869789068952
41195,0.034134501428274
14648,0.00684727196775526
3414,0.165455268659473
6762,0.00289562416639628
18692,0.0749575325143231
2608,0.0211852157447459
24067,0.00843044385186062
7497,0.00154754074657376
10011,0.0325982464245322
36904,0.126548447185499
12139,0.00136187610714697
6704,0.00399038643159689
26522,0.0401906534341657
29653,0.025190246472222
31418,0.457087988304685
37326,0.0301470364028579
2414,0.0642174278551459
38884,0.00440711105416088
4084,0.00278716785911914
40844,0.109664356203969
41307,0.0997666403137536
14354,0.32892860532649
10796,0.00361485633705709
2938,0.00297717746051356
12095,0.00095944197738991
1183,0.0428200485147807
32690,0.654113383586038
20410,0.0197375022260423
6562,0.0115141712360264
44720,0.196350437709844
11137,0.00717349756124399
31489,0.341631682830206
8927,0.0144308542934932
15181,0.420355255976094
6854,0.00473230059700843
6805,0.000891322855099973
26929,0.0230529474093639
29399,0.011954640506914
16802,0.00847544008900757
33668,0.00933087673556548
43278,0.779281922840117
38075,0.0112854144140542
9164,0.00872673378896063
38326,0.0116583934834155
44502,0.918067433992566
24284,0.00915114049524739
19327,0.07606747663932
19461,0.009614492803217
42254,0.469080901896803
34919,0.0345805990105698
14434,0.00930773485332366
21685,0.0223328716955683
23168,0.00939072400811894
40846,0.0580686831956429
42114,0.36244783865621
11335,0.112288664840813
33076,0.0121395531273867
13386,0.022118844357492
6534,0.0121769496101637
3156,0.00557371680304202
26264,0.017156079104097
10768,0.0395984977912366
25197,0.0278532041644457
5421,0.0611850171572692
12816,0.00421856894823204
35511,0.814794706637606
6882,0.000475731660994339
26092,0.0466997106225165
38896,0.0110828430786888
28759,0.0244285791974048
25495,0.0277125359501823
8463,0.0226021540182259
2175,0.0115158464416826
20580,0.0698820725189235
3994,0.000664975496600934
28479,0.0532726999412686
8276,0.0137134177589047
884,0.00114491449289873
17921,0.111588111467807
592,0.00110804604070944
16085,0.0525311683737539
35304,0.00612183013674659
5691,0.00188142541976493
24340,0.0291756032684759
20246,0.608402903893469
24753,0.00972480884649296
18557,0.136206250893342
41537,0.142235431855582
976,0.00129938435816288
21610,0.00251975564345908
32225,0.0961846443766723
34650,0.00497941065320564
41102,0.0968528298846767
42638,0.0923327032755044
38517,0.00823323884450945
40168,0.767993829825525
29475,0.256963340468706
5108,0.000147441907589265
41929,0.352377007029177
15252,0.00306237416260548
28911,0.0130245064785414
26029,0.400037459124859
11666,0.0141359290880874
37961,0.00877618447468645
44583,0.333034303791206
1003,0.204305048432368
35719,0.00912525840280774
8018,0.0656200073510605
33154,0.0292745982699869
16060,0.0179663931516914
32037,0.515266392834922
8338,0.00614272154740093
4666,0.0022426596358487
29317,0.0609697839663918
5335,0.0133859776474212
32057,0.203651524388865
42097,0.0266104080740811
20964,0.00774807584122214
35963,0.0183390813561633
35678,0.00128866214793778
14145,0.173363582044422
12641,0.00263822796311334
6433,0.0122402549485232
13280,0.0569022283804126
5367,0.413787441339113
21934,0.0448855142071806
16967,0.0479498255322513
767,0.00119465092728248
13447,0.0199574258299409
31667,0.0916142518069839
41023,0.187705097236967
18598,0.0563959964499949
20973,0.00975755862868438
30499,0.0374990940561027
18021,0.481879900683261
4087,0.00820573440764681
17428,0.0224972267233814
25560,0.0175996533699453
30212,0.442272469839668
12839,0.0205086009435337
35991,0.0507478606207232
4291,0.000636892924268297
1207,0.00230865841495282
30258,0.032365380569245
2656,0.0126283471263583
14273,0.0153065179266813
14808,0.22122659692158
11142,0.0542810200593055
3160,0.000788958370737163
34386,0.596120011362242
44568,0.178386549177047
44324,0.478071447073319
3058,0.0124867912614923
2738,0.01351037318038
699,0.00305365024968725
12882,0.0160889056579104
41836,0.111628731391076
39242,0.00230953208730991
19392,0.0236371075506859
27143,0.0227730735465555
36892,0.104294369804943
6898,0.0014459671279014
43424,0.975573280801792
29100,0.0429973831696781
44418,0.0518122386650137
33321,0.0245134013875566
5071,0.000338972124029002
27992,0.0230438266715233
5191,0.00047120713763139
11508,0.527266283223114
27469,0.0446454126915642
17487,0.0114805105404469
40912,0.194221004577572
11295,0.00782287328704927
45061,0.654070351490438
28803,0.186059983954451
5844,0.00108692053295028
40200,0.445241596512312
20622,0.299742861947357
38200,0.0395436749425875
26153,0.406647750700731
6281,0.0108609427378042
15047,0.0110068709958393
24996,0.0824147727664617
39503,0.0578347924119423
29131,0.176423088843581
38818,0.00984015200158441
42282,0.322117172497093
34376,0.018238660509672
39672,0.346786988631157
20027,0.181966832571311
24553,0.00509153938181579
44336,0.0288790831168319
30380,0.0639000008948374
44369,0.608688458633964
11520,0.566072306133266
12405,0.00736064182725542
28789,0.0292275729201592
20485,0.0475746474957225
27985,0.0191671209617045
29634,0.418662554511676
23897,0.0208371419026896
13651,0.0377589688108545
21650,0.0161433710622991
3729,0.00478925364941757
25108,0.0142761045996758
44124,0.00192955215353847
26165,0.00615372058966461
19308,0.0750589689763445
5851,0.00140258855798712
5956,0.00225248184341206
9416,0.066381350325911
28014,0.00586677157025835
29001,0.109417838912107
24187,0.0627712276760168
40151,0.29984968336578
14375,0.230682950727088
23680,0.037357311280584
24225,0.171167486069588
20496,0.0478239799761114
26505,0.221221431036354
35158,0.0286921131763042
13121,0.0206930743818136
6116,0.00540853219829376
19369,0.0214505366630555
3143,0.000870512797738039
43965,0.925805654946927
10270,0.00343464279921766
25523,0.0397984007758724
45120,0.688875025175246
20988,0.0231471330940363
5317,0.00819541269951988
18395,0.000300399726283395
16600,0.00479632785579671
13652,0.0466633684857849
30306,0.158854871013976
37239,0.0142931636187055
36467,0.0127035786398485
22276,0.0420508471105327
36503,0.0134435319147475
28429,0.013595627166669
32866,0.316360769453732
35005,0.226063986489318
21326,0.386393123569963
18834,0.103277085754184
38635,0.00323041727184521
37091,0.0966950075363005
27145,0.0107427686345439
8436,0.00903613058744348
41702,0.233462427440485
21174,0.0191963777055161
6446,0.0239773400879124
40839,0.121981920391803
43734,0.301550588658084
9008,0.0109483619818252
32759,0.0266338258374708
32394,0.124225687700885
1892,0.00453334265139468
38413,0.0916636662239
22073,0.0197486043646499
5981,0.00411722814718793
2103,0.00123776048470734
32437,0.0679014380272332
20726,0.727572121546465
15142,0.0809941973702203
6612,0.00319137330062841
21421,0.00449540488537615
1809,0.0027127150778459
39252,0.645436181750287
35981,0.432799369206818
1674,0.000505724623178246
12496,0.156457330889669
33732,0.139444886505765
2577,0.0251173112409463
31609,0.0335796102571873
35891,0.00407376978011755
25574,0.0151918610265945
8531,0.0388352043788869
23576,0.0118634081279852
18019,0.498994775756796
29545,0.0176228926275613
24579,0.00940992623294729
10735,0.000837251650686808
23761,0.0212088608438284
21243,0.038848040146212
9128,0.0131426144496741
25682,0.0151372548402209
17639,0.00308096861803866
17608,0.00670819100101086
12459,0.058995938976709
16772,0.00394745466861413
623,0.00199390633334151
40964,0.434188159644368
26783,0.586354217545692
14366,0.00541555915165983
23775,0.0108091048025624
692,0.0134576118152548
29123,0.0599360653377049
1246,0.00187458926832767
8745,0.0714507832014446
9610,0.016858338161327
5701,0.00304288847021204
6098,0.0286268966308948
14021,0.0106706277057374
22849,0.0353566102521337
10466,0.0176415207750437
30554,0.108976325631241
41187,0.597427322057145
33766,0.664499613102376
20326,0.0359811465482338
3350,0.00125779214788186
32969,0.0498038692200871
754,0.026546991251256
2853,0.0178036744574773
14269,0.0123738455245209
13341,0.0238089836072608
26160,0.142203837332278
19204,0.0100653384608305
12152,0.00150641735477321
16162,0.119944041643513
2961,0.010315267171129
8855,0.249990032545448
37826,0.00213368705290024
40105,0.106717073821246
13327,0.00961799435027715
40950,0.151239678059728
19124,0.172621174183119
21118,0.540552433042821
5574,0.00451464714047174
37178,0.00751217635729852
8559,0.0142562839116042
8388,0.00338179033209414
9522,0.0126719677159116
13756,0.0135298204635053
21992,0.140837555849572
16210,0.0843344654671172
19424,0.0371020855377434
8865,0.0184334619377749
29029,0.0528846313716215
41776,0.354619572924161
11953,0.000290746055884999
15662,0.0043586879035052
28482,0.20500497652304
26991,0.0526381986734838
10387,0.0119145944022963
13370,0.0158407527804961
611,0.00172427950406678
4233,0.000746995966303047
40391,0.0960023675341227
29121,0.228275445871976
14974,0.00467641197732788
17641,0.00696871555959375
13643,0.073319716073126
12602,0.0236902027377704
36241,0.0278072350380014
25468,0.449429289478657
15349,0.0277667409574689
38177,0.0611720237846068
17230,0.0278314438496033
42881,0.809065534360008
1026,0.0367311709766958
1886,0.707751865391802
6112,0.125560908827901
38713,0.121495666397585
201,0.0684949632964058
9437,0.0136184273233154
20325,0.250492560911282
9531,0.027466814449976
29406,0.033084089023681
18476,0.0083734257715374
6876,0.041948195191399
42633,0.147016420512519
42433,0.202133289993456
40664,0.112403820072412
36522,0.00286667255143717
21959,0.0101705180497602
43590,0.574126226219775
21477,0.0146002694255081
30038,0.00937464494092017
17975,0.129351658576037
38318,0.00488414309072422
11041,0.00465908423560031
680,0.00232980086752914
33266,0.104749391769432
42669,0.262057364031546
7580,0.00455632483628752
5748,0.00808415609792303
14965,0.510163483236174
43530,0.198519470845331
21928,0.0439933363951273
5735,0.00475225298307553
35711,0.00672150251322417
24815,0.0252285008524214
35967,0.0790748713763036
25112,0.0378024929025894
15845,0.00486764934844449
25046,0.00601099253767656
11175,0.0200168633025726
23835,0.0116012114704079
7909,0.0124730749967423
24221,0.0193688230659399
32891,0.0398061764737131
18174,0.00155513176432547
23986,0.00471915437834926
17047,0.00816445739625499
2920,0.00390045934536217
41492,0.204947632501366
42757,0.392406858610019
24275,0.160724096416504
31952,0.393936020436116
25882,0.0163621067286813
463,0.00150937891570801
30245,0.0133115487563679
2263,0.00152530284594451
16155,0.00859534468515928
10919,0.00516447872314206
30569,0.049480401790093
25649,0.0168875858349882
27842,0.226455266600691
670,0.00131657984901518
2417,0.0119900499692329
33160,0.11548579187052
27033,0.0528902740794338
22568,0.226035173297431
43769,0.044452407653805
27825,0.00898663529645127
42323,0.304766119632619
43016,0.828087529303019
40091,0.221229927719648
8857,0.00334724271994536
17280,0.578638068351891
1450,0.00330528407612306
41396,0.773774359532238
1423,0.0008493473734353
13078,0.124008744503244
34407,0.403024687753348
34856,0.0995886339302638
35326,0.00278464971808355
18618,0.0015615503480867
8186,0.11315781863208
24673,0.0062234936114419
4911,0.0157854328731782
30539,0.210092116383442
28304,0.0743823632878358
37713,0.0166756772808676
7303,0.00214425966406513
28920,0.038439385531197
1828,0.0102492218377218
13420,0.0157976594545755
2165,0.00180213765766377
19789,0.0153515184155676
6193,0.0911354666680359
13237,0.0598274950366503
26901,0.00862798596662119
23145,0.029617566433746
36482,0.0383276895167617
31284,0.426228145747244
43013,0.321228812297963
5834,0.00998573391018356
36450,0.0434545360049809
2151,0.0161232872180292
43423,0.0813072755009054
11213,0.0136616791137466
40629,0.736852618617744
19657,0.0277568742519766
3919,0.00438730681661826
25803,0.0379648208725851
13231,0.0612494502990507
27826,0.015329774522463
41339,0.587254124733455
26237,0.0200205080993149
16826,0.105542036470557
11346,0.0824654684773213
4504,0.00122431741106698
43045,0.827682926396975
9369,0.00374454012083615
38460,0.00322550951805756
41824,0.801883758768909
38497,0.124651181625057
27597,0.0237019670572087
39631,0.39975182679026
42151,0.0737774838825344
38963,0.407621146623825
4867,0.219495705073097
33153,0.23984130902086
4493,0.0389858649484148
32267,0.0759885476881259
4940,0.00817291301822602
5422,0.0205598521938565
41089,0.0215590449887257
44073,0.265055218800398
43467,0.332763717445493
35452,0.0215996145131637
14872,0.616525091107569
1117,0.000905566132557055
40646,0.367674000627768
932,0.00219875075751944
35169,0.00130203229698368
20371,0.0648421989429793
44065,0.0878459541008726
38881,0.0399180482429492
21308,0.0256283842331933
6168,0.00451955961437287
1808,0.00646910877321309
2660,0.00382327257904064
29465,0.303766829159677
23158,0.206271396522748
11317,0.510462747241025
6522,0.00439660072672145
33548,0.109906867465251
35170,0.0192666566424135
32653,0.0129775262777862
32524,0.0286888750670034
32836,0.276931492288054
7049,0.0219292924075032
28758,0.0140279332831702
6839,0.219112919636452
14799,0.0812633293684993
14789,0.0899078353208252
30898,0.0140088502576447
37315,0.492453210455123
44027,0.7816185603599
1603,0.00119864885906383
38994,0.023045585835289
8427,0.094135709526511
39375,0.0300425119973153
32448,0.300308817738332
15815,0.0290311242767795
24582,0.425445920013568
32319,0.529860653571849
32262,0.204386761145
18269,0.0214979258061664
26724,0.0266852198817535
20417,0.0514569283414509
29042,0.0287729298036027
20165,0.0200024786292972
19077,0.050841029938236
41892,0.143418331421866
36780,0.043357387440755
12431,0.0219275132895388
20766,0.0412276726996513
22693,0.0329792467437379
9849,0.270653540789615
32938,0.313234624349641
44465,0.588271228693413
43010,0.573624686904555
18344,0.00471520392191614
5871,0.257551031829035
30381,0.572052414608108
12388,0.0204066258606773
2458,0.000824105964744378
24440,0.0119078110330422
45043,0.412703602835897
39734,0.175419473841525
3955,0.00161756212246348
762,0.0028839837448513
16779,0.109214151950773
39894,0.127168609884814
25039,0.042783496708201
13196,0.0082387263629607
15734,0.0241097212066232
617,0.0185173178446275
24677,0.0185926344359423
25895,0.00572538228598018
38760,0.250063174277749
20459,0.0434153600025117
30268,0.0741782522411998
26580,0.0791964863006394
12487,0.00218184324842521
26947,0.0148103194549809
34967,0.040263463295576
36409,0.0346286931924647
45112,0.444115903441478
40455,0.0165574504731424
10978,0.00281701752668739
34811,0.0604523882660498
3849,0.0034393900740467
10170,0.0199131348913429
24605,0.00903365734365227
28378,0.0497269592351425
14478,0.000308292391872498
35396,0.043485283177911
32222,0.136533680030455
24801,0.00974193612745074
16096,0.0149994219946801
33083,0.00808288902689964
35161,0.016344830255293
15302,0.0109101157232511
22495,0.0740101844492052
32600,0.0345620812219803
7247,0.00332015109859676
19513,0.0334828483951745
22867,0.276933005227483
14266,0.00288709737078436
37427,0.00879472770967894
32872,0.091361512940999
26049,0.0597545361776522
24459,0.0129514649975138
13124,0.0663006181961048
24363,0.00617382674356765
5883,0.00255357450854128
9260,0.00507802531573089
13055,0.0996840142382052
15833,0.0248858537332203
28659,0.0188029372023612
24923,0.427336539575147
12378,0.0538534565260211
15511,0.211979574526949
34442,0.265323104791409
9095,0.0398650529313581
10081,0.0322822478327469
19082,0.0718573224531128
14632,0.0216019615852718
3858,0.018171859471612
11336,0.446858400608066
35725,0.0860729376882467
40325,0.651413253547377
14995,0.00231439691174232
2498,0.00684244405099006
41014,0.244004063335543
7427,0.00436890195221732
21418,0.0526539861180567
32602,0.0906406704764638
40621,0.0326177435640399
24531,0.0270626322641168
30492,0.611361530043498
17289,0.00699423863449908
1567,0.00279587723004719
8123,0.00348573517589782
16815,0.212614704166539
6777,0.0119918749182673
13983,0.0122370374037003
43009,0.0812232992357683
18582,0.0119318630900309
31574,0.59433240709355
8840,0.00787823594163721
20375,0.0770039273709645
15014,0.00565301177099322
36849,0.0230553645532823
17433,0.00747376567778239
42565,0.729125852504774
41281,0.247085736760846
5339,0.0070099103235728
10858,0.0237672126690045
30829,0.0234223207828546
14616,0.0118101964136601
20354,0.0136963683686742
38469,0.825928947897146
31038,0.0355910880420185
15090,0.0046167660918339
38644,0.0214205231284109
12532,0.0496117086981244
19960,0.0229492408617398
19489,0.0279205106441094
33555,0.232033652280147
28397,0.0165951201316882
38148,0.00924522115997557
30402,0.0575907713212931
36066,0.0137388540041508
28295,0.0676021445654082
22285,0.0278884862808927
2502,0.0500145716860912
18801,0.234422145936301
31058,0.162502050583641
13214,0.168582065551612
29508,0.107048049224222
35220,0.0061611126055837
1023,0.00438443843213835
40799,0.271025796423426
44303,0.00256787553719279
11943,0.136140568519012
32733,0.0244418031332378
13562,0.0122175663359469
43468,0.843471330059729
7861,0.00280685544092194
26642,0.0210181021859605
35112,0.0109683553098165
25186,0.0239793024187749
11748,0.00492596564638038
39382,0.0131605450035204
37166,0.0534986833866241
4347,0.000909404761459211
23317,0.037418188766586
13814,0.0141978446666742
740,0.00128057699929207
26471,0.200637088247129
35535,0.102055177798435
21185,0.0233613165685412
5553,0.499102921547091
15271,0.00676838723200021
43025,0.535277840590323
21932,0.104767263828877
1175,0.00338059526804953
25615,0.060448320815752
15763,0.013443389349935
13568,0.0262387646702088
26541,0.0239188812027997
19709,0.0495079140319847
21974,0.0364372591976514
44949,0.0933267616153515
43137,0.526542238685876
34827,0.00326940638723563
34648,0.108777493096803
27107,0.0270277122190288
28685,0.118503195466201
32158,0.213067499051424
1812,0.00913136078914905
37827,0.134047171089592
6986,0.035012053810435
16467,0.0468596878811355
43426,0.114236934412977
33938,0.374696377059761
8813,0.0232549415373965
37464,0.0121204434876376
21655,0.0204673599598015
2680,0.0435832667078897
20837,0.0503840252886895
25908,0.00670586020482342
21109,0.0102946262038112
39869,0.0642078294065952
6576,0.00315749353755187
34550,0.0612006337218596
7083,0.00869653863354017
8014,0.0122457447135942
1151,0.0140098396645733
22482,0.327711339509084
36875,0.028179413688678
30612,0.0134929355087267
37970,0.23275106825356
17851,0.00929048669610825
11128,0.102749439510297
7439,0.0019036103382243
1558,0.00119686591828415
19255,0.0271854003478056
23764,0.00314964261164652
20365,0.115437792281378
37917,0.0216410475131451
14334,0.00656603238966952
36443,0.0172997972260835
13163,0.199469879269183
3808,0.00054313639972438
10916,0.181157544839453
18260,0.00854521507058826
21085,0.0949166555584671
14878,0.18329239557247
7781,0.0536410895136436
18589,0.0177910384178269
12934,0.0159168138389764
29909,0.155831681647268
22532,0.00252054427004021
37455,0.929604684883889
7273,0.0058836968687864
15451,0.00235506993959951
5601,0.0237139701639691
37382,0.016873474804811
4427,0.00887413480900377
27522,0.473882854822489
44136,0.231700966764432
8833,0.414305115501503
21791,0.0140214488343529
16792,0.0291498154673407
40501,0.00994429404169214
39279,0.266237623342648
19544,0.0286998394973854
13091,0.0902238270343897
16179,0.0396703027711857
27561,0.442817716857646
44436,0.316560569521373
12595,0.00630023622096052
30526,0.0457963578627291
32426,0.103216239644505
4494,0.00298227325290901
8530,0.0170126766907668
26518,0.128085106059019
42516,0.319577483512052
31635,0.0544958066088661
22605,0.104565357976699
29925,0.205457338503206
1537,0.0173866587037051
6084,0.00560629162965254
18135,0.0277953444941529
21232,0.0199133801124835
8035,0.400055723014733
44899,0.887968220796707
8993,0.014700607490691
40061,0.625557828897004
39733,0.478515664986996
36417,0.00823108464279483
23010,0.0837426048427737
18514,0.00038956954033622
12241,0.000553513429273472
7492,0.00719031566695048
18101,0.00463051350462166
25439,0.186790948448908
25358,0.156950967562867
21135,0.00822401232330648
34761,0.0126327930348118
38714,0.306640882267222
10106,0.0508209861805715
36423,0.0686148792806681
15508,0.0147447408997863
18564,0.00998391805164762
3396,0.00382899302314246
25770,0.0112993878305803
44894,0.733905497142466
13358,0.668237989978815
14828,0.00827138346801402
9039,0.324722911577168
13745,0.0383555222918499
29662,0.0682331210589775
10409,0.0630454926128028
16796,0.00478273704554771
13532,0.543042632985962
23433,0.00384027134231085
12575,0.0532013881046066
42707,0.00132753154862996
7943,0.000421535041308233
37532,0.00804001527612764
36063,0.139389773106092
37258,0.0329223981358587
35182,0.417803995104534
35808,0.00919226860443291
28097,0.0451046545734407
34876,0.00436330634296183
35338,0.00894129575638674
41710,0.246865145562416
13911,0.2889068150391
13186,0.00704561837756792
41908,0.87813415812871
19950,0.0417874555877433
12404,0.0151659576746016
35611,0.692504947992874
37024,0.1855777591308
34240,0.0661741154802013
30366,0.0202236856046873
24127,0.0412540988620695
32591,0.0406689131276787
12935,0.000216603650308309
3278,0.0036376271045153
42964,0.559588478031315
24194,0.00427695651114566
12564,0.0011150148181628
8791,0.0244574408771672
7129,0.0248626906904182
37820,0.00817199494502015
17875,0.00290238849933134
21494,0.0626823782143711
15736,0.052382936095517
38196,0.0802689618631679
27854,0.150572067590694
11186,0.0094349629022226
8767,0.024547752936515
14424,0.731999258939757
26169,0.0192392002805374
15257,0.00131254824462036
5283,0.0223611532390179
40485,0.00389580556946808
5665,0.0171968591052648
40397,0.0108113490831148
28193,0.0105271174256599
13713,0.0052459128724588
17886,0.0979351062811665
7408,0.0082385227955947
22879,0.0167111267748025
36993,0.076439015138962
11801,0.0471485185394992
28084,0.0136175316973073
23225,0.0441426289640801
31950,0.0658653940046844
41877,0.0760863310145928
35142,0.0155467393793011
2042,0.00202812181215025
26819,0.00967754196686785
34649,0.119344544753188
21872,0.111526958228649
34413,0.00257815586383698
7590,0.00276872822336113
11818,0.0140108295323007
17809,0.116564947333043
16645,0.296207678682728
18904,0.0194274966303621
6773,0.021837399848539
14446,0.0132876736886157
40586,0.42219534280942
13772,0.0320205377146925
35599,0.669414628847713
19336,0.0246745590157066
17425,0.00809453069083397
27989,0.0197621359573945
34558,0.429339980928673
23542,0.0349999126257917
34721,0.00632556942576593
8712,0.006678931968906
15077,0.00370293749983613
10863,0.00551872378269176
35356,0.00827720770422414
18917,0.0439432484564466
39307,0.00209123052217415
35622,0.660697132000653
3783,0.0151721829676196
22720,0.0308915542746441
41752,0.254469919978326
22792,0.0752976598454365
3933,0.0118048673899209
44704,0.919591046131293
8880,0.00638795788866027
26574,0.0194157045618405
8922,0.0460581981810851
20240,0.0452978886169273
7195,0.00149089161342549
3935,0.00072339837783472
5609,0.00313238911152444
6901,0.0104441644774728
11492,0.223059193160882
12594,0.00093301653383449
41453,0.790291998192442
22371,0.0301177090335422
28710,0.0625209746001383
34794,0.00735054246432121
35597,0.0014916683102817
36688,0.0596773105539139
29104,0.0258210380650046
1443,0.00159733337815508
27840,0.0167561390058184
6262,0.220323333384176
33921,0.924272281810754
24718,0.124623252859825
36931,0.0448979010376053
11297,0.259481662976976
42850,0.225448463145338
21579,0.0132702782515743
34191,0.011454434311199
42520,0.761059307147639
10134,0.125381276708878
40274,0.0934689521073404
38396,0.00950572562854327
20464,0.0217682678113596
7361,0.00172455890198681
33787,0.546277866296959
44176,0.128611854909759
19941,0.0167031343596345
29811,0.0486707961896938
22011,0.0282111534467793
308,0.00124158804185448
12763,0.00410567603651048
8104,0.0450736588926182
42811,0.693799080756016
12008,0.0123852109594559
24147,0.0254077807385131
4525,0.00446694612762842
10428,0.437120485399306
15069,0.0346029026947678
16260,0.166295818325732
20613,0.0756374778795286
43649,0.00670098804622594
32335,0.530803269147335
11118,0.0102913946577749
40493,0.0231746049452979
451,0.0141582239985085
13929,0.0145550947057263
7915,0.328865199232007
31410,0.520890280700423
18296,0.00148973308830959
14704,0.0331366342769695
30491,0.0251111161810683
12171,0.000556709216700641
6785,0.00200079184895768
8684,0.0366086471559815
14544,0.00391293722808564
4718,0.00233099183299818
35647,0.00302225248966515
267,0.00378467147469959
27020,0.49087458384597
26771,0.0310862282811625
1501,0.00267857572653819
22010,0.452555775230159
6828,0.00174315513283996
44443,0.287672082063807
37918,0.0365930004023184
51,0.00674295080242503
31031,0.101063853759679
40379,0.380996947178922
13601,0.0058961348811242
2523,0.00291926320134499
6593,0.0495637430562935
25326,0.0113516602383604
44799,0.568293859061222
1861,0.500781581930225
20556,0.0561373968583877
15756,0.674060492532786
20900,0.0414779407645021
45020,0.368469352801543
21644,0.0150234485847251
30251,0.278346296634725
7340,0.00727347443694947
15369,0.0146890669372478
4527,0.00824660898400525
22556,0.136605725212713
8834,0.0275582126002418
29461,0.266750070304988
32240,0.0436536083952305
3259,0.057234597682062
39354,0.00533677024645293
2360,0.0058070677241609
19608,0.0134884528372494
23487,0.0112621943527566
5976,0.00250256923113327
1908,0.0119431023376289
38329,0.00712752541461984
24035,0.181131500553504
25177,0.0226626740715322
13292,0.00391113894395498
36472,0.00631948873449792
34233,0.16101542271971
41096,0.269900538905465
2301,0.00186822628927834
18290,0.0125339799120054
15608,0.00881921171196116
26646,0.0630967823557036
44102,0.182598287467496
28542,0.320652902346899
5361,0.0229138351684156
16795,0.523800464310071
32703,0.156131748520574
30202,0.0771807505517914
34295,0.00666390348116557
3893,0.00146448553500277
20918,0.107539954644646
6552,0.00554135437040172
16774,0.00571959703108612
28450,0.137028029365611
40567,0.105295597526944
17680,0.114139183429027
25987,0.0165748638011931
23212,0.0598941245858582
43704,0.770151917572323
21690,0.0452485040174281
42934,0.606683194381984
7445,0.00160138190710629
33065,0.216012340246659
28164,0.161305788282263
25984,0.581106034615717
15364,0.0212946539707962
35229,0.0959748745384071
21854,0.0243545600429098
21221,0.0656150198444157
780,0.00316121447048077
24088,0.377435756229806
33595,0.0205309809147419
43463,0.768834600205563
2030,0.00313219789495827
40694,0.0502560158630031
28040,0.027908097109091
5452,0.00294393340029252
38033,0.00848195163089164
33903,0.678665432724896
17028,0.00582974074923777
20332,0.673143413873315
36427,0.0292561798251046
41258,0.0582010021913426
25206,0.111676531314076
36673,0.0117810467343489
1998,0.00114036290479678
39971,0.253395637302694
27914,0.0615723178789297
15104,0.00396790707718103
12963,0.000798537433125593
24839,0.117118433130482
9340,0.0757749173879824
11039,0.22533590757349
2890,0.030838925489901
20925,0.0534840556209091
8928,0.0209611622829566
30816,0.030106671580108
32505,0.0140724613350299
1520,0.000448280621172237
17092,0.638359902822805
10007,0.0586126978006574
29535,0.0248837134081178
44543,0.739497090996062
43165,0.902923810545518
12946,0.0475726917343237
34218,0.0116767932164494
22919,0.0113023387865189
3344,0.00202624235222998
8184,0.0171759265756228
1590,0.0036653489829745
13471,0.00956418678282501
13605,0.0891084332537081
44692,0.455229378012318
12021,0.00347746580974824
24639,0.00436713797113455
36400,0.0153052142771625
23923,0.0464139023796931
19283,0.297188711561107
17492,0.00130315929078913
35732,0.238714555100405
1776,0.003730634249387
15621,0.031500099956254
42656,0.0291840829700788
13675,0.00683467042512247
8330,0.0104581367925824
23467,0.0147475960944199
11289,0.00420718526735981
33377,0.180019033584516
37672,0.00185437831219354
44994,0.884393619642741
37605,0.0232633270263237
39130,0.115003052090358
43311,0.918769919873185
41097,0.0134569129105887
16225,0.00377689015543217
24118,0.191451950152501
861,0.00211431663746145
30075,0.435420448047853
31215,0.437794085049546
9219,0.309633787560143
27251,0.0678201579719743
30001,0.531804525253593
45189,0.504067543601523
1639,0.0352528775600383
35459,0.230514714821782
9546,0.00416731324779304
19337,0.233142979305109
29206,0.126444913644496
29627,0.024282073699282
32890,0.0471694521539816
1161,0.00512464873863166
27659,0.338357516985102
4720,0.137309941963445
39268,0.0453711365667744
9492,0.112774281978428
43095,0.0953325511350124
34688,0.451713549829465
11330,0.0135389106328739
12751,0.00210891100551348
40703,0.343560562045039
15854,0.00429757807187632
16109,0.0355915145735018
2086,0.0466511067287221
9618,0.0449890784677587
21824,0.00781603103389849
26579,0.0354843484121665
18255,0.0010329403895329
17651,0.0677458961488877
36579,0.0186695240745606
22016,0.00911469190065495
36425,0.0341853539576163
19614,0.632716147369112
30606,0.0748636189147269
19021,0.0334827991009988
1121,0.0010586181008475
806,0.00487822603190917
37343,0.0314544041606531
15353,0.100128465792741
15478,0.0131442688301131
7632,0.0153323879708215
12613,0.00108274661392191
6931,0.00243017477482584
8934,0.00293587241528283
13075,0.00421794391120895
5673,0.00732470985081569
39871,0.0486704621602292
9598,0.00830536827987922
28342,0.0122618164068659
38789,0.00262733830613402
29140,0.118446355004886
37624,0.467317753919946
10245,0.0241821712082643
1405,0.00056338547303694
6519,0.00375727097570173
33062,0.0886459602898649
3417,0.00163279344243181
16487,0.0841033353403528
29868,0.0521245349330347
35127,0.0630677776842395
4303,0.00173230248131809
42233,0.482598141974638
21619,0.0204196079102002
18609,0.0023297701132156
9553,0.0416186077529193
14143,0.26743962089329
2899,0.00324088339531449
42680,0.479207811187592
11483,0.0104831374295111
43672,0.848998665617314
4743,0.00383544383638224
12340,0.0386647387729046
32078,0.185725796260687
13837,0.0118053886272193
32347,0.175989541289907
39305,0.00419548560694161
26508,0.0562016457132702
1018,0.00136329722302312
1402,0.0117198662532901
30762,0.077037029572947
40571,0.213328471608043
36324,0.0715901354321164
43563,0.0634616427711066
16486,0.0240924273991891
8616,0.00795169597485571
2782,0.00859009125550783
20134,0.0367700724156728
20754,0.0526053388389984
23129,0.189624368587498
5742,0.132922151808672
14234,0.381763286917942
41460,0.0937306665001785
21001,0.0145781392095354
4061,0.020191524687541
35084,0.0633573285710038
15000,0.00137448114076844
13226,0.0113044426199127
13961,0.0141916593334071
18010,0.00622145760478495
22590,0.124207018413718
28317,0.00566984540631341
11001,0.00834216697173121
21345,0.0233270886169622
36690,0.00709748510643446
43643,0.93687280891375
17540,0.0055941518036413
4292,0.00554389652818286
29517,0.293753893102227
22421,0.743150382668138
45027,0.589238837480936
11966,0.000892950161139205
11038,0.00574501845679781
34501,0.0152707691098546
647,0.0294746839897601
1388,0.0451209584466168
25144,0.0165326667200867
4693,0.000270827680875911
26695,0.570879907939427
44294,0.0266691498138627
9767,0.0116913689066753
17076,0.00430800662667707
39102,0.0117079213699379
25866,0.0428635681938599
17468,0.00455350742672561
21327,0.0494560891808901
20395,0.00563303385604963
5542,0.0833283481586428
9391,0.00418950783068265
9367,0.102142510391405
38827,0.283893607368888
30855,0.0217368245128966
16974,0.0107393262014644
26203,0.13921847646806
36685,0.263224264855686
29340,0.064496421649336
44811,0.289808990127661
20552,0.0930275918192909
27172,0.0136534143522267
33207,0.0214619399933218
33282,0.022357287425331
33023,0.0105550292213859
1783,0.0156074072123436
15298,0.217969141401994
22675,0.0329216078861765
33233,0.0716685872812914
14394,0.00992184438994788
22395,0.0554003792097963
25756,0.0135785080387812
21427,0.0414435701116257
10202,0.0225055931277616
29245,0.428298818051299
35498,0.0258634065141078
7711,0.00528056109831773
25086,0.0138047094844519
5639,0.0115896478032811
9741,0.0129108735309376
8447,0.0107550787027099
9992,0.27465892768245
30417,0.0572821194455899
42210,0.0272823378561666
33283,0.0525560553927381
7694,0.00681828109202058
16246,0.0217264714540147
26039,0.0156900461654094
3416,0.00312758189361166
11753,0.0109574431672123
38357,0.0421727664362041
24868,0.0163037564565889
6868,0.00772560451773321
23052,0.0486938136360365
43147,0.791001867986247
33210,0.0470624559191224
11377,0.213082397868946
5474,0.00253481778619503
21270,0.0147585418502188
38968,0.00404002798832244
39055,0.261623565247484
44839,0.0119404052904267
24438,0.0202968943084042
34060,0.784002204728389
37250,0.0632470647122406
11826,0.0200701220842589
20503,0.031959810036846
42706,0.0711496312123429
22486,0.0280150486458717
18954,0.121317627525444
9823,0.724097644656815
44054,0.00192459714087026
36625,0.23104363277297
31990,0.171389052752097
36517,0.142177445371406
2071,0.000899573406949026
27888,0.0490712323406417
12593,0.0132887652792691
26442,0.035240333369827
22822,0.0113218923658478
8601,0.00212827400222583
7019,0.00401652022322471
12835,0.0109588337114033
31904,0.117316602901356
35662,0.0100766457477047
42979,0.853891052200583
4827,0.00781092594369989
12352,0.00946484098148819
12745,0.0665534312852601
18528,0.026602065841303
44836,0.01445568226424
16535,0.353659073694408
14187,0.0482036079770931
19277,0.0337064290934784
33541,0.0252417863469318
15926,0.00968418554878809
45152,0.0688512009043885
34779,0.591173311111033
6340,0.00277564927054832
9906,0.0200071625966715
19851,0.0545180794826119
19842,0.0168855724769886
21585,0.0228852785612644
25914,0.0018517732978271
34406,0.583946731195526
10393,0.0658266619997808
39855,0.6608626582021
7146,0.180460728827817
35337,0.104803028627401
14796,0.0090917543696955
36902,0.0214929937746643
3254,0.0153850731084086
11428,0.235076953710835
33098,0.13331582382142
25683,0.215527055139887
30235,0.0209705744068618
7090,0.00126777229789102
12838,0.00798292385335393
31466,0.0898715490297678
42450,0.760114326934046
43355,0.777111514470733
38501,0.00347444355019887
21358,0.01001090547494
37521,0.0135322337371483
29348,0.0816782515428514
34720,0.0792316789948752
38694,0.00214716020832565
41941,0.913730677115978
37496,0.246284541334207
23559,0.0113048296193413
13638,0.00945609679700389
37018,0.626951998876879
29293,0.0757770810872733
5493,0.00446723708290527
12289,0.0213450990798295
18447,0.00907848650089838
15039,0.0568421777478734
3330,0.00843641907334875
3732,0.00207466470046433
36536,0.00784237638754504
38921,0.0199955754450997
8798,0.0909851136316957
14776,0.0198056994979219
21437,0.00739729021601396
2403,0.0068195717159739
37844,0.0103550981684079
31224,0.137566473691685
37549,0.561990824338097
23243,0.216798520028618
18978,0.0704507069782608
42478,0.94815033647352
30453,0.174350554169317
39833,0.0487076696794036
34916,0.0179863532035222
9818,0.0199905381662638
32194,0.100381717902708
25331,0.201329498920533
18789,0.000417949563867476
38155,0.0103224265630895
36167,0.0440590821739248
26694,0.0115760129874527
18001,0.0744011145958222
4333,0.00084303908525027
26166,0.0943977332201889
42989,0.863709956752364
17055,0.0242694598767134
4772,0.0018923333380316
39431,0.018243385811595
11000,0.0106968053179826
33309,0.0231418052736771
32889,0.107659942061586
14157,0.00492318984860627
20815,0.537651115636149
28896,0.0291199132413125
11393,0.0238752666959829
62,0.214078428178346
44876,0.698886895509607
21419,0.0402313260658974
41380,0.0993843020074083
31787,0.458026162235706
23539,0.00862647275295596
17964,0.0308305105892324
43998,0.586798746355003
17728,0.00146262797597194
10622,0.159219478507942
12879,0.0123368791952754
7987,0.0117397478317005
18810,0.00250054893093235
21701,0.0891811235378581
24862,0.238483618274274
3054,0.00684568911258528
1523,0.00150267147990409
33981,0.411863604140492
36684,0.00668643318720446
24724,0.0643429820149215
15243,0.00609650111356032
11730,0.0895680450573071
26702,0.0138703462725622
15416,0.307420669593676
115,0.00147931587352513
10473,0.0104440830646227
36539,0.407095167144301
12276,0.0300939657263022
17294,0.0157513444594156
41026,0.419562448010757
44572,0.414107461981343
33994,0.162008652383189
31578,0.13540621236128
30507,0.18017170698589
39439,0.0119326357654844
13829,0.00709205003996949
5263,0.00328974724741404
4918,0.00223811482531175
5338,0.0601463003176483
42571,0.137993920244621
29854,0.0343998597095339
41114,0.0961071931501125
35465,0.166280634799897
22804,0.443485462260522
8423,0.00696366220563909
29075,0.038226164603122
20634,0.696872351155806
39614,0.0240715964577928
3260,0.0293657300831421
40709,0.0704029036499472
23319,0.0090118849450474
27267,0.0239350378673892
37881,0.267349854229597
4377,0.000287339379629772
33288,0.0329915307086808
3676,0.00735073340192409
36839,0.0134718581996397
42519,0.0655607753711814
5334,0.010215644167792
17459,0.000918779120739903
5182,0.00224578190679998
37811,0.123820375505471
41039,0.0479938779581567
2648,0.00760904342165911
42658,0.0487375893425851
18345,0.00895324214012196
13960,0.215882113596656
3828,0.00163368886800309
16046,0.124691928216498
30578,0.0229435560247304
8214,0.147173565986959
241,0.00121835395769594
26599,0.572668078558116
40429,0.0394359653809663
31021,0.550528059451454
37977,0.0113420204030201
11631,0.00461848368081935
28812,0.0420353595775823
14080,0.00362898029903898
18007,0.275105200394034
10311,0.0119707130708638
10288,0.0231297402499787
22893,0.00893560893973026
45080,0.325220180493266
12752,0.00454957894630769
34491,0.00854345895235772
40317,0.203060005641296
43712,0.334867988177884
24091,0.0286848195860137
3775,0.15231685689806
35708,0.00984979742049686
28982,0.531624412884519
21442,0.0216684870346038
26170,0.0287199585813641
32177,0.21297462717974
9234,0.0129765157459933
34384,0.00621010035208338
43508,0.255823144551256
31379,0.846948871175848
19389,0.0190631634259739
16776,0.313416185243577
23622,0.00484394814160945
21719,0.0448486367916723
2387,0.987745369866031
20135,0.027559748087727
36181,0.0048296731665665
3191,0.3657388152364
41270,0.0209029229774564
14921,0.0216776319392027
23520,0.0494009855764822
40057,0.235600973096761
6765,0.0465634637026824
38367,0.00618579921980128
17213,0.011090455025774
22476,0.0290654482102831
13579,0.0274779033601911
32201,0.0880357165205987
3553,0.0104671078769931
29447,0.0123616825111799
40554,0.0663414824124422
6062,0.0165231519173761
15456,0.349120604984266
29723,0.527166131793916
5970,0.00154026468919685
18404,0.0342113253345288
24424,0.019727937993797
4700,0.58635883374869
10830,0.0114822202931371
40299,0.214318425706988
1184,0.00244633828561496
33176,0.0322792912803077
19139,0.022688809354443
33506,0.157837493015041
18680,0.00104327075983215
17859,0.0113105075587305
17855,0.00366859240430753
2874,0.00203214536407774
22488,0.0158003254138578
28013,0.0704255820175604
41609,0.797579676320842
33404,0.12365077535099
35561,0.0132233417439406
38170,0.0376879734829986
6663,0.00736417205503182
4351,0.0166951550984072
33500,0.29056460822386
16028,0.00271194422025409
27406,0.456747666455827
44717,0.181838086712775
35245,0.00178066123943804
6957,0.0236877969273728
29703,0.0846997977133943
38802,0.00281656377804525
475,0.739264633968318
21794,0.0232116595039637
44915,0.0331297486299901
17250,0.00517902364937337
39284,0.00121603487419057
11755,0.00965765905694532
19969,0.0274591905082801
9831,0.0222425118485551
29188,0.0719354973495554
41019,0.0177436004064927
27525,0.0345658255572748
30742,0.0510391901989718
925,0.0146774346507897
850,0.0987795103045958
7570,0.00708121865699929
35803,0.00629689927628494
37318,0.0550737633815157
29933,0.0501520669489569
8889,0.0367337888717972
12905,0.00918347435690051
33337,0.034460840321664
42623,0.112928853507379
8832,0.0550072107006124
2766,0.000850914031773216
35047,0.00521182407573474
28465,0.0185462432837564
40624,0.11781798487663
28753,0.109367759061184
14611,0.00516483456624957
35132,0.00380248976144903
1965,0.00382751480189755
16520,0.443163123667428
26190,0.0210759515503163
8708,0.00530644507613693
497,0.00443902482103551
37467,0.00665212886715197
36588,0.0589497137474948
1245,0.00903483990325342
14163,0.710617386955714
37640,0.0442674756831089
36934,0.269674826381012
37209,0.122832518612585
34490,0.0137464870453477
26802,0.0125942578181728
44629,0.380983514510623
36576,0.316462763941261
44477,0.00110075977361781
22633,0.103103828125743
18223,0.00253945777298783
27046,0.144951896790367
14103,0.0367755279725926
37027,0.0411221924913252
14463,0.00933737733086155
24427,0.00506612119338402
32593,0.0184614294854391
29922,0.0375097268518641
14653,0.0061684895193627
23591,0.00576252106985797
37578,0.00300487664033048
19292,0.411482905642323
35845,0.003479977071201
42226,0.437743250250269
40917,0.826134911713962
10587,0.0336669043346711
17848,0.00700151532173457
31688,0.0787926630661971
17392,0.00762158769683555
39767,0.200431599100367
29658,0.0358803893598781
28887,0.0267720932268835
23571,0.0250563363925719
40727,0.271512360610364
8267,0.0048165912256086
18381,0.00407270899644321
25321,0.0159889802886689
8422,0.104134991059767
40152,0.11137967728206
28446,0.0296047634566257
22883,0.60995631385956
31565,0.110682307700268
13629,0.0112062726711323
20742,0.141985351005926
34004,0.309994386478919
5973,0.000744143380464725
35131,0.00174108234024417
37457,0.0696043283443664
28045,0.331212400433094
11763,0.343538074683229
40226,0.164531718158909
14484,0.0135035009228347
34377,0.0122134974472821
37511,0.388658328502985
1449,0.00581917870666913
42904,0.102971449244077
16666,0.0222368680858837
15702,0.00243577982660198
12517,0.00251187161360134
17531,0.021354326318563
17269,0.0447196622227475
37311,0.00805902649618237
44314,0.570332972290317
42313,0.507904434270724
39289,0.013107116836759
7506,0.00151470692241079
36927,0.0204215599541185
43773,0.866520903084188
8411,0.0156547316267522
14410,0.0120883956881769
20118,0.463723538568827
44408,0.123433025226777
22737,0.133091735573239
9759,0.0489549900793473
33211,0.0648527316446999
14868,0.0251421466120319
112,0.00463568465356201
20013,0.416688981936963
7710,0.00341614531713865
33340,0.0127016052879049
38369,0.00405599295429657
33728,0.0674502292927591
16773,0.00246986260157973
21235,0.0423711022876316
30444,0.0626480822916514
32834,0.0680909532995158
10484,0.0308231137117711
1240,0.111368213341615
12467,0.0112877040343025
1013,0.0133586788837897
25049,0.0229651076321616
9954,0.0063073317652709
18827,0.336558019038825
30118,0.0699608085683927
23439,0.0439868945979061
20329,0.0211760969473129
25900,0.37519861304548
19224,0.0146819681725673
33502,0.0565093509217782
39093,0.0168279881409538
1702,0.0332952571664241
11822,0.00385535539750607
19208,0.0200560614042343
27042,0.0120483828161493
39487,0.0112637178733444
35933,0.018033957170899
7938,0.000638198839501051
4797,0.00650609718282063
38016,0.0272403678264673
19631,0.0349672792611909
6035,0.00169104243661137
21196,0.0391926219576369
5486,0.00255377883730903
32191,0.0948558698259035
19455,0.0214569645406781
18580,0.0319858012136437
9237,0.000552227236558811
4336,0.00106280923824955
38267,0.0172668385908458
44736,0.95887244517142
5437,0.0074490379411806
6396,0.00526704660322586
9073,0.00908971410772434
4591,0.0362744894992782
37231,0.0436847823225346
16302,0.00257759147312078
22937,0.0324512332847564
22507,0.0908309493432297
26503,0.387019328627401
1331,0.00977325777547716
2068,0.00127933159630815
31920,0.252607649445572
11771,0.00509068275698926
36089,0.0152225672136974
3987,0.00482486904603476
26779,0.0539000426291889
37065,0.683081011598722
5377,0.00175062497061718
8954,0.0620209088186211
13130,0.209996031950082
14490,0.00737029634284807
3268,0.00300783428149505
44227,0.697700945043085
3753,0.00246382073125481
28584,0.0123052350312042
40350,0.214750343074959
10255,0.0133023118482387
37025,0.107245076815437
9977,0.0309964678631202
45134,0.672560585292175
7134,0.003695279515098
7266,0.00184872560430581
16946,0.00723979443500912
13429,0.0184859670371973
16488,0.0102037963127574
7970,0.00671321857280817
26948,0.0892109600644922
395,0.123557370176673
39517,0.269598182039386
27558,0.0278475918240398
41548,0.212208484495642
30394,0.119007253601785
30787,0.0200721334221044
3700,0.00193449397455673
32692,0.0402840607207079
24029,0.010701759900098
29286,0.0489597114453642
32341,0.0851330254545016
29801,0.0843596299296516
40417,0.0298894596183624
30304,0.166080451180143
31070,0.497613490280688
16515,0.0557726902079268
33090,0.185047905933643
8963,0.0431707269607584
41468,0.566141684343832
14094,0.121479792670334
34144,0.440450765361583
31296,0.750445848883471
41525,0.617167967240813
26871,0.144837216543425
22743,0.661726008934081
13791,0.559779538648861
25356,0.0144197651445608
37436,0.0132008097496265
22593,0.0257803620797566
41840,0.207878946637271
21469,0.03327851810516
19855,0.0211160776246322
21271,0.0256581600737382
33478,0.10088827418449
26538,0.0231035642349908
30263,0.553059213457312
42203,0.166441725355636
43356,0.741377999729982
25325,0.167154484387058
37880,0.00791722529721541
38645,0.0139055769959117
19463,0.148907522723247
38652,0.0157105022433033
3372,0.236744499760082
43513,0.553998414358076
11026,0.0947458185879411
1079,0.00634342284162067
32357,0.0395183171858587
28494,0.417544639403339
3822,0.000565672480849235
15687,0.27220273755965
556,0.00198473314979422
24663,0.0136862819521241
28752,0.652548597864823
30753,0.111300931822659
33540,0.0602743921315649
29295,0.0349803136556285
3714,0.0056489835059483
3947,0.145946353605724
10149,0.0233319232157628
18455,0.0663757840061927
37418,0.470255819238635
16886,0.188361892577441
42169,0.604092005166337
11264,0.0125217093581082
39397,0.0240929319640141
23031,0.177210740875091
7810,0.00274397705116541
40443,0.0650104936044266
22519,0.0407445924431196
9867,0.0253689854635988
20133,0.0121287134307901
17147,0.002613544141711
16248,0.678880721747901
20559,0.669841683121559
3979,0.000901467217128321
39508,0.0935856664651331
23416,0.0425634404280621
24798,0.0548909634453496
41267,0.040535864490594
9719,0.0120378744757819
24357,0.0266087346006093
14841,0.0332842954837621
428,0.000871981140258112
16463,0.421784631500396
33430,0.0336869104456382
41911,0.317837081451557
33380,0.0275713028078342
14128,0.0241635101827887
4684,0.0363757526207951
26555,0.0243191198712293
37643,0.00743945862131069
10392,0.00561212802412289
35816,0.0103622062730256
17500,0.0173240896414305
6617,0.00553689699186737
5908,0.00320837480673832
21317,0.00562315801064771
32370,0.186597892961164
24880,0.0255372490743121
9620,0.0191865274326751
20384,0.0622807116596387
4822,0.00350932042312866
18944,0.0251847374106399
14766,0.00186097517152077
17032,0.734846291082759
35044,0.221156657021252
38328,0.0334612632651796
24250,0.0659086557231009
7369,0.0036895763019189
16981,0.0107700875250479
15137,0.0091156689610034
17936,0.00777899694760303
8634,0.00423810211292609
385,0.0176839499937085
37884,0.188183813979292
35294,0.0894600997341261
14885,0.0135116672184829
18560,0.640813464174155
44079,0.0232155110311891
7935,0.00149142868034402
6125,0.53933644667053
482,0.00214420482531347
24901,0.0455277999759327
40362,0.223076312105155
18831,0.022175077418015
13190,0.019518551689662
7250,0.0126267022745244
36314,0.0359242530108756
11107,0.0417105761085483
1123,0.00351360242171395
32578,0.0844054995146552
27434,0.272533642906892
36765,0.0892757270571798
26012,0.0154503319061581
29793,0.268969146294646
3621,0.00163597564768663
29659,0.385261258702806
20262,0.0137492460894472
6452,0.958953605652838
25329,0.22472346005721
649,0.0493736007151796
16882,0.577011270176157
1396,0.00270781603768107
748,0.00359103259792386
89,0.00246595149019433
12712,0.0179374659910203
16412,0.571332545975844
26422,0.202426075940029
2507,0.0426124476470514
27884,0.108308780679099
6790,0.00357958494586591
20232,0.0243443568012549
26981,0.010718842604007
7991,0.0143128450449427
4950,0.00185210559630229
7182,0.0204911067396635
32573,0.0850134109646111
10086,0.148755328777844
28884,0.228882779824293
38054,0.112116409508592
35858,0.0155691526872133
20839,0.167127239098558
15076,0.0199557352064992
22025,0.00782441984428872
26997,0.017986824918983
37007,0.110557870315095
28232,0.0146780270002548
31450,0.228533587249022
27735,0.00946642907642937
20450,0.0409649959398248
30416,0.0300991969430175
25394,0.0145266885984258
16775,0.141847043273546
24248,0.0536722153631515
44231,0.0347855500818508
21190,0.0215345129824465
36534,0.00952999517871894
38824,0.00255595159418887
36541,0.0827860749971512
29192,0.162259589749103
39022,0.0411522986461368
26833,0.0568873479550644
12581,0.00323609164888597
14073,0.00825405061517665
6903,0.0221742758977724
36242,0.00952346436377076
36287,0.232964175985503
21453,0.0151964967442212
36989,0.0186692073987279
34823,0.0073343796191029
27631,0.135804394124131
20917,0.0789793760037765
2302,0.0147615895207855
20605,0.025703105227713
45023,0.115061725239241
28729,0.545015046739102
17397,0.00561916745521966
32603,0.0878759542082543
5458,0.0191930679326415
41980,0.60283082410052
18406,0.00839764912267814
2819,0.00727872759052608
434,0.00119645049706934
40438,0.0990429829200022
25294,0.0355472184407163
37708,0.0872272060123819
14640,0.0149005366909296
18837,0.0210460332090657
12290,0.0132229921978736
42229,0.0720266146092841
19550,0.0277046012832805
17395,0.0126199826431155
24784,0.16887470538976
1386,0.000342820734406471
32881,0.162804580721861
32873,0.106572725534809
7566,0.0678717345402548
22380,0.0341516021821325
26175,0.019169892102082
16410,0.00799297259620316
37009,0.00571951497711117
37330,0.00883740475983012
44652,0.574555933629335
803,0.00129430127295558
44630,0.73767348827247
29440,0.0375303297702742
28475,0.0320546243550279
36998,0.00240988075732641
36386,0.0287722519873681
1024,0.00248078325012716
31715,0.44032559451263
23900,0.0410039479137378
4686,0.00444933718720703
27696,0.115524744430404
5190,0.00236894637197765
27211,0.00632746427019388
5918,0.0368386439589086
9648,0.0584929533428614
13852,0.00477738713282406
25631,0.00857893618455509
16128,0.0804922077552308
8470,0.20699154771198
16356,0.0269775561481726
15002,0.0209078283578863
32785,0.0561463477762979
41739,0.540820508855013
38722,0.0146636518640292
34241,0.0461392709177597
36141,0.0143460178945869
3361,0.0268063211843213
37376,0.0202052440194599
31744,0.28922453320242
42831,0.47171572006967
11405,0.0100602031656021
43908,0.508714948532703
33659,0.15372663061109
40643,0.572840266575908
34242,0.174068950954164
41808,0.128812075556065
12425,0.0167974445720691
23451,0.0461853107031798
13747,0.0149322690247361
26696,0.0114458063076762
16583,0.0340057547102925
31145,0.432018279424702
14189,0.162305867028177
6848,0.0194388108296703
43706,0.813989901599096
41,0.00297411109583855
145,0.00152791983643642
40816,0.174506211759911
20715,0.0207457594589476
22689,0.0263586319541501
44002,0.0172596353066906
11698,0.0259191484930238
36442,0.00583120761037734
33958,0.0568369547600403
21446,0.0527113758044204
42409,0.67308347144658
26386,0.0144617253214285
6632,0.08767184054432
28183,0.0298569420853067
24179,0.0230749006409949
30610,0.0176404122661077
21855,0.250381602195731
25723,0.0715902683892528
44873,0.767743506436597
28083,0.00829526638631967
21083,0.0355533610355401
24913,0.0613652692742222
22726,0.0404931736089305
36040,0.0212203937426131
22992,0.114555577786701
41256,0.0249122951549481
9352,0.0683437949589425
40198,0.420164687633044
8080,0.0171360478179496
23573,0.00526266942242563
28556,0.00625370711113589
16145,0.0120007341203787
13001,0.00243900747939456
32625,0.353951246965266
28585,0.0249536301577899
30137,0.060031225356358
42049,0.406017964758893
4589,0.0101622345499659
28428,0.0423388219000937
20721,0.0305432821119233
8983,0.0108398239843119
42759,0.0242316633459753
22133,0.00611515282890195
44933,0.640372114271425
35095,0.0744465782843642
15114,0.0172762352128121
39829,0.517865573477464
14639,0.591433915398137
16875,0.0253685258851117
44706,0.651089927763545
31239,0.5173537278578
20031,0.00732337092316187
29729,0.0670451258644282
11625,0.0374261220390845
1176,0.0020422519423411
12098,0.0014712501797073
35850,0.0580841882067828
12359,0.178723202625963
1365,0.00326853134352814
8480,0.0106646415909444
43709,0.943165997836445
41615,0.822817018810602
20945,0.015181498483235
3303,0.00445591434719917
40321,0.409532429989472
35314,0.0328229866919889
42690,0.0194792677672689
7230,0.001290081935224
5974,0.468709869538206
5731,0.167330764318445
35871,0.162531378000946
24961,0.00916276924076974
12903,0.0143132774117508
8182,0.305756086702348
8162,0.0244552202169343
194,0.00108715377963281
3680,0.0780057316073464
14750,0.00494404625748693
7276,0.000535266818420101
18422,0.00304381835128392
28055,0.140588369109877
37984,0.211008108000805
12314,0.230938822421384
24372,0.00661412221085306
9402,0.10768578392477
260,0.00952752121266111
40062,0.223462777885103
21034,0.076620192336503
3655,0.00160624174672918
10188,0.0113115228234627
5429,0.00300388364361107
13179,0.0228439898854556
23277,0.0269400112274791
22820,0.0417754282829159
29948,0.0630110579264016
34890,0.0075384799378791
1580,0.00279051895239093
5860,0.0139884369235819
17458,0.00719185379085904
23812,0.0256649884112502
28310,0.46677338635173
35443,0.0431759690724476
44818,0.438805873966092
9985,0.0593696920516491
33520,0.0230477573788148
33341,0.307314950719161
29476,0.0902711454982418
5365,0.0855615938113235
19171,0.0657101706326174
32610,0.198116000723608
37387,0.0383316649271609
21126,0.791002464870456
21412,0.0165827440854672
39751,0.0223339836751037
1565,0.00238469380792371
44841,0.187921884104426
12455,0.00151619755513553
39150,0.0857775779097861
34265,0.0175037116308925
21829,0.0146206548199983
26014,0.0204538289082225
9809,0.15279953958793
41611,0.987382029973424
26393,0.024564446782532
36478,0.00871291677856518
2358,0.00721831344533424
31017,0.562554481497731
45160,0.0699145559026443
35457,0.0367227997566048
2951,0.00275744173447713
45098,0.891954805068116
3439,0.00226611863207978
80,0.00481580878082256
34414,0.0048295964665725
7571,0.0937266662986362
1854,0.00271021818890658
1578,0.0482278885332571
37536,0.0126473391259429
17735,0.00127141933365346
42503,0.734735674978027
27421,0.0038063993883302
4462,0.00094918702016112
38332,0.00440209681926611
21046,0.117795520268839
23736,0.0118665043094648
15427,0.0900280137146204
40568,0.0315765135892957
31707,0.0806690027203016
24485,0.0127802637756649
40461,0.355578712967322
18501,0.0514129211719074
6809,0.00139443314216485
4611,0.00104184787510627
25304,0.023334509320118
29057,0.162986905765369
41863,0.518651660414376
6760,0.00221276931527133
13894,0.093377364341398
7891,0.141292785340321
12052,0.00379385151718769
2740,0.0032362678868228
12918,0.00264876150557847
11954,0.00249036882043865
13114,0.0127883495472523
40830,0.349953964545731
9094,0.0636327133774217
20718,0.0272914581827515
14260,0.00772424806738423
43174,0.762665031001321
8252,0.0049947638373466
8016,0.0228321479570867
18683,0.0127152856856134
35573,0.0436720949454586
21600,0.0189983684835401
19168,0.277749938957606
6002,0.00931833983460498
2829,0.00206147617455938
21952,0.0346188182869466
247,0.00497159932155879
15017,0.0169972183246038
9162,0.0040513233330204
24671,0.0377120285741247
40235,0.165796248535395
27214,0.233036240330146
44288,0.233751592613309
30421,0.0198275897592198
41655,0.918821940671781
31110,0.0729638234168438
18044,0.096621942782628
20339,0.0287578292539516
13356,0.0112613674304636
17817,0.00512720703694077
43616,0.839057870489935
4277,0.00854140185665317
19825,0.0370375798917782
7426,0.000982158017584364
15484,0.302874908214358
15431,0.25981504281819
6692,0.0152425864894373
30693,0.57157682535048
40904,0.118335602037783
24593,0.0181841164313579
15699,0.097047710006578
43553,0.245882330674593
399,0.0043510114872595
42291,0.0607080419489666
42314,0.0278044990582181
26271,0.0770280697142052
35890,0.0317330874852879
13762,0.478408642878149
36165,0.0124121009355023
18819,0.00818528126109332
11391,0.00630595640828299
13330,0.0258124244522238
27830,0.218301154699165
15681,0.00556692347785422
25926,0.145287505197574
32398,0.0314889391563095
5327,0.0110615647383574
43950,0.0748524829337181
28150,0.0213314410060684
39842,0.131945189901827
31280,0.488740691279926
8828,0.0917679573808676
25011,0.0196789593215381
35753,0.037315754616385
17979,0.0480707663202368
33770,0.331575308255757
33805,0.0983398260547094
30392,0.171714106471353
4447,0.00140516608206895
3116,0.0011946882517935
40291,0.069720971185327
29033,0.0644105063102789
22814,0.556749331640418
36829,0.105948680673577
31714,0.117197023725281
2040,0.00234953640703797
1878,0.00637741602632329
15834,0.12942356255316
27529,0.0106285574797714
17697,0.648146970651658
44273,0.0378203669381695
20123,0.454637644870392
3723,0.00287253153498306
30463,0.0448108433055213
39875,0.0999547294327296
28458,0.0325211001110305
19619,0.00525719076019296
5229,0.0167275966286363
34370,0.00980831994376176
20302,0.0324331215206567
3110,0.00201747620502812
19350,0.021263198821906
22006,0.0325520506645567
16406,0.024547290231261
28717,0.0284255074383594
44057,0.902650963344045
18047,0.669639112997699
1441,0.014475515617912
11672,0.042982798332244
7703,0.00173717208378963
11659,0.00240902407056572
29536,0.129562266476187
5547,0.334745913250967
25119,0.328683638011238
37752,0.896025450677971
35210,0.0206546443537774
40012,0.258334139237076
16560,0.00344039663267555
4466,0.0104240324179375
37859,0.0211330157792764
13058,0.222337668241161
11469,0.0100569618095221
24513,0.0270527215520616
7621,0.022526945447968
1006,0.00435100595862603
41512,0.508486713439001
3229,0.170438729067422
8024,0.129819907924904
30274,0.0408159362994666
31462,0.0548461271338207
15545,0.168572028465425
38542,0.0152384765466117
34160,0.845285040000459
40159,0.0279994646228931
711,0.00170980809633872
17978,0.0233672787067569
23388,0.0537192034310484
30021,0.136811836086237
32997,0.0236903275455584
26426,0.0352079250144837
22292,0.118956681556842
26686,0.00437619583250267
37410,0.00997465849013536
19264,0.0202970453023858
18352,0.0045868011877697
22002,0.0349410179066611
38287,0.571953311704393
34598,0.0285405959386604
31618,0.923903257731228
44428,0.215310169670586
1422,0.117008862744375
8719,0.256595376091901
14751,0.0037375091965992
12721,0.012475382937804
43817,0.207130661376839
43828,0.0311832892901603
33562,0.297653511114403
35939,0.0202268853443904
10204,0.0168430280183827
36331,0.0485767731023059
3754,0.00407018574017456
129,0.00219942598404204
38418,0.754071351567042
42426,0.0435440062503545
15995,0.0276097360790067
8446,0.00617890384296802
8903,0.00695804907211964
44134,0.0733659060059827
8348,0.00659664250470868
43638,0.445965396703574
6386,0.0256348640515851
32606,0.181152172708982
15193,0.339914736754375
21921,0.0179031353361763
17905,0.278329732269517
12307,0.049616551028994
1985,0.00124148368421889
10057,0.210769219803918
745,0.000716375953164452
16732,0.00734326786456559
1937,0.00618280856859939
8300,0.243874025398893
18108,0.00253533526745031
11373,0.0951502986833807
23967,0.00782314855410055
41245,0.113854681920843
29916,0.0846797164212491
42171,0.355324715777454
43181,0.423426664545387
24186,0.00910237200775555
21286,0.0194688451333421
38965,0.0107835302130595
3368,0.00260684354246641
27981,0.209426328375866
20572,0.0456951463329224
4127,0.00081353596856137
19523,0.0131115269780299
8254,0.0330372407099105
270,0.0222317194719667
43212,0.95447624350093
23839,0.0188169421239725
41216,0.120726885631173
7389,0.000732099696530979
44266,0.911072850652614
9322,0.200541670865816
28503,0.0418801418255619
40331,0.65618526101131
16148,0.057714624526839
8376,0.0521622654306544
35041,0.0595860494528585
5399,0.0627597575389302
4906,0.0439906433649849
22153,0.0307040085189673
28571,0.0114967542841006
613,0.00714760673527755
19505,0.00837859499401687
12291,0.0416558298044913
11338,0.015370718399781
5517,0.00354600566276888
11673,0.004236433060182
7325,0.309002896989991
12469,0.00647427886907018
41444,0.364844545764382
26037,0.0366341483827404
3530,0.000448791261855023
10824,0.0253699220356454
13945,0.891197313293177
34583,0.316528824714477
2723,0.00414895148159245
30651,0.141169359009832
23078,0.0619364709897501
26753,0.0303933049614243
286,0.0067439922320184
9077,0.189151289472703
29565,0.0356696079015104
24264,0.0428418113544382
37986,0.117295895686678
24670,0.0053402753778664
6398,0.000601729033749812
31264,0.244465421816214
7921,0.00100055435970372
17767,0.0257673620175872
30462,0.244196248296667
39596,0.417994878098127
24702,0.020521424592513
34477,0.0282376843414554
37692,0.00217065176230541
8741,0.00363222691135577
6414,0.00949727520928906
38866,0.0647644866134321
24749,0.0146200675502651
7545,0.00648595157196868
11049,0.00413310309894721
20849,0.624639440180677
13362,0.046148961530359
43321,0.440830650018971
35050,0.0584519092602308
6830,0.00372837635280179
8154,0.00581089923204676
9710,0.00613483934192074
33665,0.00828493545076385
22581,0.0604773891714048
10482,0.00618714902275969
5082,0.00138523419457479
17165,0.00253749227992491
15731,0.029564895176538
3317,0.0167353720797346
36204,0.0162088877599287
34048,0.812138281282808
31025,0.0352664766390474
43099,0.281817589216363
34417,0.00382920731924332
15236,0.00282448058863441
33603,0.019847242116308
27466,0.0246076479287134
28396,0.011677733804777
26051,0.547638660829036
37164,0.460165117943964
12136,0.00178103417046658
14547,0.187734768898991
14740,0.255549082035473
44153,0.610958262231338
30987,0.0380125848038967
26022,0.0400229238837494
19040,0.106402751074016
42065,0.90656051906451
42251,0.727447794882079
17698,0.110313271752799
17778,0.00476485158038507
15230,0.0086830803391257
36842,0.0081034986225468
7275,0.00385209509717447
9093,0.00943777323089884
12305,0.0111426208392563
30307,0.130236833794474
21348,0.0285658352195221
22175,0.130840739959936
30608,0.0952797372363635
21788,0.439418290310012
13673,0.00511550118010854
5932,0.0201138967764848
16364,0.0168266866722234
42341,0.0128589461242899
31053,0.120948019102764
27580,0.0662691359001776
36723,0.03104422471859
25779,0.0136453252860405
11709,0.248320006766435
44471,0.0439555490874452
19372,0.0231451743424018
12387,0.00764333308050185
4758,0.00392835151077958
25862,0.024192261836929
9523,0.0322037767560372
27983,0.0160521526803515
8251,0.0161199153548065
43440,0.151392963810472
43784,0.219457987563146
36644,0.091228658179842
34537,0.0130670807112144
18998,0.0377391465351822
26731,0.0119583431485847
34452,0.0303500765649497
34316,0.0309976274671237
42526,0.53801551596604
12324,0.233221248888239
24615,0.104956679777244
37545,0.00336050249977196
36275,0.0226354940119095
43816,0.226363947158257
30262,0.140459952425233
25509,0.0223549265605591
25967,0.0119746144354153
41984,0.228675468339016
25028,0.0496861418590543
29681,0.0807874592133942
31098,0.00932241404539919
29523,0.455556723526852
30887,0.588024508921892
5376,0.0149734996629138
42887,0.469862035813475
36819,0.965674064302564
14837,0.00828258717060692
15609,0.00936453142499451
6977,0.0348894895993117
31329,0.321418311027169
12591,0.00477094479362389
15896,0.0537858168353249
44750,0.688137249341566
32453,0.244226481023332
18840,0.0324388061587363
34225,0.0166558242603836
41056,0.286163094211376
5780,0.0826625362975952
457,0.00261812342031191
39037,0.02299464725778
20028,0.482603878712757
35990,0.0119440435629926
19718,0.0210532049437651
25137,0.0208454346885186
14130,0.00934204302883009
28670,0.0160345054463914
3740,0.00431492991064104
22926,0.0176503254215417
44118,0.372350192552325
18509,0.00744241828655598
243,0.00491262434407653
1640,0.0484008176032279
30029,0.0272202922507781
18612,0.00615681675433544
638,0.00840704855949141
14487,0.0591760906095713
9197,0.00839653370581254
25876,0.0184917287881203
11769,0.00627944129610481
42188,0.125783008787499
32541,0.145999374689704
2051,0.0237000355456839
44790,0.953575345645747
31568,0.459777907477765
37648,0.10369942676437
3189,0.00717002855445383
18061,0.215107167308446
12392,0.0727245799512341
14990,0.00831291135071578
16851,0.00784356902615384
8766,0.135105198676712
47,0.0173383764106992
17507,0.00670080430720482
12053,0.00107543970077941
13300,0.00906010261447338
22933,0.0108611114400562
32559,0.0279400041731015
13826,0.166504229245816
39955,0.164394377014945
38705,0.00551174950108556
24878,0.0251767987836565
25368,0.265443795652378
6049,0.00131182754986225
7226,0.0419719394064893
15083,0.0107282876692001
33374,0.0335664191275022
28611,0.024359385305361
13396,0.421113496880785
42366,0.0566865086543388
22805,0.0935137441564041
38788,0.0034145384360145
38449,0.00464731869270183
8859,0.186574411760144
44116,0.190353903020329
917,0.0224583539803927
29084,0.0273600117462557
28744,0.0149333168970886
32648,0.0350783077267202
6036,0.0025694564319783
41204,0.0156510045760077
20732,0.677600966799217
37537,0.005340781207756
20063,0.0218693732078923
10413,0.0539676664908881
11591,0.0759334457910681
36134,0.21956733054325
42978,0.504173441916443
26329,0.0534111787663276
12468,0.006226852816681
22113,0.0181386984146902
36378,0.0152565489412116
23186,0.0302181442080383
34664,0.0596801489493486
4491,0.00401057421587435
5566,0.000709451140044984
26197,0.0201401013247349
25316,0.0359944228604796
33164,0.00898023693479872
21993,0.095579273359988
21378,0.663089481974367
25796,0.28358520609696
30853,0.0642262458536977
29869,0.0680598487145865
11246,0.00914560992479161
23608,0.0017705589537819
19120,0.305239474690883
5868,0.002374177391776
38169,0.116837766893727
41976,0.256509820172456
27306,0.194642308641034
22022,0.463672702813944
37650,0.0477477842792705
22530,0.437992630815499
31022,0.043357864162456
10445,0.0770912847067469
4573,0.430877201419524
12157,0.00332300263029506
3751,0.00152744901122469
19063,0.623586552443041
22108,0.210529804480919
32810,0.199880514188942
43260,0.481345023105839
44254,0.748530553221508
19900,0.05162637637069
25199,0.0382881538906328
1154,0.00464349542611912
25306,0.146043462140135
33713,0.491160886733608
27218,0.415058768312237
14152,0.00522057691125438
28410,0.00782214477999001
19719,0.0154404636954425
26891,0.0212857607036334
13098,0.0241333598764082
4230,0.0163070522679777
40932,0.039912964406227
28583,0.0133838825915344
44892,0.897878207771395
17784,0.0202958686058791
33214,0.0127951391464679
15666,0.00349008553668553
32948,0.0415423581519832
33212,0.047913151302941
23763,0.0103253910054567
6488,0.019469504128422
28967,0.0712351547405282
15074,0.0337085620086077
10427,0.0238254382732568
33529,0.0649325277471111
44860,0.851509794672091
4710,0.00267315123725842
41170,0.0630862972193822
43157,0.413795791335164
35448,0.965436296342739
28987,0.0917243337750601
26125,0.00477223280177242
14118,0.0366989396790651
17079,0.0457914466423407
6060,0.00914926387624688
33982,0.247013461554601
26799,0.129569559217186
11612,0.00701138486009868
42909,0.0897054848389321
37484,0.0130195148864056
11363,0.00768589639450581
32667,0.0440006863034956
24217,0.0281927733497454
38134,0.0239536371138745
43820,0.49163935524259
30759,0.0126484602593084
29325,0.630316965685551
25399,0.027522286184584
443,0.0080946780236989
32203,0.266223405798433
43995,0.170904492051559
11135,0.0360718862310068
6032,0.00155643625534071
26978,0.128433559386563
23543,0.013121634779649
23656,0.0026955175123097
23727,0.0023567659320552
15314,0.0621430597561933
7764,0.316913102859644
29580,0.10512880626313
44787,0.920234578806213
43887,0.0103183313511679
2697,0.000792799704479742
33909,0.933243055321245
36527,0.00547585465256633
6026,0.00182916373304848
38763,0.00215768589170442
3932,0.0122842347651701
23452,0.0134636941169767
2540,0.00865746249421217
7091,0.0316527849117255
43629,0.0524317484808161
31496,0.627411886672742
6046,0.0016818842509106
879,0.00165248346483275
17260,0.00845627332802657
31863,0.238725994213242
43999,0.418684468770849
12069,0.00184858990490263
9454,0.176464952734033
10271,0.0128354027011404
39249,0.002317008813023
44764,0.936087083720848
43587,0.621150728505722
1494,0.000774141587328822
23470,0.0138281094289131
13734,0.00596085708476667
16660,0.00750755441228115
25893,0.022377016700427
32167,0.0459744574374687
30813,0.0230901114657691
1265,0.00162195527088095
11073,0.0104115943231562
13054,0.0121796462022408
42013,0.740508049239697
39719,0.0420487353456558
17136,0.00106440110654429
25248,0.0136437039038003
6678,0.00665573216751635
42814,0.0256508553407675
6346,0.000861328718208622
35349,0.00727659883912591
16035,0.044403515456187
4054,0.00154614336905112
28668,0.0938489832664834
21780,0.0179650238080354
1726,0.00295668265586797
19414,0.115444848773241
28412,0.00966382197936252
11309,0.021997206298049
24790,0.0131194883166517
34709,0.00992390012931714
18467,0.0198805266829576
24041,0.166901681937408
2722,0.0214703740522853
31730,0.17017132829394
30409,0.0170991943261079
3293,0.0134257660723448
17569,0.00987525387016083
16473,0.0560003012474015
24600,0.00485423479430124
11538,0.0187998914494021
39984,0.0901464401739596
4012,0.00247106256096847
16541,0.000767123355328117
31023,0.203982223279708
16330,0.438414716496341
6964,0.0265021621135746
25124,0.085532594140488
27673,0.00605175733566869
5038,0.00181086553746783
29041,0.0636254450641743
10649,0.0107524982051179
36330,0.0278760165059742
22729,0.00622522006068756
20795,0.0991484809767306
29749,0.0358458923073761
22178,0.038906392007906
30750,0.0279109675357599
35469,0.0195011646131635
14772,0.00309537560040709
24053,0.0663693854487847
3345,0.000980046603711672
16054,0.0286796391954665
11423,0.0179914614352842
39665,0.145980688474754
33189,0.039209469267915
2430,0.0556016606094876
283,0.0181902689002853
39159,0.0144006394428519
184,0.0223394111179449
35604,0.00513144941341357
3981,0.00101516773490352
34980,0.0204780197518714
17609,0.00374779361955208
23886,0.0259108151241871
17563,0.00466281713979502
14552,0.0132227291547534
20053,0.0601665774799386
29367,0.176447874110339
31758,0.308947448408829
26469,0.00805159624720862
38339,0.0730024742729962
9043,0.00825015997511293
15408,0.0942631741295628
35777,0.0692014732829428
25804,0.175608839213831
22796,0.0248861175612327
36735,0.0343696506469388
38882,0.00605443545607406
35793,0.0248771483855035
41551,0.639050006146196
34532,0.00870636062588878
30607,0.0620543510023654
18247,0.00258960061835963
27392,0.03929063275535
36720,0.00956831763101878
8196,0.0113594511485534
28185,0.0915705493520842
39094,0.828019439015189
24935,0.0149373571089051
34137,0.117877011896212
14641,0.230508844289691
34084,0.269731771936298
37211,0.00894606272993934
11158,0.0150416998302642
17207,0.0230580131621881
41589,0.859863925865035
7208,0.0148420489642954
14279,0.161757166980089
5002,0.00921921502419418
19706,0.0142160660175712
25474,0.00887246189214354
8738,0.00392935090777708
35152,0.0102451977014569
2130,0.00329712548318505
33133,0.0494943625734365
44335,0.809141668021459
10337,0.00983626133135958
34447,0.00239572237193035
16810,0.345194244773273
12919,0.0261087475069335
30370,0.046640594816246
41688,0.80239428511772
42954,0.663812294137476
1841,0.0106765083829422
34436,0.0477403757832334
38924,0.00486174539566524
23409,0.0232010896646148
44423,0.157673090280147
1262,0.00328348854776514
28837,0.307057134081276
31844,0.413859582352151
32112,0.580108113066149
13464,0.0365381491134077
38503,0.0433847371691218
7748,0.00238415038972021
12750,0.00218957716048727
13479,0.00665590676676375
43727,0.783934748544161
6660,0.0220168812440919
336,0.00137025269112235
19692,0.0216449101751781
41750,0.121585491127018
10666,0.114013503067851
21783,0.0144222744987218
16963,0.1859677056235
35724,0.0130312885016766
33035,0.0578825934228658
37725,0.0127198403660023
5894,0.00107525537384882
26949,0.0230773118888298
19837,0.0161564258301674
26034,0.0394730976368763
12327,0.0157613903081666
1728,0.00256824923504099
20154,0.0287022109521129
8083,0.34671650718752
34383,0.166690782627444
3580,0.00390476743719542
21202,0.0168389484342801
13338,0.0363588829543653
17968,0.00738564082138826
34018,0.340227743088459
15088,0.0733935297554668
30146,0.0242708569753043
38563,0.0452949899316317
28995,0.349851313542619
11120,0.650800858269913
11948,0.00415592761112317
14343,0.0368847828378864
27087,0.10530321221089
7326,0.00353381399707293
36947,0.01330224726107
13057,0.0297962846482189
40911,0.0854670676377156
33826,0.588119886195962
31363,0.583191522243343
18489,0.0142858473811482
26796,0.0376781037727581
16003,0.11244397151873
20621,0.0475739225476968
23896,0.029441525941406
29993,0.0846073663647629
1330,0.00408567622224775
483,0.00254776762115208
11400,0.00574319481785832
837,0.00189817790321968
34577,0.294439593445124
12941,0.0717999063307471
42794,0.0228424318790935
34440,0.0813930679201495
23215,0.0232551247215818
28360,0.0109774194893432
716,0.00119121184704193
28387,0.0564469239541826
20523,0.0572262925744579
30484,0.14493715004364
37646,0.00326923443977452
28169,0.0194286232859574
11780,0.201840301148371
26291,0.0161486877313915
14518,0.00803704381060335
37758,0.243942406861923
11420,0.0117325901395666
28135,0.0184155433632408
14831,0.0238873703323081
7391,0.0422823265879242
3538,0.00594011257312611
21637,0.0371453780279833
24991,0.0187478046080467
22079,0.0995106052714362
36717,0.108483952313698
34990,0.010380552686618
27155,0.0528374157571936
43532,0.876000342470512
31967,0.640884556359935
31033,0.232944916500557
4938,0.00863931556560024
39133,0.0131282677094452
34555,0.00808982011591663
31190,0.145008489398918
2060,0.00242409139516296
11224,0.00422973611450333
17219,0.0065169238452084
24794,0.059054761239827
5445,0.0105803544006114
21058,0.0705551140813699
37114,0.651756641203584
5076,0.000967547417520181
2626,0.000963643172953129
28573,0.0287872187348499
16083,0.0290406072536087
16040,0.00973633996403487
2742,0.00346639892179272
39758,0.0531665126779162
25429,0.0332634055211643
7095,0.00382670227792624
17480,0.161020320432172
5232,0.0146784013021287
12881,0.269814176777903
30966,0.428340769863506
12047,0.00405500534227687
29697,0.140008157667769
22334,0.505378195871489
29208,0.0664281599635539
3007,0.00778720139282577
22431,0.0160836823642499
2799,0.0022087251378923
20270,0.0452799731190386
16855,0.0141006493454603
12565,0.0886396003358376
39798,0.0782677568549587
11,0.00596204349141046
22402,0.0560200836529147
23436,0.0114970984526152
33625,0.00784028304353625
24153,0.488552022224617
3464,0.0147583181435634
19353,0.0184718042613742
9617,0.0766972982897243
41530,0.74919286595461
10729,0.015503834485215
19860,0.0230153324432803
7856,0.00879985624127352
37542,0.00534305577228268
6475,0.176638435145505
20482,0.027412296905674
13092,0.0113702647469709
34461,0.120822859048625
8000,0.0102166360715378
33526,0.364934000706799
3437,0.00180708611435717
12699,0.0124258901241612
26136,0.263844461400979
16526,0.746588181043222
16049,0.0159881599378416
10280,0.15940184695358
8906,0.010389558978549
38848,0.0472005938248572
4592,0.00231381165398856
16499,0.0627889183926057
19182,0.122744866211338
5684,0.00685658484019582
12077,0.000925805346532554
26383,0.100956593348343
2875,0.00054678201486146
8721,0.00275349097384248
26523,0.0165365406691483
30198,0.484799019567051
30363,0.0198423450242346
35222,0.0780916064859475
543,0.00154189938123932
16749,0.0173431630045185
29135,0.165594166423478
5977,0.0227726312080632
40228,0.293360591989632
44961,0.406557201915565
42760,0.149692040237115
21927,0.0495526524125432
37471,0.0466958838445893
26390,0.0775599878982833
43476,0.493352417172051
19010,0.112528166298913
32828,0.238328884758753
39469,0.0450701402094905
17904,0.680682192999286
14339,0.0272728868692472
22065,0.0174224359159337
8374,0.0596912454794033
25904,0.025986310033742
2703,0.0233819748814986
31890,0.334647213358772
5325,0.00984445612398896
36732,0.524041210227268
7513,0.0193912206086214
12577,0.00413119191575135
37303,0.104617599281841
43304,0.848363496257477
7141,0.0079931416404076
41420,0.121138693174921
17426,0.031839775986237
36004,0.264286830571105
43754,0.0457724133196518
40620,0.0333066320103724
29066,0.0170187576640289
25213,0.0718393226276493
32089,0.195663338660056
30961,0.202482580902593
44883,0.160519508509484
15909,0.0105516357743998
25149,0.0269609401421819
29552,0.146147116622473
17882,0.00117141134559452
28292,0.0072666513554209
20712,0.031074945099764
44351,0.6643769620567
22505,0.0331787769510576
44283,0.00127490342204335
8331,0.00498947030271373
29560,0.00973796770690757
23847,0.16427656625667
13635,0.0626924386133641
20980,0.0254867238477835
7720,0.0973400660763191
14619,0.0139781088743576
6520,0.0464645077237997
27544,0.0132844298476655
39225,0.337754727135165
23112,0.0391768094665286
23379,0.0362576846070868
28512,0.0262649669503709
10137,0.0300405065856137
42529,0.0564451978563491
16207,0.191374351983291
24063,0.376130127685759
18303,0.00594327309704602
19246,0.0395086481405869
21816,0.0110954557759621
15441,0.0108876053690845
30637,0.00963712324741769
11452,0.26599033301354
36097,0.0539993235969608
10945,0.00922886540228895
9452,0.0170824753749051
10301,0.0315574522556185
9049,0.00800483433551525
35592,0.00882337468135604
29198,0.437111793797407
32060,0.18057942053638
43379,0.380528882620367
4206,0.00270487307044697
21067,0.0246054795665167
4540,0.00310288111519941
13135,0.0303422829144385
15974,0.0134530649941369
24863,0.0436692700406156
24168,0.11517108198517
13405,0.0137294511452784
37341,0.00811268443818218
1730,0.0113665254272242
11683,0.00728340931654731
44386,0.563286375377653
35180,0.0298195242477722
9122,0.597009958918265
32210,0.067095734010897
27232,0.0324672301861754
39780,0.0949546890167135
15185,0.00432580005660467
27425,0.00520696683833939
5716,0.00172826252024948
24666,0.0636010039680407
14422,0.0153213704202499
33058,0.101159781205887
37857,0.0391281972056242
31205,0.146716274436321
37761,0.130218551165254
18355,0.110830990258169
37408,0.152428175845521
32490,0.0858381307636033
14745,0.229583978383303
42159,0.0219477692184822
33367,0.0619941425821144
21622,0.00768995741349015
20474,0.109800219921495
34405,0.00892118316307256
16674,0.254700242828442
27370,0.411247748396273
28511,0.0576333487919135
734,0.0111094972152843
34421,0.00669191527608864
13118,0.0100795125068017
23327,0.0358142779476647
12885,0.059389389762515
41117,0.227106803792063
24467,0.00684999335182906
34542,0.114109901570507
23793,0.00736607460324237
37736,0.260125630660718
3231,0.00201171751980625
4615,0.000724687582194852
32450,0.432169358139971
28471,0.0193053891777717
11557,0.00522403798869823
33747,0.16565639995247
33490,0.0492317269956761
43061,0.721290351196105
27820,0.058892688699329
12179,0.000843409881759851
9903,0.00996650339800613
44088,0.659929254012052
44248,0.099020459717842
16867,0.0443189968618131
18054,0.00106192796312376
25469,0.0803046506185088
43584,0.55676049399185
3378,0.00242568133677932
8809,0.00640429869577989
157,0.000805744765479367
40924,0.25219411891099
20903,0.0599777283681815
24362,0.00920159611169757
11977,0.00175711162595816
30584,0.0182185472396441
34725,0.0164397611397052
30195,0.0196165006223177
12245,0.00343088867209766
16877,0.0140493321527002
37519,0.925285924927934
35752,0.278488414061747
14852,0.0741826065480024
2318,0.00419657330996841
34785,0.0065916442883401
27494,0.0399859202062495
33290,0.0304362944379648
5640,0.00489259147152278
19302,0.0744852360624312
590,0.000704205992879043
10127,0.0145601222712486
1057,0.0141436869655151
12390,0.092748163884888
23099,0.0513001783522703
22198,0.0315963845802012
42328,0.374813300765162
9720,0.024449023847872
12583,0.00531690899904801
38820,0.364271522980701
32574,0.023965104452013
12226,0.00157477082475091
30512,0.153673092624638
9732,0.00688863776060651
21826,0.0250628239970577
9919,0.189066383517914
33320,0.0393519935150422
10979,0.00275350232307299
25077,0.398407305607134
43593,0.0508074468970712
42466,0.139841360656901
18506,0.007821139491246
6978,0.000960215236387321
15796,0.00147883423079427
40359,0.192781191667553
40537,0.0096449201139336
19365,0.0907302943343317
32046,0.0674175327423947
7958,0.00858303878305725
17200,0.0145140587071127
38832,0.003700886115219
26790,0.0243391684994114
23462,0.00467967327164416
25853,0.0145508329554725
4231,0.000910399274102472
42085,0.155407641137887
35201,0.822864144477847
15331,0.0716126409501437
17394,0.0130157545614382
16724,0.510556809342731
12624,0.0660273661362937
32071,0.129688279634764
44193,0.245465461008081
31778,0.288953172183032
27430,0.0163077191441779
25492,0.0169862250793066
43093,0.213548850431946
40539,0.0597897077125063
13087,0.0168890670629478
30310,0.157826333557208
21861,0.0129357422811174
14406,0.00544253089412912
6504,0.0175268615699482
24580,0.0086301956744947
31356,0.224730106324364
896,0.000290365764862584
39116,0.0249055229049477
14979,0.0182089887452854
39297,0.00281142251099494
34175,0.210635842675869
5817,0.00895328367669647
17203,0.251251294832027
21553,0.0413004407373793
26227,0.0190307235213149
19776,0.0281499749466376
43781,0.31580723446552
16643,0.00861515269818413
4035,0.0141592057895931
4679,0.00186285608697729
6454,0.00476921529337897
33877,0.922180892248375
13841,0.00887833931437134
34659,0.0788114737406145
41252,0.210591127524929
28725,0.0341125722079381
4483,0.00405611689212191
3757,0.00368315800254784
18341,0.237188365481296
27660,0.0392174488556857
33462,0.476046642752949
4838,0.00231509220787168
25566,0.0550998279027772
35942,0.115653717025494
18933,0.0294326713978607
12142,0.00154227745073477
2050,0.00887841968817891
17780,0.0200988907770644
38117,0.335018310659694
21911,0.00465341799200622
29864,0.0722902013115414
14310,0.101876426627846
17686,0.227968380582608
8914,0.0121324405050159
2073,0.000576340093122487
33209,0.168535412186937
14973,0.841501108635639
40333,0.0546321609254138
38354,0.0695832119720131
32088,0.0399854047152206
37143,0.95359438757551
11665,0.00866478090432188
5428,0.270201981836069
37789,0.326759210697932
26636,0.0864803191938796
19360,0.0760386481563678
8382,0.0195286816380893
42647,0.115945444709154
20294,0.0215530551873833
34644,0.0160954949320557
28035,0.599949423327253
6827,0.00184201404748128
9984,0.053585716332716
23040,0.0308004965455009
27440,0.744184596958762
27259,0.0372496733219715
2956,0.366151803332074
40605,0.0613859170602585
5927,0.0043788522813571
20337,0.0387562677526717
22694,0.0601386087840525
22121,0.0247280622135112
17303,0.00329223575399867
25913,0.179284780035459
12824,0.00429369593141399
36749,0.163484555895186
32512,0.0740142134620909
30454,0.195264181679935
42661,0.0312964436350787
43917,0.841722833695516
41025,0.202949826161516
28891,0.128425378626243
38523,0.754570689252375
30583,0.0082452019972354
16896,0.0750737417742262
10930,0.00123926012456409
19500,0.0479433087158798
34898,0.198330218727619
30885,0.0240119501517199
33924,0.265154377189637
446,0.00271610707126993
25989,0.0201707417272988
41327,0.0205395836137379
17066,0.0175466679679723
4376,0.00194905753926257
8046,0.113941501994607
18331,0.302709736403928
41183,0.215016963383033
24022,0.449992722935924
42053,0.319723209785002
17843,0.0392161286398073
14666,0.0174545616977739
39091,0.282174860802765
16539,0.0128278465395148
2720,0.00457091549366189
29850,0.824635212068484
42930,0.07606399926103
272,0.238951554603728
11987,0.00497930826625716
25600,0.0321571746266481
10050,0.456282598869963
17668,0.0154296558733031
9607,0.0194849041767987
41431,0.48866350427987
8759,0.0140588852002612
30436,0.107620057662291
10511,0.00811254285787503
21777,0.00840672172828255
29529,0.117996409996965
10263,0.0128063853535306
42091,0.191088044651689
19673,0.721550618346251
14767,0.147064005663517
669,0.00262153222803371
20797,0.0285157366793467
1589,0.00390097204895615
36962,0.0379574889228963
5090,0.0023301999678013
27730,0.0105261764092129
42379,0.973842003102197
29054,0.10083288988586
23346,0.00646717069147893
24556,0.0134982630122769
17251,0.111301952923355
11109,0.525970175883264
19313,0.0189004330161791
22086,0.0697975554159218
15347,0.0172939088181068
24630,0.0169712122500467
11623,0.347276574071325
23335,0.0820024485603539
43164,0.249665482177396
2288,0.0159964634354722
39457,0.0437566613230293
36598,0.0164360317934572
31619,0.109990694449454
40724,0.0385764382252987
37010,0.0139890462655159
44734,0.814547622004705
37451,0.00800451268676541
18092,0.59279231318991
38740,0.0274672929245913
22487,0.702868144645462
15283,0.00507524628115414
22149,0.0395559624137914
31865,0.0274548843173754
40598,0.0130175888381987
34651,0.00536134763656716
14305,0.0143727496829867
35246,0.0050077385256728
2298,0.0034760507747605
13307,0.0849419513164022
36514,0.598821473340331
36937,0.0156932427740717
9278,0.0916008602149711
20348,0.0334857405919643
8001,0.00680333440847559
32925,0.124465212452207
10110,0.343707267555402
11083,0.013436580090229
7546,0.00140861342621938
20499,0.252478715780013
6999,0.000727673229948018
43690,0.00246642714999982
41313,0.200993127876589
21371,0.00944896664208974
20022,0.356553884331056
3418,0.00162150356746551
25023,0.0206617487734152
31325,0.315038212928988
20048,0.0584411885514127
7512,0.000401447064379839
2095,0.00280688299987435
4346,0.00707941021202895
20472,0.0366791376016417
22598,0.00983988998227554
39785,0.243878533147884
28974,0.0328514653518657
32018,0.106291555063639
12521,0.00237607923517872
1656,0.00145231001526558
26906,0.00729308020509239
20385,0.0317608950360409
20657,0.354256664803157
15502,0.00722716360633151
27112,0.0395376936758517
2011,0.00359692537664813
16183,0.649465572075646
8334,0.00519783460532319
2478,0.00738472932316074
10820,0.168219735082211
41746,0.26606454556882
20626,0.0457402808379842
36493,0.00362695538448802
15646,0.125036169853129
6195,0.0742594146995129
37562,0.00250634229383391
44171,0.156655982626033
21542,0.203299635187362
37197,0.22130343123026
13746,0.179499446264437
30768,0.0127832813375404
44595,0.0732709278902857
42773,0.0614892177288279
41169,0.0923090163386655
29234,0.246452523775506
22525,0.0353822857197676
6363,0.0131519517667402
13466,0.0399261153985665
25175,0.0219060907643244
32458,0.0775897722119386
35537,0.0867202556680388
17152,0.00181781060436108
14821,0.463998210839059
28719,0.0598573339820345
3702,0.246635237513647
7910,0.00101335167063912
28249,0.0130380452680231
34707,0.0294284767595925
23693,0.0499403863784771
30215,0.0334477852280103
39702,0.511050778834342
34142,0.541917882917083
2531,0.0100790364093321
21565,0.00857050538056609
31393,0.231280927908165
18939,0.0550047333266767
41635,0.115408474142613
11027,0.235768288173287
41368,0.0782248929479496
30645,0.0980609849163772
20845,0.0421929211749856
3545,0.000837119672081155
29503,0.02041689957044
5904,0.00167776428522314
3399,0.00192305538985756
20663,0.34770264374942
27363,0.0129196050592551
37805,0.0186892333374367
35795,0.00781691155919196
14331,0.0121915378152033
28861,0.0420785210039618
43056,0.075599688396265
17744,0.0045955023448967
25491,0.01757536513725
37938,0.00868283654456168
2169,0.135670146268521
22017,0.0109477983971635
10236,0.143916282970838
19882,0.233471485426697
6118,0.0252067570983071
42177,0.0950928135541814
15536,0.0118781846867009
16471,0.914591043027948
18511,0.00353292835361017
30783,0.0528045978307245
13511,0.0783482839882285
34354,0.00513254472575891
10384,0.0179512777910797
22125,0.0213820281250114
22180,0.0445575634848289
23488,0.00992456566228297
35593,0.0449732813953626
8366,0.0059130308961583
9479,0.48257778172642
21138,0.0783227472979482
33415,0.185524281063288
9775,0.37900099570765
27584,0.090507215711362
33235,0.012580979461897
5188,0.110814722436214
16288,0.302016303854263
19923,0.585207548534334
1288,0.00477423755310343
43877,0.126565186310331
8680,0.00618705672233888
37106,0.0107379618770199
12612,0.00543322819384103
28535,0.0215213172222697
12403,0.0707751234190842
5996,0.00171185061344012
10286,0.371578803158065
15727,0.617866595181513
22943,0.0275293312712489
27408,0.0183421155923355
32456,0.375719908207669
40899,0.0928469228148238
34930,0.0196243173678177
15352,0.0196529112530778
36833,0.00946148884075707
39074,0.0107760288425932
31401,0.838131230973977
19291,0.022173745894965
15160,0.0187355159689655
37700,0.0175328762320431
13442,0.0556909871128662
35418,0.0705000284829427
19393,0.0192225132717046
5384,0.272597033002936
27357,0.0204663014239733
29145,0.0596628999119954
26972,0.0268289235589022
42508,0.121364404953365
39278,0.00521519640322175
2541,0.0113905329096548
29650,0.158188908193065
718,0.00110567274099081
4585,0.00203669145687819
9888,0.015736895762388
20517,0.0492418653248516
12264,0.00508276245078637
11731,0.00531311411813317
39040,0.140551480227947
35244,0.467952403610372
8749,0.00498487664689235
18134,0.0467056467787395
22956,0.00516209646002267
26108,0.0415114183890052
38249,0.486866936140162
28714,0.0677510623681034
18880,0.0290664178039388
2251,0.00377562790594681
14139,0.00380716765789143
12056,0.0139141684146198
24432,0.331180490250478
5875,0.00393149926083303
17675,0.0057533581110722
37240,0.0124254857508061
30131,0.0713880219650634
29862,0.235096530333656
11915,0.0000204958841086278
28597,0.0086542964124054
42941,0.0598478102864632
1108,0.0285263790330744
14461,0.0189824340110891
17718,0.0315102560137846
28189,0.17418626371683
40591,0.938674653577137
25257,0.0284593310100169
105,0.0377106756310694
40810,0.199408304461424
17143,0.127172115237224
4823,0.00636234037376588
18798,0.00680233342263665
20664,0.17044985132205
32455,0.438597611147898
33316,0.0410943335454944
31115,0.047162574345633
26773,0.0706154839812808
25543,0.0133220723851455
838,0.00359282545441306
32617,0.0198400700462207
7543,0.00328494331503738
23406,0.00669664040531697
12687,0.281191325858966
7790,0.00321085676731198
17748,0.00272986271385347
11292,0.000475865936609084
6613,0.00545108290032593
37158,0.0107117609374925
2662,0.00245496484321147
5433,0.0969992158652453
33222,0.0181668792779741
10566,0.0245629113699746
29124,0.344338463138976
41358,0.273841296318339
41694,0.395784261074237
21194,0.0196048966056439
44619,0.340730883249521
33992,0.877283261813445
45049,0.552340412331528
13731,0.0114622122290978
33236,0.176192811018274
22260,0.0750409511719999
33971,0.0490794656280628
5022,0.265643394995616
40906,0.0491031022567321
33284,0.235560693111503
43637,0.0148996641519855
367,0.00186278633605702
36333,0.0028040705315773
42374,0.036718126513484
20263,0.0365282144206403
26909,0.128633876164461
8805,0.0137014605082766
29715,0.0359158489892833
30546,0.0493036445759388
20688,0.5049626832046
10549,0.0210466525430359
15086,0.00478484121346171
26313,0.00515119035186619
18046,0.0151333516800012
3801,0.0327409659030772
2194,0.00252884169902826
37869,0.0240663410801563
16970,0.011872928569403
36223,0.0165127099115737
20827,0.0388009014454015
16703,0.0326526624060033
14261,0.00619679035871434
15654,0.384857755310559
31404,0.368594230707283
44666,0.947047139551595
31089,0.0633165637609275
22742,0.0157765548712369
85,0.00383927518635278
36961,0.747932664551325
40755,0.263148568445045
358,0.0214919219055596
43717,0.135406703082521
38243,0.144910936578395
39791,0.317994954878166
7478,0.000728770394048163
28860,0.254634885080067
12728,0.0522265957046127
25563,0.262669517209062
6908,0.0159805684525197
6136,0.00559591733622016
28856,0.161521146374767
5269,0.00778225435981142
69,0.00261153052186096
1193,0.00586555983909681
20102,0.0224086379886194
31326,0.0398417557691786
30978,0.0214113946865813
16013,0.197919079810144
38804,0.0124153192690345
32166,0.294645093354845
20823,0.134517157031198
30685,0.0980239163463555
18963,0.148716063642444
39318,0.172930773960173
12059,0.00129319982856219
35710,0.028099001586211
1043,0.00110096760870366
9602,0.308546082227718
1280,0.00203785455956847
24914,0.0158861801448211
26202,0.00816202992830085
35478,0.0056163932411912
37080,0.0732188063488716
37264,0.0117389793362955
31438,0.558471979749761
23094,0.0527587920886218
6012,0.0126398148896833
42650,0.282651958129539
12172,0.00251242362878691
8676,0.0278682949500276
8816,0.0114961370986625
32367,0.109956617892736
17503,0.000901106367323635
29866,0.070265708559296
20551,0.185444728034424
9687,0.161587345781181
18908,0.488323011186945
26803,0.00713833555947747
2844,0.0146846428469263
32884,0.0276611518232604
36135,0.656013492087065
21550,0.0743901372863185
1655,0.0028685025790026
14222,0.691886850723425
9166,0.0262258724453616
28846,0.156969248122634
33755,0.396593588909704
44602,0.0120523196215407
2453,0.000927172907102399
1271,0.00287617125196856
6681,0.0064729943684781
31957,0.331539010943911
10497,0.123643698881512
35496,0.0350041143885057
14483,0.374155749118698
15175,0.0733988920853639
28140,0.0672773451876279
41469,0.648596573568831
28986,0.0435609515210129
23707,0.0125760339568117
32461,0.410320711391703
44064,0.23742147001501
8150,0.00752619757236859
17703,0.00108449235456313
40965,0.733781932022396
10708,0.0419625681446772
23603,0.000951288785216198
1561,0.00107245738933405
13505,0.037139901747516
25522,0.0104273368476002
22135,0.0155137247645777
27011,0.0416743279258487
41801,0.113157182989881
35666,0.00640494781725268
36005,0.00421834245712457
27929,0.0319583699336445
28703,0.469880977204281
21704,0.0099186451675503
29077,0.0462623911401162
28652,0.0348985512095371
13875,0.00529251586950907
22888,0.0214755108351607
15915,0.00756075053516825
5655,0.00687520840158805
36257,0.489304907751895
24238,0.350253656515726
17877,0.0192839927702848
41843,0.984984393471535
26525,0.586859435408467
22045,0.011197056553227
18950,0.0414096973842381
36741,0.282642134114804
14400,0.114171683923287
33773,0.0920129937855162
10517,0.0221666121299665
7726,0.00771157486686759
10380,0.0176054512755945
35428,0.0151486155463328
17534,0.0188253059054398
34788,0.0111784821858662
13656,0.0175738462469882
33034,0.0403312045008655
28390,0.00799308572002634
792,0.0449962614041757
7900,0.0198037294575902
36437,0.00280966605087316
35239,0.0107403813921126
24994,0.061771469661381
44306,0.469452836636312
33220,0.0996438707179684
35290,0.014644459087617
23454,0.0168089310544641
42903,0.11568844782301
25308,0.0139786500455217
18306,0.00312514017458241
31632,0.0666001290105426
35012,0.0730393974066656
717,0.0542267860013954
362,0.00141871147217073
9286,0.00519903861624159
13957,0.268692283683107
23115,0.0210092870261078
38947,0.0236678513162405
30937,0.265079165370153
26612,0.230418904174173
41190,0.113157692975496
11790,0.00943314125301242
22024,0.0202228110085334
10361,0.0313550098594965
9959,0.687647148506276
17801,0.003927807652942
21397,0.0115363927522893
31581,0.423490698227354
33712,0.0284508013012234
41473,0.739724139163698
44024,0.788532050293117
41138,0.0234391092230833
9310,0.477727693967473
15489,0.0102511509805465
30861,0.0392189725005272
9716,0.0358456263484323
29978,0.0454756626659864
32835,0.144036889495049
3199,0.0332674660805388
36130,0.00851597009834494
16906,0.470809067379362
7289,0.0793131111638253
20394,0.0185994671556865
36170,0.0249889962282833
25883,0.322914808642509
13573,0.00510499269175854
1370,0.00466730248573972
2592,0.00207078936637524
2090,0.00177582534637889
29930,0.028607135095211
37227,0.0220001700298884
38603,0.0121093427528336
26465,0.115476383304946
22958,0.0290425087295625
44225,0.0203093222566456
15760,0.0119708008371305
28167,0.0373724226708845
43331,0.930129334159718
3904,0.0227994509066499
16464,0.187441122895227
4272,0.0297530376354163
41450,0.169616369902136
38813,0.00206943472532671
12247,0.032020287992895
11354,0.00221257736812052
42566,0.767332780782464
39539,0.0216714473624576
10362,0.0142961731267159
15742,0.0112128331500656
3213,0.00189029770633409
23947,0.166766086879128
27198,0.0291562758535941
22962,0.0100801132013049
6630,0.00142087133171624
35503,0.008420001398931
16208,0.0301789290487094
33087,0.293215059663181
36404,0.0065486935588717
19779,0.0265192645906865
20770,0.694668227629587
44983,0.153233912911451
41978,0.118387755295909
6154,0.00543540902582503
34991,0.0127573353943605
14557,0.0800613347661037
23650,0.000805230561288539
8908,0.0121753492054116
37199,0.0193454617387951
31150,0.389651184065868
45007,0.88885313013727
1231,0.040417587575044
12362,0.0440815132717595
30343,0.0848095346967688
3686,0.00935908150096641
7185,0.00167483086831774
42992,0.00698739592735803
7121,0.00169181656611341
30852,0.113657917855635
5287,0.0768169849742331
39293,0.00222458398124117
26713,0.0131128572953615
34437,0.0980971558726872
34096,0.799879423222027
29707,0.162458899329757
40021,0.0771643254929425
2305,0.00265699413230431
19017,0.239916201488151
19693,0.290830503511866
36253,0.0112947149091339
13285,0.0689713430489
42287,0.416071336929757
19715,0.0120543090737181
28307,0.0123524032563157
5354,0.0120721604219047
19020,0.0274366564014414
32122,0.327887033791752
8208,0.00193494571708245
35320,0.0589460597069829
16995,0.039733051157423
35790,0.173786764640791
42258,0.920581664994132
44075,0.0135933812546378
22064,0.00826719171804653
14672,0.159716617120277
24018,0.0119815709583221
17229,0.220478176008686
41550,0.306679530805307
12180,0.0128937856590638
33119,0.078847105344093
28504,0.230468893903447
13194,0.00759447744188354
24503,0.00633801165791246
38610,0.0971593921903385
26275,0.0191903594091063
10875,0.00364093929381821
26437,0.0321564044368423
19939,0.0274276274399906
10294,0.00802278018094733
37358,0.81331788935311
24299,0.0146015245623112
20049,0.157916300071134
26240,0.00629306845263055
18748,0.00201385229531856
9007,0.0176818273609651
44678,0.461672423346197
32369,0.128844533651838
15339,0.00628702094581568
43014,0.856839703193729
2778,0.0220372864899504
27424,0.0157532788397891
20241,0.0185048676716355
32922,0.0263487344596898
36649,0.545054768024357
36092,0.00417940260032864
42567,0.956823698965424
32761,0.086102628278814
3463,0.033951501012053
41425,0.0664713151038722
2530,0.00510991230294775
15818,0.299057063546652
37388,0.819714565061046
42965,0.79039460329647
33798,0.0236791420781735
26433,0.0422719898509619
37435,0.0349256945360911
5768,0.00326209988795975
39877,0.161239855196219
28415,0.010208000308495
17357,0.0673653559644065
41051,0.107190303785953
42607,0.0274674152671491
6609,0.00138975628069703
3962,0.00195826902150821
35092,0.128407176356447
38132,0.00369210407784882
32100,0.258220646407013
6006,0.173592043315472
26115,0.0415512063208346
31119,0.18097129056652
26005,0.0584441183608522
11505,0.00802418279328085
794,0.028705780805762
11459,0.0185845651306935
27881,0.0131034454376908
34834,0.0493941817469193
36193,0.0229305980872336
20632,0.655239312753546
6269,0.00686431611030099
1279,0.00199970536950628
12155,0.00333635118826526
32714,0.204669830373627
32666,0.0425633234952778
31087,0.29759362193355
25534,0.0416542934192468
16577,0.0151571842391556
2074,0.0103554110544539
42405,0.145937560936883
25267,0.0371288672410119
26292,0.0115463841408216
25484,0.0939920629647366
15356,0.00721122748455504
10969,0.0162298826445133
1337,0.0149439315960408
44689,0.310995611252985
32465,0.129999760310857
33871,0.658992463459762
14613,0.00246535601023124
11723,0.00466349796846154
21458,0.00542998088631345
33215,0.416843450758795
29223,0.037925756501588
16384,0.00246245607350356
559,0.00626080466175704
31207,0.324365024754486
20312,0.217761449464477
24824,0.0188351047521281
13586,0.00977422143549842
33933,0.2444197538068
7624,0.00282126587567931
23850,0.0154287084037059
5430,0.0149573224186872
8322,0.00244834431036622
41121,0.0225555293335249
22138,0.0156673394444146
44897,0.788309787997594
18478,0.0184108140415447
18678,0.00711259509160802
4909,0.00166126588879258
39958,0.466491921191361
32517,0.103213685588225
30529,0.365019599346571
11701,0.00590426314134217
36203,0.00468208565117021
6881,0.0018136905305122
44122,0.00237560253834132
37155,0.00191991438259776
41722,0.501874173074976
25533,0.0100477568095276
36852,0.024672203621371
33507,0.0509463331560998
27982,0.0236182450828
32463,0.673362120306811
32473,0.241164318445857
3687,0.00476066757751791
20591,0.222808999346992
37607,0.00460975673946322
37871,0.551196048738278
34293,0.00801431874321594
33390,0.0453408032133809
6563,0.00095268515708123
10355,0.021651536769034
17466,0.0159789423035211
31992,0.195067834307743
10609,0.0406348158583482
34801,0.0173141120156137
5775,0.0179632863335812
7609,0.00337766372476033
40746,0.533581284924422
2945,0.023252339820308
40548,0.137352851392746
25428,0.0196437736552938
43865,0.42437386785408
5167,0.00341911876283259
24354,0.239455633187882
24307,0.013607194750671
109,0.0548192006805303
37469,0.0156515538304954
44807,0.893235274494744
15706,0.147534831045081
27658,0.0163250201838619
15596,0.00123902509973825
26918,0.0693620587128828
45155,0.168505465853718
37535,0.0436235383538819
8428,0.00764226224828908
3769,0.00103372600039092
38226,0.0172241452273509
19557,0.01139632099589
41774,0.455823401834009
10885,0.00557109290339281
40112,0.11689355678797
28859,0.0314063502878885
15491,0.0200667421675388
36657,0.035504536474044
28264,0.0683534620310449
23924,0.0170702222847144
15315,0.00669371608700736
40349,0.0240827297008174
14110,0.00730555545917311
17663,0.00465419554199804
6980,0.000891663800304933
18929,0.200682347964259
27098,0.0603138920638753
7879,0.00177531513201146
2885,0.0102952306482467
19578,0.0117486852921751
22122,0.0341318072506251
8669,0.00694696824845665
7220,0.00357161344741198
36557,0.01022125992889
35913,0.0209213971721418
7884,0.0128833552716945
44527,0.440811359004009
43642,0.0562592290849511
12733,0.0082361942617129
39844,0.0316156756192138
14488,0.0277663790580643
14146,0.0438577647103238
42734,0.934415203697756
37274,0.0436452002346254
31289,0.378187598030278
36963,0.475875779343379
25550,0.244063397858046
17849,0.00891996027200395
31165,0.0780175906740094
42784,0.0494802519647693
4840,0.0186758977432108
2681,0.00654613636244075
15813,0.0043610472642927
31490,0.0954189714525606
22219,0.0135860736323053
33474,0.0617347323443792
22239,0.0172621709877609
3923,0.0202650492965938
43288,0.512113836277919
41534,0.162521327301942
9333,0.0113135024690603
22213,0.55862837729521
30010,0.359791614572698
11410,0.00904439451823023
671,0.084060246838418
20793,0.0598294541557915
41967,0.282184820125915
15229,0.0255847289246765
32408,0.417128703098278
2362,0.00368734071057229
18480,0.176424074283322
42339,0.489340561482838
11746,0.039235686397114
44179,0.716961236903975
7404,0.0247167400692854
31963,0.499137899908941
2330,0.0148470080751352
28192,0.0619193614238556
26874,0.0171288867805906
42769,0.031872319463011
37821,0.335763482591448
22637,0.0254265011582453
14697,0.00751389595174582
34019,0.951037351610463
13595,0.0757309214527566
10983,0.0192935967129335
17081,0.0185590090329976
27942,0.011250925172776
35632,0.00676904478881196
20140,0.0547048682192176
39820,0.175514175845753
9259,0.0229778195651291
40414,0.0192835980595878
38406,0.0164629875806259
6128,0.00744760764045455
40427,0.0272255421065704
6974,0.00205499949133811
13066,0.0340774620009107
15342,0.00524855025338531
42041,0.306613378441455
40659,0.406646955183043
41158,0.0606711652762906
32067,0.0736014600046521
12538,0.00642960630054391
7269,0.384748134063193
12213,0.00378839502126458
38468,0.00417872167426913
33218,0.0930889036267408
32364,0.0759323150116393
28389,0.0241313045732458
20322,0.0257488302657554
5243,0.00314029619115014
18866,0.0261627499856008
12162,0.00215377070874024
19535,0.0195911545702832
27839,0.0893075770798445
4138,0.0145766103434705
42995,0.121913415332354
6484,0.0138877209496259
35781,0.00639815338216406
25130,0.0376598487399021
36103,0.00227761621713045
478,0.00171012894211791
9606,0.137011617550029
11015,0.351547409820375
20101,0.311839325929981
6350,0.00392056548096929
12270,0.300004039348845
11222,0.0578661525457263
13031,0.085427232374534
15710,0.00163204971612418
4075,0.00168795045242279
36928,0.276247227749732
41632,0.206827843994158
34669,0.00201936567951793
22748,0.059163544152938
13212,0.0104537428804152
3965,0.443967417368071
35316,0.0694348121643489
22236,0.0189926537715099
4227,0.00484791290216386
15837,0.0166268248130002
27916,0.0071784842338089
22854,0.342743629867036
10267,0.0106897166587322
11113,0.00182147353485127
8786,0.0206912073409829
37180,0.599026823479042
28609,0.0118098574927699
12930,0.0343421204275618
41741,0.626475452562367
29149,0.127183272286588
43782,0.610429302382011
15409,0.00823914575251211
6731,0.000794159603503933
31526,0.296672317768206
21386,0.242696115967282
24305,0.000829115960789104
40087,0.0851004676004522
4820,0.00167523950907385
40079,0.0816480943768791
25384,0.0190741492679933
27720,0.285707121813349
24690,0.0186960780964983
8088,0.0552701678674261
7433,0.00419060881726004
37431,0.0484466194325064
36806,0.0175279414552826
2413,0.020191366556965
15743,0.0150094862580822
33874,0.401908368725912
23458,0.00268436072671277
1934,0.016357262712201
3261,0.0290998967269633
900,0.00393498219243172
38748,0.0036878267116664
30624,0.309536267708753
40082,0.195011398541879
11243,0.138928375407196
639,0.0043836312781589
27774,0.031641888924778
7779,0.0051843509749942
42993,0.0479074139007501
44403,0.233593780474059
31226,0.220274026969929
9070,0.7425609531497
38914,0.00876603530226215
14153,0.603574567182808
26808,0.0300340874265929
26050,0.0156844798117369
26974,0.0232484005296312
31313,0.234235818778821
40363,0.483908763917747
14096,0.00964958625504183
11499,0.0897834667468399
7249,0.00309795521726698
14322,0.011451461890999
1429,0.00676557683899584
27237,0.445273311409054
2714,0.0108934678352661
5301,0.00357557571705661
11533,0.00176103342560756
1744,0.000998115716696145
4162,0.030026766629444
12705,0.0204638749722469
28470,0.0102280732702437
35000,0.019940747333932
20761,0.0309360369443328
11532,0.00540057017288355
29714,0.0701142021759608
3475,0.00166077922017478
32175,0.0746770544779462
131,0.196334592473814
34940,0.0789711395522181
28,0.000960512778390891
38812,0.00196855005377505
31442,0.683630434191977
44576,0.575033701536604
25299,0.0259372500918559
15094,0.705986589336426
36074,0.00828233840376197
16641,0.649151987657979
2637,0.00193483133738704
43777,0.0988724624043204
16861,0.225316885519686
6174,0.00739444101330172
8147,0.0047114716542411
38166,0.053766382224752
499,0.00121621642503965
6485,0.00177215819288459
39590,0.0955871806709813
3970,0.000378396286618661
40802,0.0481524352902839
45181,0.358445160811967
37696,0.281901726315688
28053,0.0128647849707018
34581,0.024852531694544
32273,0.0776527211817872
16058,0.631748827541286
4021,0.000266840812655708
44522,0.770472764312619
24204,0.118944613728154
5550,0.0373416321044828
15799,0.0315467680749705
23535,0.0245204783540032
1536,0.00788720223971415
33870,0.264335167294252
13820,0.00988830683007113
44061,0.566386935762552
24222,0.029988449458492
17175,0.0330222979103245
33112,0.146566733451161
25432,0.498512837181332
28459,0.289539618160143
42464,0.114896511214919
41523,0.789913605062318
15333,0.21748299559948
3036,0.0039464267696643
41977,0.194288179476297
3473,0.00210553416003823
357,0.0171647573254462
31503,0.0549702556371241
8814,0.0399589672048304
15657,0.0285981160483851
32850,0.152032730693853
29557,0.0138179492157585
39114,0.00715520752899652
11364,0.106735325132372
41605,0.117764745705698
5086,0.002708739173078
42222,0.37976155759567
29459,0.135299665868451
41987,0.731801648307109
32755,0.0493710449768928
33075,0.0352880204181126
41802,0.435725805599738
31872,0.359832093379045
36379,0.0163606049420125
9889,0.0770345864991172
25242,0.00447404370467446
35775,0.00986962697645344
23644,0.0747615367046952
11860,0.0707181589679452
25380,0.0116394523507325
1798,0.00300181782070155
43309,0.491845805062268
19792,0.0305227746569677
31529,0.347216263903933
33470,0.0110284924313088
14709,0.00830419179223149
35603,0.069832002984901
35167,0.00525457922448462
42000,0.731638180145825
39138,0.357712280151499
19782,0.0198788799123753
34012,0.835959840357007
32007,0.0785377001841031
33381,0.0386761312381401
38692,0.011832324057819
21577,0.0100693062412106
25454,0.0502468112588846
11629,0.00250694925916572
21047,0.0341942884295571
27568,0.669528391435678
32592,0.0185441077960766
29516,0.0322312475984648
16559,0.00983492770815239
42637,0.0789871385291173
11671,0.00815847405151888
18719,0.00210797927625323
4052,0.00053570579837111
504,0.0142512991232245
18795,0.00301189699929318
38678,0.0110738561340238
11536,0.00635041144238086
24477,0.00532890563676512
26898,0.0326311461270319
33421,0.0441092200360002
2028,0.00244630480682094
42972,0.612348043499786
36219,0.513109726292117
8045,0.00170833953682198
40572,0.110838607182081
38654,0.818785116745653
38581,0.0133896985121617
17105,0.465429602953637
45128,0.593095340809314
17548,0.00683555586495836
761,0.00591626436586705
37342,0.070908322580995
34412,0.00518010466473204
10053,0.0118805559929585
40974,0.984510209602653
23306,0.0350000345613152
41693,0.165926324438816
40949,0.284550530338354
18228,0.0137795297284337
30391,0.0525445068463424
16435,0.0234139317977125
8226,0.00927100903350415
44837,0.00740831489661271
933,0.00213362557550139
17422,0.0874948795080253
20077,0.00730688065689452
29998,0.12330875196848
39016,0.348669689967436
29603,0.288964441142066
39329,0.00372448822340618
28312,0.0185353291759025
29059,0.0236130064520761
618,0.00183709913097075
34546,0.076928825452852
29740,0.309131645764487
25836,0.112106860630034
7599,0.00442046889068849
4570,0.00159757565625728
9083,0.00526364758353858
22998,0.0264924773470779
24097,0.157044007510774
28375,0.014150749928618
40640,0.0544812911645038
8777,0.0311860813661433
24408,0.226316497682194
665,0.00750165806358645
18710,0.00040287544717459
20104,0.0111857350774484
43713,0.286260190779154
31256,0.251732891975363
41798,0.231524493420952
30248,0.0879962125882888
2329,0.0749993538919589
13910,0.0806084629594175
4236,0.000794964942951884
26569,0.0185910819459441
21551,0.00946022950751779
40410,0.022230784061162
12446,0.020580556167801
8440,0.107511553916642
37645,0.384023796995565
20458,0.0140220514209643
9793,0.0293792779552954
5696,0.00125426234141925
15583,0.00978175776272636
15450,0.0948891367695499
3150,0.000181787407327469
24962,0.0524349112875047
40476,0.00743197719635864
37372,0.793725201176
42604,0.729506528122093
19976,0.0124753762726907
40141,0.347806270318537
34071,0.511989888829731
13224,0.0197584870142741
12800,0.00825494797082741
32114,0.279785381875908
37561,0.00516341817077851
26740,0.0143545600683624
11923,0.00577630136520758
6686,0.00212607016040011
35462,0.569960907839625
18403,0.0132349612914389
12923,0.0079832940583256
8874,0.055850422385546
11454,0.011295296674033
19395,0.0149737310589635
1927,0.0055741695585922
30866,0.704866069234133
27753,0.193230587565909
11503,0.00494109284097429
33592,0.0263145473670716
9394,0.0176289154390407
34219,0.041185191556053
5557,0.0177626919725467
12545,0.00252879019125293
3490,0.00787250186893388
27394,0.0294391270346477
593,0.00211183741813183
44667,0.268390063174699
33172,0.0792579944209936
26178,0.338814750443914
32619,0.194666236332355
13780,0.772569270210635
34888,0.00258619697207416
3761,0.0234993118501221
44797,0.790625912512199
22563,0.051491724015529
40195,0.0521384476029267
6825,0.00281725838559334
18377,0.0112774359725191
36286,0.115590054691307
15004,0.00298856372637882
23672,0.0718337142537748
1203,0.00530141043547985
29779,0.140340410269663
17155,0.00499278874994629
44050,0.916789259539336
10108,0.0245599904409403
36278,0.00896424497329584
4791,0.0000357659836077583
3192,0.00153943990988699
27445,0.0211817485579383
37516,0.0430780993256413
35578,0.00661827872910425
33568,0.0570170412402477
38560,0.0182682453748088
30273,0.0583666980707174
18175,0.0248122553009823
43071,0.0904410558806261
8942,0.057340952909909
23048,0.258869675510871
24308,0.00397280783936492
5802,0.0331743902622422
3323,0.45050960753239
44684,0.0150141861205786
7112,0.0102567547284087
23777,0.00214866438145915
9032,0.0538925169616354
36585,0.0124184621450939
34566,0.370491182292713
45156,0.511709288755108
24864,0.0795625731616806
6224,0.00177162416193717
4904,0.00755431944188397
8887,0.00731930594069095
10098,0.288862107853136
38488,0.177083186063015
29617,0.140432925250945
24298,0.0108984033144776
35389,0.0492896676210176
42697,0.119842625333289
44192,0.296470111781864
41751,0.645166021446711
21994,0.0300828103300142
12280,0.0358658655310361
16569,0.00789146413328827
34326,0.0882735096482534
7491,0.000598223622210819
13522,0.00905468647403207
32323,0.116989800280828
40036,0.855584504047241
18408,0.0185613069769096
37623,0.511620848844308
10475,0.00566304025581268
36990,0.49374849100579
4953,0.00933166880182342
28997,0.0351269488781513
8341,0.122855915365945
36124,0.0271576761686646
42514,0.172917456792925
44446,0.123781326869624
33444,0.423935712526108
41572,0.291338458769991
43641,0.228620274203875
3119,0.00266224427536526
37923,0.00717485622740677
34517,0.0587805059486563
11764,0.618981261494901
19492,0.0130831750204112
44156,0.641034814433513
2149,0.0049113523938625
44603,0.987532423346699
4148,0.00504453940589557
25379,0.11382378586112
41455,0.57721388508339
6833,0.00422934508868398
19031,0.0165628553326755
1916,0.00250265969036527
18646,0.000247753890579942
22597,0.0131899133683429
5100,0.0162139320495839
16411,0.209113683736105
9647,0.00974554566592491
16980,0.0168188563222562
23265,0.0629222182139417
14931,0.00448057043006971
1724,0.00349899781169834
42460,0.542569901075732
21208,0.18786229887126
25301,0.0434920205115633
1727,0.00297091556518449
5393,0.0150979187103594
44029,0.902070889718297
10557,0.0678254293851638
7034,0.0102339226354625
13153,0.0293659435948227
22377,0.027993805803725
33457,0.215997606499452
7306,0.00324484894063589
1028,0.00301261057932894
17057,0.00555766622709284
67,0.103139209798598
38238,0.778127142269418
10014,0.00199993368387643
38730,0.193611151303631
28727,0.0641583095709116
42851,0.118904639594814
37846,0.00674470010167653
14043,0.0165049071487285
22412,0.0642840223494943
2640,0.00875845601157543
14947,0.312235976245303
44978,0.341107002583203
20575,0.0247987596195719
1221,0.00186099258596539
44730,0.837535747486385
8627,0.0109295830069135
35620,0.0198827362910876
17505,0.0159422689753132
8878,0.0684993946892447
21259,0.0125878902532314
44794,0.445141779821562
33453,0.510174879889267
42775,0.0234070885684973
10714,0.0189621742038701
6194,0.00732291877823203
7102,0.00146357829919696
38586,0.022477219569155
17521,0.00281977266109102
28921,0.0257932027166451
9784,0.0134170977669945
2364,0.00444052708336427
39484,0.0298703623698669
16937,0.0107162208010476
37950,0.626577611880874
4407,0.00733153267575509
18986,0.238996801099532
13308,0.0226490047217195
14388,0.165317997933473
9386,0.17087563205745
9653,0.0100739302319975
37047,0.0282696258647873
37788,0.0504658706105379
37037,0.0108503564558813
14840,0.743496168792152
2029,0.00710134479272956
11352,0.453041926680653
18809,0.00901341259974077
30329,0.23208354463282
31585,0.0524665495168527
30878,0.0150774226065561
21054,0.696641219901629
9872,0.0179645628022098
25579,0.0116486674770512
4539,0.000540132339111344
9458,0.00602040994129836
35953,0.0343222994807994
15378,0.0650968813299017
2663,0.0110762254478608
39510,0.221644135449019
31819,0.174226701662469
23875,0.0242346883320527
34906,0.0460482694747666
23902,0.0400899473645014
28361,0.149358967415611
22715,0.0387264554238839
37445,0.10516347475474
39137,0.339067697587307
35742,0.0185754722882494
38918,0.0621211148408621
18771,0.0114619909456072
38495,0.363424471127381
18446,0.00480098945913364
34031,0.2628996279073
16605,0.0640168296608744
26873,0.511495059616534
575,0.00606153813698583
30435,0.027459438098938
44302,0.00269035376811655
7272,0.209352005492087
19029,0.0716757673850604
28898,0.570299801296424
31384,0.496846936993396
20245,0.0297181401312465
18738,0.00216678799990991
21119,0.0351855285909891
30345,0.487126088082267
27302,0.0159508243701427
31094,0.369302050644917
16685,0.00876047981986833
39309,0.149522566904873
44474,0.0935467662586102
18570,0.00985922440779566
121,0.033822131992681
34054,0.224416858653291
14515,0.426900148297271
23268,0.406468181133431
17039,0.0113486101899707
33895,0.804394233230606
39117,0.162403100984312
40704,0.0309892264811421
28510,0.0314074987161529
34108,0.774500679795116
28971,0.039122397580938
25445,0.0057055049103714
1493,0.00685447592754344
1036,0.00104111750414905
27734,0.0895139899211356
10912,0.0895524910797924
14379,0.0147041770970374
32765,0.0542331209780657
39136,0.106236832790244
6531,0.058169519097312
31035,0.038574596594262
27714,0.754873055115149
17768,0.0834644855894825
12627,0.00210124016277234
5122,0.0176681687893443
17526,0.0119822418913752
30158,0.00633529114932337
28764,0.025550917157368
4782,0.0533097793438785
14380,0.0136499816532963
9509,0.195214407010019
21200,0.0446917949305065
21706,0.0149891689038579
38844,0.00336787216509498
42788,0.159350145509045
3921,0.00736455269119155
17660,0.402211820854561
28486,0.394212355803141
6439,0.00742998679175226
2824,0.00280927976002371
9544,0.00593642777789143
4717,0.00153441645286426
11355,0.00205880896327852
28948,0.040077110003503
20882,0.0291536357319531
30668,0.2558853334406
31511,0.106932193865575
24343,0.00650559159707114
15920,0.354618961762707
693,0.0142289291196778
25910,0.160906488256592
43005,0.594158276768909
25927,0.0212762639860206
3956,0.00895041297672183
1632,0.0125694516448707
23464,0.0266102717530805
7489,0.00210659271872947
28919,0.060347550244315
40147,0.615268007075757
8454,0.0123025823944018
43060,0.065980522343642
22527,0.136870304393482
1421,0.00440827888523176
13882,0.059622150895936
41035,0.0526624988183156
35384,0.0149009310767143
22909,0.0846265713071913
35493,0.773292248675586
6495,0.00130113826260738
25753,0.0182898705794208
17030,0.0331134246976574
30191,0.139968533517008
35510,0.0203179786259432
22155,0.449812121760422
8699,0.00316975439714337
4694,0.00278796612121842
37501,0.0355664569831815
5483,0.00968244855953634
10103,0.0551588320123893
43666,0.0549365371305113
43715,0.857555125314255
13555,0.00641750533338324
11781,0.0133823814582308
12026,0.000663957462461877
39782,0.151565247195136
17411,0.0100519894501223
17861,0.0162698435564744
13378,0.00366740874119937
41878,0.168536098798695
29940,0.0248906243513427
38911,0.00110983267008897
5281,0.0561583672842763
2199,0.00508782040881799
34714,0.04146806478496
8824,0.00449301427487887
20597,0.0217536274781441
39846,0.58573354335118
44098,0.0805466606917293
4654,0.00201413412740978
5447,0.00712363229952969
41876,0.574097941149407
1625,0.00471403337229488
18553,0.0113153795454915
22626,0.0406884264962539
4132,0.00440257107170821
14565,0.0134805379537799
41208,0.0482066571951453
33597,0.0368455491856585
37738,0.204995386019384
16209,0.188948708667968
29967,0.0400371104934909
2669,0.0024507689280687
37522,0.903121857703042
25279,0.0161175410837906
11130,0.00538061064072056
42231,0.366603368428141
18030,0.00622190215539897
41692,0.0787706009212535
12000,0.00890972751424956
21929,0.164674128642507
37300,0.0263990772349124
13339,0.0445132734399436
4818,0.00203994068747114
25847,0.0309826586254723
21898,0.0215348350983815
4571,0.0282451737904817
20094,0.016532252129704
20222,0.023481537218092
41561,0.668878581823007
15095,0.0256353318919984
17043,0.0056744530490463
10779,0.0297224426146672
12880,0.00706278036138819
17546,0.0174349911996474
27153,0.0185466007939499
5755,0.000800341235398337
28792,0.00922004724672477
42924,0.0315916425568413
38995,0.141017299796038
34286,0.0237193302680122
32382,0.133133151799436
44708,0.275160559435121
244,0.00162396305797465
42911,0.0811696529105465
20537,0.0597980961730732
11712,0.580181581749784
10924,0.0023486676700001
17622,0.0159577056480008
37269,0.0194309193464448
39121,0.013655484706193
39494,0.0885064645423926
41275,0.0165813214501423
29200,0.11100330723901
1159,0.0302425645358877
11129,0.0185742792005369
39141,0.00362905085668554
33185,0.0368843751634813
28117,0.0652933606728038
1323,0.00217333051782473
11472,0.00905598843848942
29071,0.146754913835885
12894,0.00795943205309042
24506,0.249947633583125
4170,0.0708941511853572
11234,0.0821737205409652
30953,0.0301904306032232
22145,0.0108015050794137
26068,0.0174340884124669
5898,0.0189623728293049
15133,0.0106925419350934
4412,0.00258440093931777
28927,0.114441287902757
34352,0.0237368670798381
15273,0.22014798275853
15697,0.018434399869608
41288,0.211562110956597
9683,0.00966146756597066
16668,0.0487062978876349
43268,0.912643734939214
7698,0.00166308181759675
4134,0.00812836942557066
42542,0.436850475122712
21079,0.0557658053510898
23137,0.0188681397790369
43537,0.807777319186234
14411,0.0114379443379561
28233,0.0291060099527965
40327,0.476562518285508
6312,0.00128549596490241
32876,0.0166874324177079
44110,0.0824038115687002
27253,0.212180465851262
3030,0.0291827418573073
24274,0.0118469820758419
44569,0.0280136289681224
42022,0.175936808441961
4948,0.00119608241657959
29253,0.0479954104185129
43044,0.850951979605358
28257,0.147291148980885
44848,0.744261729016447
34784,0.00773300950442363
15379,0.00736878700038569
45197,0.342527907134878
9425,0.066571865286881
22297,0.0306815882533218
22333,0.0627205440578811
8183,0.0912651948525844
38855,0.00624588222205312
7304,0.000366390151200382
32704,0.0466296289176681
11940,0.00184379342400333
34308,0.959791252574206
9774,0.0113089540827539
44167,0.00125616107002217
29904,0.0278111116747764
35720,0.0196216725271322
33739,0.0997573454696842
10684,0.298866105496995
36245,0.00305718343406306
25841,0.0948473573632301
39145,0.00611220225246252
39889,0.058103857314156
18327,0.0686559383025407
8375,0.274845144165635
42543,0.823599143474223
15914,0.0065021138761524
9311,0.00711126297641512
20642,0.0285167246847668
4329,0.000311515306163666
36099,0.0057455846144409
31700,0.0690554208394268
2492,0.0036719606315992
9232,0.00393344465301543
3131,0.0213058499966004
25120,0.0173887419640355
21307,0.0178084770208003
32586,0.896526974992736
27641,0.0162276700499385
18009,0.0154924186003719
602,0.00365923304141677
31709,0.3106738631647
3015,0.142916160098585
18855,0.0575014245370745
33169,0.127136889763571
9473,0.0110890589438485
38399,0.0103402945634871
39690,0.481137575649746
34443,0.0194701770577796
14220,0.0079271773759594
35177,0.00463588363665314
11732,0.000400748641620485
39717,0.012934338944938
21529,0.010421158721035
28765,0.0274738259197809
3459,0.11860049208114
33447,0.0414875683334009
14311,0.013983895724195
12805,0.0111115877083544
44914,0.384483171481389
28966,0.144479600622797
2271,0.00641634969675837
35958,0.15625166503297
583,0.00256340798754168
30428,0.0530283825539152
16349,0.112008309177734
27999,0.061213884117575
24144,0.027313811177436
38796,0.0032945928669095
10648,0.0129874704269263
16572,0.0403136023864608
40185,0.0644634853339001
518,0.00290268838101103
17763,0.101071166333117
26992,0.00878579524672124
4243,0.0108132880115089
35834,0.0219689400358366
29316,0.191924261985064
10588,0.0112120883071998
22403,0.0387787665295168
21201,0.0156031002076032
25778,0.0156895172680189
43363,0.726690822097311
10505,0.00398196282887643
5153,0.000464812400076997
29148,0.0239669170406649
16259,0.0486719602102274
11875,0.0171506458977956
6295,0.0128068573680916
26868,0.124482888522064
4297,0.0039828216090581
23765,0.00274647529629715
6211,0.00259628892425844
22557,0.15848326761722
32339,0.712138805720406
14503,0.00209896578048357
44145,0.496549310172363
37828,0.155594373217684
34496,0.0396488332100724
40050,0.68116737996604
37694,0.00300367012716844
20501,0.388557945412107
22302,0.163833488707793
2841,0.0608196061020752
42504,0.789972184157461
41563,0.371743513578834
23876,0.0129338831808153
20599,0.0551795476090727
7931,0.000819106931066856
10370,0.0206979824996368
38583,0.0130016645530847
38891,0.00559600514084254
40656,0.26246687175658
20201,0.104817880049702
32815,0.0379969620325481
8921,0.00521152534951714
22381,0.0540772873165884
33973,0.600454740777636
23064,0.0285074920387494
34525,0.00784589100079238
20046,0.0179178300634642
15170,0.000767810170180462
36183,0.0244907673357702
30792,0.237268467695879
19685,0.00981275700034041
29806,0.0246769648467957
39327,0.03253589462611
22812,0.0239926455261411
31605,0.465376353208078
1894,0.0695472378687529
29952,0.0305417967188189
5227,0.0116753577015623
18413,0.00725443313091075
26521,0.0303800212028578
10363,0.0219483298187747
38978,0.00345100705243441
1039,0.0344546059205191
17309,0.0157355388817952
36856,0.280597478386698
24817,0.0125819802467161
33676,0.0141620601547429
23014,0.255666783819073
3349,0.000889424460807309
18780,0.00557118389091966
27064,0.0146262782018886
24111,0.33999017874459
39378,0.0373773315874519
27008,0.00938571453015915
9627,0.0963868219278072
41038,0.0744541661900492
33103,0.146431829193011
43368,0.517271526068189
4999,0.123087679790897
21746,0.0136076786502841
2091,0.00215865330350705
31378,0.43485671943077
4632,0.00122634182537059
37285,0.0317967563404967
18103,0.00947345057666465
7791,0.0513548042661481
41044,0.0742425214037127
34544,0.124823017224652
5796,0.00101938064936241
1273,0.0131936492201405
4185,0.00668856452612512
1096,0.000411585993348181
17012,0.0148592462683378
31773,0.135436195461474
24578,0.0284285316712803
18900,0.114489294427086
7907,0.00367943920282701
19057,0.0845331968378462
18153,0.0371924325386396
388,0.0339433343659382
9828,0.0124259575956914
7854,0.0015504676342929
29935,0.540637042359249
43249,0.916533459178775
171,0.316255120867483
26842,0.302920033447767
4285,0.0152356142266622
37160,0.0534117607607198
12375,0.0412412232257793
32005,0.13351770781075
7381,0.00163364508508111
34726,0.0130441370044173
10923,0.0173883327329036
6855,0.0728170573527255
4465,0.00427828864004514
33194,0.0596357094327635
22798,0.0643278769884545
15738,0.0188231881040525
2198,0.00658598153605655
10852,0.174076419338506
40234,0.0949358084397405
41101,0.101145691998185
22722,0.149680243008059
31240,0.296789493188109
32205,0.131487962832559
6037,0.00157300877772443
5261,0.00527808768600799
870,0.00654957943184977
7393,0.588942544290867
37746,0.0185765253457154
33298,0.0194672866383181
32136,0.132345697533121
21530,0.00293454411502319
6864,0.00357749087248384
42351,0.809946863392116
238,0.00082528323615525
15119,0.00763412071664046
27794,0.0600952901520473
40440,0.00906221719234476
43444,0.569481261237382
38392,0.00861475308600675
5209,0.00185689041651097
16261,0.0310804197543336
11334,0.00864702484051614
5622,0.00644778792279459
16195,0.0117335028631174
19188,0.0220946917758629
29640,0.0528155128163402
37,0.018775828302339
2112,0.00255565946776199
6130,0.00664949749043466
19092,0.022257750224442
22616,0.0655494307565688
37320,0.0334619218691501
29802,0.0220583160711169
43801,0.493885871435305
40535,0.0150026323411678
14909,0.269656667092942
40831,0.278244539903959
35120,0.0120585198923007
14602,0.00513749545560123
3454,0.00243607490361437
1191,0.0787579064762527
15487,0.0172016021537832
33959,0.0975334164136008
6354,0.00805044472739169
36487,0.0296502233686366
7334,0.0254178477654234
22171,0.0523153200864167
21171,0.0167327729364391
42261,0.744318700994747
42024,0.240058497237745
22759,0.240062091167348
43810,0.00586772265236988
25886,0.0323744829729911
1455,0.00765388532001703
24550,0.0108755924931039
21976,0.0112516981767091
43352,0.518966494403894
34309,0.089131532739188
16700,0.0179163180154058
42458,0.631489863490504
17183,0.0663893952857913
27091,0.0932425135398966
42408,0.800065620622482
24712,0.0388901050647841
16254,0.159058743194577
43290,0.54188869281952
11635,0.00459767148611994
21796,0.00697030279297898
30160,0.0329450457209799
17176,0.0116057672508177
43305,0.580377162660869
35703,0.0373631135443496
4146,0.000463734972480869
22744,0.061200185213555
34541,0.00825636314442956
18184,0.00948470961250036
16064,0.204827883897277
41916,0.251402761888818
11608,0.0113078256749021
5793,0.000892708922305374
35684,0.00944944781952043
16997,0.0455465144508924
7058,0.0010039369689911
6929,0.00149703423499978
10279,0.77148367560406
18752,0.0406782999078779
32903,0.0660299171523791
3602,0.00144226501345897
44201,0.5288449373368
27550,0.0102020770489892
14589,0.0355745748520709
5,0.00826073755158801
6010,0.00357810236554838
36096,0.067818414834937
19705,0.0251912795610096
38912,0.01634424587823
19605,0.0191524873838587
12772,0.00279402982456616
43195,0.936435368444762
32568,0.385844448137513
3032,0.0460272984125432
43663,0.0784646754998022
38184,0.00609979839549808
37105,0.44082212029563
31785,0.514015633112313
6467,0.0157118462543289
13812,0.017920242753994
42846,0.0393515883722801
33325,0.0255591831493613
33585,0.0337865203411946
44895,0.455665134315385
15891,0.00309408946107403
34235,0.488361478433003
26065,0.0222247045106064
14669,0.115618497683934
16160,0.0101475680396627
29567,0.0368265086059885
2796,0.00632612665672534
19411,0.025612487230841
25614,0.0351043366262084
38672,0.0332507198107881
28425,0.115422884373808
41903,0.525973529783573
16891,0.012123885207308
5728,0.0749012765198774
17871,0.713992745845627
20316,0.00505367536259704
11702,0.00475177419659567
2085,0.00233913411520091
747,0.0149688039452631
35181,0.243442535747817
1387,0.00141272577264292
32325,0.268996663048511
35223,0.0787089607878247
9453,0.00791906787647522
43506,0.169296306894623
32668,0.0834380575349234
8006,0.0020547529324091
34284,0.042211062429504
42028,0.705623800792754
30119,0.0737671170638192
22453,0.62385204228037
10177,0.0386058544692914
20570,0.662903588176372
4073,0.0109986542295884
38973,0.00191297426126619
35977,0.0335212941758938
6654,0.00735309086426192
42983,0.507463208298439
13809,0.742529694731575
4847,0.00387065996553086
37525,0.24581089460462
31671,0.355896975557177
22497,0.0256651608156467
197,0.00575768767133397
8812,0.473369550159223
22251,0.0537675190612003
14732,0.0217688571201662
26975,0.0499671688786822
19678,0.0550682932593718
169,0.219581633405759
26057,0.0294465369465283
28961,0.0514719601941883
34564,0.0108871334057948
11078,0.0920141773412418
1376,0.00680356383397015
38953,0.0124357637733937
28866,0.0888686521884624
10524,0.01197327321382
26703,0.0263360942598108
37642,0.00470985753928031
44237,0.0110120636229095
7924,0.000906997556537845
1476,0.000517652654080979
34695,0.203656179400529
16172,0.00552167097561638
42559,0.95074600775689
15081,0.00113178325460702
23938,0.0214961655148527
23190,0.0321096858898158
31781,0.659311388295851
41201,0.0730959043615225
38059,0.00837264156988702
8752,0.0426598717457334
30628,0.62323739976114
32520,0.0414970615918884
13041,0.00902277712004069
1457,0.000425661729521665
22092,0.0327943204258238
38019,0.142964890856985
386,0.000968171318725876
20205,0.128067141788899
9396,0.0372638680694754
2025,0.00148748662878186
16346,0.0476910627356812
38105,0.00291681771418917
44431,0.103901515750613
41346,0.0573338944674937
1174,0.237751822508261
778,0.000522575409821084
37595,0.00340113036335742
40129,0.728474626596417
12883,0.368483774192432
35489,0.0121364792764867
18268,0.00426443940538013
8325,0.0463381932586137
29224,0.0419941790692668
32711,0.329530510967331
6185,0.439475907571913
20855,0.238542536484144
21953,0.0178540599468903
30030,0.071964835538302
36704,0.0146707231060827
24910,0.0923885874765464
38667,0.0109267271252328
44943,0.789282550031682
22917,0.0187537035633703
38606,0.451491141665481
21451,0.0990810721601375
43431,0.0508110612572865
6303,0.0188155542786997
18,0.000614628260971508
18426,0.101947504288364
32923,0.0695015575422458
34987,0.0198895680667381
42214,0.368102128557067
12911,0.150378472816981
26327,0.0190227757557591
8552,0.00303902552118368
16311,0.0163080116426556
19196,0.013123140470847
33849,0.0314375485798372
1830,0.0131473037776897
8686,0.000677779864127413
8541,0.0262113790781089
17471,0.00541743101965897
8672,0.00720100439924198
8152,0.15599374349369
28750,0.0072246111628949
8779,0.0113401448336339
17410,0.0325565651324966
21716,0.00176646075510366
9515,0.303697592191776
24341,0.0718916777777843
13345,0.0112103332879952
31660,0.0961904412546312
4744,0.0139944779505525
36768,0.676616398726987
33976,0.138655915339042
25211,0.0687606230436979
24083,0.403917528138783
38101,0.0189683296653275
36272,0.00457099912378823
11754,0.00439856735443712
8535,0.023731991462098
26432,0.0164362207267012
7600,0.0023285910749809
8269,0.258824703155572
22922,0.283164592891632
41452,0.520104750103603
25677,0.0191007702318391
37683,0.0346167091651238
6719,0.00132015586713494
28809,0.16655337503304
26141,0.0115807474583786
24537,0.0211770760182124
33636,0.0258248912070709
22686,0.0078501042027299
33537,0.302390823924334
40654,0.114563143121013
36488,0.00685230449278205
198,0.00242161302756285
12051,0.00104678742038069
28230,0.0103868280170603
43693,0.0192078648305086
31399,0.56740143195403
3159,0.00204015173499236
2725,0.00207103211207572
26880,0.297109335252121
19220,0.616474725343527
9296,0.00514072016962745
24611,0.0160264864569282
36572,0.208455927472643
1269,0.00407065712835464
24167,0.051495804236839
35811,0.171838735081959
3519,0.0661015010088465
9918,0.069292536859935
3931,0.0134427297654854
4129,0.00615354016383439
17525,0.0181178283651737
37328,0.0223259921355297
35350,0.00841834504921649
25801,0.0198564806941196
17652,0.236528735222184
23226,0.148724620078493
34348,0.00434440695993168
35027,0.62180993395146
29040,0.461934648898654
39308,0.443540744060039
28767,0.0262747013948286
19493,0.0326910248732442
32701,0.277205608232956
41975,0.291445938632134
31340,0.654621643085342
37723,0.0379987620198206
29471,0.0631904278598806
33473,0.0538951737370858
42448,0.159212463486641
43350,0.838186965303811
34978,0.0240829761727385
33253,0.288057549963019
31002,0.565032978408144
14154,0.631692227200261
2768,0.171394528034608
43689,0.73768362997214
11205,0.0308477170991701
28338,0.00473028695405489
20265,0.0182967932526871
5013,0.00241472704328353
37999,0.0607265360787455
21970,0.0256122326233217
14421,0.0164836146354961
39272,0.00436167573650804
28059,0.0285478073215879
5293,0.00881348510773958
45056,0.657371432410415
43022,0.133492979682797
33630,0.24116984194957
24532,0.011534568549693
35596,0.00574787604467135
22608,0.0850027067225739
39899,0.350946542970369
28332,0.00697640394388089
22351,0.0604224427859586
38410,0.477356570875854
8126,0.0108959704746139
23823,0.0133054324197604
6074,0.128258769940812
15895,0.0329497796179885
41480,0.0976154805888575
37833,0.0210503657283185
12629,0.00373751564789204
40626,0.269363870426063
11648,0.0173314584383509
30334,0.0545951447774529
38092,0.0248017819257263
14120,0.00210986201834621
28313,0.00624082291793966
2202,0.0515624811742204
37261,0.883882367314488
39918,0.107700043945117
19271,0.037221506385194
17746,0.0176587254761045
41960,0.74925998447974
39233,0.00343121758478407
7040,0.00122465745708657
6301,0.023088737659871
37644,0.0925090807028369
23734,0.00931528304362778
7523,0.00965458115214298
6911,0.00230952471889586
5120,0.0141941868988418
15795,0.569559764780979
11700,0.00708468862874762
2354,0.0679589895424692
7291,0.00542691810504059
10658,0.0107595475465573
14824,0.00620050164016225
30200,0.103628768153614
15528,0.0808801087921848
9964,0.00710248358145781
454,0.021852781772127
22668,0.0406884560598629
24407,0.00620846250470463
17201,0.12106358797145
8280,0.0666795815517799
13785,0.0685911331601551
6299,0.0196690277206147
43266,0.739614246279662
35211,0.0113931758075795
10994,0.00228372400091469
25887,0.053284934991278
36136,0.029658218077674
38210,0.00731488824880985
12670,0.0295836594480809
34089,0.149128354073827
25303,0.0136064963612296
22019,0.0308997497427319
22630,0.0367638357981258
38313,0.0318890866098923
38626,0.0132613083326138
36065,0.0128645076890105
40510,0.323221976837922
3021,0.0924761774360641
7165,0.152098673943753
27134,0.014158827887206
28895,0.0248966928259277
6318,0.0111738661861626
28046,0.0199436087089507
42240,0.472723024896281
12104,0.00217036939615742
24080,0.0311385851210478
28393,0.0470309813970243
39528,0.443552470498068
33002,0.114791147590569
25752,0.0141543015547332
4739,0.000409925346745252
40676,0.679177107079084
40002,0.0704998754186268
20498,0.0183910834994648
4949,0.0612942592541552
5308,0.00679634165788602
714,0.000490298890252429
22415,0.0357538903873759
23744,0.0495433064991069
18876,0.11578914566069
11385,0.00310391642040744
37002,0.0133522580685238
14011,0.0725474152166567
9214,0.00509346549106836
20487,0.0466872761179189
10644,0.380110682538418
24252,0.00625306869456543
17446,0.0222914964842145
6143,0.0068695917217507
36660,0.00613255306144847
30052,0.29025819865039
10426,0.0244282221986221
901,0.00794266847787392
382,0.0069556404531062
39601,0.113770978273541
24620,0.654540206138941
3625,0.00552389867686648
13313,0.00430867544417826
12730,0.00519609652918233
30553,0.206026074886999
45161,0.782961074834313
22163,0.0233291887061537
41675,0.808543816616537
24882,0.00938911970446317
2122,0.053190673506061
12954,0.0837172074450809
32542,0.190681227230677
15248,0.023510101881256
10358,0.0290156139823014
19138,0.0463322065837734
44326,0.10820449936284
19018,0.362384451023679
42698,0.466085696048391
23170,0.017412869325777
20321,0.0630276716449616
26945,0.628395305805458
13777,0.131171788101266
24965,0.03711056786862
26491,0.369745748936686
19922,0.0555030634814528
42349,0.927329956391073
11859,0.00193414609620864
26273,0.0313275965703332
17750,0.0571088663752902
10346,0.00756946458419806
22061,0.0535038782128149
24480,0.00864780617352157
10671,0.0378216839994582
9756,0.149244640483165
26342,0.014323087536005
44881,0.305537275282744
13250,0.0103598499914637
34585,0.0198226810619006
21071,0.00996032435316192
33515,0.314790356746601
35821,0.0617104286156569
4688,0.00548954729638719
36161,0.00509625178935434
17106,0.0114822895020938
38933,0.0241440119266255
39807,0.810837714420118
38083,0.0567656745988897
41526,0.390702143439416
8948,0.0218437383467384
40343,0.860161475334295
17013,0.0379928889268434
34672,0.930141518911769
134,0.00138885560461169
10642,0.0133626488498248
30396,0.0434241037739063
22966,0.0144048943143158
25834,0.0627551774575082
27156,0.193375434228879
17657,0.00953010549312233
13781,0.198971750049756
28580,0.0197471917644268
40574,0.0609616464590085
19651,0.111940944457392
697,0.000833599895401038
18759,0.00167017459964906
44601,0.000995640957127086
19810,0.0212958315224149
32501,0.0889687036715091
3481,0.0396480708814721
33816,0.701653164026091
32878,0.061560193965775
4563,0.00980249375722075
45052,0.145259790748145
25286,0.0215218829937033
1196,0.00506922159610229
36827,0.344665032502651
9505,0.0443141726728432
15050,0.00695638006874668
6246,0.00419639482451451
1458,0.00354811561369125
17980,0.027734828243513
14636,0.568387475472964
4809,0.0431404440398886
33656,0.0496873447635427
5518,0.00096951773698481
9478,0.0229297039322043
8023,0.00374514554410615
12656,0.0080349204759352
28665,0.15162481920075
44319,0.447048792762942
4201,0.167827646478098
28433,0.0346591433612264
32331,0.0666419174408824
36759,0.124687280492831
29342,0.577070217258436
40463,0.40286594394324
9066,0.0163428379283143
34767,0.020433591786779
5426,0.00426308692999066
6317,0.0355316634717211
27960,0.0746707935021275
2170,0.00829274505197314
42298,0.137769444966801
28197,0.0107688985995451
33408,0.123633159339001
42026,0.297885611444951
37444,0.22320530105045
3609,0.00662660250337737
40996,0.375048193518266
44396,0.342940935745
21853,0.0168332195367593
32826,0.0492156825754817
24306,0.00991674110188065
42860,0.972116621750286
35045,0.015874082303867
42397,0.112467898867478
29107,0.250572655574253
24421,0.0154977432971944
10395,0.0120856638756337
20149,0.0258059862287951
42262,0.43848287054343
30320,0.0362554792300806
25123,0.0546204241464707
3577,0.00322464853147997
43707,0.363644200793451
22912,0.00436582716702954
23498,0.0269789082480439
29530,0.00817812264860751
7521,0.00111155695550362
29020,0.0719146804158456
32953,0.162618721705715
12331,0.0654891894180444
16709,0.00777715274879109
7951,0.00335365119217219
11961,0.00147912309678865
30994,0.0733073344849307
30227,0.0325157019299457
16061,0.00967709536245041
23891,0.046659073263148
40422,0.240474679716512
43664,0.86163295208138
6145,0.0114692325948771
36981,0.0278331680891744
3589,0.00222642755691687
23855,0.0334150511070302
35567,0.734723300879554
7716,0.00118468663481762
23049,0.0662997608196647
29497,0.109865601155674
6225,0.0105581440239569
33475,0.10090362674761
1988,0.0130468479541906
43470,0.105779670863711
940,0.00305579671783043
7645,0.00263984702013925
36568,0.0508160677229338
44615,0.550865325335402
2464,0.00563538876058887
4824,0.00595116563638133
16457,0.0845947836182666
29818,0.0200379415589523
20829,0.0151778445689073
11762,0.00270965035979919
10230,0.0212404149725706
27048,0.0196210267169886
34927,0.0023297447694978
5438,0.00998098932140416
34704,0.0332234917675762
39902,0.48159783525651
25547,0.051258185165543
15255,0.00606459309531784
11227,0.00415748214889851
29204,0.0945503929704736
15629,0.107004257040438
19838,0.11225660188954
32663,0.215439985684175
27675,0.00796867482085323
22084,0.0308269171000161
41963,0.743984968907864
13924,0.022083577309808
14825,0.0194845965005876
4669,0.0677510542813368
21228,0.00676124657300391
37838,0.0367447220454957
44213,0.00810759363266156
40060,0.746179138458177
26156,0.0797659888988338
36862,0.0394725457836787
15971,0.0356831710805351
20696,0.23211942279034
34982,0.668370221835127
12546,0.0118058406097239
12322,0.0455644288963091
28720,0.0265478147049019
29999,0.0394547893657862
32192,0.0728389033119642
3180,0.00859012157039815
40751,0.578914707135898
29920,0.0139031450431231
30275,0.0329299552807253
20656,0.012578943276941
22132,0.0483591212528648
319,0.00285110685945304
39096,0.0143713585558627
41429,0.701284761616702
33769,0.275161519655157
2892,0.00165837738011785
27586,0.107333302018419
43539,0.630882081995857
33641,0.0987586316504771
6261,0.00498209805643447
3851,0.0026135625223587
39699,0.0151469835841871
19752,0.0303652373749957
38795,0.00347644580083718
20856,0.00529057947992802
22918,0.0057296502153518
41865,0.262972531476919
38039,0.00949767204845933
43037,0.0364544054297904
27505,0.00469733736361913
38513,0.0165464358257482
8528,0.232336730220205
22372,0.192973551762106
17232,0.0163926559929521
11545,0.0312676961296618
42355,0.787272652927162
12296,0.097341445624277
5624,0.00140196229231894
13647,0.0500986834855655
44547,0.0199921576854371
22176,0.024471928590811
2340,0.00354710088815641
6216,0.0132653173616861
33803,0.247569485272544
27933,0.00885507777371507
44853,0.819690968128345
41937,0.301572652957538
24425,0.0131811762971517
41009,0.596675280273355
1336,0.00413633672620905
23994,0.0206067697048053
25670,0.0171191399627194
43171,0.272096277194639
38726,0.743617691518332
13309,0.129019799783318
35504,0.0162413823804554
6360,0.0223909325994175
6799,0.000639235393342661
28280,0.0466407360834366
11425,0.0080378861402739
5322,0.00918446314253629
40077,0.170232219629215
7984,0.0662816674138722
25163,0.166849604840983
35815,0.654377495949498
25234,0.109329089760648
34635,0.15006831795945
24510,0.184114634863392
43038,0.386520038553087
25307,0.0340987714067298
44304,0.0031647736393341
15812,0.555732274759642
27021,0.0157145043029032
21879,0.00720499440441185
33066,0.0102579636885795
13627,0.00363508369125725
1517,0.0221075032883233
28282,0.0490008403294379
44332,0.417157886072798
1077,0.0026660169467144
25724,0.231668665622899
38004,0.0869159948798561
15148,0.004224316336069
24017,0.0150625784339101
17158,0.00405572621846455
32428,0.0526846730414544
30690,0.0181555510854119
25265,0.00824729560479836
18186,0.0060088743368167
9474,0.00904452838830148
21380,0.0271379532257975
1084,0.00261666506489267
14599,0.00928478691378988
37701,0.0037572097131684
41379,0.235256207379585
42982,0.434881915967082
33528,0.0115465031936971
3426,0.00137904696450948
44771,0.490101599257793
30487,0.564609683820842
43141,0.409514876970686
34957,0.86584291090827
12783,0.028296679185252
33354,0.0509798238260981
9596,0.174736781712357
39183,0.00775078220662314
23748,0.0050033089947459
38943,0.00284056178468117
24528,0.226676659157655
43885,0.0540830792684111
38107,0.0178625544978092
13903,0.025477572865737
2843,0.00580644230165558
472,0.0594330627890029
1850,0.020624037733509
23263,0.0504315712677519
37506,0.0253783878576312
24871,0.089884121477735
31104,0.0875860435437801
22896,0.192106101435774
15955,0.0587014434683512
43068,0.529900602859585
26163,0.00780035999113582
4774,0.0035179938340207
9878,0.012914279351199
14137,0.531754341069802
10004,0.0118437119166271
24295,0.0979648792482925
3818,0.00578999443994862
24612,0.0138017772420663
32195,0.652338167708288
849,0.00172852430706496
19625,0.0220047572048538
35931,0.0224865771051421
25134,0.0751444620709302
37225,0.267109049437169
22218,0.0417592604368253
13661,0.0423078863020418
7319,0.00665009306896946
11889,0.025035185233346
43466,0.201720935664091
29582,0.0462979412929975
27853,0.0208768257562352
32022,0.200996635714114
18594,0.118731552759165
37186,0.011638990366332
21,0.00496632254585754
23912,0.138295779457064
37909,0.0310852945500329
3675,0.0100084922478162
7222,0.00387212573232312
41049,0.539368708640386
33091,0.430238880529477
25727,0.0360336191871938
14271,0.0168048491455046
18663,0.00614082715537211
33378,0.0673631994809603
37949,0.10743100161995
25674,0.011313684991066
9191,0.00469018639781241
1600,0.00256630141609934
27052,0.00824988134654172
42948,0.392967911334055
16385,0.0119122171511756
43238,0.889148475942679
19179,0.673231577002058
4040,0.000945965441509926
16182,0.00644107407837574
45123,0.00692771760431418
29698,0.505445997653347
39100,0.172603116057535
8332,0.00100829662629733
30593,0.5996501313639
42122,0.110608422502729
23033,0.0468588757473129
37084,0.110912534284632
37691,0.916318806749097
38574,0.00727739037533236
24126,0.00787218139795044
22471,0.0774131402635465
26336,0.00466459722385675
45009,0.240406250942272
4191,0.000893827979079772
36640,0.00566958726199323
31197,0.153775248478699
10918,0.0109163049362179
324,0.00618139163230812
9949,0.221657135093623
3998,0.0127487023140783
37601,0.117631550604516
7619,0.00215949372928623
27508,0.0213877116029776
34385,0.00560424551078071
42675,0.183159253616108
14856,0.0348577272975473
43830,0.777425014084683
30104,0.015736654246315
15446,0.221738036887701
19639,0.0637970883486577
44544,0.109144604102099
8730,0.0347860525196267
27777,0.53730740732128
23361,0.0211647465931091
7302,0.0386591539270918
2564,0.0094519697160962
12,0.00352859084522145
34138,0.185559722857848
20002,0.0209531198294518
4038,0.2743021610674
27821,0.194202593016404
21782,0.469900227084024
26064,0.0279216226676426
28769,0.0600189072496063
27240,0.00750188982676973
14998,0.00848743041488685
19974,0.0250189424774596
21903,0.0240272789034006
15855,0.00330554690589383
8974,0.0264015219334255
36531,0.015811000592393
30369,0.246277896875554
13948,0.0191416355331174
12913,0.0413047686060272
20248,0.0134987989824068
6669,0.00158608614481865
32489,0.0743089708015553
17449,0.00892740294114297
1777,0.00377001075075886
9948,0.999378361238051
7209,0.00813166361056092
11734,0.00668402893019895
22411,0.0231728557262632
34266,0.158417457599575
19332,0.12508370125469
25467,0.0201545171911247
2747,0.00194380849211353
38758,0.00174606875524799
7968,0.010244356622923
23407,0.00917158872065086
1895,0.119576999611675
29011,0.0914821494415716
45092,0.115165370467037
16300,0.140404096940741
18236,0.0271704447147403
9276,0.00878507213378932
42340,0.135126766653074
38566,0.00431387120245189
19382,0.191318806988727
33302,0.0413491765938937
4474,0.000748089161288165
43125,0.076112516797653
9820,0.0129776486493707
4756,0.00277065123790841
44907,0.0311572452734489
38828,0.0660416960339977
31388,0.239716545041413
31286,0.625998039964338
6497,0.01870090752013
2533,0.00369316926576994
33611,0.0119799405790475
33093,0.14380475367979
2013,0.00149095609872164
11111,0.0087585930251103
19195,0.0497246914313094
27955,0.0445201888430127
12181,0.00160280300036768
42290,0.323361008895784
657,0.0123590640529249
23202,0.0183131694306486
28811,0.0734761375757308
11306,0.0045778118331232
8199,0.00796667376547663
31896,0.0587613300733507
26434,0.0126906560710617
37194,0.0544422840961007
4888,0.0045818886591102
9652,0.0333767415954317
12902,0.027024440877359
14057,0.0182985526161676
31360,0.335190481994076
44278,0.00177737157706711
18470,0.0081425586379101
4517,0.00460990585494862
39050,0.0258560206450017
13507,0.127807142308399
41701,0.526657916364566
1723,0.00110108895236123
8760,0.0462863601548048
39258,0.00469505064238977
34828,0.236879970294893
22540,0.00963003254664703
25772,0.0109816359047676
28370,0.0347254063884399
30113,0.175244868031773
28191,0.587229474115473
27341,0.020286294802332
7830,0.00796183341287252
31100,0.185827494151201
211,0.00723045878038402
7514,0.00075930127646518
12164,0.00119433784336403
39053,0.00885962236438436
30095,0.0333946602076181
34307,0.0169986241765743
9966,0.000905192121904522
11714,0.0232012893645339
38688,0.275162311795531
9389,0.0112757439323447
40023,0.215446755171565
26470,0.00562664035330001
21546,0.0156528323261564
4637,0.000731544199992027
20874,0.012557629611877
9684,0.0123797684113908
8230,0.00524131350089446
37862,0.0110507972295863
36813,0.00928085304420192
880,0.0016662853719756
949,0.0286130703738579
22027,0.0185592401721874
37634,0.0496289974204172
24925,0.210648178803933
17084,0.154166628352838
29076,0.0414683675181806
38546,0.816434227924478
25768,0.0119086553550125
32144,0.088846216952068
4255,0.00300700437184391
8700,0.00177287078296504
38207,0.0264885048400882
35616,0.0178178195423502
13377,0.0130634002187941
40933,0.602060443474634
39511,0.136600233382012
36295,0.0113504309831878
26718,0.087207774762954
5490,0.0102693432311198
31888,0.0605436903561796
22306,0.0203779455275778
12582,0.00519838654853661
19971,0.0347915785839189
34197,0.061288067473131
35617,0.0165664276721032
164,0.0353987575155273
19468,0.0213125352375509
32926,0.136342123818469
32391,0.365954350872766
25777,0.100304321227667
20571,0.0115901107550174
37590,0.00169084798560484
3811,0.00330789321309279
40029,0.0885833353091706
5577,0.00335743836693312
18065,0.0667342645133523
628,0.0197789198263216
2550,0.0022500315245049
16832,0.0219999461261255
25500,0.0107463058187792
7582,0.0666210207276642
34207,0.0319886387112778
43546,0.0722313011312753
20737,0.38094512108068
28101,0.0353379296717877
2901,0.00963152090992469
20734,0.0485507241316104
32823,0.0824430801265643
1479,0.00651127675941813
10518,0.0140927185998462
44483,0.0411932780942663
33808,0.0732644355687604
25592,0.109328803381971
37353,0.0141802269730378
6665,0.004432203703262
36335,0.0146486119768395
1366,0.0114139134748311
34374,0.0855263261260167
40227,0.890678516589012
14773,0.00859456612903601
16290,0.0552967135571893
16766,0.00431675272724638
44578,0.00183382621228683
22325,0.0985967097225302
25107,0.300445196924037
18240,0.00467457557631778
21031,0.0439176363180056
17694,0.070000882681694
31338,0.00490383540559984
5366,0.0107260579334153
3508,0.00111549794075554
13146,0.0249090491182033
23098,0.00482921053091577
23700,0.0219257436185864
10891,0.00645297383464458
10166,0.0105705815845999
21889,0.0751774148026873
27670,0.0378401337413758
17876,0.0405368062100485
31183,0.292296679822016
30014,0.0252556625191104
20757,0.0230417541570869
16884,0.0478491747447638
10769,0.0014235096301281
26537,0.0276941865380699
27828,0.0115754491157516
5155,0.00124797797539437
19434,0.0482246313105203
6349,0.0115089823102156
34482,0.0126160270832943
2292,0.00103683028492565
19267,0.0224240663785826
2520,0.323275720651998
39573,0.0412674684595116
36282,0.057242178908596
28749,0.0474384971862093
40814,0.546334371267003
13003,0.00378860286001495
31444,0.87446067973682
12635,0.00197567653280667
23257,0.0765715139318821
31368,0.243798572180591
33306,0.334279057858916
60,0.5175262138067
9989,0.0293161384648665
24813,0.0146942239632351
4928,0.00025076479671547
8598,0.0252778628665061
24856,0.285762425975279
22344,0.0288853463308708
7689,0.0365330236279124
44154,0.187604221245241
43548,0.877476756205431
21887,0.293354470300377
14240,0.0182171397617261
1919,0.0032595548234134
11308,0.0754902814323006
17895,0.0344493921011649
11838,0.157716131039048
44775,0.0237915754114243
8487,0.0094980629252304
22291,0.0262266746381792
5726,0.00421801585386413
4900,0.0109666161019609
20043,0.693336355477924
33078,0.166540105566613
27750,0.107545187381772
14023,0.0155132502346412
40467,0.75898632741561
26563,0.0955736645288555
41567,0.102765314918215
26206,0.0565574241505725
23841,0.0147568203693084
30908,0.388180090695713
29280,0.190268474977212
6640,0.00631502453486947
27797,0.0105583523426963
44715,0.308028011768799
15063,0.0323747793589763
8666,0.0177219689600285
13744,0.0206945632107688
11641,0.00861901991609279
19729,0.0315258728916872
21708,0.0188461103734971
19254,0.0404525084657967
43489,0.177703977735264
24172,0.0209710596297032
6496,0.0598191113820228
25202,0.0126859625890735
28795,0.196811994211139
13014,0.00964254231099898
11268,0.0992363506330813
1864,0.103434416551468
8867,0.0246179592383318
3941,0.00264949289716854
41470,0.671773060648404
36992,0.140849911799907
14556,0.00304739802474784
37570,0.0198166813630457
20300,0.00587709711347065
16291,0.0117059437959706
7278,0.0245216623419161
722,0.00299763561087742
14006,0.259502442172366
7012,0.0229706309800962
14800,0.0224935989525938
42808,0.467012365477796
9871,0.023529325170173
5743,0.00415070068324067
30105,0.317384180868955
3407,0.00316524889460085
13048,0.0221420899801534
22954,0.04226609075081
39338,0.0101836101164323
17852,0.00614843081664215
23940,0.0169718630881382
29315,0.517153992822628
18722,0.00599055828524079
18636,0.158650638447573
15758,0.0104582530043379
44074,0.000618778957054039
3827,0.0036057499867457
41732,0.284544189693094
38246,0.216666535159824
19671,0.045279602136177
30703,0.0619530220035841
18870,0.0545202015205405
4786,0.00119833907424535
37373,0.0146207375663428
23440,0.020288704467878
41033,0.929628513375885
40954,0.270386827583966
25157,0.0552942472221886
23747,0.036996858051398
44166,0.794991771769489
41764,0.822188978689141
32918,0.0287731155574558
4313,0.00431045405438928
7759,0.0368417437454095
22046,0.0136017833388569
4050,0.00955460802013879
42484,0.321148272745029
29275,0.0723257323070778
27995,0.0263580706624826
2784,0.00880376775164074
7553,0.0391248906743836
22202,0.238335732474056
