"Id","Predicted"
30944,0.029241309345325
35598,0.099862380772677
44990,0.0241759397427885
12688,0.0152800395865887
37613,0.0434848397379142
2264,0.00824892842646407
28768,0.0939306711293295
15290,0.387067928650363
13140,0.052517962059564
6045,0.00556273212184879
40068,0.337324399852986
1952,0.0381311736619458
20662,0.0826255179997425
40837,0.472505069874184
8580,0.0200878992056838
16750,0.00753510393050914
42420,0.694910934547258
23237,0.026884239615138
14734,0.0172433392041248
37968,0.045053184622655
9623,0.0529228846813784
33745,0.111791961196878
15939,0.01851093607739
9536,0.0165323582599971
955,0.0226000764793875
37901,0.0607314241524734
10800,0.0209255915848627
1447,0.00109423926639804
21022,0.244505121192871
44988,0.172671777255685
3294,0.0930494914967982
16298,0.0149993429181233
26003,0.0105113737748948
20434,0.0305038399114988
4218,0.00462951461798634
20557,0.0207912947711656
23491,0.0147829277040101
18894,0.0269450810376322
1034,0.0289524523471827
16853,0.0308127695806594
19817,0.0337062654793028
34328,0.0628011270936149
44694,0.0196491687804758
16295,0.0104565978909028
24495,0.0171126913979803
8082,0.0392334672464328
33319,0.0762930837695595
2634,0.00383596737364304
9657,0.0689051826700753
13845,0.0245467675469743
20962,0.0358723117922966
14432,0.0185246285345808
10097,0.00960080630355924
842,0.0530289184716669
27178,0.0971220475529921
39134,0.0599093432773893
9061,0.0234242366471426
10440,0.0327099489140893
27923,0.0214130990288212
39292,0.0261180718384299
40132,0.49537125198524
42283,0.420530426242284
22327,0.028805069785807
6670,0.0269609071140349
17063,0.243597284953683
7928,0.00514079061915029
28631,0.0439133658284371
30718,0.309343798942166
37488,0.120251947519957
1676,0.0129310840768926
21812,0.0230445687115171
23009,0.0436351209068068
3942,0.00402831313101876
43358,0.517160822647901
35311,0.0282425783943705
30580,0.0854855151275135
28066,0.0116832941649163
31976,0.0573957135417083
38467,0.0049861209823627
6217,0.00271469871393537
33586,0.053781137030505
38602,0.0107536289727143
12071,0.0068189982875499
20821,0.00990046621230692
10090,0.0139558803163081
16722,0.0401418536484838
320,0.0187112809758197
36408,0.0914947777815941
18118,0.50574879287847
38607,0.0243452607521289
38547,0.0193465132378654
17919,0.00508163523286283
5128,0.00317848042158257
470,0.00623782794261589
237,0.0090427018795199
8140,0.591225740479753
11777,0.0440826962160641
40652,0.358314301700852
10904,0.0323867667330527
35340,0.0393464759154408
44130,0.0626913622510917
24738,0.0117051979632552
7063,0.00577189805255852
36624,0.163960686355395
22054,0.0276397808858618
1327,0.0201508271002786
13421,0.0139552845032274
15246,0.126100842481232
3595,0.00953070125685116
8826,0.00584676550649398
13400,0.114131428371602
30652,0.0366961749074461
4897,0.159671099944519
12622,0.0144623054924663
12960,0.146554061170532
39940,0.171623444177769
36316,0.0909087446258401
16735,0.0092186940663214
2307,0.00480010829871356
36511,0.0421285675197878
31877,0.0430695416180821
8642,0.000796238517895159
26079,0.179182244798166
43742,0.134012322206474
40216,0.813418583434565
41997,0.647302430788981
370,0.00863228162019206
44563,0.103002826470993
24982,0.00906899229542439
16556,0.00522249733423249
20759,0.697320281709528
32444,0.297957357607131
35987,0.0721258032360858
42987,0.817321061593917
40762,0.111897293843126
7431,0.0233060179186055
1343,0.00797328000072179
22564,0.0639447086605301
15627,0.0051598396157994
42584,0.0531167645270984
42695,0.0182990147670336
12101,0.0080178139210855
37384,0.0307256636389837
41271,0.127893241834725
31319,0.247299222714497
17015,0.0944263132005135
38074,0.0175465864775593
33250,0.0340980132315844
34177,0.972288265548924
9304,0.0153155734611922
31598,0.0728649426748526
18220,0.0206845170643446
13414,0.022189152498709
30913,0.0369864848302046
41536,0.421051905821394
33814,0.065751465241358
3168,0.0112390968124334
9661,0.00421795920697714
21500,0.115599897849852
10613,0.65487867980224
19602,0.00721628452106614
44639,0.153677555950171
36188,0.0490396422050965
461,0.0107408008508635
12010,0.377581354093721
32302,0.901007916391463
1910,0.00323457115759363
3549,0.309822686454665
19587,0.588726882363888
35512,0.0232465942163996
41242,0.804483234727241
37703,0.0459675101208974
42436,0.254721855024923
14408,0.0531961730518878
34666,0.0801211503330327
26728,0.0135080721366093
17488,0.0175605453140465
16151,0.122125040253408
14221,0.00990161297550237
32962,0.0515414178778054
42876,0.0273730417756557
44066,0.0553023452437323
15400,0.0335770077251193
2218,0.0602939760130174
41324,0.0455354011198272
3886,0.0560878116821651
15122,0.0443821865850281
28021,0.0346908547452234
39009,0.00720637189580024
1760,0.0066801723093436
31217,0.347134401410577
4658,0.00433482586414406
45202,0.497847129975198
25187,0.0123948454990027
38205,0.0475509700923773
30845,0.0203037718433377
9134,0.0277886665403637
34397,0.0407842648489571
42224,0.104385779953714
35759,0.0575150012622228
19409,0.0198082234474668
38834,0.039190136028301
39790,0.62771536747329
10246,0.0243798467923779
16434,0.0312749328438218
7022,0.0176375916357232
36977,0.00580309964734806
27930,0.00985668271770338
31732,0.105551418729583
19861,0.140542376198677
5900,0.0270871550779095
20414,0.0274774117923097
9463,0.0296650234205136
38427,0.0146436631446942
14032,0.0149563129406745
15172,0.0827549093243037
23450,0.0104099309110954
19888,0.022518572836219
31780,0.191743761239
11230,0.0348169100213223
18923,0.212550054424546
41417,0.987076905104944
5215,0.00474930418406149
18410,0.0200014332178025
8956,0.0391828564279111
38568,0.0218343409924279
4887,0.00284613844277853
28285,0.308730360380805
7473,0.0394827117527445
3045,0.00465176562386183
33901,0.117938988025072
35021,0.0216208221842133
29015,0.022905454058441
3968,0.00487266632849188
8596,0.0432350533483975
32082,0.183360340342386
1134,0.00335181101248097
45045,0.422942623337585
33772,0.0986971949807387
13266,0.0277574822621575
21907,0.0256372275382147
8929,0.00739590580409097
20398,0.145667666146008
26298,0.0119194807028219
36328,0.012129540601041
15691,0.280555653489475
29373,0.0305392732572168
25955,0.0440611496891926
41917,0.34693209245229
40658,0.287875124219259
6298,0.00799122680293562
3069,0.0353406314318082
11260,0.012727722934062
24267,0.023009105475945
33825,0.101364372164105
4496,0.011136970391205
21146,0.0165737889574994
2593,0.00564107285021035
6083,0.00126173685719208
1556,0.0062769358430223
14072,0.232515592737169
29324,0.0934276344902379
27936,0.0345405609385486
15768,0.0139291843455631
14977,0.0225368829414329
6584,0.00611427580241282
44313,0.79042806813149
37170,0.141005980556352
43992,0.159953063819294
6285,0.00615625439020108
6122,0.0034284884998005
24732,0.0680506697844482
24809,0.0114716531126702
38711,0.00659207730132921
25181,0.0189541464550581
4099,0.00746447714549551
3582,0.0129270217162368
19865,0.0228687871365958
41098,0.0353946941288194
7138,0.0356080053966836
43087,0.0942821727084822
24687,0.0290102608675103
544,0.00885419795622997
4706,0.0196471364596257
18896,0.183284989708715
1897,0.00434519866945479
15134,0.0954440113376834
19281,0.0171425641858088
7934,0.0146691558818222
43940,0.046877104081247
3887,0.00477073469548124
21933,0.0333952561724493
29645,0.040469399976605
33396,0.0209620065174323
5930,0.112440372255884
28231,0.0117060646682235
20353,0.297889512208302
38701,0.609360650510648
20582,0.0333090812767279
8141,0.198980790587234
24754,0.0157909791355693
14609,0.0932552618250852
14715,0.0109201104435598
29116,0.0237613194502222
23504,0.00673030946004066
26879,0.0318878326485967
21075,0.0253302356839794
9583,0.0120360696840665
13848,0.0386139333958533
6548,0.00289242951328764
31831,0.0723964480676384
40583,0.0212450508337953
41276,0.366749238505032
9971,0.0388902618507175
21053,0.0943523352065173
21029,0.0562507440643118
27391,0.103266013261162
36154,0.050083467955974
24827,0.0440016485549583
23434,0.0242795741114419
17059,0.0498991111393824
7015,0.00755179669141789
1928,0.00719413189501775
16470,0.161361396720753
33127,0.0176707795076771
13332,0.0500734104497198
43972,0.692822553088746
37566,0.00948823632718091
34438,0.278471293580948
1839,0.00429422669498199
5986,0.0112924575025179
4057,0.00258866269359861
33020,0.895423593189709
44457,0.201431331393118
21396,0.0462395103113122
1484,0.0233927115128267
16671,0.0375358270503969
29573,0.161840383463703
32717,0.0485248979027233
17696,0.0214802506701168
25332,0.232548212174916
4544,0.0354815220712164
36972,0.0131782963218667
10238,0.0129189014348421
28438,0.308698797354823
34361,0.882165851915248
8482,0.0468608319370687
11154,0.0214340132414285
10001,0.0722250900267637
14569,0.0301929143022144
6747,0.00609955722698279
33327,0.207788583412103
33016,0.0264300437611952
40508,0.0454558766502584
36731,0.498185313925543
37997,0.0265491172130106
13690,0.00289808873407068
40985,0.632639657722374
40774,0.298884153315822
26038,0.0196226584994651
1845,0.00944236090590248
25519,0.0501579857618929
35773,0.0249647996127761
28374,0.02394821282452
32947,0.20452435449509
11464,0.118784807591342
38084,0.0156695744162467
16089,0.0232375017034391
33229,0.0677660866809169
4991,0.006778095053625
34744,0.178128586899874
1038,0.0141765055058924
6752,0.122079395373598
2343,0.0493646190240631
21231,0.165260817455519
21935,0.0364215053093551
17441,0.0330901477247771
38852,0.00766143734446431
12488,0.0062228909709453
7329,0.0195925805874757
17004,0.0416449315551991
14486,0.0097901584086283
33620,0.0127681054241801
37796,0.00828074392527821
24885,0.0685483616959426
29500,0.763471693344789
41012,0.0267495684309983
38840,0.0185489084143738
32073,0.0884927555816785
9218,0.0210263351230201
23801,0.0443855241158752
34790,0.0562492865371635
1983,0.0254642137292491
35769,0.0326115453916188
35601,0.115482402533886
23345,0.0485455365532685
8714,0.00591702440057347
20034,0.124630807810139
31030,0.0404544457964806
44767,0.0136448774809318
35581,0.024690593179809
13335,0.00811875963746977
39376,0.149974852796691
13310,0.122694442927213
16865,0.797782029437538
28115,0.0347611132906181
36119,0.0144693447859391
32452,0.0990480823516129
24607,0.0228145651755221
41080,0.184236233572675
6817,0.0622908397475646
27492,0.00721041269871855
23238,0.00968493762335488
35660,0.0707277584775431
27841,0.0254118100572798
5065,0.00508003644454576
25363,0.577239208054197
21640,0.0362783776116893
12682,0.0369713115047475
24568,0.0237915655122962
31413,0.0571315577077543
5556,0.159523260926842
1667,0.010062163709589
29215,0.0730124255171405
7162,0.00373738006458524
27387,0.0289065630317749
8149,0.0406244036685429
42479,0.183697828684073
44252,0.00332586287991719
32275,0.424873751899927
14678,0.0174723769738178
22067,0.0303032621225961
43111,0.118486981108751
18507,0.332619142210304
43180,0.5796489112653
36922,0.0272043814718325
36175,0.210060076369119
45072,0.356776680109241
38202,0.0258605209584586
31499,0.0515224937304275
10457,0.00303037725159118
7384,0.00378865941549694
35885,0.0366071062073495
4749,0.00964066699032394
42572,0.590561903675494
12102,0.00630423659045079
17216,0.0102630465183998
3843,0.0113814424272846
10379,0.0158947015456682
28154,0.0140840451274594
22144,0.0509826734235166
25790,0.848656437908415
14785,0.202364776321312
11163,0.0127895139312481
18148,0.00293269209589387
41569,0.631122497249447
20562,0.0312355482574465
11905,0.0010426417195382
35377,0.0285308054701689
16498,0.452706292705011
6525,0.00687736722214884
16299,0.113254613448344
8121,0.0105894657673358
34504,0.271795739259831
29430,0.374251154380394
27274,0.0175987354811192
37895,0.246608888494594
1053,0.0398948645150314
7331,0.00862231935563381
26575,0.0255745242938547
23687,0.00942680109709085
6394,0.0253343148013181
2865,0.0836153546707164
3162,0.00958422489854109
43449,0.321418235256422
21120,0.511908231201578
13641,0.0179903451556552
30469,0.0382489009967836
29391,0.050904233658776
22869,0.0739390978756446
40431,0.0303213487689445
17866,0.00568812915896481
30301,0.591678982526915
3008,0.0141862026645072
12771,0.0436353456014866
13128,0.0188194034638447
20194,0.0967794870547389
351,0.00619904395601507
38524,0.029751383482877
24733,0.563893701100426
17598,0.0977649678932675
476,0.00869570977554022
14007,0.0616866433533182
625,0.119478015715653
27858,0.0661733205322893
21692,0.0861030872296944
8188,0.0114967089497938
26259,0.0464430463278922
12958,0.0178454919490851
40396,0.0105387723711065
14642,0.561612781257055
43080,0.179999889818129
37946,0.04782171337238
41789,0.285298159204421
20574,0.147321353252233
17873,0.0150304716997995
9557,0.147138745870636
30895,0.0176380154995132
10225,0.0271595768845556
11585,0.0128719831135152
3810,0.0381129954025967
7147,0.0084618849810046
19330,0.0236169407822426
41437,0.930201832267807
4893,0.00766838859670225
35101,0.0180263838527122
21355,0.0612404642805336
8187,0.287556323031708
22911,0.0284240848853683
15006,0.00396223363644768
27275,0.00567332648603109
38550,0.0275710925623142
33167,0.224969954332784
36913,0.211548308041843
41006,0.423885820094996
13944,0.0368964319194926
33436,0.120053422302906
5895,0.0104704589794945
43775,0.0885384933169582
33868,0.550200828887355
13222,0.0358825763600386
39904,0.120023620902864
28357,0.0213994567991673
14768,0.0147623726611899
36562,0.790118294283102
8259,0.00495283892242473
4864,0.0360945475264439
36676,0.0585638501726378
39115,0.0407686753593327
2546,0.0515168546814022
34212,0.737291006558913
4056,0.115915964343385
5224,0.0307038518960308
28722,0.107182252375411
16236,0.0384889485761981
41610,0.976775902450324
31417,0.566729504827419
9883,0.0221866034138952
41837,0.418174568032245
27824,0.516480906186361
8966,0.0145007306021036
41953,0.196329301091088
5142,0.0104880217209045
36001,0.0275029587388472
1751,0.0359078781672782
16111,0.0859487443913852
30193,0.215671817502461
10911,0.018178445525499
14541,0.0338200687333126
39033,0.0222282688851135
15770,0.268021442806627
13741,0.0508150366697916
33543,0.0345083847144167
43682,0.0862938875332183
42394,0.361748719285592
31039,0.071303041716698
34360,0.136862425593108
26519,0.208120714587415
34753,0.0400153879538546
16397,0.0112818343552582
5679,0.00394278848458328
10422,0.0798044072443155
17850,0.03610208185233
35348,0.0561318689873539
960,0.002150100492104
36957,0.0769619886554168
1844,0.0306441578890657
31693,0.171175091783414
11652,0.0247692012632943
25825,0.0575449411748165
25528,0.0108195381168781
17247,0.00598088557583653
32400,0.110067803987783
32307,0.300167656887069
26933,0.143279051486395
32327,0.434193895242673
26752,0.033840133860005
5975,0.00345407009490289
1163,0.0145186728269819
32011,0.101024238091282
44015,0.270195416328925
1913,0.00440367553234161
17284,0.0101755925091457
28002,0.744462896318058
29246,0.0248995905286534
4027,0.0178979750797284
14513,0.00720711252432531
36796,0.0325273541938227
27086,0.0198231853316079
7920,0.00425901708319643
27778,0.555650484959332
19790,0.0317834565836108
7124,0.0746357019923627
44513,0.558775531766195
28952,0.0177594411866239
17067,0.0355999265393842
16444,0.0568516685816504
19135,0.824672190986173
7604,0.0105918376325206
23602,0.00432629978623901
31385,0.280985468899935
21534,0.297792969228159
32118,0.0914741105622514
44962,0.888193915727435
33018,0.431649387802832
12261,0.233273391587399
17151,0.0156485988056164
39358,0.019771620711094
28833,0.00830847960657166
17579,0.0645661980782497
38771,0.0336566371784303
39656,0.103038926634752
19935,0.0126628967660503
42136,0.0731195120363552
38949,0.0145619664815031
1226,0.0250311477492439
40280,0.214620479836627
8407,0.0178480828159877
15518,0.0601143185736711
43213,0.535669182960686
8628,0.0141499467159604
40957,0.0770130252656366
39012,0.0214079706565886
42289,0.400401424469879
27957,0.0163415044352375
28883,0.0656577321925134
21281,0.014828490713167
31756,0.113587977654709
16078,0.00881916295620363
6331,0.0143876091204971
25557,0.111974979828572
7254,0.00558054529570153
4079,0.00361146380543565
39386,0.458239244104436
28409,0.0167889416974651
39418,0.612036067509968
14907,0.0133655794037014
20932,0.0222843111227593
11649,0.0176982309802849
34729,0.0147870246739993
4463,0.0240800554639856
15377,0.0239293303617252
1956,0.00898354110312774
36633,0.0434630167528554
6672,0.0122035420595979
21244,0.0207784253147252
28957,0.0662675140960357
19180,0.29044526311236
19556,0.0190082028876643
4386,0.0106221625788133
17959,0.00880423876189347
17341,0.0120876048852659
43927,0.993222474457689
11339,0.00869581663535223
15530,0.650285853167852
361,0.021906454679199
15166,0.0108827012590591
23441,0.025974172807074
34903,0.00725301860834913
14256,0.0341029263636396
5187,0.00761378026949151
27010,0.0236831774267212
32970,0.0701115749669727
22543,0.249252958939485
13564,0.106246047517442
12483,0.00519876597275212
43897,0.949878106477697
2201,0.0236155676243917
25069,0.0175669042594264
10837,0.0192970816966652
18995,0.0225019073939173
41152,0.0648399034292614
30951,0.0149274373277482
29938,0.214091371980419
39220,0.0990291494277909
35250,0.0528990839547375
978,0.0359664574668264
42235,0.084434692359789
35784,0.186644663615043
13175,0.624955817912271
26967,0.0134155944352602
17884,0.0119947062275378
11333,0.00861439511556963
12195,0.0130753768839027
18481,0.0384051156167507
2579,0.00547705731579926
32280,0.0440334473202483
7498,0.00206941804017084
14489,0.0147809239053396
1111,0.00728814121462732
13242,0.0538092211801946
39836,0.235418901947479
36101,0.309613477288496
8286,0.257292030433173
26664,0.0824068170311641
30781,0.0970613869712487
16270,0.0332217937947797
40889,0.341090994428285
4508,0.00749232775462894
28677,0.040470697180636
7417,0.00368071898325184
18287,0.0124852195693213
37896,0.0276015621155009
43373,0.101620453318302
29971,0.0731772804184638
11296,0.00505367298057557
6524,0.000880037457902598
10067,0.0178692565447719
2918,0.00439026275344135
975,0.00730897274291977
34245,0.037888960731211
38572,0.115297684619899
10991,0.00952700462330047
21366,0.581427392124776
14024,0.0285894850955095
39841,0.637805272011528
8292,0.0273949125299415
1428,0.00459924866690123
28972,0.297722194369655
25745,0.0156329127007038
29294,0.275136719213792
8180,0.0231739962175674
24570,0.290099788003514
24844,0.0278335762718589
10154,0.13384121561091
35957,0.3499161277876
44612,0.0951986071711396
26923,0.0202135985084201
23997,0.260045142173632
41459,0.824356972894392
5222,0.00536875038012486
17198,0.0128430478356516
4387,0.00625794913705565
24328,0.107938881689803
38790,0.0237453352339141
28574,0.0422536575448603
21681,0.0324127843507811
20807,0.0248858809639999
4421,0.00409625519765411
40482,0.420338462503275
13398,0.0094073341070288
40389,0.0527919911133569
14741,0.279635014404212
39804,0.145227299012146
34710,0.0362267941482352
38780,0.0137356210122025
16597,0.0707395582174567
23155,0.0264851620822899
4328,0.00796831337722118
10045,0.018242505088026
539,0.00212372305751867
1463,0.210703132323751
12644,0.00241810071514101
11218,0.0255472274514669
19889,0.617797096382526
6837,0.00573648329973104
39471,0.103576964889076
20269,0.377878416596256
26777,0.428876692239373
39743,0.0492037089379283
45021,0.915962680742097
27238,0.241399735152927
3864,0.0106770922453342
43285,0.500471335130173
30989,0.047315091922686
42163,0.364359484370072
19514,0.0483063875644714
17773,0.0367282898595004
28731,0.187206333743543
2779,0.0144102833070634
35694,0.0372335070087167
988,0.0495575939651022
15375,0.0579164267564496
22930,0.0126461279429658
18006,0.431939345052897
11240,0.111880968215219
23353,0.00227541609317995
25588,0.036847409349479
1540,0.00784322364887799
2933,0.00777857453590863
27291,0.00654009760794686
37459,0.0401836610218571
30840,0.0452769427004539
36088,0.652876452148454
2939,0.00865646616177228
40789,0.0298542683686217
40188,0.776188296153638
20683,0.0302245363046663
21177,0.722782519972388
11894,0.0128724850667102
45131,0.255098526730905
25990,0.0106361454742027
19770,0.0158626359119528
35641,0.117403613898579
36816,0.0667085852468765
17366,0.00409371592475587
41391,0.258595729433252
13068,0.201542009863311
45170,0.0403604947417844
44152,0.942524699651952
31906,0.0981970038658181
29619,0.137527833591245
38322,0.0262311507030012
40975,0.10710574388407
41414,0.816966651398157
24883,0.0154776365155819
35270,0.232722656397988
21260,0.0102963864975474
34433,0.0304548021405556
38072,0.0394871208778559
40246,0.667376048649745
41584,0.68644026151093
39805,0.0436630139590905
41725,0.953182769049585
36058,0.146284194220454
39109,0.287255904182608
13255,0.312927131092019
14744,0.145656991952651
40277,0.756924720222684
38264,0.256876100696479
32707,0.0201213338061189
17011,0.0171598782140414
19053,0.211895230611257
24077,0.0970518362442254
25040,0.0136441137716806
17192,0.0439037462527022
41438,0.900480562919395
19877,0.0195180446808937
18807,0.0107910911287308
30809,0.0115728063652337
25552,0.135746385041769
3796,0.0404182275074167
2642,0.079207334315372
11216,0.0449811536183456
24487,0.0436899173608073
39787,0.940032204703191
6231,0.0133649527308294
11844,0.0563859808339263
21689,0.0405266281690266
11097,0.0143867181429532
14471,0.011730724484804
20833,0.0269363669542613
25392,0.205556589570987
23757,0.0249371721462196
12038,0.0164680969722502
15444,0.138840987758132
39605,0.101576417558283
11787,0.00846972363842972
34208,0.0135623096542662
5151,0.025672180360522
35372,0.0102535814932206
3325,0.0230092756394372
28076,0.0124878854967235
17939,0.0785066626958209
35528,0.0361499085412473
22438,0.0390646926754152
3691,0.0368295776048433
40108,0.0802348324729003
39496,0.12600608031998
21049,0.0255278952639206
10123,0.0231690075496621
29376,0.0194736122485269
17573,0.0288763430047474
2569,0.007215467207537
8268,0.185755708733195
34338,0.227235639160842
7638,0.182298126284113
2916,0.00931923784081198
4896,0.101998388304257
25081,0.141536158370861
37051,0.0383076671469927
39857,0.764248670541503
33762,0.129369456036848
39737,0.0488459274147443
12887,0.317931790209038
21963,0.0025325145373508
32434,0.107154442123154
8324,0.00315902878786581
19362,0.0104055358809428
27053,0.0139045888749003
9074,0.0593631467778609
30900,0.0399503222599963
32971,0.0916604393960977
20389,0.0283218625175248
13858,0.0344482191117844
3838,0.0143510264371126
1299,0.107749388085118
13889,0.15790591190153
2357,0.0289482064866209
2972,0.00626615479754862
1621,0.00339695494036641
5520,0.0527350487780806
18102,0.00077619564840439
43639,0.0149160585779277
31476,0.877229224088023
9736,0.00240949088895686
6290,0.0043120134485814
18132,0.0387424768185185
3629,0.00371726389136499
12063,0.00237893378590838
45102,0.961980772033043
15873,0.039049767343657
3128,0.15176569017725
26074,0.0179239638214054
5512,0.0043150909352764
41386,0.508267400414439
43866,0.0118236812627792
10523,0.00641108964581803
19447,0.0208890638661441
5292,0.0113469010439176
29299,0.10063534950321
19004,0.173503584021923
24773,0.0289492496074005
15999,0.0452259836654601
42352,0.696817598725928
34733,0.011610102180611
28676,0.00951190936554771
31304,0.326721132727364
25336,0.39871741981009
17451,0.0022020221247681
12338,0.0368379517387828
8845,0.0148230242835834
26070,0.30839853800937
41923,0.373384126582176
4675,0.00278537215568934
33947,0.450681989289958
4941,0.0289794300847454
17933,0.0117453983082544
427,0.0123017004520944
43493,0.0407728207789161
10843,0.0151162935578425
6952,0.00311319133977822
34256,0.0300400573793673
14901,0.0163499473429097
13891,0.00907631536812829
34670,0.0364958550450482
4770,0.00601250315635101
9931,0.00770253376328482
11233,0.0120336339249207
17682,0.0677297523570009
37991,0.232791921476135
34470,0.10228232039764
4714,0.0128734913279754
7430,0.0241595502370398
26431,0.0188325875292121
22561,0.217911207589634
5552,0.00962700648482291
7425,0.0062600680850236
39557,0.214032116626341
30217,0.0291781609792837
35162,0.0181814332878803
4529,0.0124508920905128
6917,0.0788047277873937
26016,0.294955189015433
11899,0.0155749271399906
26643,0.0510791590427881
18338,0.000816749291998154
33463,0.213428617238785
7568,0.00614437819810915
31121,0.130232122459805
42970,0.0373158545946407
25276,0.0320847703970804
42823,0.0994784294709848
3895,0.00637434171150661
31130,0.0455672177426254
25637,0.0110400820572777
38191,0.01114190954459
38236,0.0158034401178495
32145,0.750609526061468
40041,0.178927010344586
37268,0.0104974152724103
44448,0.170525063115667
26214,0.0184399817431976
13225,0.0893705245755831
1873,0.00382470012620853
11518,0.022773132158785
39595,0.359844670648158
22320,0.0287430454240893
19918,0.0344835165696409
17833,0.0224261761102515
14389,0.00889687575112044
2737,0.00983931038689451
5045,0.0192301534112758
34972,0.0295196878986462
39991,0.837343903483148
13136,0.0565977995564343
38355,0.0146067482128043
34410,0.0125897833551161
33068,0.0326374824904536
9749,0.0167695971361413
13907,0.0762164646318624
24196,0.0423458286118736
25165,0.044824050106341
9565,0.0510366234045567
19086,0.0558373575890761
10814,0.162469572683435
22215,0.144525945320831
11668,0.00746156333890374
35137,0.00861726311078313
38400,0.34496030778177
27303,0.047670533504555
18425,0.0274923206348777
8916,0.0111361284651852
29881,0.0214451976899166
34444,0.140638244427721
498,0.00773953650151221
4955,0.0159958666762511
34015,0.195559585247173
20739,0.0197295201403128
27512,0.0315812513949474
33830,0.0687636250221862
8327,0.0771831320734549
23231,0.0867931108401691
33450,0.232292846730201
354,0.00633577245115114
30794,0.090171659940334
39336,0.00761093542012657
31501,0.0804888409728833
34005,0.215338245053315
15131,0.0151570093381876
31698,0.159662054770654
32502,0.021772789055181
25693,0.663799357061282
32413,0.0660798863251373
30496,0.0608198841717136
10678,0.0136632276769248
12949,0.0733324499476412
21464,0.0253767590998275
17128,0.110781705577654
34368,0.236129658974386
38128,0.0396325951324519
22865,0.0373679037653338
23621,0.130671789637249
36039,0.0109300577675757
14019,0.021136831604279
29512,0.14101200955774
38578,0.691146075408022
16059,0.0343232221632769
42935,0.0363517639011846
19200,0.051772526182143
24046,0.348209322990276
40978,0.0247610737538473
38744,0.0132305679197466
43569,0.200365505367178
28849,0.0647258483500297
34230,0.0162466436777766
11418,0.0688054184477368
35437,0.0500990727989079
8886,0.177417567394518
40432,0.028811535269173
11628,0.0132788097654449
23844,0.102320963698432
5140,0.00408891917144906
20032,0.00562544875321734
17567,0.0155078183491767
25297,0.0250002140928238
29919,0.302952719769754
10656,0.0649529877549173
35207,0.0368424178959396
26315,0.341152076884573
43512,0.359156700322013
39152,0.0379623342328148
15241,0.59378827233926
24149,0.00000000000735928133107312
34565,0.124853888433605
22387,0.0427529766970197
20685,0.165668245541074
1091,0.00232428192955709
33743,0.850208419997617
22432,0.0522548358494965
19033,0.0234801433165128
13551,0.0243106426364867
9916,0.0131134791016702
8063,0.123784744915415
23291,0.0158063569962554
4704,0.00665137392216149
41424,0.214175117316046
21303,0.0962129453554933
14970,0.0146690749510654
34104,0.0513739410225861
12477,0.00131160388894374
23560,0.00214575065299098
21103,0.0381147256057501
5888,0.00804319299585102
36237,0.0298891016745834
25918,0.1528493670414
36602,0.698605880696716
15439,0.441357364239025
26130,0.635687115195634
25275,0.0229379783879193
6018,0.0798519252076588
24175,0.00828655351656429
11974,0.00204319932385209
8997,0.116457909538211
16625,0.0318996112264507
44177,0.434032863946607
11431,0.0201251355011709
30574,0.0136332250356835
19112,0.0248118138972671
7803,0.285882611088905
44570,0.041732547453709
1157,0.00566796221013251
10424,0.00568168169450568
1584,0.0421182571539343
8852,0.275559209186459
42326,0.926188778564577
11926,0.00118024327220019
11881,0.000809328725255728
43186,0.357417232639404
36016,0.00969939840944322
4516,0.017371091275849
14684,0.0158421347526576
37774,0.187394246057858
28929,0.0138402541450274
25789,0.254923129012877
10691,0.0139800006082979
22082,0.0681310235648101
31420,0.454602939883213
9042,0.0136143795831235
37712,0.418745535062163
43678,0.464286091456225
4794,0.00361272028040231
43660,0.0128228466219457
9006,0.00480785252979067
34511,0.0752872181269883
42558,0.246781181435924
31175,0.228415127581975
27234,0.58763096966169
8687,0.105239940131442
4945,0.0655288089673839
30070,0.139003269674693
15573,0.0293347874887728
43281,0.296696284241916
12957,0.0758912075902558
12048,0.00810888070088813
24902,0.0234485573242176
19606,0.0119944210902149
27835,0.0562189269654687
7192,0.164147616822964
34297,0.58654832277098
7461,0.51514867849737
21480,0.0239051109200299
11849,0.186813618240734
37649,0.0333079022217123
24117,0.798583897109619
38010,0.0350412540037338
3074,0.00757101407204929
32182,0.0626643501749245
17716,0.0233847834147317
26303,0.00675857453540711
10756,0.0141043768450024
4974,0.00524570937781655
28402,0.0617979898762368
4453,0.0030123711446924
23307,0.0174297461374667
40491,0.654776544282967
44815,0.254049198611757
4859,0.0103520714423064
22134,0.0191451533060462
40251,0.237268629278194
6492,0.00726486624070536
37223,0.08712432270231
23485,0.0273927000580459
26015,0.0426607105576478
4814,0.0702199211414556
31433,0.746014676330775
22042,0.0581603013505431
5990,0.215554642953348
44334,0.859266942997508
379,0.0190394896066782
17928,0.018437159643082
39720,0.0314174253207703
21173,0.0297179128317127
21999,0.0647136779887511
19130,0.0228642358922047
40044,0.0930421931698893
9436,0.00997598228434641
8500,0.0242857072990003
10027,0.00816926634970668
31277,0.411966413080866
11062,0.0137678859018573
43202,0.921473561757663
26262,0.00875968573342825
9107,0.0603037131974749
16493,0.0119384369725358
19588,0.0228629872999256
23566,0.0150342966339939
22253,0.0173063768971462
542,0.00698002637884261
19383,0.0255681015344272
38980,0.039668921122239
11229,0.00839107229180388
28403,0.00614651336952808
26300,0.100848998670134
7833,0.00823218576527062
11411,0.0372752387252688
31242,0.433423886468203
40526,0.409887965099184
38112,0.0111674349888052
20527,0.100449195258337
27057,0.0140988135932459
12407,0.0507856962481169
43688,0.48794808284859
5064,0.00535598977281853
43525,0.951181901501402
33144,0.0270600315075252
23472,0.348487707571015
33604,0.0674599175721153
41762,0.219448457656408
5003,0.035582873856329
27331,0.0967058978245529
14876,0.0221206552776656
45193,0.12032743414684
40366,0.487928093326674
1945,0.0079357745772595
7169,0.0105114581712944
10268,0.0333059366135786
5989,0.00505397505080365
41756,0.20443255454116
40871,0.0211575740910612
27380,0.0250246334614774
7588,0.008552189833116
9482,0.050219869019621
1180,0.0037914613963786
24499,0.0155755362432279
11783,0.00263746851023758
11093,0.0138517146711735
21086,0.0258040730577263
10740,0.0461427179976485
35843,0.0103771982065689
35741,0.0189502441221577
15092,0.0178936363742929
6088,0.00398163505056246
8193,0.0175622881617672
5087,0.0181536016441779
4588,0.00309413787212479
12633,0.00262685221519224
31924,0.11056364098418
18668,0.00143319308463424
18884,0.0294800058851679
27764,0.66869645903973
18739,0.000599661670800222
32504,0.0641646928912375
24573,0.0204752467183052
29330,0.173373835454087
36192,0.0229496742921576
18586,0.110418196998343
21463,0.0600208238591496
5109,0.0798344060709275
35664,0.0344947824837007
10131,0.0152053833131067
24921,0.0145380496076496
14069,0.0288570315239406
30952,0.0595660194502404
32105,0.171713736183616
32498,0.0301382450333605
6113,0.292721350307793
32360,0.0215620866465181
37825,0.0234258390113159
10515,0.0269127274436362
18621,0.0163388720098325
28158,0.0249696065542848
12061,0.00858108211109497
1263,0.0111746226356894
10592,0.0372648592928124
755,0.00444188029098436
11440,0.0395319903638859
21676,0.025162930948523
4053,0.00917890935223969
38298,0.00818024338138777
44260,0.00147096635878515
24007,0.0317227972546016
40689,0.0793751003360374
4369,0.00943647849087409
13261,0.32568544107989
32130,0.0292368041715564
8397,0.0125404660343309
39197,0.588059677636124
31395,0.554246725277607
38752,0.0390981735613481
24208,0.00993203436450498
3020,0.11144615062968
19946,0.0758767080791565
11253,0.13052007850762
40170,0.0978239008247933
29731,0.100203277374193
9133,0.0623002487036189
14101,0.0203120510979893
35119,0.394797887906362
8437,0.00921256600463456
1737,0.00710629937232161
29575,0.0435161537842079
26734,0.0213333555501323
15723,0.393095256664084
453,0.00871107747844256
16185,0.531163310461156
1572,0.0599284217315482
38605,0.00914701375871044
1794,0.00474385009924606
18457,0.0453528406178559
2394,0.0174988594685997
22386,0.0222999483116156
3889,0.0233907404400441
13104,0.0231215890967255
4630,0.145728041142836
986,0.0170032048427749
22506,0.164781600389606
18817,0.00137040316923736
15954,0.00994037077459435
13786,0.0195142187702831
23284,0.0124572375434455
43736,0.188492868875901
25878,0.0671117615211571
5633,0.00221318530369408
37218,0.0754641151142698
22472,0.0475385248573197
42914,0.378744235727982
33571,0.21463475766622
8793,0.0114352103604329
34434,0.0755975114119428
11548,0.0394293954542481
36782,0.00448567187568005
26362,0.0319841918812048
20960,0.0443447456158823
27158,0.00925873494859658
30594,0.00929948659140376
19226,0.0378561777890161
32966,0.0774969641382836
39448,0.0497801778436813
27184,0.144288978408522
32677,0.039740854885085
4512,0.0150379950729574
11828,0.0148281083062658
22856,0.0705229897861728
43450,0.538834800672442
39036,0.036693324628269
32249,0.0289026612258242
24376,0.00376097652775761
38079,0.121352044583758
18438,0.0950144984891329
9587,0.567725023006379
20679,0.167631356742031
30271,0.0693630571002405
24970,0.193323775429186
42837,0.0450068264772272
45196,0.525991700845541
5214,0.00580580537477089
35483,0.0299987000912061
4641,0.0886045154321875
25058,0.223666494526273
36566,0.519739508860718
3211,0.00802554645001987
40903,0.12350533961144
40364,0.958894540914321
27402,0.0171745526023202
38743,0.00523418062468898
4039,0.00308079557642684
38382,0.00902665753664115
6786,0.0141002183956729
19610,0.0332689313890979
44919,0.0733020500500876
574,0.0154959699590242
5387,0.00497778851656563
39783,0.272338611879575
5551,0.00155281473276842
28092,0.0948613935785129
41287,0.193625262606081
37554,0.00499477544374373
28335,0.0339041152439966
5115,0.0232296884711065
23529,0.0597802191974448
38429,0.226792381423468
44425,0.374405572431532
28813,0.0195716241727007
25098,0.0084756445407253
34465,0.0275619999896305
10439,0.0119663931775184
26097,0.0354310032909811
24382,0.358296567406471
17443,0.0725783457436425
39281,0.15096529876336
20865,0.425001431705031
9655,0.0198810524943767
18639,0.00435487540004696
39179,0.0246316023015412
8665,0.0342714300204545
24048,0.00822732171419584
24748,0.0790980004450186
40742,0.015255403509058
13561,0.0147640981358831
4384,0.00303983690235696
12744,0.0847226732042909
12002,0.00369068891095451
5042,0.0801742508091734
12749,0.0113127958731208
33441,0.0199235059989892
33649,0.0221904610881266
2021,0.00590908540761342
21561,0.0565391980672723
31610,0.347456895030856
3938,0.0140908199455932
26356,0.0912523556666695
39683,0.0442208694903196
19913,0.0170059595060951
32985,0.181497635298123
1063,0.0357995845079859
17262,0.0163799762596822
24661,0.451688129756774
18093,0.0123696125028303
26367,0.479488741842262
3879,0.00611245490577663
1238,0.00721827690167015
11133,0.0604451409478832
29527,0.0613119907731568
17292,0.00729076220473184
12683,0.0170109293152257
20261,0.0662061638553175
32069,0.293436638081851
22618,0.0100530786242733
5530,0.00328301138209016
27480,0.0206686282319329
15561,0.0190787525806439
25314,0.0262243477538339
7747,0.0767826158835764
10412,0.0424483358471111
2857,0.0511487767901262
33768,0.13392106170927
38048,0.0151152365352211
37270,0.024813296490621
4011,0.0183692487597195
24131,0.0302889226373155
4356,0.00240292479995632
14595,0.00518092016806725
6138,0.0114413250466017
20857,0.61126817405477
28613,0.381621879536576
11775,0.0208861158710785
43501,0.218426812725816
13933,0.535712363193753
14470,0.133981496300621
42059,0.214853375218925
4321,0.00730262626787852
38380,0.536063213587282
13105,0.315585357736094
35455,0.663861862582152
1120,0.00633966639878931
27978,0.0428985211444964
6374,0.0101190273809413
23511,0.00610422885240486
6687,0.00654673496780508
30969,0.0208470745566207
44753,0.940701681210303
1468,0.0128061957726266
26018,0.11772883901633
449,0.00758502172994424
42062,0.947722704380601
21140,0.0327988994878351
1065,0.00684125328021157
31382,0.662088396539297
14275,0.0443321136773123
13403,0.0482655323122881
18136,0.0388106394431212
1333,0.0524027269872968
11157,0.0131984578696823
14001,0.00488189891349895
40825,0.0261906880122832
10496,0.0154545683416235
5842,0.0143481331689723
42888,0.0490556729055406
11929,0.00874131534157496
10618,0.032664379572604
3605,0.000670858298743313
21608,0.0226346448243126
38312,0.208646627722845
29754,0.0329669205723062
6089,0.0197424382233011
14622,0.103228713136555
29085,0.0189294482380602
14574,0.0435333392974204
31185,0.143722432026161
18494,0.029164710225598
24569,0.0219038330862676
25269,0.0215909379787095
474,0.00351807359654542
15350,0.0473761745684983
32383,0.192969799251043
604,0.013831250920461
9036,0.0144280122287658
571,0.00376784612083955
40172,0.227106445522395
27754,0.229947563147756
35690,0.0549594897612173
39927,0.0822894489699489
40564,0.143832537545728
35522,0.0354304663723152
17278,0.00885986783814087
36815,0.0563799055404687
25894,0.0659684868075453
1644,0.0188949176768649
32931,0.22236565693617
4172,0.00239942769448259
36985,0.645960535216474
32436,0.311387687432935
29831,0.0349702650620274
35004,0.190519310374122
1052,0.00511307579105998
8562,0.028058503068973
36760,0.0326369810731498
22895,0.0073325568213566
30283,0.0863170133411803
31359,0.550887797389859
12003,0.00185045790555074
18055,0.278779834004339
39648,0.630048424056424
9859,0.168686120521563
23851,0.0272078818620541
3087,0.00955786367637797
12050,0.0236084895461941
18541,0.741181425455134
40248,0.416872936832221
5446,0.0116921084947982
19977,0.0234937503470415
6017,0.00266820913763834
12760,0.700666347662826
7865,0.021783143654582
16976,0.592070778675896
35481,0.0696192723316659
29153,0.133587453905837
3412,0.00568478336900943
35961,0.027050794892631
21084,0.0909369074284719
23132,0.0598871929847624
36263,0.217269727229442
4158,0.00854048920875265
41780,0.372113016076138
19192,0.0333045343213718
42130,0.279536073076896
13869,0.0215628688437389
2190,0.0541478325904409
16951,0.0405108500379479
20529,0.0173708379735141
37363,0.0267500465264906
29907,0.225466101441601
9537,0.0513325530706635
3798,0.00396304653734264
43036,0.155820150738646
43964,0.190303578042107
16534,0.00955657527069835
31507,0.116919213388691
9241,0.0588122266602028
31887,0.498016471420753
35671,0.747757169963506
29395,0.0761310285555951
29589,0.0319852826521222
32359,0.101549594245257
5039,0.0158883456831115
6559,0.00701275554640906
20558,0.0157321758809141
6936,0.00193028137478535
28408,0.0115525771231255
12536,0.007629687023665
4944,0.144781735754661
6915,0.00495128767717487
14857,0.0300065514611005
21263,0.0587294407213741
13259,0.0275319115965429
252,0.00439061268814131
29392,0.194195911132988
15872,0.0181984620713804
20939,0.21155840261541
40053,0.329358305924914
22735,0.0225742675531304
35296,0.100358174279602
30127,0.0385034170114604
29630,0.571952388149593
18230,0.0199487512414421
37724,0.00523547055191447
13063,0.0465376234206841
11261,0.00211276749543464
38998,0.0327376786788792
5145,0.200416610430653
26490,0.0427430502838279
9825,0.0259445674324625
39331,0.0306404802405298
40813,0.0468708709821905
22886,0.175370223461448
11021,0.0362728598069661
3207,0.0226235570950819
38244,0.551753839716376
3165,0.0233156272204794
20965,0.0469845347576618
26794,0.074759300681783
19816,0.135988958327332
4528,0.0103434586917043
2971,0.00590623628127664
23276,0.0433112073555831
40843,0.127861420395789
29812,0.122434124451334
6499,0.0289816206299954
16037,0.00796932495398261
962,0.00565233232612555
40341,0.0706637007709285
24387,0.0851489595346303
16989,0.0204018462771092
35693,0.0701027733615259
15892,0.0115467178308811
28591,0.0305824293810731
22995,0.0212201278490673
24735,0.0119166800630351
12614,0.00689900026420825
337,0.0071271110083225
4258,0.0210481883293881
10645,0.0393202362621169
5420,0.00429274837937387
18310,0.0322210895646149
43996,0.021437891396841
16317,0.0861605569149842
32622,0.332213470580866
11490,0.0661436259538872
36337,0.0771493560410159
5424,0.00392035841244967
4923,0.0103180136429768
10738,0.0135471861051376
35756,0.0629628628008893
33429,0.212024804621635
13180,0.00897596760268618
22897,0.101968172756139
13970,0.0970673200249552
5776,0.0134781649096861
16417,0.151560040359628
11696,0.022648250039868
8698,0.0018599406094936
36596,0.277544977077924
31014,0.0546208766015794
3209,0.00597989194540955
9481,0.00866541182400303
25480,0.512790512605299
1767,0.00847592594317361
37482,0.066020686803129
34634,0.0302657881707607
24311,0.0145598386353767
14091,0.00988687206598206
44553,0.548516062286609
12818,0.0234219539029308
15520,0.317052155476252
37147,0.0664963880379651
45121,0.444129188965604
26750,0.0685507037325734
12512,0.0178216569611047
24268,0.00803743642583338
30091,0.232707211298848
43825,0.144260842029738
29785,0.0358338940107919
23167,0.00439161273354048
27527,0.0619768599462493
24973,0.0141614154740267
19338,0.0283028699538833
6782,0.00766101578946737
13968,0.110580648999385
9783,0.241421845500551
31944,0.100374642201375
644,0.0169362715299397
26265,0.0314771277929853
5719,0.378390626493589
38194,0.00478964992273598
27258,0.0447593098581611
36122,0.0328072709069734
10781,0.0237476498871169
45132,0.672013913721412
23769,0.00878467226833811
31892,0.102342968644425
38631,0.0385975202915402
3466,0.00237546714844813
12801,0.0327800825388482
18004,0.00938815584395312
42871,0.461863139707217
12968,0.0650726678115065
40679,0.0425010927531863
3440,0.0216292461259967
1470,0.00241985346824487
44140,0.100886987685997
18073,0.493872789900417
40999,0.0982498487791251
42932,0.124270245778056
33957,0.341911977270259
38551,0.0157040759732627
13329,0.00954737776899237
963,0.007361259194153
12895,0.0116331981082552
40292,0.0544746796553671
18869,0.0711022404018943
5878,0.0235260173039699
42359,0.0293739735996193
31143,0.0807241794717701
16023,0.0199727852506493
40075,0.21567741216994
12304,0.00763883296931591
19485,0.34478395543202
23963,0.0323163973475621
43878,0.166834516798054
5657,0.011629287990222
3779,0.00354497287367006
22585,0.0392567331771405
12447,0.0107349623505371
44754,0.340088173572941
28147,0.0381365766549628
9990,0.0319620782355839
35619,0.0796391405988267
22855,0.032095571387239
31922,0.0469517310946443
14661,0.0174868710719365
3821,0.00748724473006739
33100,0.0342825725890143
9577,0.0481624843602361
554,0.00804348140999672
181,0.0213259148776841
7788,0.00724034695915945
42427,0.052621351377782
39390,0.0824144026789883
14026,0.0202075812811326
9943,0.0718610186217111
25044,0.0149855883328597
27852,0.083238558690069
35086,0.0744146268242084
5097,0.0130887707714208
41846,0.0957209992326461
9144,0.355892315487056
13094,0.00751910799225308
12803,0.00746358799217772
32535,0.348077327681245
22454,0.0689770960104354
17056,0.0472129605999274
17544,0.00396370456390057
15149,0.0416316474823156
24829,0.0562554497426241
21643,0.0227669238217801
7732,0.012273616820275
38967,0.0332938146990241
22503,0.271205955181366
17769,0.0214674654546997
37146,0.310800638818548
30157,0.0232719641281292
41951,0.149680836019999
1234,0.00815751144758658
11279,0.00141870525925787
42665,0.0477288379939269
18984,0.415277964706297
1399,0.0209915906577521
36552,0.0482256945170141
6047,0.0105172900317496
19660,0.0291952433539155
10352,0.0121376480199871
40113,0.159784920923683
19470,0.0277333292549043
8650,0.236148215581617
2931,0.00929312763388403
1966,0.0082854071405309
32211,0.0873827751159585
24717,0.0348113957384158
8507,0.00841190925624823
20543,0.0611447222490431
15150,0.640567010145966
7294,0.00500193509629559
39579,0.18878399216261
27220,0.0339596492054373
22914,0.0257071628379246
9890,0.0152916779986462
33760,0.0921368695354107
21340,0.0887494703729001
8819,0.193466187147056
12480,0.00436942458580779
19564,0.0365704377487123
39330,0.583754044312274
30236,0.0961845368901726
24867,0.0524339779001836
20313,0.297316587400429
30099,0.35125298393928
8733,0.00621562121799114
31956,0.113067522340049
41223,0.104167074955962
21436,0.0508032538372991
34646,0.0750751541354746
23425,0.00822229659846342
19088,0.0454641672413911
15529,0.0230204826072229
15129,0.0362396395058294
9974,0.0147484893225029
26624,0.0938554127859295
3802,0.0210661145963683
16960,0.342332934451238
36344,0.0480589870462038
34463,0.0661702521800326
9567,0.00108599787673767
8032,0.0111469507247683
33710,0.0323338141715947
26140,0.061048536428216
36214,0.260283301551517
11975,0.0411473664561149
35943,0.017209901375189
39123,0.452161563700349
25942,0.0956238745226005
32680,0.837063167855819
2257,0.0150455031183922
35406,0.0188539761740348
40509,0.030890567982822
26475,0.0243697884453628
29211,0.166066824309836
45166,0.181443630460515
27653,0.0134416030211877
26758,0.0357199494274855
6370,0.0317866239793749
12874,0.011063147104924
13518,0.015087132086658
13081,0.0133730301959985
29021,0.0464936358231564
39008,0.0936602763896001
32008,0.0327452102641889
32849,0.0894946280301434
456,0.0157793205770265
34140,0.400667064778386
38686,0.247518718220815
6551,0.00359419564888468
39886,0.0811321363047003
5467,0.0062759075656995
35189,0.043051236752336
27256,0.00506471558775855
32074,0.0785239687266551
18217,0.388200012976564
44343,0.0791051436877834
12788,0.064752293238489
23754,0.0310126489387262
14761,0.39838491826094
12645,0.00167038441922358
26420,0.00681820220907261
18008,0.0271337335779553
37108,0.232735383437311
26656,0.0143433127479417
36802,0.125709335445326
19681,0.0465522764596418
36480,0.0148122687428041
19323,0.0354926376940388
21180,0.0931204489866151
11836,0.00997146859708295
21588,0.0497902767531555
23759,0.0159043287657327
3661,0.0162739125550851
36321,0.020971742369563
43085,0.0856755690594924
8986,0.0555744290596244
36575,0.0144642496669149
15334,0.0183176959141392
7593,0.0666915315090554
43716,0.00582095788904571
16632,0.0210189412012992
9864,0.0165029258049058
43030,0.867619353680956
7357,0.00363791162129392
34165,0.942704028481003
23821,0.0134850253815633
21218,0.0217960350088815
26101,0.801714340068249
3471,0.00939513227089446
12647,0.00866033474706426
8464,0.00395097241438175
32770,0.0450631149552437
12435,0.0388374587251094
30426,0.0293766579623484
14205,0.0179986523851174
44097,0.0536122341219675
14755,0.00651367546293378
19381,0.0643904383993889
1979,0.00460400795467417
42766,0.129486120783189
27216,0.0398280870784594
11941,0.00906622217988597
11686,0.022633102828719
25794,0.0265747851114966
16652,0.0199532596543211
15946,0.0999314243060336
34201,0.122969104171671
31475,0.506144780903047
4358,0.00505316271114383
33048,0.577823278283441
758,0.0232253464737593
31387,0.316744940895695
4449,0.0446539817089334
23180,0.0177008975413607
3449,0.0118380970310428
30506,0.034811424014819
24378,0.015191014905451
21370,0.0326665791262799
3092,0.0213271628950439
4163,0.00547280083326998
3315,0.40899305101393
12680,0.150457169095965
35547,0.0421783756310306
21430,0.0265652295581179
29394,0.0779209350154353
21398,0.155803428305987
11265,0.0164389640266011
6510,0.00923568951367212
7469,0.00228133237090815
32384,0.765439685958177
9360,0.00255949462385522
30483,0.0307036079852612
37386,0.021177470398105
40915,0.333812180280119
32640,0.0286669123220328
10640,0.0754512377908578
12037,0.00457215795874158
9205,0.037772495264724
1492,0.0370466494697035
9208,0.0239615453740667
39119,0.0142573255759961
44052,0.39061660195536
23015,0.0964066689169286
34155,0.121042858727535
17515,0.00950211510100449
29944,0.12839294509181
333,0.00657449747072761
19216,0.0493643661267358
20930,0.0312903918177197
38286,0.0304873661638433
25233,0.0258125999258806
17874,0.0502339111259918
9022,0.136170485259728
31683,0.043022811991476
42036,0.136105788171984
8155,0.0623126810249341
2721,0.375232596959375
1698,0.00714307903114877
36113,0.0100984895420024
38823,0.0081081247187078
22669,0.0190796258890465
28567,0.0703589584486407
41491,0.659281382868301
27289,0.0199887447985289
41234,0.106163663169028
5321,0.00354689184110087
25027,0.0186962396920065
38992,0.013165996722807
28434,0.016027477508095
1805,0.0120344678884307
5854,0.00461657023223581
3405,0.00972269392933567
6604,0.00702413255988063
24958,0.280541568049654
24636,0.075234700781008
23725,0.00248414552667449
21033,0.36741514350374
44937,0.372295712044668
31557,0.552784783547596
16612,0.0283800196395479
38559,0.0518670220286827
43376,0.330459701119203
16458,0.0367553504869542
25530,0.0173747147468409
29861,0.0462024053123961
23643,0.0226736941586423
12898,0.032602291245826
408,0.00727461226705059
33536,0.0143107991350022
39908,0.17788683897254
30820,0.0338772839061723
38634,0.0088848458770309
38025,0.0971139275839305
30393,0.165149308661981
11742,0.0160233662469107
1010,0.0106048386321896
19430,0.0447937338257252
27971,0.0185633148837331
23811,0.0146314968163601
23140,0.0273439093913228
30835,0.0310892524915778
38851,0.0328147947357513
28799,0.0524748693479893
9811,0.0240925384537919
33393,0.0335821545091669
34120,0.092957342724397
30185,0.0785172699151717
31409,0.198950176082148
39082,0.0410790356098291
15132,0.0478326388979965
5386,0.0109119447695297
28319,0.0151046595329092
24090,0.0425897318095099
35648,0.0346353852772625
29587,0.10496474630482
38596,0.0111346088330252
2020,0.0111387376591684
17985,0.0111964537399957
5035,0.530944824933627
18035,0.0134090310831574
9981,0.0318491208233299
14529,0.0332636654194533
24300,0.0720687702995686
9020,0.00817744911859875
17018,0.0178867843289311
12737,0.107320383751966
34690,0.0666264239993054
34837,0.0166904381658121
6177,0.0252421139173769
30844,0.0129367316124954
39684,0.0712072686270628
32702,0.0252870664255717
10857,0.00541920589328676
2906,0.00369399069163894
26009,0.0344933415761779
10151,0.145176741654991
5687,0.000608828324909706
570,0.441235337167435
24146,0.0098945619134808
19554,0.0399067551506984
12841,0.211544065425315
3081,0.0635877239328081
32963,0.268806175392673
9499,0.0395013817538626
35435,0.201606222613872
6942,0.00653843722508976
5356,0.00392656520964369
39149,0.0229559561810489
17064,0.0585342197038694
38443,0.62997271802596
27733,0.00866631996703283
13229,0.27478148758672
26652,0.0237517229134101
3959,0.00938105062600473
216,0.00752566838536824
35826,0.0124097916946072
3623,0.00674256919717202
36439,0.0406723887101108
24107,0.27181760407557
43461,0.921803736467984
18715,0.00399152260873826
31561,0.261861251075118
24695,0.0119206123230086
5848,0.00702655754735008
21839,0.0841394978240064
29721,0.42273245988919
9772,0.0630306049865956
5992,0.00459816787030459
29605,0.577748659873274
30522,0.0288427501539721
39014,0.0824981705523411
29513,0.125132581124858
801,0.0106116404764772
27564,0.0151386393283479
26679,0.0262142196950663
40705,0.0398822617918782
41948,0.953080867807394
11392,0.134825569810146
35674,0.0261250608759096
29203,0.18222251418252
32047,0.783277787924978
14736,0.0229591740872765
27276,0.0228735913292591
38035,0.198340911354506
24330,0.0493806214175838
34922,0.943982481073425
24012,0.0240637955032821
20806,0.594738753168031
27164,0.0576736921739913
11037,0.00856487911218692
1389,0.0344001160056848
6368,0.0212521922967928
32063,0.055079631899003
13784,0.0158731994038398
16669,0.0331911935055434
8566,0.0103701319712833
37956,0.222718205721386
43106,0.675615768699948
35063,0.0278858678160254
39626,0.0758887839964112
43198,0.87388982347495
30548,0.0299400489166641
33495,0.0842948630373075
8710,0.0899852547051699
3951,0.00188964214716399
31779,0.813482686134248
32026,0.110876378812592
10213,0.0261819764441143
16159,0.0333358582129586
43745,0.2449655188925
24769,0.0314349019680928
28463,0.110894606116324
23072,0.00343126690845651
27998,0.78199388837239
23718,0.00501766274142918
7812,0.314775778419313
1905,0.0209764725721323
6893,0.00222079590007065
18994,0.836804190629945
3262,0.0141381602634669
2767,0.010363939665739
29235,0.0381309565888427
35419,0.0922140387743728
34578,0.00461836075457434
6361,0.0144307401922986
17074,0.0610225546258832
1599,0.0101055507711067
14915,0.14798055252437
23051,0.0210655426496992
8213,0.00754283138946251
28029,0.0223156521082898
34686,0.0146018363498685
39657,0.0281819829440811
21343,0.0231498313391451
13699,0.0150847073562428
44882,0.332833748240066
26823,0.0475660309681963
14710,0.0375858829127924
18737,0.259119641933555
24109,0.0430671146019293
12855,0.00779002580744658
37548,0.0135261156561644
16930,0.0148446242712207
42410,0.320112391913468
27652,0.0646050943076503
18797,0.00398268995095603
8521,0.0294407930344276
3200,0.0129314283737437
40787,0.263305385369579
8302,0.00856855888450109
38543,0.110092423863896
32340,0.130830201150013
44411,0.144013295573366
21759,0.0914044281197848
27890,0.00847904518209997
20489,0.0692316870493811
9729,0.0181343692817092
34996,0.0391918820998597
5647,0.0188428014255416
37764,0.0342429237734995
31441,0.227751557550768
41555,0.390894865295947
4246,0.0501808626004932
41758,0.135992870097172
23146,0.0255588483458558
29533,0.015359581857248
27953,0.0378943332750991
2432,0.00790072304933497
37185,0.298814899675524
21778,0.0245020315090958
37966,0.194814845590085
31540,0.0692247554296345
40934,0.090606168458243
31140,0.0392667232582666
24475,0.129039762699593
39592,0.0603070299424961
8941,0.215489883470227
43241,0.384254978032559
28132,0.0311826027866902
21117,0.165191519420345
14644,0.510359675180037
29898,0.0901391840566887
25526,0.235096643155377
15778,0.0155511153950838
15434,0.0473487592629617
24321,0.191630429304699
9456,0.29073814720895
11096,0.00932665637255133
39427,0.0756857859007324
19755,0.0244895023427696
808,0.0098944896928293
23584,0.0144535788514536
31512,0.135580909830644
12636,0.130254254105228
10192,0.004907334424599
39997,0.272727207800423
3183,0.0204297374139697
30184,0.0568831263414024
20805,0.12117541104504
34636,0.680229991758808
30888,0.00437214788036366
29774,0.0137159769136437
31159,0.0394619589187817
26042,0.171079238573132
42939,0.568884157331567
30629,0.202021939403961
289,0.0124740687316184
23008,0.112027520598726
12463,0.00370606255617838
21105,0.668668048402166
33699,0.893836891471453
7438,0.0113651232873388
28756,0.0345414983460327
34969,0.0353174129827235
33928,0.109048207678909
17123,0.021814017913345
17190,0.00887619726381984
37191,0.421766878784819
31996,0.0895491633524971
19133,0.022593203555882
1587,0.00762201221722557
37375,0.039237343461458
7851,0.00141868120491066
22685,0.0240713372537475
38426,0.101171972189257
5881,0.0619304780847874
32217,0.105191244660532
4803,0.0763337801299736
29604,0.0651311848184633
27802,0.0132752046304477
7688,0.00292581849636875
34067,0.426408068508707
14237,0.0085396006882118
31322,0.163992992991559
28549,0.0546230253718078
44971,0.946906258868685
25536,0.0396601299016553
27551,0.023675035923912
25354,0.0476533351435462
30461,0.586172036725061
44538,0.205939313552047
23959,0.0171076612884676
23546,0.0195314332526897
31358,0.634667361869235
36194,0.0252326499080172
13685,0.477826544522425
39405,0.0830165266710983
17725,0.0567122877846295
17918,0.00959412523951428
12438,0.00925334310135764
1818,0.0267482620266819
16760,0.0436900999911799
29965,0.0311996471108851
26536,0.0445800619301022
19083,0.0299713254364726
43602,0.109832482550855
10493,0.0262739413530463
27642,0.0115045590833499
23574,0.0716651431120772
6866,0.00791916960289359
32806,0.158572521260512
19177,0.137643644484848
16895,0.0593756097476515
25873,0.0408726336964656
30695,0.0153977398513907
32927,0.0570385684915977
340,0.0107594325539283
6708,0.00615829182718429
32781,0.193350708245961
28456,0.00809954325399646
23615,0.10794246165251
25656,0.022428747626677
25577,0.550852992131665
25832,0.0303900420709595
29813,0.0149494135397816
13582,0.0200135455119158
12091,0.0547961185626402
2883,0.122786874657947
8981,0.00324625562326698
38046,0.0120855416316835
6717,0.0069824977842991
27225,0.0188235553681608
6071,0.018670089726432
14385,0.588890415848267
2444,0.0239627499072411
36559,0.0146913880364001
30832,0.0109997270741651
35663,0.170125796167501
21917,0.0664387265610363
14229,0.0168810096438334
17555,0.0251657169703941
43158,0.973808997371753
38842,0.1514571608518
10078,0.0137387526167695
33300,0.0368587376747634
5814,0.00534222706548441
1623,0.00787012277790768
35393,0.271070981936409
36266,0.178922392466209
17104,0.009301335850431
24026,0.1440754930608
263,0.00503154804851022
18516,0.0121220187106235
18119,0.013597659705126
1768,0.0800393878885285
19683,0.0616128887288733
42382,0.272335107233122
29305,0.0360682287544842
1987,0.227425066208638
2788,0.00420002157232319
13049,0.0116160234994708
24632,0.0399158604109987
9195,0.43423987229107
25391,0.0371183149755918
9550,0.0216771519604974
44959,0.839977775964442
41817,0.269475922317461
5163,0.0663566903617066
24635,0.161202242233671
10669,0.0115041029936571
4817,0.0299698731630375
44229,0.0746749698259136
10287,0.424962941169207
4018,0.00873998298541467
12243,0.0422302947680858
26371,0.0526665263765922
23537,0.0112458115323
2276,0.00916806499373593
5041,0.00773270366262782
35751,0.0238775251953908
33469,0.0330385515040786
13572,0.0394074892001873
27669,0.149960933414452
5858,0.0118256278330045
13688,0.00168873114970649
15994,0.153257107587127
6129,0.0115058452352592
4002,0.354918851373669
15440,0.551786672863973
27693,0.0922828620727215
9035,0.0162424293602318
12637,0.119118701425401
15481,0.0139757016141546
11401,0.0507145882125963
36535,0.040433360731904
15677,0.00849968827326403
42140,0.0377993374512392
20507,0.0457666285055341
8025,0.256932162133489
44546,0.10688464279907
30142,0.788891677497466
42713,0.031117663321738
12931,0.0758305684613677
24760,0.0159772929868906
42252,0.0788231385572838
32229,0.110592167098611
44763,0.820338832045863
21423,0.0482905843975365
14588,0.0269537919789928
1397,0.00645435376954798
614,0.00947844920371528
15274,0.0231320361686928
22625,0.0719877027182731
1335,0.00322693431975437
19064,0.0621294555498837
35814,0.50263220480166
2580,0.00492983423218802
39048,0.0288166855690004
21044,0.0532145604856752
36604,0.0450804519337595
11395,0.000510453184283649
24526,0.0864126629692875
17301,0.0188520236140663
20169,0.0394076907286155
2802,0.00827058750429921
7728,0.00533306748397989
6889,0.0330984617004633
18973,0.0746252525794824
26602,0.0312266484622209
40628,0.0344580463876689
13484,0.00956980468217206
39499,0.127593705871581
18550,0.0257820110867018
12938,0.047158781609115
39554,0.0376929904802189
982,0.0971650540618457
356,0.0126703290215364
6745,0.0114270804040884
42885,0.0231457871214603
280,0.0139732580076147
30477,0.0409972215330673
25225,0.0255433731234313
8827,0.0795737927478878
27790,0.0163294763834392
22214,0.0173442340128249
41243,0.0669304426702592
38090,0.30942956987431
24462,0.596140476148129
7519,0.00865351221089611
4059,0.00392092686957009
35020,0.0180442174757907
28616,0.0296985511797759
17982,0.00813721275999809
41280,0.559408345853511
45126,0.277441347742317
38821,0.0127003047666318
39147,0.0335975148846744
9414,0.0123467158850138
29467,0.0364126582662251
44641,0.0711107460587826
10579,0.00449696494074542
31834,0.0360916412997922
27039,0.0606984652333728
13923,0.102750456518567
38569,0.0386034708577555
42461,0.91651404879132
42007,0.725063434061374
15216,0.0327982659755295
2587,0.00249186454644852
31885,0.416243246159426
19988,0.0437924246853114
39089,0.0384147498786131
43190,0.518235927788532
40390,0.457555658531027
6581,0.0208553585834963
11512,0.0247979956904061
39771,0.982348137294833
35085,0.153941865402159
27710,0.0356839158392247
2219,0.00920962780227872
38294,0.634669703302464
38876,0.016667310363483
25710,0.0524799684809035
3352,0.163348440420563
17252,0.0126607515683601
15417,0.0876643079914048
17719,0.0356940941394304
19786,0.519948764489244
6427,0.0305821756801209
38389,0.0144809848537155
20987,0.0848880789325929
39677,0.161125401400686
12187,0.00995934937079652
30187,0.07166877150675
21223,0.0252404093398595
17923,0.034287545188987
43658,0.0382683129054905
37734,0.0345953770971427
18273,0.0291149812995993
25851,0.027758946751073
1409,0.0014563462677971
15121,0.385798199835715
2787,0.0189811330766598
20072,0.243886749358351
7527,0.00683009757865585
27869,0.0211166229365572
19273,0.0313513014868309
19772,0.0337766606562904
39714,0.0554023028842971
27478,0.680128376600904
15460,0.0204504969869831
15653,0.00430931767979668
4800,0.0137614977525077
37058,0.0281481822023974
15249,0.00610544662193921
30710,0.03192121430155
33718,0.859476343468348
43967,0.900704721558024
34176,0.114921304164213
16511,0.0599051559505464
25435,0.379478145122909
40283,0.811911823136122
23394,0.0949824790589504
24927,0.526075038160046
40672,0.0919494214293524
6313,0.395364097097312
15856,0.0214253950448861
12820,0.192507748152537
23829,0.0156501375370093
13263,0.0187370724803218
21267,0.0295904167042363
7419,0.00574315682956504
25374,0.43601143710015
22152,0.749549658575038
22511,0.0465810609538223
32190,0.873252733211543
36218,0.011423465516737
18051,0.198266981124959
28003,0.0149833601848027
34983,0.0568059663083539
34893,0.0500549161921165
21827,0.088137480209892
22361,0.0283081127865549
8594,0.0264116077095004
19054,0.0312306691733481
12754,0.296815100237192
37054,0.0472876305244644
8036,0.0415762016559886
20142,0.0337379426336044
35621,0.014313685333781
2696,0.011443149958908
4090,0.0187869206304101
7953,0.00126129066086955
22931,0.0121985098278246
30882,0.018688590754431
34028,0.121348380326238
33465,0.0697069493753086
22300,0.0384070382151466
7189,0.334834120724469
39046,0.32292798250708
6859,0.00741386003855241
23068,0.00595534543078215
9556,0.0137097451805739
2730,0.00372916182240684
14116,0.0200798615037944
1627,0.0023895486051449
12227,0.0138071884000524
10118,0.0253576903111762
8352,0.0385451297753914
6902,0.0320115501426911
18918,0.184449593724353
28774,0.0188391708226601
31007,0.032740768416507
29427,0.041761202563138
10602,0.0246562020754436
27559,0.191228411673563
43161,0.536378974945221
12042,0.0165246532781457
43175,0.900180975644815
43053,0.508445423671548
9584,0.0168555045086433
4844,0.354073757274411
10804,0.00691980600533971
35855,0.81784740150318
26721,0.441165509585072
10130,0.0482710727643412
20390,0.0640096046226571
43232,0.625673839743668
14564,0.298893221064081
28296,0.409420512073851
29540,0.0809796861828519
1107,0.00303376606312927
38209,0.0721973519819122
26181,0.432532618928863
22753,0.0530744895549539
35947,0.230881073169582
14282,0.013194779080221
40074,0.0678142812154575
23274,0.0234324388835075
36958,0.233383449748
18354,0.0119860077095494
35138,0.0111862497006135
7691,0.00856951052132491
42103,0.205341819224763
21789,0.0607655035905376
5159,0.366639624861082
18172,0.456628853016117
1083,0.00925906221475195
39819,0.264978011103666
41859,0.705609842687781
3912,0.00378258884300579
13962,0.0273320464830377
18283,0.024719847257216
1799,0.00384503210219176
15433,0.302342053718855
18359,0.0127970865525838
12442,0.0261645245108092
13223,0.046141828411266
27973,0.0219246868180141
1690,0.00267022184795746
18638,0.000962457491398464
11369,0.153173761660985
27129,0.0277124861626978
28537,0.0803912978508088
17185,0.0052756002798787
26417,0.00790952104426911
12402,0.0185074696114731
12812,0.0541080422053647
22066,0.00928751047115659
17161,0.0309479604500564
36202,0.033305713741399
33839,0.0251783363079439
20251,0.0127696178526105
25155,0.228816256137316
26284,0.0352472989329892
40330,0.0334690720707451
3837,0.017682888814514
1541,0.0331304833478667
13788,0.271683016725265
19682,0.0542001734613651
42204,0.0749682698989997
12781,0.0503704421309014
24281,0.0806906155096583
16741,0.0225162752512964
17117,0.00329858599338072
37288,0.094524972727825
9589,0.0145439496479269
32488,0.174514803332927
31037,0.0249678581677926
4551,0.020594505064695
16252,0.015539177855163
16876,0.062987796066
4724,0.00633612699738851
6690,0.00709154444351307
11080,0.0133217132444605
23427,0.0161348203416716
26509,0.705352880233437
38231,0.0138314525424544
42767,0.117412962383479
29996,0.12970176405322
26770,0.0345784200657835
30387,0.013497832625359
14247,0.0284374317434334
31454,0.511575110110015
33737,0.138820195137854
26280,0.0543738042924406
43772,0.30970653835958
11177,0.015384060661897
15864,0.015316955042466
33723,0.154536183702109
18959,0.010686944617108
44793,0.546363296950046
12170,0.0365008880673251
38393,0.17840320279694
40377,0.353749902952057
44031,0.78070537708728
43333,0.761354188506802
24313,0.0342198553954514
7518,0.0102957092200147
23507,0.0207392505126594
21493,0.236363864726821
36230,0.0181223157462392
21213,0.571094693657209
17354,0.00990527379770534
39163,0.14695739177199
40451,0.077283216097939
41156,0.0534782789852428
698,0.0101931112127703
39977,0.215835645354651
18139,0.0633064565311051
41505,0.182552661100121
26989,0.158253534764567
7742,0.116311006262487
37093,0.0646268141853774
12952,0.0157007183375832
8139,0.0152729100157699
37001,0.0893079178238299
31808,0.308500522389938
2333,0.0111591714602274
19616,0.0773998782431484
43490,0.141699708349459
14482,0.0209167023298093
38893,0.0304227413425181
41704,0.953762554806434
39276,0.0184374366557269
34128,0.418058255231093
26238,0.0678803343642068
40553,0.0630552874441191
34865,0.0386458571545516
3593,0.00191410913466495
20581,0.0235791218689024
33223,0.0148946334713644
6058,0.00362867100723469
32863,0.188702954880042
10026,0.00428666277700144
24887,0.163051300747213
16919,0.0397046815485522
42273,0.085070216825753
43841,0.328809111633076
26314,0.101964441099622
5017,0.00439859857378849
40368,0.857358660580496
16324,0.03010932434005
26618,0.0305601936639101
11785,0.012588761887478
34976,0.0303389709793928
9892,0.0170174043018395
39697,0.120792993599802
15579,0.30862439487595
43655,0.254369085624116
27080,0.194567138984948
38484,0.305275198489156
39470,0.0416131019058804
33187,0.0145105115856563
4855,0.00688802693882632
21901,0.00912628892783998
33946,0.0499597184534563
13042,0.0198988921302542
11959,0.00776668386978707
34554,0.0475080034871697
32238,0.129089944065094
9678,0.00138054143955214
28633,0.105792141159093
14524,0.0113240759936105
1354,0.00425975439750452
17720,0.00940059384528984
5712,0.00280268355757383
360,0.0062019038072113
31968,0.0286597105779766
8290,0.00698620180879098
33827,0.0743968287010641
5984,0.00391348104162302
19833,0.0465411519369289
4176,0.00722882644201902
11507,0.022791331994496
44454,0.0716608177616668
25388,0.0223852289776479
35590,0.036421193377853
42564,0.0297758140719498
9855,0.0145554232040567
15179,0.0172358232320393
35667,0.0170859482211362
20825,0.393125413016296
15696,0.0274603868104702
3578,0.00076731197695884
9412,0.0107973889107056
38130,0.0368246553057257
36811,0.567264486961944
42378,0.174656488666959
34,0.0102307059118319
39756,0.0648747357777692
37266,0.0915483925764329
45151,0.701760036014291
31232,0.473526707627212
20379,0.0645824655745258
31015,0.0349062837840368
1664,0.0111079859383003
43383,0.836444939015297
11122,0.328248894350093
14843,0.027419202030499
31725,0.0639305972212516
36376,0.0263858204039223
45109,0.0707885188940651
918,0.0046770959018321
13117,0.0459234609329615
24110,0.120312081327543
22456,0.0406344781830412
34844,0.0192668544614887
24650,0.139721205324858
25100,0.0209298779865497
42402,0.0675025239350668
13669,0.0693483043135878
41318,0.33726118981434
26747,0.504936131178225
42544,0.464432789557059
43303,0.360748941258764
37925,0.503262940771331
16767,0.033437049632105
12658,0.0989160044129133
19822,0.030330457528722
15183,0.543946557098574
40225,0.139206752181974
22981,0.0339240004455556
10650,0.0529181538819431
42206,0.073643163568757
24006,0.017717756029681
36713,0.00866991228663086
44575,0.141002824160962
11491,0.0371183510126779
2505,0.0067115087167169
38984,0.065333054516869
34115,0.0914628592471193
25333,0.0216244056660976
35219,0.283471661815358
18244,0.206843717223069
41238,0.485651508164423
21081,0.165747580799166
39120,0.0709050545954462
41371,0.0416745256197418
15182,0.0300276805825511
2034,0.114333196861868
6401,0.0154361753434167
36594,0.00690263793492261
15603,0.0361592658537025
9895,0.0141582486177672
2783,0.00725008227204702
28289,0.564873111026512
25458,0.138976229172922
17501,0.0180015718989879
37183,0.01529978239031
22645,0.559918702173305
8743,0.00992661463454431
29506,0.0928383070158032
6535,0.00426146885705845
41401,0.071347012476171
40157,0.0786541029802037
3078,0.00468566115746474
40486,0.025938104797364
38697,0.00860742881023428
34291,0.0581430122649118
35253,0.0155064012733392
40772,0.0978437024485118
8055,0.0697232928415254
20035,0.202009858236396
16000,0.0182708031764946
24443,0.0329267032160781
28642,0.0266925488993624
31757,0.0511574304242815
33893,0.281148155386067
39765,0.220303549782403
5300,0.0261108773741078
4784,0.011267706978816
30338,0.0239418198177484
4994,0.0466832046669295
15188,0.0565654551142138
7285,0.00539831180508531
42403,0.925452334949332
11772,0.0113943093663157
4156,0.00299761007646212
9963,0.0388654723850323
27451,0.00729310529891693
41237,0.0741433195930121
24280,0.0314728741524478
34069,0.0342177827729334
27386,0.0508233089116168
28639,0.212864219985054
29428,0.041117668597577
12473,0.00306316001191158
25719,0.0829496806056021
14467,0.307431243065972
318,0.0244099066840284
24950,0.00916409209976679
8625,0.0226374567658065
16679,0.00935954062751674
1059,0.00958923021047031
23564,0.039692268176821
21972,0.0393490403567258
11052,0.0368795114694601
21093,0.0461016241030072
26812,0.0217075443246497
32525,0.0189528682390694
20274,0.0307970006991788
1141,0.327584253001817
14501,0.0111916305719762
44700,0.0140141750192618
2537,0.00486736286167607
39270,0.128518925653417
19351,0.048545023629433
23275,0.041803174188077
26934,0.03761301406312
4996,0.0146850175978161
7474,0.00885097692010053
7373,0.00593203871632942
5121,0.236486741299838
11882,0.00642882623029732
41834,0.684093517909437
35033,0.0549568033999996
2125,0.00415938542060067
36547,0.134660488244326
4332,0.0104678670785803
21763,0.0318063653744687
39200,0.288538619725785
33857,0.0423479376609667
8872,0.00561020567067342
30346,0.0675909761684844
21760,0.322149208428704
25227,0.0374106900274971
26827,0.71543822051627
25571,0.0275301913930507
23165,0.0135296996212908
5250,0.00769212804290777
28835,0.0758211979220237
12417,0.0102004371359427
34885,0.0178216326958598
42319,0.0698706866471773
38625,0.0094733892208393
19979,0.026063649192051
20350,0.0719330487841388
818,0.283328594795974
28398,0.0423181312390022
802,0.00391315492653684
38087,0.0148722521712804
11286,0.00463586444069872
7654,0.00799267404610219
34195,0.0370387822292927
29088,0.0272798885032475
19811,0.058644353179373
12628,0.00425997130740409
25784,0.658038909585432
17191,0.00866421123196761
31227,0.618469482257977
12679,0.017233967031328
11076,0.0298523312960844
34500,0.107196946379035
44519,0.672553621034828
17592,0.0357372096685043
3848,0.0494212835843385
39772,0.109947267876975
42180,0.0976450445950543
24915,0.0564348366216834
27374,0.0431876143428756
11816,0.0261776618005767
3070,0.00607768887098529
31980,0.191048818410253
39274,0.0109101059923933
25747,0.0171927573679587
37011,0.0249319339218313
15720,0.204090866821113
43472,0.799194991544786
24373,0.0287864212467378
36415,0.126639983147156
31208,0.369780573164065
43188,0.914087085092096
37955,0.169328632486048
11972,0.0110366679798869
4757,0.00542543299378648
2517,0.00783930859855514
19759,0.0458037779626151
39667,0.163209507656643
29431,0.0873135277456008
24413,0.0120409724937812
39796,0.0675096587600405
14255,0.0211902474125888
8992,0.0192927805575134
25045,0.0719986544293529
10096,0.0249049511344845
34174,0.345614046900954
44033,0.579265128985138
20359,0.027274183082627
1328,0.00671261058063838
31782,0.0613810782568481
18423,0.0119756497071903
34404,0.0178728861944091
13082,0.0474262414795313
10196,0.0132296568462146
38491,0.0201894765240668
21268,0.0198422677334659
16881,0.00904539384494406
15391,0.0550614270623176
14296,0.0222157326277204
11008,0.0472702364149719
12508,0.00381784511304064
32567,0.0757733577519696
11981,0.00152138003863744
4841,0.0214800452379121
39202,0.296428493395508
38320,0.0505726854334938
13973,0.0789714546296877
41296,0.345996389355121
10569,0.596749584836677
28109,0.537212377879103
16170,0.0678940673005764
32477,0.0729917090907202
2296,0.00103199788889742
30754,0.135043779567038
2861,0.00440356122584837
26077,0.135768361321527
42320,0.141195905232504
6505,0.00499392474333976
8694,0.0100691991830534
27336,0.035357060158746
3562,0.0168742565603782
31245,0.185686752727463
43310,0.630228375702702
3258,0.0026213895111371
22293,0.0474133710249508
6580,0.00619704617979064
30597,0.0495280364145382
17830,0.0215788642517028
5251,0.0089029623446283
32712,0.0260902231737238
8971,0.010666299635621
37564,0.00912170239405353
7918,0.00461314822285193
14869,0.0331345739274781
35817,0.0364711949951313
35629,0.106256358951943
14044,0.0703505227440005
19601,0.304316287878642
19486,0.106582011400561
41679,0.128358440580371
43581,0.30085291783066
23223,0.0422539746288353
17288,0.00907325701099777
11043,0.173007658765672
8869,0.00585742214542014
6319,0.00342772161307655
6544,0.00485346294624306
6253,0.00789038056533352
28944,0.0184751404826048
526,0.0175336471640347
36283,0.0621149246317676
35473,0.0179823782679708
27322,0.0535689587525257
22063,0.0295251529240225
23526,0.0536713335958919
17504,0.0183322251535118
25746,0.0238423288615528
30145,0.0711298475485097
24019,0.0312193108662157
17464,0.00705167090798501
8808,0.020771166758878
14070,0.0135620913196806
16275,0.361250486488026
17932,0.0120978842504589
44874,0.0894453594183703
34304,0.100505563251489
1164,0.0145043436241051
37728,0.0175521312778933
30928,0.041183274284147
6382,0.0453925632247218
10597,0.0111952977245185
23712,0.0172960509574049
32980,0.168775115804926
2396,0.00901046416537792
18610,0.0146019675472632
37133,0.0157791840696319
654,0.0309948126609931
43617,0.0315631290248345
15557,0.0139080953656508
2210,0.110609178559073
31703,0.565282768432027
36053,0.0759212987732774
4914,0.00369680153770653
43153,0.533932376724273
18237,0.0151826380955399
40492,0.0302289082938813
15755,0.124630407801077
2134,0.00336003346862061
13648,0.0234832476859351
10293,0.0197768751681386
460,0.0046930679771173
29366,0.00578965870090146
21882,0.0912925999058729
13606,0.0131475330542914
14996,0.0367266126874302
11478,0.0956576339153121
34762,0.104976396412792
38642,0.0216023161845667
26270,0.21725706708357
33704,0.0866277364324695
37193,0.0589080547061035
37004,0.0183836627143414
22970,0.0418347999802356
31431,0.415788186401717
41909,0.0802348454183574
36008,0.0306846351139428
15496,0.0194901951262956
21474,0.0232898798917515
26729,0.0218122743839871
30266,0.0190372196127426
2912,0.00232103797898283
18329,0.00298439645838515
27023,0.0105174261320008
18563,0.040998637130586
10860,0.0108410439902332
26409,0.0195629267672665
33898,0.657405986831209
6700,0.0058469669515378
19380,0.302326479387059
20835,0.0321196797917965
4685,0.0049668510893837
10947,0.632757117432429
20430,0.0431501543324361
1000,0.024279863508149
13277,0.151650249044758
18644,0.00664206003605137
31479,0.244801465598308
29597,0.00810162754432164
14202,0.011402079264312
10887,0.126165841805086
9880,0.019636960559881
25555,0.0103635500332759
25075,0.0459694596248545
15819,0.202303486995926
3242,0.00578570158483476
18504,0.0283228183860459
14534,0.00890779646048563
11290,0.00944764739604842
19668,0.233109502738349
28466,0.0388650565706587
7839,0.0243936055977604
29122,0.0325047933453263
10950,0.225534483469305
14629,0.0320628278525758
10811,0.0111367165378819
24963,0.0239296257958986
3365,0.105785783034348
1122,0.211701078518064
34814,0.204436938138872
18932,0.0314965128639342
30026,0.0286473754009289
33516,0.225868145086306
28872,0.0198356423686993
23531,0.0406306147444762
12574,0.0105799505460169
27604,0.0887711361825517
42325,0.13745047997731
4920,0.00818540942115449
28873,0.018402419033334
24509,0.0197699280330077
34770,0.0136284691481079
13964,0.0124376038777192
11155,0.0168342925312135
5267,0.00891271428442482
28951,0.018651351434122
12197,0.00185687518777041
19012,0.0440853922826459
41680,0.319199090174027
36592,0.025900754466661
21431,0.114658484423646
40713,0.093605262577701
31702,0.0790299964516752
17116,0.286825404522993
4726,0.184520005401822
345,0.00269726340511694
36653,0.0225545929921324
36209,0.018604764610858
32142,0.0778427166085934
15978,0.119641873127085
12092,0.0265784557890295
1445,0.00149848677997582
11017,0.0206338018165217
44045,0.00587950138156532
33869,0.341501027548889
9010,0.00570245744158571
7446,0.0220598215574805
25152,0.0232703239828375
22384,0.11539164533405
20701,0.0326492997911224
4925,0.00860187072152778
14790,0.0217482288627659
19831,0.0315278102518378
24861,0.0347229460401412
14448,0.75844690689395
42890,0.655913566985724
33965,0.27766391703323
27142,0.0491913540411684
43911,0.500252726379854
37958,0.145324336664504
27563,0.0941902099785325
13501,0.0508139804085341
16725,0.687024492963968
19316,0.0511186882254899
13459,0.644126423672527
32009,0.0386014663547313
11716,0.374549048623797
36680,0.0458496784908813
42417,0.0998135694640279
27863,0.0237589585276289
3387,0.00566133530329493
33265,0.0967164519442537
17485,0.0852910805411344
42507,0.0504055336949361
27106,0.337001244005757
44494,0.683564254353536
15184,0.0506201105609024
22649,0.0325165821063838
26534,0.382416126798746
35334,0.208011916758942
13752,0.0147556534894949
9101,0.0110272789025256
20593,0.0319895644886002
37941,0.815174703246023
4514,0.0150163497880423
4104,0.0750110380898456
24710,0.238908019707014
2904,0.00291951140270055
22071,0.0949875527951374
28171,0.0198338607237355
2024,0.00766380755982439
39859,0.368487999734298
8664,0.0140959361901393
8096,0.00822849561433074
44728,0.649001904938986
1064,0.00685246953079783
15852,0.0139508391898071
20296,0.0555039015107758
15115,0.0234470707810423
29583,0.178200370860342
42863,0.047685496965683
15643,0.354347755390353
311,0.00501001884070358
4992,0.12475726823633
16357,0.482735130312615
8746,0.497514171658812
40276,0.370192805871399
44434,0.168646731376358
28200,0.0427121410945063
13908,0.0151548896826438
20520,0.0649224998702374
1736,0.0160817928072555
852,0.0385984831453981
12286,0.0104866695400357
19309,0.0559107615700288
14802,0.0385228067064443
1853,0.00566815314860944
10931,0.0209792256577198
44827,0.401270627152691
26205,0.0171813450558511
21379,0.092538019875903
7025,0.00768830964301653
25322,0.0322362319691645
31315,0.241129650526121
39845,0.0392569936989264
32036,0.127251451629959
10902,0.0371493619356997
11756,0.0375366839798986
15786,0.00872636051562958
7725,0.0346753415321544
4209,0.00259962645884246
13526,0.0178895531337059
4125,0.00877530822140608
3433,0.162146931757316
29985,0.0667775720925546
11880,0.00903810198512785
18515,0.0163430138273755
9868,0.0240465491873341
40947,0.0208363931243258
7055,0.0108456688860031
19542,0.0412106023376683
14378,0.012805101238036
10777,0.0502000146226093
42008,0.612877645470408
14621,0.00802248115423097
28136,0.024481358775032
16333,0.0501123523112432
38378,0.05414429224025
30355,0.0217304296588078
15208,0.045902985571484
45125,0.697925058732991
42255,0.14689684984848
31826,0.0724882754775111
16570,0.0812600001930956
20351,0.0504847878937953
10056,0.0146230987403318
26532,0.0091387950690279
42959,0.879357956067402
38716,0.0202319525187765
41506,0.705254995347049
8670,0.024169310222611
34313,0.0250067944114201
27207,0.00507194039575515
8899,0.0070854398358512
33485,0.135352146256656
39107,0.130819319696405
27103,0.0708039933957285
38319,0.0109781941259972
9374,0.0823752547643475
12433,0.0325620728281792
2810,0.00459168718625903
34349,0.00855115212289814
16888,0.0231326759776275
7721,0.00256323579693742
36974,0.0220563962796104
29649,0.0180248647071532
42131,0.11963686433689
13375,0.0529421285152078
31339,0.814980568047644
15227,0.0276221510882048
8713,0.117414301185526
33953,0.218471165302534
33744,0.0832789105936865
35214,0.555536285073195
42862,0.530607231556302
23444,0.0325018265028619
26843,0.0166451846431012
24233,0.0203618885783901
10075,0.13741796626206
30059,0.580905629266385
44222,0.00744958209271081
21487,0.0160665176118843
30603,0.0382613247623232
38053,0.0462520189141313
19406,0.018758612879777
18029,0.015908042650326
24105,0.155247359948919
38916,0.0199460067976477
240,0.013886531021248
24256,0.0634587753103734
37371,0.223118251270928
19898,0.0495474750417541
8729,0.00859282094147103
34647,0.0313366088832141
6165,0.00393355921204427
1626,0.00387855709071543
36546,0.0270594200669581
4731,0.193345087284301
42587,0.135775748946789
44690,0.147156796432591
9933,0.0323080947852321
4064,0.0083688930771038
24746,0.0438339554731466
9613,0.324256891755327
31993,0.0294177866770988
30549,0.468011276537378
38867,0.0529794298563995
18531,0.0236578102488226
36153,0.0152882762058393
17007,0.0058525701066328
40398,0.054215473988643
6988,0.00326214515402477
1392,0.157835476523411
30427,0.420926201555544
5247,0.00488352423925608
1393,0.00873494232781925
36944,0.07936602410576
33834,0.0227087826472271
38604,0.0101426540455719
21775,0.133909202827355
2928,0.0392349139527731
9309,0.0127885598731537
36874,0.440389409667901
3120,0.00851555516068001
3065,0.00292279197741221
24610,0.080213802148085
24888,0.0330337702602645
4371,0.0183114937954294
13376,0.0624922938906838
28131,0.00749431781372961
31811,0.0435777800349116
25675,0.423702100787517
38865,0.066862138848249
4281,0.00217038813265442
26941,0.0120960323884781
37070,0.484931465536851
29511,0.12839739519824
17297,0.00669920735749926
32197,0.0706807405037998
29195,0.786391390450103
21646,0.0280794162753036
41077,0.103605123762824
14926,0.0244288292531957
38954,0.00966643253498541
24401,0.0133916880429473
33878,0.747318243738682
27061,0.478937630271003
39238,0.127091515740453
18754,0.0158266866429989
23866,0.029032003433733
37036,0.410922338949503
6085,0.00305292716112891
114,0.010092897894982
30587,0.0234328816697046
43859,0.341675300399317
23499,0.0459932351293086
23815,0.0181077552838656
4605,0.00750619377159101
37214,0.0801812752506531
21113,0.0782286727649112
23772,0.07953273848661
18185,0.0188205965255339
42375,0.21286787465276
18315,0.00923748268809103
25712,0.0178212862345964
13868,0.312352255957703
10432,0.00533251993879479
14455,0.0220619625042966
39533,0.0535813158624537
31653,0.0276627691505013
41585,0.172293546282173
30412,0.0585085123316421
18590,0.0611402930701164
2421,0.0796987154041693
24592,0.0198799833627412
39598,0.885144242752635
5969,0.00800546380526511
29809,0.0599799116616504
38664,0.00976524757331198
27353,0.176622377586698
31737,0.0953063600363425
1875,0.00507170789837548
13767,0.100378780824221
25601,0.0159082793123316
12237,0.0105490063407946
10607,0.023636630312036
39555,0.0749750147552722
8157,0.00886156057079494
39698,0.23293887819792
26754,0.0244430885398778
16870,0.00483601466854241
41810,0.228990343494812
3028,0.289719531130672
5902,0.101453938378828
38960,0.038858436593919
44739,0.989457433511654
19914,0.0315944758958896
43103,0.850021318514302
29871,0.309269021747408
9636,0.00624084562916583
6430,0.0755581860114782
35474,0.0767929109524022
42238,0.0524500664635044
24384,0.0277735383972633
30330,0.0436344707063084
18442,0.0141856754474313
31851,0.855270234725385
1969,0.0132837522106004
30451,0.0618264954386944
27609,0.0149907922257158
36131,0.138066704658954
40243,0.295335860494262
39445,0.0390919413948688
43283,0.77193977333725
10971,0.33250359931187
18620,0.00292224476996619
7794,0.0197666455876803
21559,0.0591663885416289
32750,0.102931567250058
25960,0.0912638848143984
44000,0.0134481197194106
6590,0.0132851696700617
19466,0.0514098066093643
1138,0.0165901552157655
23825,0.0433488589998551
6050,0.00327346025629485
40523,0.212607657849687
35154,0.0734058046631641
40006,0.61759804890518
40670,0.241821783004411
490,0.00968943153580911
28252,0.054096891592796
35331,0.0294920121520366
42617,0.0249624097131574
22087,0.0399869382939248
44921,0.358849150312145
44917,0.224003554202408
26570,0.164187420217376
32614,0.668563848902903
2954,0.00615842393585895
6680,0.00984195227681629
42668,0.14046729049897
34446,0.0308717621860334
18593,0.000317451827836761
28534,0.0406093889777042
9062,0.109937050736693
43488,0.741167010309538
39357,0.0134464187268751
6181,0.00318183296404634
42878,0.100650465748146
39840,0.103548396025747
14435,0.0283876383503617
24446,0.0113990675491067
32587,0.0659947931929093
17941,0.0562454865588356
15493,0.0217536693652174
18714,0.0000883505570712942
18725,0.00148189852122783
13270,0.0555752391063205
34968,0.246330306453701
39460,0.728667027418577
14850,0.102310596907656
31139,0.1856402824168
39129,0.0322455489518354
7297,0.0269389099940874
19006,0.00999123681629174
6187,0.129448974977858
36489,0.0124281196081422
31868,0.0278608973212552
19324,0.0185016324797511
15005,0.00733889619752073
38346,0.0242107991707059
28056,0.0208242667812903
43879,0.527883321474326
15658,0.0697460856845412
22345,0.147827240889871
38757,0.0311695376353734
38641,0.00792587610969109
26907,0.00981879946505918
41927,0.140821974579797
24624,0.0179162673208388
37425,0.0268647650648011
30661,0.0249358155378456
25099,0.0114797530938852
33596,0.0523484030251454
44842,0.0528612734228294
18209,0.0248270505449251
12135,0.0101363202172934
3534,0.0101035964459506
2717,0.0137806385817167
11597,0.434786217495615
32552,0.089188563868516
17699,0.0300092679301502
6420,0.0185525359758698
10462,0.0418901109620961
26672,0.0970310318566807
35533,0.0839745607092734
18928,0.236027220610508
6517,0.0158505963851642
7320,0.0091445423087727
6941,0.00720186604328883
16696,0.00984465287496446
43059,0.98867533944871
23916,0.0589677916381641
25807,0.0364731400017463
23102,0.0148750884019225
24542,0.0182805646991134
5450,0.00785624229342672
14652,0.025732385415956
11178,0.00829220620771727
20405,0.0333189544296133
20259,0.0152893837323763
32318,0.0395900889728623
9183,0.0647794272282915
8240,0.0134215897117803
43684,0.458613393705294
27767,0.0289716360191805
28868,0.123911662361218
5436,0.0156243911938266
30229,0.0165349919265323
21137,0.220646976516797
21296,0.0345193696151775
32805,0.469793390524826
23913,0.0214286186522421
33951,0.716552010791699
8205,0.0162584154107456
31303,0.375306344155565
27308,0.0432043562413276
11914,0.0243152149920532
15913,0.02360452668964
11964,0.00364850737699146
26887,0.622428051364937
28990,0.129543984081022
7144,0.00716905800855817
2798,0.0167486922205259
41716,0.484356850873274
40089,0.0634726398287047
34158,0.685785023252992
36619,0.0783471364840709
4098,0.00171590640488678
10408,0.0370271534282791
13630,0.0537097212669236
16077,0.072490959857456
38781,0.0218845985558135
16093,0.324532208795938
43811,0.0104464862447887
32930,0.687030324270104
32631,0.0392555765395523
34074,0.956036194314171
28588,0.0276312596440012
13925,0.00982401774725913
6570,0.00394749692993241
4469,0.00617649824093756
8298,0.0050935222820124
23877,0.0649166806806326
15574,0.0221849948376227
13659,0.0371555302447586
17331,0.00161499366885396
1467,0.00801600280969806
30331,0.518760671269757
13679,0.0163640732871356
43104,0.734813906512045
23097,0.00503528691788919
29949,0.171813619187538
18053,0.0302528666732165
38372,0.00729097971150595
16567,0.0801239573270655
43046,0.271005897731329
18392,0.0557833809081006
10799,0.0115268574718628
41027,0.107004915170824
18207,0.0386716537971357
19802,0.00933841975705452
41398,0.271733747925642
8608,0.0121476635967585
36270,0.112095575067592
18356,0.0057018683287167
21302,0.037461039496173
37982,0.0225939407422142
31938,0.508262459191913
19166,0.0373898871153882
38674,0.013099816001544
21134,0.0501833741336832
39818,0.184301310953563
10937,0.0679367339289015
10006,0.024384186824498
34268,0.0799309757186359
44091,0.0887145852861324
37735,0.0167251316992259
19446,0.894191425205761
36366,0.0885227507097901
25055,0.0440743515398787
16734,0.600124378431028
12828,0.013074062678885
32170,0.184967992418847
19769,0.0388205501756433
33892,0.357455295463603
5234,0.0281765618365158
38746,0.399509018317637
23832,0.0971796436610449
15294,0.0136688452192531
35715,0.00945941454978725
28030,0.0159274071327102
26349,0.0202019899519931
6513,0.0252615520464871
13668,0.0177536001923672
27959,0.0220043466281632
22447,0.0518946371522075
20913,0.013362159866534
5916,0.00733333303769593
32662,0.111694308837086
10042,0.00552152358851512
38144,0.180922441591839
27304,0.0585426686798034
17709,0.0233502744188452
26714,0.0215252816556845
38639,0.31497592561498
27417,0.0182486751750008
11018,0.0186400900533133
9215,0.0771928389348435
7486,0.11512152425089
40267,0.266000269620001
38597,0.109857693444618
21354,0.0438478278132333
25255,0.0217405738640805
37504,0.0210622258492773
23946,0.00426600583751017
43294,0.554434027073015
43725,0.00990850212546496
13634,0.0558643158115304
13172,0.0205100590434204
33912,0.893917150189573
23041,0.0223137720422768
9175,0.0397735216943933
4181,0.00555374194785978
12673,0.0182042084144682
5233,0.0104973582932323
35827,0.0268563393754341
35417,0.0335169391545565
19091,0.0914260776274982
15615,0.130188543189289
32324,0.0300279908021736
30353,0.0472638964020589
19367,0.02854626412484
37260,0.126376851685067
40991,0.0214753901578305
4843,0.0039844722103081
24346,0.00702385705946171
4922,0.00829362306789497
28184,0.0404817110984966
3114,0.00377871617128404
2018,0.0168652050999668
18634,0.021496063033106
18740,0.00100181077105355
34840,0.0373636586178841
43591,0.186263276004731
41934,0.434396923946444
6546,0.007700368229728
36051,0.00388046455132447
22623,0.0709391828925863
38370,0.0134913191479582
39550,0.53336510000801
20601,0.0162612098472536
28981,0.0299756301621014
17006,0.0183839951862121
836,0.00732897013802323
28667,0.0106717657557303
7062,0.012036074209451
26446,0.0499785389805186
35909,0.0307489637950603
43983,0.220968280606446
11561,0.00589153594571925
10984,0.0121537836532648
19883,0.0256062749565964
1116,0.00187194978070097
13703,0.0153757572791713
19287,0.511092599917334
6743,0.00329339156632461
20794,0.0406241731130808
8965,0.0366920448686671
34886,0.147642135324329
21769,0.0809611116105715
22714,0.0105667483500833
40968,0.879450262400399
642,0.00331947908567759
7846,0.0156263465798125
43766,0.420178768928111
41357,0.0121483910721791
39566,0.148462320216376
20752,0.0795010294991248
16837,0.0116886262065002
8533,0.358729055404309
14594,0.019117380877276
23476,0.0258881598891484
1803,0.00964664074833975
8178,0.0762722963838292
25022,0.0955301781059109
31513,0.165318089770446
33627,0.0318365416401119
39414,0.0526921988578596
20355,0.0288308812121433
8112,0.0483673427341736
33241,0.117929724240302
18684,0.0220797587263621
15838,0.0591612999443597
29479,0.0525883703803809
44686,0.118244160345755
2456,0.00481187053400351
39056,0.14742129117376
31461,0.313296251812031
37301,0.118575270359963
33097,0.158636796393506
21663,0.0297656865853236
36581,0.195582646160871
29110,0.0953633934480108
35779,0.0284809902812901
20996,0.0434002296917036
18058,0.0381717817906054
13125,0.0245914998802902
6695,0.0168487730459304
5385,0.00441493042861537
9470,0.0403657275611926
15207,0.0210055102371969
37625,0.0326458211154117
20851,0.132091884049238
25880,0.0477769232377318
14668,0.240833062856904
15730,0.00721864524811724
18095,0.00745760966032238
16917,0.036693575504377
35230,0.0165270667376182
41143,0.0988080901014848
40052,0.0606082242361468
22730,0.0320709477359345
25958,0.227145913414945
5355,0.00384171706703146
28566,0.0361594676090598
41797,0.869793254290136
32254,0.0436460238268425
33786,0.182480879543267
44059,0.137456565090961
35645,0.00978802642100383
43868,0.153954479224787
17304,0.00776450658182432
37465,0.0296498376495193
37167,0.0314524667392108
22641,0.0358782550810199
36180,0.015773273258087
25230,0.0140135667530254
28175,0.0498041864738622
36901,0.0144094688190216
25537,0.016994682126024
3788,0.0279098736189249
25762,0.01252521056289
32160,0.294426659791068
42630,0.404155677077844
42892,0.85290720034331
13893,0.449911276478665
29669,0.166931889984702
40633,0.0561954008531305
23135,0.0250546990332349
5987,0.0284122482309456
38250,0.0913061027632325
13667,0.402401267123936
25461,0.0431422033205479
34741,0.147895310456859
21623,0.0251926896195703
22257,0.0294472746443277
7131,0.00470747928068182
40579,0.143098701350207
7653,0.141531120545841
5495,0.0307434584690311
33637,0.0761304445417366
11693,0.277216482809431
15428,0.0507704304550136
18919,0.0538851639974663
35740,0.0727678742158515
12549,0.00219452665112518
17604,0.0231346947831219
44058,0.548498462858104
20587,0.030568704149367
8028,0.0135040910654683
18050,0.0437211714808572
43968,0.956411315021072
32719,0.0471837149543458
6694,0.00349732408469449
4041,0.00535610616963215
1482,0.0139336695697877
40250,0.108600171274879
38577,0.0225390880191744
42877,0.128479359728954
22905,0.0397436105080793
28116,0.0131466541145558
6189,0.00510608090548412
743,0.00632702741601179
14819,0.0401656059928016
21847,0.0496415729788649
21203,0.0388749329402944
20773,0.058276953952363
23283,0.032792220316247
35500,0.00615131931685319
8431,0.02526026898372
39625,0.0746738859126748
39054,0.0334410098388962
12558,0.00465933695487136
1887,0.00955138283848395
40892,0.0353645855267554
42082,0.539349316994598
42215,0.510223950768236
38897,0.101400943824687
36152,0.173489380368806
12966,0.0467019488446992
36716,0.0290472692680351
548,0.0092406278019622
34694,0.0325539579531802
22457,0.0322829545811931
7765,0.0503719157231381
9145,0.656149766743216
36689,0.0130426299981945
16166,0.00606125709692655
5983,0.0116193626844051
28751,0.0297455368655487
43447,0.311282375783368
44589,0.00983406106749669
3318,0.0167683189532736
42263,0.0473173896716618
39356,0.0743706318706343
41050,0.156409007972848
18219,0.0159831592788801
42439,0.60356869524268
19875,0.00919029675316541
20416,0.0353692669099936
39917,0.237018406125548
29906,0.131970805032376
12319,0.0399847991311174
15761,0.0500745772475669
33521,0.0152726146827602
14439,0.151023114980614
39452,0.156580516713092
28452,0.0566730497586746
20790,0.028716705318246
2327,0.00890986247083115
26968,0.288152395071199
6356,0.00464332160620807
21612,0.0773663149249722
36220,0.0161853119581007
7457,0.00413200648271284
43276,0.626217685134679
17802,0.0125876950977698
12626,0.0024753456461114
3339,0.0221625218326908
2549,0.0456242725519618
41063,0.0622636963125023
10638,0.014112922631754
33662,0.0557493260475604
19160,0.264567437517102
35204,0.0233309732175606
7629,0.0322355650290627
34497,0.0321177401761378
25971,0.0202329866743365
15345,0.0727175588468864
40319,0.0857460649485489
10164,0.00978284292929474
32079,0.150025509101324
18339,0.00846912222997465
13805,0.0249166197992008
29825,0.0153822159379536
22111,0.0270522518035093
26382,0.0238148971747458
23509,0.00687949472626898
13440,0.246846110917814
41933,0.45387017046824
16114,0.0105219292909219
40104,0.314081106683471
41603,0.14658776508911
41131,0.0383630890271021
40007,0.710625438273278
34606,0.0708996845127375
23857,0.171842422937142
4988,0.4477227207517
19830,0.0180295636644956
37993,0.0266614133661766
37877,0.0471340317791358
23482,0.0718436944750948
655,0.0393665527229125
25679,0.0618260628784125
39365,0.0842116955621486
13856,0.0632685445802731
14174,0.0547579427949071
40100,0.156758274050973
3129,0.0455373706278412
20977,0.148380065479168
34759,0.0392515880462948
39957,0.253313694018029
36289,0.0749517946660714
38807,0.00491811695075194
27962,0.00301622472551245
24637,0.0550589153358044
25360,0.0807066748457615
33613,0.196185524740092
33454,0.11644171906215
20934,0.0139569138088732
18596,0.0340623426540939
29531,0.0043692059395945
8747,0.00804956004872439
31279,0.501360123727967
5570,0.00622559463031799
12944,0.0249573016604382
31798,0.112212832331277
19990,0.0175760355131289
9725,0.0184675195893426
37660,0.0545178226743982
13642,0.070652911692719
36693,0.523000672610752
8577,0.00483511698826932
24433,0.0507103165723987
21475,0.405430688552615
1974,0.00777955500454507
2110,0.022922465302367
20641,0.217770267097002
20548,0.0258705489469324
3085,0.0154036417946671
23247,0.0336344495301634
44746,0.652609085018601
21609,0.121040773300905
44410,0.396199201317757
31369,0.478456646432662
12317,0.1251352744604
31263,0.0680566927307492
28205,0.00854421472204542
31366,0.476981241212161
39811,0.1947816775278
40305,0.432137591191072
8825,0.0214682173584756
5004,0.0831933172973025
23962,0.0117785053025151
32467,0.276520613470405
19577,0.0328788934021751
16322,0.0280905598264728
5915,0.0123460609531915
32152,0.701920715769121
19580,0.0179807344532129
25403,0.0199915328654992
31109,0.151067074564342
28781,0.0116841130726421
10867,0.0128316089138029
36560,0.633477916581318
37200,0.043747120048408
28771,0.176895111421822
29289,0.219885874697777
31911,0.0262027334224302
9769,0.0595813639052411
126,0.0145558321516986
41378,0.717685968733171
16571,0.0247230461926185
44944,0.00919251516839127
8503,0.115869492553663
40289,0.0935367968739935
2342,0.141837938842728
37071,0.0290424520695975
7366,0.0120478837093823
33724,0.0534317071157638
383,0.021308371896158
34464,0.264715526918441
32911,0.0463794802810337
19403,0.0835340609606087
39934,0.07589663536973
6715,0.0124969934919607
16836,0.0344212604483572
4295,0.00906337058964756
43286,0.893584351574884
40433,0.0130005938196815
30883,0.0105721046765186
16431,0.195164647623965
17254,0.0498077018246597
23412,0.0722303196940774
36354,0.0723213258110228
7947,0.00716726360232187
42907,0.123214293791842
38847,0.0372607509352819
21864,0.0297105481114077
34900,0.342471732858903
35247,0.147055243344786
5070,0.012608328109673
39744,0.0644077807818962
38187,0.0221538611926984
5075,0.00595969293641479
6557,0.010234374727052
44276,0.137833763447072
5496,0.00590449268509679
38300,0.0801947193021518
30403,0.0860863571518316
13389,0.0157219643200273
495,0.00831376304902618
9182,0.0119817067791467
17924,0.298751252389226
22126,0.0517381267276153
23785,0.0267013101224427
10630,0.149162650875592
20426,0.0389688785605613
29318,0.341831174071613
18286,0.684971880287826
44250,0.0684966083122273
3001,0.0029163781219564
5597,0.0184864027816
16566,0.0154224475055889
28912,0.0276392226088346
3766,0.0127745005486359
33999,0.744655202274904
8113,0.016942790695481
15982,0.00800092146929038
28079,0.0230547877685696
12573,0.00520598114620231
28656,0.0886161141042779
37280,0.14829090544849
44344,0.0472485872531623
25041,0.0023908640091068
30943,0.00771668959387115
44360,0.00442083581866165
13665,0.00394642675106181
30682,0.0364194853963575
16925,0.00912817519639108
33387,0.0272902944867788
20161,0.0306567338696012
36858,0.0292533772212194
32843,0.259136886879416
33413,0.248887672877964
3306,0.0920243153768046
30856,0.00872030288018973
37830,0.00715479662927284
12199,0.0153521097210722
35989,0.121920217498909
40479,0.0477935255844251
26732,0.016849736974769
38073,0.0336616886714034
17352,0.00696020268105845
24701,0.00945420276002806
24087,0.0783371483877729
7143,0.0143020520511384
9143,0.160685933878039
742,0.0201034139824142
38277,0.0436021581161768
22577,0.0080845024715764
41030,0.235414369681753
24721,0.00621471330833033
42098,0.0480241753020281
26368,0.184991241230097
13539,0.0345603763732639
12017,0.000928832750068893
9315,0.021644191445933
39423,0.0831126013640182
36959,0.0674615312943035
24840,0.826465031686834
3401,0.00311337184591145
39068,0.0616526467822058
42043,0.391287315222357
1679,0.00458366137835949
5351,0.00686552278076385
42081,0.748211287366969
16800,0.00763748740299164
29704,0.115559728338788
18258,0.00921477719980997
29196,0.0770116828336279
43475,0.34869152263578
39062,0.0447033951870493
12470,0.00216638073831258
35401,0.0184160115770095
12260,0.0923975143331583
26841,0.0247652216754222
255,0.00734788961153368
42852,0.819500401657021
37374,0.0285831560383545
39896,0.65073645510031
19552,0.031403495292628
13794,0.0688677612249488
24136,0.00711134420468765
22196,0.0366840862040751
41479,0.158112102144972
310,0.00386152524288992
12361,0.00654143942217106
23926,0.0802061470870756
23083,0.0894762309984241
12836,0.00963597693157457
16765,0.0313477287069783
25503,0.0973048214492236
23976,0.0148657513849368
42625,0.412312406051224
22349,0.0229251566462535
5744,0.013925847431293
33578,0.0397840856252912
43630,0.487749931274781
39852,0.0523935226567618
7841,0.00831786848428207
18079,0.00805238851724878
23355,0.0159668475493083
30,0.0168624290063519
44368,0.126722074593949
27644,0.795716013887508
4030,0.00869952973590018
21920,0.0264589289062648
42679,0.092088408308181
829,0.00321803120502859
20249,0.0557580520246188
26258,0.00625783150538954
28177,0.0260504115827666
34677,0.0300694371646493
41188,0.643913285434601
12118,0.0413589371725958
8455,0.00939710186639504
3374,0.62235668965656
34860,0.0405613293656715
35065,0.102402044475657
17894,0.00981947399588053
14637,0.0161499326759688
10510,0.0101459892647228
29161,0.014693428280772
33227,0.030728290888227
26477,0.0181650328537787
41483,0.961707595734606
8879,0.587634139052803
28275,0.834160943207976
20338,0.0162853878919802
42918,0.0766119950426604
32554,0.558945640254405
16273,0.0114560820378047
43245,0.939938102685955
28660,0.0352872618119543
28005,0.0542787557446027
20647,0.0384114544935271
14682,0.00931694963186588
2482,0.00350370981576759
36086,0.531237123490545
16327,0.100199956302078
17896,0.0224077951407826
5889,0.225133817646515
35669,0.027220262920806
2612,0.00607360879090774
33179,0.0494959989856006
17648,0.00941220899641027
7487,0.00746681493817754
12103,0.0495796663731899
28325,0.0159269309809362
37252,0.0353972240490817
30756,0.145437553786188
33774,0.407772457953021
2503,0.00652870950083483
44316,0.506326233517825
32470,0.0648732406339333
18685,0.0194607831759652
27928,0.012366109614824
6900,0.00400740248441492
42329,0.0480571921399909
23578,0.0243076621729933
12830,0.0551179776178139
10655,0.172359834583256
29711,0.182669361700737
5824,0.0108531990277808
27966,0.0165242850122909
108,0.0037034184090908
15421,0.00812543113726378
38338,0.0507472908909779
10594,0.763593321381473
16126,0.098561608094389
18927,0.0702301917766307
42714,0.0399550522739767
43875,0.0857899454307153
44903,0.423243817674114
6064,0.00826345236507403
31754,0.523699556976524
21902,0.0411768499925985
23357,0.752599519823265
16354,0.014772263214487
23719,0.00450355136835761
7336,0.00292969314202281
25404,0.0166602908811445
43228,0.797115967967962
39718,0.305194421556113
8340,0.00354037784980977
2426,0.0365649761330397
8015,0.126385471741999
16376,0.0209025125190335
28424,0.0811246146868066
29693,0.170519895459534
13940,0.0253809851570272
2558,0.00572568633830345
17157,0.0110495153269383
10369,0.0186346621405147
25597,0.0277790888862726
3653,0.0164766962042579
33972,0.543965585293135
629,0.0111728382153279
9082,0.107149509248314
1663,0.0912300272585443
1268,0.00454067138591828
16192,0.0261691213027773
7353,0.00748344104077281
6921,0.0108657950997111
10542,0.034466743348116
22348,0.190473921673074
17774,0.00875329312351124
9344,0.0489387286414888
22632,0.0596764508012396
20242,0.0119487782059298
17628,0.00493546570654402
41381,0.225580557648373
21404,0.0113837218683699
32780,0.0250003134964952
14010,0.0241443875403603
3652,0.0390417662996502
33059,0.0392921348852451
12154,0.0109012851067035
26506,0.0307323186818344
7535,0.00637800805906251
44786,0.00931653671698433
7941,0.00377350638687748
34757,0.0428930217848902
3969,0.0149882510490859
6711,0.016801908866734
40925,0.034911285768063
26317,0.0184737357325017
23956,0.00614266217821821
7956,0.00572295429464891
730,0.0088780745299083
1722,0.00640262731278022
24016,0.105004683417161
44163,0.804541433116017
19607,0.0102286457607423
20387,0.699087650607085
37553,0.00455628424695747
9822,0.0361258985918031
12568,0.00994445931762057
20109,0.0362942362208748
9053,0.0128932501115144
36982,0.0140098639876492
29264,0.117312805851448
40589,0.106060846157786
40938,0.0199142682436126
6645,0.0101560232086103
43019,0.0321985299002874
28977,0.0171847081004941
28793,0.0201139347511973
31613,0.600902610435287
40662,0.0264883270265404
23164,0.054274642025673
16181,0.0945995660134202
34889,0.0135793339460035
17342,0.232815854518724
25636,0.0218956386235346
14382,0.204077222687206
3664,0.00545345518375983
27082,0.0697930368977659
32153,0.460948853101541
16823,0.0737035976968979
22346,0.021553769842866
8102,0.0167877028450782
4796,0.133580263265692
39740,0.0859349455837034
11255,0.756813635613175
17797,0.0658579729845244
22434,0.0786513392958359
9847,0.0403544433199108
13184,0.0329586643403173
8136,0.0422700229850264
19007,0.603919412957983
33861,0.0754908970905611
15059,0.629884363548045
15336,0.0832752466239624
41827,0.323995240744912
21642,0.0575593242149893
36244,0.354479581074387
14726,0.00990087567126974
28547,0.0795504878351732
8876,0.128478411771166
7017,0.020409355169516
37621,0.0641168659412983
42113,0.0386471463287602
29803,0.0416048727788937
15737,0.571597490053848
40833,0.0312145124810386
17423,0.02866345457664
8688,0.062140193788351
28359,0.649031555122428
30955,0.0437213628231721
41403,0.338258112294175
6451,0.0192124393503508
21315,0.0193996197943477
36033,0.0122478437719236
6198,0.00893389143044306
17927,0.325183614783528
8717,0.0583614771483313
25589,0.122102683729255
25715,0.160162553381766
15178,0.353867131707841
37112,0.0781620531074931
40547,0.156600745455249
17899,0.0370458215568623
1608,0.0114069405452974
9899,0.0205303989385292
14370,0.0060718259701098
1842,0.0141608369954976
4049,0.00259363463423581
27806,0.062275951508792
34342,0.208403199376283
19233,0.0385787939131808
2602,0.0182569693308254
43912,0.241462642475491
41765,0.12239095109197
1971,0.0110101810603896
35099,0.0523079033621825
21251,0.0297560940125782
28203,0.0619535332897991
28708,0.0204134634671049
41918,0.995437877938406
16007,0.064895603477052
15464,0.0205067357474888
16140,0.0176405774483112
18617,0.000404301925488211
39436,0.0511325910872499
37552,0.00662155760290662
13877,0.05912220454703
31800,0.190287985437132
24895,0.0224991048639401
38507,0.169047498477109
3483,0.0472563264641682
292,0.14377692447164
3099,0.0375266204696921
7986,0.104875304526397
21837,0.0479948357635145
6200,0.00286225491180896
34740,0.0185998465373464
2926,0.159448861566148
4152,0.126957377429895
21277,0.0125067004779802
41736,0.101516841803042
1506,0.00649000274399292
25482,0.054407961243203
39706,0.499446900102838
15363,0.121648602100719
26797,0.0117093736753012
1860,0.011389810001102
14906,0.2571936895952
2891,0.00330139222958285
37617,0.0331117827307794
37879,0.0616911743515223
37705,0.03301482171864
5315,0.0125979019966212
15436,0.0189534248050058
6328,0.00783062708347051
13611,0.0168578374443338
41882,0.147190687469056
43361,0.648381719247702
1197,0.0102954514522768
4426,0.0182564347411375
32111,0.0866759262294882
43240,0.408616584605841
39065,0.0458943094304039
8890,0.451575744624131
44816,0.420477602915457
33125,0.119060606620672
29281,0.0711153198746513
8835,0.310722158485609
43130,0.226936848830267
5268,0.0151116338267853
812,0.00473370129195927
19030,0.0488788322990088
9559,0.0168337446569417
24988,0.0684383686134955
5879,0.00346050172198087
21726,0.0630535747445302
15797,0.0698599301461489
6592,0.00800630107134987
33714,0.593413512098437
9718,0.732346940756315
37589,0.241474689096689
34215,0.0191645595252426
31727,0.723476290450712
31010,0.114562248171897
34911,0.0555426268934165
21362,0.0305819813196585
13381,0.274381983877595
16086,0.0119179091047738
15859,0.808426707852039
21207,0.0292481054739331
23266,0.589497185168472
32892,0.183415913392887
28564,0.0134152583065999
39522,0.363573912624594
13576,0.0397320296566462
6029,0.00487145274046118
11955,0.00903369130556566
25559,0.0403807902802095
37145,0.0500714557012204
2246,0.00544178057703224
21678,0.0306485218118507
14788,0.0164880972913572
16348,0.0855375909789049
24236,0.0196696581178647
42155,0.507099586374383
7309,0.00488140532593843
4217,0.0285946274201435
22961,0.0219772053111023
35733,0.495615975975112
34875,0.0182281111452822
27649,0.0204372170965909
2528,0.0471079542127547
26851,0.129991307432303
8381,0.0202108150979712
18032,0.0126293558517324
29243,0.0972163781090031
40919,0.314799276983139
4874,0.00955443852607538
38860,0.0437458737091022
15221,0.525830061633967
23952,0.016030205008053
25390,0.176117767144865
39627,0.0523979644409935
45136,0.0196548780987592
27457,0.0148092074552931
45138,0.0816431384871441
44023,0.128608001170049
41194,0.0365110313477709
44631,0.789882772116112
34085,0.763706987912836
35046,0.0502997602572941
364,0.016064916132958
25505,0.155674181616857
24662,0.058307200666596
13271,0.196259217102522
9086,0.00859781816627471
21584,0.0460476018089898
34891,0.0167520664338894
458,0.0702760545593898
23518,0.124814341959891
32094,0.176779755471948
25064,0.0134822157595222
25106,0.0351558158044717
40531,0.0190052726339762
20069,0.0241966957983472
13431,0.0190020313711203
26318,0.0187510374939214
31120,0.442308174255319
33459,0.0860109681537585
31802,0.374631870437371
12278,0.0646511556961171
30447,0.0319548259682945
20148,0.0738537948008698
4556,0.00693084249660572
11345,0.0137302346616917
34408,0.0236190307201056
8802,0.00492218279597715
38070,0.0213277088588116
22322,0.0254874421236051
16287,0.0127686390400252
38531,0.0384388341255514
30162,0.115643240531131
21684,0.154432523804444
40484,0.0220145285605587
11752,0.0173893034294728
39070,0.0344419181071045
27418,0.0297369716250957
33281,0.131707699192182
2595,0.0159333309682165
20093,0.0293888256924704
15534,0.0467037189891598
29566,0.120204847920593
8296,0.0225862880582867
13892,0.114715501582736
32694,0.34272396825089
7939,0.012535742054641
28955,0.107237271692968
14286,0.00746291120024633
29748,0.915604703246641
28917,0.0907800857280073
23044,0.0436355518662973
22255,0.0331723672392515
43711,0.705200963240834
27416,0.179543696027621
27263,0.0181369640646664
28651,0.14817962538151
43114,0.28229764941314
34952,0.77947630758811
34299,0.0210126025856595
18208,0.0138890670271975
19725,0.0415903956916017
32820,0.0173504821746532
2839,0.00306658272944776
16707,0.00547372435394936
27212,0.0417514902643862
36212,0.0245275464897732
39534,0.0704534081039275
2089,0.0089290535244962
8803,0.0648189804858459
38935,0.359680782874302
17071,0.0466614520542278
9932,0.0659053318480385
5061,0.0107890446359131
42012,0.0806918880286255
16647,0.0315256495138368
11320,0.214477405894143
44041,0.284972934550122
37338,0.0868006310221867
44858,0.948280530188237
26662,0.026942860777337
817,0.00599923131423234
13321,0.0111714577739049
15721,0.403203801091667
13353,0.0144649013467995
31587,0.100665461651461
15013,0.0450614590549506
42817,0.0151602439839444
13319,0.0173070892965925
1037,0.00752022271455845
21400,0.0314210124386949
44638,0.744770459309481
15757,0.00689991645902146
444,0.0210994520877798
4266,0.0375816114766375
3710,0.0823472994847092
4036,0.139049552713767
12316,0.0230388082839771
36769,0.0842908663750869
29267,0.358213151719694
7267,0.00507540288697339
41521,0.780643308169467
4650,0.0335655644751086
25743,0.0156986356739435
22594,0.0159180902250297
33655,0.0297538444669607
7903,0.00247981968664007
32673,0.0297773493914045
32671,0.293401864342946
6436,0.00547685432130564
34515,0.0548863520830374
32387,0.0380562705474431
32414,0.180888045294769
3585,0.0133093160177791
17615,0.321137270088375
24765,0.0242885373272165
11750,0.0689332796008945
17734,0.00891720612157726
28220,0.0133480548329956
10087,0.0208142344626183
11743,0.0135035521361973
34830,0.0306180650665851
14457,0.0925763455981086
27674,0.0133358347599603
16489,0.0219056020613071
43578,0.166046341804985
12976,0.018222413817329
44238,0.0250479342569014
6793,0.0120630379500351
5929,0.127493666022097
7612,0.273276091124678
377,0.0183116705063151
44181,0.0645754061546662
21176,0.0423061319450662
5296,0.030634014744006
14814,0.105466409689855
3613,0.0192787261215442
6293,0.00939034461785618
34162,0.165498869497477
27665,0.00837875834837482
28615,0.0127441656211323
28999,0.0342883276945139
25113,0.0377792895440415
7402,0.0138173670046606
38158,0.0105515399271695
4370,0.00247044283417052
16146,0.472245330452605
5489,0.002158617688974
17834,0.00959494208602241
22294,0.0444630795087411
42828,0.472297698536932
38587,0.0296887015416167
20279,0.275222297534682
4575,0.00849762354793777
36387,0.0311837070054358
18500,0.0106965562764746
19800,0.116231597301382
23309,0.0142626205677604
28089,0.0486234484278905
34715,0.053373756794137
28666,0.0652845129303263
9222,0.00746337798910235
9576,0.0970890072493329
343,0.00649593391222579
42532,0.578865542456796
11921,0.00709091722231314
16351,0.028315684026905
35374,0.163535288445037
28367,0.0127754908239353
45024,0.271230682622518
4917,0.193084027537946
28323,0.154855043099371
42250,0.0622067305114081
34075,0.234624942677423
421,0.0551168860702798
37710,0.0334149378771346
29414,0.106032188115799
21038,0.11926445694653
13749,0.0292359979350293
553,0.0364503018589413
44264,0.229700108497472
14472,0.076218668305077
1243,0.0021849539667501
43364,0.631282938355695
13478,0.046462921842109
45016,0.821936030538818
43032,0.558527599578482
3579,0.0569755262508579
5499,0.00477310028155574
20227,0.0325019268396089
44020,0.394177714252868
44155,0.0216979532132232
2816,0.0120017963212836
13943,0.113663562156415
4003,0.00549857971766267
27795,0.0312949204871092
1682,0.00941534887462052
20092,0.0552645353344145
874,0.00321481386492705
12344,0.164266872828015
8391,0.00416789705473519
42391,0.452388175209416
15510,0.0424852239498857
25792,0.0199286867411483
36133,0.180403806923563
31287,0.368873676671932
15288,0.310465854482517
10360,0.0484305153860965
10305,0.0151480811734546
6615,0.00300316061584999
13455,0.0356585334454247
22923,0.0192333609076375
29626,0.0812763193311499
27482,0.0423139219349875
35257,0.189681403409842
6140,0.00376219309478146
38268,0.00974176466039775
7863,0.00356199334784817
3654,0.00775276330898457
30067,0.033881355197295
120,0.00730453279221581
23061,0.260659125907873
41115,0.179208750586433
9921,0.0299369985691359
8754,0.101869444659519
26060,0.319617842080935
15117,0.0206255221954343
42132,0.08842623535503
9235,0.00854015678804866
41202,0.154392885707454
18382,0.0228528781854868
9572,0.0106579513712775
7631,0.0175548264374989
3227,0.0127783576809897
20979,0.0314513802684162
33855,0.809757228230243
32936,0.0515193194678539
24106,0.196493469459707
21095,0.032176983922356
2870,0.00291678799156328
18893,0.0361209201337268
26738,0.0476310643798516
21393,0.0199664231551482
10894,0.0297275773743904
33416,0.0737946918283812
38431,0.0171417300782526
30537,0.0789384743739986
29072,0.176615450384616
33978,0.150078977583327
6073,0.0100177933763444
7448,0.00795726205301868
23039,0.0459908891325958
2815,0.00352075921178698
27450,0.0583944738149924
3419,0.00339251906686631
34547,0.0221915809254095
38175,0.0506044963572099
25117,0.0200933854467078
45211,0.125337951949945
37602,0.574968281089439
31487,0.267101016576512
30972,0.0875543523400958
4171,0.0197741791060846
36679,0.416896688161983
2338,0.0051335665775424
30917,0.0117505344029355
5138,0.166800967923739
26129,0.0251429905519822
31230,0.303136795203256
5668,0.0448539609531975
3101,0.0234071998412065
31097,0.166423586359707
27072,0.045738073502777
35133,0.0184902968837596
23620,0.488681738477502
21732,0.0266375935227016
38601,0.022193090855174
13294,0.0169373479591879
31768,0.0139524946786308
9611,0.00471254204902855
44197,0.121921786950363
3044,0.00881854153504001
28349,0.617401018082669
42286,0.0885482378580732
28180,0.0123605490965676
25440,0.370296216177423
40444,0.0817882294480288
10458,0.112384865062235
5610,0.00265777072136413
34616,0.0197792364284851
38745,0.0324835251736095
35097,0.282156626503497
16337,0.151689111139408
25561,0.0518533344135966
6409,0.00696888779068788
10580,0.039015472926727
34146,0.243535228090573
25924,0.00963328915105937
43409,0.427055442605658
35982,0.0933837864250085
34992,0.729789792154075
14502,0.0103885807610079
30711,0.0171997597093082
5797,0.0112756138380526
15618,0.0115012259383583
14113,0.0062518970684618
17424,0.00729389019599441
12486,0.373250210890334
34572,0.0272322002327837
35651,0.0176996176417825
22241,0.012399407686615
228,0.00419859647391411
22836,0.0339783597590746
16754,0.0225731777880906
31654,0.157889269874442
12398,0.0702189773576984
4616,0.0192124027115833
3097,0.0350047170945967
12868,0.0198207920766585
11794,0.128911611974271
41775,0.794717916818779
14173,0.0114415101412781
36781,0.242685109780057
17206,0.0240685955433324
40600,0.0445772368539484
3743,0.00845423183263859
2872,0.0098100418269555
43929,0.494607678078422
1403,0.00372534847462085
34561,0.0179167675188886
19777,0.0112384788554428
6987,0.580806394908131
9040,0.0152500755570434
23788,0.00737897165484919
22416,0.0260555435062569
7837,0.016657456316487
36586,0.0453485592976988
8417,0.0157013008207345
5786,0.0120239341679608
44445,0.2082897506132
11244,0.0215218203286324
15589,0.150022146375555
29182,0.0214493791879226
36817,0.0391688637823349
27490,0.014977002640426
41495,0.781379380940321
20672,0.012639411987154
15187,0.0701455373462308
18862,0.0226901821205556
21699,0.0322688691878865
20604,0.367484091986777
20886,0.166847065436688
26767,0.0254317339552098
29472,0.014348205915782
21519,0.0513283775823793
3747,0.0232406001039142
9150,0.00860713165432129
872,0.0632041595354386
11684,0.0108241531917157
24621,0.118349657371139
22636,0.225795812136375
12762,0.00699874163910297
4511,0.136999852009864
4555,0.00496217369476323
28595,0.015691271757355
8629,0.446300420792603
30825,0.0107609196682969
44865,0.256522593479309
34372,0.329237266789415
9527,0.00468315853965732
5506,0.030397362908113
3126,0.00218370003428393
18238,0.00591951552782361
14646,0.667176024774297
44470,0.653616595024765
9760,0.0160362971857984
28605,0.161047653019474
25936,0.129220931289492
9622,0.0360125169252933
37603,0.0327817706392901
38304,0.0408348509561659
25849,0.0343340595833139
36834,0.279404632611791
19832,0.0679430721340875
22186,0.197373305111746
36030,0.00886824610269889
41983,0.37422223618128
22038,0.496150639770422
12384,0.0744440500145331
31659,0.0961183180409655
41720,0.18144128750472
42380,0.343297245918018
5295,0.00903166205742991
12987,0.227029269050504
15606,0.211764951506799
29875,0.0361448216581366
6634,0.0172763659587564
33263,0.175155995636522
23614,0.0335908469607889
2944,0.00679720018844052
12950,0.0333261000161343
37290,0.0187227276033598
7626,0.0042479772188798
16682,0.00764204160547236
35525,0.055347185031332
42594,0.00134059995087834
30713,0.0346675712159011
14076,0.0153708262425917
23589,0.011728294237593
26864,0.356047870657287
1004,0.00483044555144879
14040,0.0582852210013418
22916,0.0437282301067092
17305,0.0490768538921465
36057,0.0243907973992964
13174,0.0348841420494913
15443,0.0468279389428246
5307,0.0233748590076807
8359,0.0195378003693527
18460,0.00586154799775735
43648,0.627348730625928
42271,0.291658268154962
32902,0.12154018917799
31327,0.255802806484566
32808,0.106248002463165
11467,0.0180015269121731
31554,0.184973691422674
14013,0.0312173387282039
28196,0.062944695978258
20510,0.299657358328936
33165,0.0493634285527917
24555,0.0229062971593783
759,0.00520769269689493
7633,0.115963783826338
21337,0.0117968502443816
36067,0.0397796098136065
36738,0.0237357190752262
29037,0.769639541945327
7481,0.305781709729604
19294,0.0232920840027522
33440,0.0124923079724368
34441,0.00860274537186249
17265,0.0196874928069493
7637,0.0106148269143733
32228,0.0614205806281107
30769,0.0513444517768133
8172,0.0140480400525614
19341,0.239456384146782
18170,0.0283434180420311
4626,0.0304812041257742
33967,0.268275552586814
6603,0.0398896227588443
8817,0.0320175199240084
5737,0.0132024642566913
43979,0.0718372368068655
29791,0.00926798358915793
42318,0.0710731157720395
35658,0.0222959666883724
5522,0.0047237793245975
17478,0.104617912959306
30002,0.101921031507128
44911,0.833388937279238
23020,0.140871280743322
40487,0.173460101578498
13832,0.158879070086724
43971,0.7877204338813
6861,0.0117142384076381
6930,0.00584068443354756
18158,0.0181847515957668
29902,0.021072303478778
1611,0.00672730364990686
39642,0.0828262034046292
34123,0.336851198349998
20097,0.0605321996326789
30545,0.0476230457818729
22078,0.0233243382256926
33940,0.138433494339059
45149,0.472885964248846
43978,0.10100920848643
12169,0.0077292487028871
10716,0.032162269168136
31867,0.35833533101965
26982,0.0431129812410346
5093,0.00756327534086139
44548,0.4455407172157
33432,0.0583260189088571
30896,0.0336986969998766
12592,0.034168292643255
30432,0.0698256685207432
24406,0.00551118143515903
26215,0.110926583700728
3672,0.00563516752805762
40386,0.0824588798645144
25451,0.0144233496208034
9624,0.0121057578532369
14148,0.0139534925731935
5360,0.00172129508461818
6750,0.0709573507742064
26861,0.0516140333378189
39773,0.166721719118269
28565,0.0146606444397133
13898,0.00616699377936788
14846,0.0625964552147666
6875,0.284925654179945
38094,0.0517541121736093
17343,0.00561478543180255
877,0.00582050031524169
41620,0.267355258903822
28678,0.0192002900525394
14038,0.0313688630281052
43892,0.263240514650182
30632,0.0350527618591735
19747,0.0310927606055444
35652,0.0373633984984812
13836,0.0211743932940572
8739,0.0639190781839554
36143,0.077046069555858
31783,0.0464173086762131
40407,0.0296555698612686
33029,0.0409271944354751
12634,0.0236101557700249
30049,0.0456010742735719
2893,0.0452185502334155
35813,0.0215209573490028
24395,0.0182486234684173
30442,0.18574968328878
24761,0.0214109852573476
41748,0.885300730826656
39655,0.439845293963664
28903,0.224891673353756
42247,0.178637910513371
6236,0.0334075600623159
4317,0.0478448493251419
22827,0.00675760009278202
3196,0.0158099327701464
12873,0.715343291090633
16358,0.017004920119503
6162,0.00653391513357265
9978,0.0256746345321012
25975,0.0749785757633181
11161,0.125755087338079
29943,0.263913070769404
7311,0.00731070373724432
24447,0.299809612546693
7203,0.00775453867664541
38759,0.00473158386632624
18349,0.00869864082180714
43674,0.408236605057038
21948,0.0256454429250806
7190,0.0687229684031218
26910,0.0707527196211345
8462,0.00257494522364447
14358,0.0319807242781526
27562,0.0546580456654215
31218,0.345911834452396
21527,0.0469140722359115
26927,0.192315361830831
6256,0.00520219173423755
40747,0.0520536490938778
26495,0.048790496540226
17666,0.00928283615628857
35243,0.0449808141874012
31825,0.0595511286257596
37963,0.0288413807735786
898,0.186995615282547
25580,0.0456783494690751
1658,0.00377670293713606
31647,0.0582067184651277
33468,0.145480501833127
22817,0.156527889986638
16133,0.0226062333627488
11976,0.00920670739741697
33767,0.293642975511566
38446,0.0407978878154975
35949,0.0293691653516137
31637,0.124964913534908
45042,0.134269872711501
7253,0.277062390890846
31812,0.16786056340375
16916,0.0343666709681804
3992,0.0167498415566524
1948,0.0035943314427954
42729,0.0346852219171439
153,0.321371128142527
2542,0.0336415434962685
17467,0.0254147594532393
22716,0.0380419852719628
7950,0.00600412245604457
41625,0.66596445525637
11453,0.476783811665437
40726,0.650745946241952
97,0.0255370754490486
5606,0.00374321850138458
14917,0.0132073785381549
41105,0.288506678392771
6547,0.00319434569068272
41631,0.434445157127515
4613,0.025190160046222
18168,0.0123945869627304
44673,0.14408912474282
25704,0.393966634484374
7533,0.00519841550760092
22566,0.597720371806121
24451,0.0126085370318371
33657,0.036955918839763
9277,0.00751400387194892
1666,0.0483765585300238
17723,0.0405560735421131
32561,0.260289111232905
1427,0.0348236131740612
41669,0.217462185919965
19322,0.131444511821227
21555,0.00979044669889442
29596,0.0532994395058391
29890,0.0232016461224805
9640,0.00378031234058175
39985,0.0954527124255799
42704,0.595360325300283
327,0.00880247278389168
44854,0.480692659241846
29848,0.056996970905987
32915,0.145227974937999
15874,0.012087829039787
29096,0.0575494532543668
11576,0.00996633099258655
6991,0.0133024709325884
17596,0.00899629543857301
42021,0.113844494372545
12355,0.253405411714899
34557,0.0383904561213902
34731,0.00644446477676021
6532,0.0248095939304739
18162,0.490182126924743
37767,0.0151460679765271
24750,0.0151302535886235
22758,0.0232110095568399
24040,0.0829447934030026
29402,0.048477131097077
1906,0.00405613620771531
41681,0.347635239236739
28788,0.0133338737548724
38646,0.0231962231555239
16527,0.0237940129476247
10868,0.0185327917831882
37894,0.026935266399622
30988,0.0559680412953584
41535,0.295837584986178
10244,0.0188704599944124
19013,0.0214829616724186
25501,0.0192139837758322
3957,0.0348152307132291
15630,0.026257306064934
2969,0.00248683007281109
15016,0.00861628195287683
4101,0.00534381493143915
19279,0.0807778966719586
40425,0.0447809021622079
15660,0.546984565911896
31067,0.034324071646061
15287,0.157206405893607
38415,0.0276970599163255
40559,0.0223483605942514
7933,0.0250295303920549
43744,0.113564299055076
38810,0.0149667847350074
3806,0.00770461403242716
28857,0.00859551772647844
12175,0.00841042994800093
4799,0.00549678553688491
26782,0.0447925094615625
7111,0.0104540121831217
32457,0.0905040349173262
41411,0.925238590911493
10676,0.00156910392541532
31152,0.458813846209426
35701,0.0165259411860579
39620,0.15473716696405
37847,0.0052643935200713
14550,0.0529431333097249
24450,0.0224216019768388
23046,0.0594406272710593
29259,0.0774960037317735
4324,0.00517882940603722
41127,0.105579208321229
36123,0.0948654218559467
20115,0.0235407865681519
38627,0.00747524982541055
36164,0.0637094179355667
40334,0.042102477569954
42316,0.0605140774378233
19812,0.0289806879806971
24325,0.126442803462979
16293,0.0449083341307353
37914,0.0349993334660762
9064,0.0151831715527374
2706,0.00333143487552501
26289,0.0149214700373149
13477,0.0280535705100904
37517,0.0211313333466638
16238,0.0129762539185143
18554,0.022429740676375
21448,0.0437123775820735
27787,0.0388872080821692
22664,0.0452620148598398
28242,0.282755363991185
1749,0.0135592302054124
30126,0.233481009433347
535,0.0128210844239543
6267,0.0934482644519133
24535,0.0515822582370989
23724,0.026481309017523
2707,0.0011539588157789
44846,0.178453983154188
15368,0.018872993919424
17920,0.323459082917485
466,0.0105450308401023
42667,0.151927758051073
11324,0.0163569695757593
38283,0.0143522152369558
33379,0.0200308166137328
3531,0.0182763409626136
38023,0.0225882265570033
34959,0.140270230510941
28018,0.0148233078190983
31415,0.92552616878001
33435,0.134336382879463
21526,0.0347841630886278
811,0.00565850867880141
32735,0.406100889094138
29468,0.131288060402987
27138,0.00775603096303028
28901,0.0412179384388498
8495,0.06361738705296
18787,0.00785949771683162
19433,0.0199219066486854
425,0.00912430793831097
28190,0.359770017040713
43517,0.744426136658427
945,0.00872996367302009
28012,0.0159383546146175
1889,0.0295780999358844
38366,0.182098677335714
3249,0.0141351627907766
10921,0.00935333376715133
31365,0.425206697824528
10551,0.0169789383290061
22802,0.0213735657449822
22350,0.00782699518287235
23142,0.0704814189086756
42089,0.125235163913078
34161,0.957779735896177
19191,0.0222165960390017
3758,0.00855847797956431
17683,0.00978179360828854
12358,0.0667947329926915
37647,0.131272796672585
1585,0.0247156320521424
36146,0.0250004014122906
30973,0.14970839388997
23681,0.00862298210977002
4479,0.0153942836267052
28646,0.393426063057078
42198,0.560691337095691
4618,0.0169654891922038
4187,0.00860340166861708
1051,0.00730807891736075
17187,0.00320366323402426
25481,0.0172497898312786
42752,0.0249401258029993
32518,0.162666247325224
7383,0.0117108256781612
21076,0.0355646959678171
20813,0.048471837126266
21131,0.0452680101965049
19643,0.0270359035908899
30472,0.157076275138881
31766,0.693269042093484
18475,0.0162997924177675
32539,0.242063911509895
10823,0.0467757133132748
11555,0.0802793690814911
16902,0.380079023648994
12590,0.00188114646534242
28086,0.0176757140931519
15284,0.0100493170879159
17290,0.0249452181519131
32829,0.268269435385857
44809,0.225621140957695
21133,0.0157761628516872
26457,0.062867174671343
5494,0.00768137300271781
19688,0.00252014482331835
26173,0.0119502232565493
17560,0.00707765075952012
18169,0.066772854471211
16485,0.019261434166778
35680,0.0241510385712357
7073,0.00630255273016858
26481,0.192658729309664
36787,0.0329384353698054
13038,0.193840190598912
5999,0.00624219236938272
26629,0.0210555289552723
13394,0.0308132397235476
14830,0.11667880697518
10832,0.0181499644464914
37136,0.00843379823707589
36027,0.00967808411456912
42957,0.754547407969451
28110,0.0198030898077136
31349,0.627010721854189
14357,0.0996747257568954
27615,0.0561930470381345
1398,0.0180448145005271
15357,0.0379040500050154
23138,0.0247802583941072
35061,0.0122343202179852
1385,0.00352011121472631
4454,0.136696215116255
38803,0.0084804080120596
44670,0.747159484682022
10189,0.00547004731454115
27395,0.018247267313069
26299,0.0389184960267677
28663,0.0138818712346388
40312,0.224331161154183
28060,0.12940106603135
41542,0.13204078437742
10717,0.122971484054064
28993,0.0309103552575063
31457,0.661316596774268
868,0.010879927362555
1539,0.00309929362116116
41356,0.0503620577144432
15649,0.008993378949172
4298,0.00632262593207519
11045,0.0183406842740731
6469,0.034422211779867
23480,0.0229426654996943
7257,0.0108791732180228
21256,0.013749525871034
32282,0.435890267066021
8204,0.0257306470971301
38489,0.047454671598419
15401,0.0499565847694576
34478,0.0276830746819655
11962,0.000464322991707267
37936,0.0306340753213099
27822,0.167460556192244
10145,0.00604753525560923
18218,0.0675071221138397
24227,0.00661998930955537
28973,0.0696897572387258
9045,0.678834788323163
36940,0.0218437359829022
15517,0.00734859313010465
823,0.0103934872591346
29577,0.0494427166843847
43691,0.361374382293207
22353,0.39158273199901
42845,0.161884272189485
41052,0.0993671717572203
42785,0.364187370741848
38591,0.582289907357892
34082,0.641893348686767
16055,0.312418678418887
12210,0.00586579211283802
40097,0.418773969761902
29451,0.100263305435361
6395,0.00516013770457853
6650,0.00934061455200528
3681,0.00376585123972766
21311,0.00778848904509674
25966,0.199206060817454
18773,0.157459153195438
13895,0.112027363782776
40117,0.0797934547060043
28711,0.486674102517515
29094,0.0580790372024664
14417,0.0164919116212706
30423,0.0291948111378955
39724,0.138758435771784
43102,0.00954615052097511
44374,0.0441216614877609
1647,0.0678012249535228
37139,0.0243205296248811
39095,0.209204716659445
9406,0.0083544260604323
21973,0.0233595164151803
713,0.00294578036760923
28440,0.00834183427671677
39660,0.0629615149439518
21188,0.129969024364381
16695,0.0211560988980484
23872,0.0449173154382179
32119,0.110371805653353
10791,0.0610611513554976
7579,0.00162223882400397
2300,0.00551990667790435
28715,0.0141363562095152
38907,0.0204063988879284
16992,0.167420307247259
34833,0.251581689280197
31559,0.0710702881024385
17351,0.0177891053762882
44127,0.00511413753263607
33370,0.0321131804371484
1099,0.00288590702602111
16180,0.62878588917039
22733,0.016594363944444
16659,0.0189406592464359
32184,0.375940904832215
10441,0.195627010446087
17594,0.0242103237519733
36126,0.0683581331424157
29227,0.0631046840771333
7332,0.0119423056727345
11136,0.0131039413238544
27808,0.11454885691526
11314,0.00675576982854245
10133,0.0520515689594781
42539,0.47941421338992
22077,0.0591885260045837
30942,0.0409154219700714
35248,0.047553710252793
35726,0.0190960631351854
40723,0.0448014451732338
6926,0.0127681761474056
23163,0.0300628443510489
32597,0.555153146535718
8275,0.0621676991122035
8091,0.0104238807919832
34661,0.126395203999467
4979,0.0293778643275755
37678,0.0567353794334099
38773,0.0345710571313597
22544,0.0555369755735156
24517,0.069336413246611
9019,0.0101167934568961
25691,0.0127088190695176
23740,0.0230277161712186
38065,0.087545207246889
40707,0.373418790327896
31961,0.802224277835869
13715,0.0576279891808035
1295,0.00789193939330722
10786,0.0393755653897651
36018,0.0306013168468093
7206,0.0258137452674066
19570,0.029574565095581
11272,0.0111642650137702
44709,0.169346803033032
21762,0.0306636163677245
45025,0.121236239250847
15429,0.0293851427158255
40176,0.470440544322824
28870,0.0139389055633503
9485,0.0405956683275891
32695,0.0450113565482673
26241,0.0127841100448299
34001,0.347269116214854
28629,0.0395946675422606
34835,0.619557004167535
11886,0.00302573478902399
10778,0.0215318188397975
15015,0.0163695879594645
40480,0.122093600005279
7988,0.00545958877465792
42033,0.159719883234501
13990,0.0356032172090275
30907,0.0590908968218661
41784,0.0546992113372517
42762,0.193871540581334
36973,0.00921071568387874
39982,0.200842320484152
14705,0.00878715931032787
28747,0.0465220515876973
12045,0.0143579160879479
36855,0.034889246043202
18090,0.00847547111501364
15324,0.0115684850177221
38190,0.0575251046541883
30837,0.00898417515054107
999,0.280729452559912
9245,0.322000917772542
36831,0.0350785800159804
29496,0.0726560362716353
6277,0.0112078729675068
36884,0.0635125444367074
39203,0.0171693155853613
37075,0.0347293532876699
33384,0.0208798075216115
21626,0.0145597094597154
25575,0.306198839239773
22252,0.0134613469880097
36951,0.187744327039833
4461,0.0207399793831711
6238,0.0094450999238709
27900,0.0269323359825486
32620,0.0566635838736332
3003,0.0182030058618539
6114,0.00472633156260959
40164,0.782075786609712
15176,0.687368125993579
42517,0.828668826650275
42603,0.317307122108932
34869,0.053878476958453
41915,0.931724969491763
13481,0.164796333108828
13340,0.0505745424000665
8019,0.0120005355511962
42886,0.109876739278825
22088,0.736884354402386
25116,0.0172022164752406
12677,0.00628588820805199
36812,0.43679490185673
6380,0.00546823280717468
41448,0.0324126218085144
5579,0.00368583917162198
28979,0.0431340494196076
15785,0.00702992278697393
25162,0.00851343058961775
7743,0.0101866746167197
14572,0.015004132467298
5030,0.0243354446650434
45137,0.00197993066343562
5253,0.00651402727141929
9887,0.00708846772968126
19571,0.00935505926261552
36221,0.0111817041576375
23516,0.0138827592607353
23194,0.0207947576009405
5859,0.0468315875650501
21504,0.0335282081279139
2566,0.00201397597345472
26191,0.739897275549533
21851,0.0519924980714275
4265,0.00320629405887638
6834,0.0294376593980515
33476,0.0221334639604257
34466,0.0371633307545834
35110,0.0277185375360041
24214,0.0156374275288066
6528,0.0102403866097214
17689,0.116518875202649
17981,0.0187106105428708
5582,0.00705122303609551
38440,0.0499901009901543
40920,0.270982271735698
19887,0.28413077545017
17235,0.0197174381245697
5713,0.0197105177974333
42614,0.0562733476420085
23304,0.0218269622690089
29889,0.027318837815567
40945,0.24940405887872
24419,0.0129581289322995
6359,0.0242471596054928
1505,0.00425199804418313
41957,0.237484190948186
31679,0.0508387357038974
33664,0.0264248339650223
9261,0.0133748245621073
28100,0.00983470823850345
15771,0.0586110878028464
14651,0.0748028651314617
15924,0.0179837978549425
41989,0.0816127872088955
19498,0.162954583685682
25311,0.0321133654766478
24936,0.0871474891073792
13388,0.0181836058032994
22234,0.0926183437845589
279,0.0038009690429846
28657,0.0433116958147891
10700,0.0586523699495059
22588,0.0899938466193616
8377,0.0350036211489198
17597,0.0151809485931925
29968,0.0545149792294189
7483,0.00459269556339668
45019,0.406487040150436
40870,0.0739926765330202
43974,0.919601602543786
26105,0.266520076516173
16009,0.181801840241539
1562,0.00797769446186055
11779,0.06778521414146
27761,0.0365199869816646
25447,0.0160013021506283
4998,0.00307596808747678
31971,0.354659897704331
29738,0.0366422542646845
4372,0.00272062482421298
11006,0.0312299450334544
21900,0.0170282921683977
37606,0.0448931833280413
33221,0.591867594352824
9692,0.323063670443864
23029,0.0183168218988495
15928,0.0616755624389002
25965,0.0171794673038479
42861,0.754183875820715
42248,0.042409450032237
23849,0.0753510176928684
42415,0.516306193545736
13437,0.00705278050112767
44992,0.707916681041359
31241,0.264540801207866
17421,0.0598496582130045
8429,0.0177251666465742
20491,0.0324755996211057
1592,0.00847582290754226
17373,0.0510366308736938
23917,0.0411881036227977
13773,0.0282959900110277
15585,0.0237225844689374
25672,0.0583759127393063
10005,0.0395753797153146
43392,0.0531441468606883
30808,0.0297096214540615
21261,0.00912286868895432
16780,0.370665404077157
36712,0.00687934847794116
43210,0.308896156806946
25051,0.178452798724258
38058,0.0290726428891966
22870,0.0157211199330433
31194,0.0719855171941694
28736,0.0110707097740279
32208,0.673678382797656
31567,0.0868709703093955
32796,0.0903770048317233
3212,0.0314311519857976
31054,0.293692134638712
26111,0.647983448623753
14555,0.00866268833532062
24865,0.0342383101993455
32068,0.396273616428098
17,0.00564492762283507
28551,0.15376218510002
14396,0.0184899895524917
32147,0.30102578170323
17240,0.00864580000387311
6077,0.00535707157079613
21037,0.529414689510342
33140,0.054985701721941
42940,0.110854783485854
16222,0.0163629635427
40209,0.157649812234142
31733,0.0620053889370355
37818,0.172502540326667
2197,0.00449689562068037
11462,0.0546668827438817
37872,0.0279443040409784
30621,0.0487838905899902
6594,0.00497148654560682
7351,0.0453418167636737
33727,0.0573216662045405
16389,0.0373500997330508
8605,0.0199892921084484
4080,0.0174057779531799
3960,0.0113421827639742
26620,0.0280127616084623
22295,0.0292929694071643
24272,0.740763474129964
34088,0.635228278749815
38887,0.0365890109938598
33961,0.378210107861247
14078,0.438515948270997
13364,0.0370004432230816
11568,0.0276007957361304
1135,0.0102772207217698
38240,0.0150993106158693
13264,0.00722338420201095
11644,0.00791371407569035
29684,0.0429602915615202
24369,0.00300601033017569
34870,0.632991188538975
6003,0.0124482520980603
30747,0.0265772355817308
14749,0.423966415421847
7110,0.0245179994374456
34380,0.0945189656214996
35238,0.0413971524470144
37593,0.38629838506696
188,0.0121487495746889
34813,0.0466535150154756
41024,0.0307754849347919
28682,0.0995093567436014
26427,0.0188542884800009
1661,0.00265824804091122
28851,0.0339565050245432
5332,0.00731813600566241
27373,0.0360833593208971
29997,0.0605352730063864
31894,0.0999334935256699
14679,0.0178044229065494
26726,0.0511734316530917
29419,0.0286843019041932
40288,0.122323509579984
10111,0.0504734073561165
33622,0.0668723715985838
25412,0.0280453111744861
6984,0.00377684398879818
5705,0.00206425863919621
45208,0.296184376664571
32389,0.689543442598483
34569,0.0114802086833532
4735,0.00318734818070257
891,0.0222456625276966
1753,0.0100264749648327
14510,0.00205639417669146
33889,0.0428174605656735
6095,0.00473350724718207
43386,0.965591168484203
1486,0.00222028542210493
1437,0.0126852223289799
38618,0.0364257319024305
13276,0.00723102455400854
12381,0.00846358742401616
2395,0.0146822648280579
10262,0.0313813671677983
20117,0.0117820131289321
1991,0.0110394624334561
29199,0.0366284136801193
17717,0.0671322592670886
17444,0.00309281556827816
2057,0.00400418952109295
27755,0.013294731290195
35559,0.627107666423596
677,0.00645008886723351
98,0.00543878528529398
8898,0.00317637069191367
4990,0.00538517460531557
37579,0.0559304969694435
38717,0.0219411514113014
22179,0.0199002705846542
17188,0.154927028456675
2174,0.0474393004679147
17714,0.0815139862493168
106,0.00654144726829151
8042,0.0135080387255803
22047,0.0706980116104264
2813,0.00719840622836175
33784,0.141874840788235
25254,0.0233427425421443
21321,0.0190082467926112
27756,0.00965002806770571
22358,0.0526924526282778
43543,0.249644792293063
2716,0.00273598942655239
30173,0.0106306861363467
6243,0.0112806820526801
23538,0.0122480872811852
44157,0.115415452997046
26244,0.0284686091285784
22776,0.0167731712607198
26858,0.0566912983444761
35579,0.0100197443420499
3726,0.00126885491847241
11595,0.0232289288288014
3319,0.0149688569782814
3403,0.00719110479302909
44540,0.61582228738602
11168,0.010063284676983
28199,0.0395790444529039
17339,0.0181989320038487
20427,0.211583241835728
41697,0.776405262854623
11933,0.208808146596978
14386,0.0115889184990636
39348,0.0340823470916207
25141,0.00819597910325751
36983,0.0564565125973999
19758,0.0554384038779161
3429,0.0292067774333424
23645,0.179889077410195
967,0.00668633368972102
41677,0.211038543874371
8662,0.00421410744889791
4579,0.00476155030653397
31741,0.0143989599371604
2645,0.00203402012546845
13936,0.0811494905846771
38778,0.00669579697759328
7944,0.00376433627151334
11169,0.0398807869434337
27135,0.0250639961309263
4533,0.0121334723453502
29201,0.713006577119316
28348,0.0164521669626294
33991,0.209036006777011
37839,0.00766726764837709
19132,0.0385282523868909
776,0.0335517073570462
32651,0.108581426967759
33883,0.289691619027467
26451,0.0341983934780062
6186,0.0100601286245758
17619,0.0111385263595588
26350,0.0337087562951926
6251,0.00345708778288865
13552,0.0259374112088723
6230,0.0167723109715978
1877,0.00427920189216215
26745,0.033332847497303
30064,0.213627277639073
12046,0.000219704232358932
19920,0.0372485418588974
2269,0.0282544766603862
30003,0.142667296697795
8145,0.0379500428908655
23856,0.0240020850566423
23161,0.0363849883809417
40708,0.227964224459383
417,0.0798744525908216
8579,0.0149603473790737
16227,0.00834253399077273
10240,0.0544763822134252
5357,0.00456180066862283
16872,0.352215357659976
1357,0.00630455829012992
29895,0.0166640317610408
34202,0.189457434957254
27083,0.0235329106329796
15601,0.0188072976613962
22172,0.424933425919468
44499,0.961278002854245
36132,0.0349324751196321
16956,0.0611019985857326
38379,0.419526679194011
2936,0.00545200103528135
6137,0.021775946724198
37983,0.00917763548189399
37809,0.00681836762121764
15807,0.0252513231099393
2092,0.00379200438510394
24836,0.062847768073912
27235,0.508850806806177
3184,0.00190901769620149
11939,0.00906797579215177
22710,0.026802918468612
18981,0.0279974471957172
25466,0.125757708368119
22786,0.0657604561226544
30968,0.708774599995411
2260,0.0226624578253337
76,0.00704518675743763
33858,0.0833161082473912
24942,0.0505097610847159
23363,0.00970887285617875
39084,0.0725466915481638
33897,0.242513216172984
37192,0.0919812330353311
20141,0.0957308618991735
8643,0.0147260183753135
13525,0.0465382399058405
21068,0.0104784522786042
19059,0.0961867476188977
14649,0.484472136786068
6445,0.00867993404368452
3718,0.00891286499701845
9323,0.0146489757591278
37512,0.430698991881725
11547,0.471470888424379
37405,0.0523999800376237
4430,0.00867169504745282
11707,0.0050946013517686
31467,0.0256455074080674
514,0.00479656262723478
20006,0.0581999162783334
25793,0.0746880481542564
44951,0.30572397773917
23884,0.194235437688379
18543,0.0240681627669827
3829,0.0183891409104989
20963,0.125900364486483
43434,0.782191208556066
735,0.0574216145694035
18225,0.0202578151871974
31846,0.0615270775327895
6068,0.004222086103034
11562,0.00373425912313382
41129,0.070829384501958
16723,0.0271481435430534
19618,0.0449238520542962
6278,0.00536253807910029
12347,0.0608355002466874
10297,0.0231768129246206
439,0.0209915342052886
35,0.0267314111958986
21739,0.0193198158831761
492,0.00953477163548999
21467,0.0475120171363577
6152,0.00542227175162766
12265,0.0133853150435035
9279,0.0159602852349077
22927,0.347714843175542
28607,0.0105595770349218
7348,0.00429503226783888
34169,0.0477510958593391
14341,0.00584874439838095
4835,0.0109078843825106
25996,0.144428150503712
2012,0.00910661154565553
28260,0.0444005957165127
18865,0.0705150552393485
24000,0.0453476656724529
10121,0.00752075409039981
19156,0.329361076816125
23677,0.00911744637670538
34362,0.184286501671593
11937,0.00889671634532188
37569,0.0221568753341368
2423,0.00598487753867223
8167,0.0327660321455224
7511,0.00420652909773078
2348,0.455959227660063
19459,0.0441463424385928
12603,0.00313737461023321
42836,0.177277172032865
33226,0.0199525965469469
24292,0.0753016112326358
41678,0.0505772480851866
4498,0.00176725923131176
9645,0.00985383029434182
37850,0.0543770435696194
4699,0.000699921384021157
11662,0.00637203007918443
44606,0.0103855473942899
8201,0.0128096331489244
4424,0.00457160731251095
25817,0.256847847901132
7849,0.0201862633318157
28329,0.0211096921822296
35100,0.0276926813932819
34754,0.122924902169352
32543,0.0248003267481323
12090,0.694698336265705
40673,0.737721664396541
12506,0.00348561490369783
32652,0.0310200957012587
21181,0.0656533055137665
16564,0.0266456839764708
44272,0.0379179411245902
28561,0.20689446274401
26655,0.0939178217354607
4903,0.0211301451551812
40989,0.0707391360918341
18072,0.0410657482774167
3048,0.0411317787662084
16770,0.0103239720145258
2553,0.00114135416321013
13763,0.0156717405137211
24094,0.0613559540733909
3571,0.0266101640563289
28283,0.0131588644400515
29268,0.840033024560358
16941,0.0415165662834146
10718,0.0220856820635284
40468,0.0378974214449744
10063,0.0165413475126934
32332,0.285681617809664
22491,0.0339915823686386
20826,0.0378848639744362
16394,0.021949401264126
27977,0.0129691028197535
17810,0.0363360918196741
41291,0.204337333877184
13695,0.0133262304780054
15827,0.125278033084589
29423,0.0640849617634324
29961,0.0890474847569661
24688,0.0186202389821139
27633,0.0055020846484218
6289,0.00865129464342058
23679,0.00501250132839069
17409,0.0209516785511319
16438,0.0772453313030559
39000,0.0332861383494954
18931,0.0507801070070644
29819,0.080381748739919
17148,0.0484789346196512
43300,0.865699791428318
3208,0.00406251383983658
31909,0.112740218586533
35882,0.0364856406139025
43255,0.893904491002792
24381,0.235958202085348
26279,0.0204173917966892
43471,0.33061193869518
36348,0.0375285062774639
34149,0.708797840540063
16617,0.0441101278211774
8218,0.0279020410066251
39108,0.268805345240339
41721,0.0869941048521345
32049,0.136372367698008
33084,0.130612485288017
6586,0.00984046100203008
12191,0.0140513023936736
2694,0.00212419621272828
24762,0.0301050162648342
40264,0.157872469561447
33561,0.184440425024882
7386,0.00627979580579767
36739,0.0188052377743948
21005,0.297938516138117
23139,0.0106868303554859
16811,0.029246158246068
34594,0.0649590028385678
30411,0.0642455718898235
34687,0.00637151477827432
27180,0.0306372651169517
6808,0.0196623101743481
26553,0.0762084066648766
10389,0.00603390523874134
24706,0.422831503206332
22208,0.0368161432195377
34476,0.956822935751366
22161,0.0883122462113839
10143,0.0296429224697843
28331,0.0178650825196327
2064,0.00299416786066064
31735,0.0478718596421741
16329,0.0109925369910921
10333,0.0211817465531071
28815,0.0219669328626106
5521,0.0140976909955104
17349,0.00669761280004034
3745,0.0225553453184772
22389,0.541250862385773
11378,0.156331577736123
32329,0.0802102273215856
17420,0.011486532939544
14511,0.0109561824604522
1440,0.00248800859394926
9233,0.026489591626986
12485,0.00844613661814848
3279,0.00309962126236067
5658,0.00494875960344515
39516,0.0608016982786858
8346,0.0696131393691693
24013,0.0220124380141262
37026,0.0245132019400276
27215,0.134671144810889
5000,0.0373570088527011
21211,0.0120912790340051
13625,0.0481406427074258
41434,0.400914127056344
36655,0.574163325579995
40795,0.0766714349340344
29532,0.0222948040326535
13987,0.836281740204545
15262,0.0248765962215864
36996,0.00601200962480067
21743,0.0340824257963155
39711,0.534609137733638
17846,0.0430529030151318
22308,0.0288382878064926
14244,0.0400534595688535
29313,0.174001258497224
26098,0.0383413030464533
7000,0.0241764812250845
18741,0.00124833553804619
14277,0.0440875494692385
45034,0.190171156064544
29420,0.0694813567926429
27260,0.0790685702355511
40011,0.22136982937869
14464,0.0943872947633172
42011,0.543747494612549
14873,0.0241168972657445
30678,0.181811786006841
31269,0.212411430331675
27591,0.0287265107860747
26925,0.0243119134805997
7194,0.00497909567980383
6673,0.020314588114263
32020,0.257569961971878
30615,0.0197057433853984
9585,0.0150656193316034
12776,0.20347052101235
35284,0.0963914549651712
36507,0.0169390416157772
39424,0.0694899366471123
37247,0.0522091645517015
40474,0.13576193538584
33911,0.158373312545914
31018,0.28032552386691
9206,0.420931903591504
1472,0.0206204944475933
7316,0.00598776862790401
2603,0.0264435540406603
38702,0.0252269149840409
19549,0.0185366757118991
83,0.00277217084184248
23378,0.0259115724664313
5715,0.00362124985644537
21374,0.0435882182077389
18707,0.00751476604584475
8128,0.0213371939720696
18688,0.0454077113377068
43798,0.371902860598203
20969,0.551176773689798
35804,0.030031787138263
20943,0.0531674041770917
8951,0.00738280639469665
39256,0.0150151039076533
10949,0.705227688520019
23185,0.00662387265723877
25266,0.0718203125042977
30425,0.0398178239990425
30364,0.334633612110808
36667,0.00962541761636641
26488,0.0323838809888008
12256,0.344200846068311
24858,0.0483346005294877
38677,0.0157199929649818
23295,0.0149829287840828
3034,0.00620658586315374
32421,0.168609948333162
11761,0.0163566744333543
41278,0.143060402353475
10608,0.0381217833320317
41711,0.168399289142827
31116,0.0613756934396744
24198,0.00799493691024064
15541,0.0442756218631314
37815,0.0438875160507712
32676,0.0780541629549657
30726,0.0880755787329819
17963,0.0011304703158035
28641,0.0687579727102774
29639,0.0908131451820628
13062,0.0122719292814976
34775,0.0285871289445307
8513,0.00266095400256396
15787,0.0552920207029701
44893,0.502944749573428
43994,0.79616831370498
10561,0.00687164559207306
36002,0.168350551580067
34020,0.100348187282642
36771,0.0211127949454196
23354,0.00718373536841436
31966,0.0369962040838406
7767,0.0258598006128384
13585,0.0445074790863953
42952,0.819512275872544
29113,0.0711778871844886
9023,0.0329081105081173
30290,0.072968302621696
43075,0.573115812673482
36647,0.0383517670414418
15893,0.013577357397117
5794,0.00458599889012076
43576,0.583008400038648
26512,0.0197871131345909
22548,0.0778412441256029
28754,0.179219895696322
14494,0.00669034054431284
26573,0.021241923226953
9209,0.0125216657871991
25845,0.0380915587449203
14050,0.0289495236910272
19128,0.0240306406026333
21045,0.0479328339719057
40122,0.172539454210449
3872,0.012326916305136
18674,0.0594939710358842
13205,0.25447085923025
17126,0.00937147384147455
22617,0.0385159926344724
41545,0.130744069253701
3839,0.092679852355903
39296,0.0124080891411492
21924,0.0237243195890049
1624,0.00505435265709704
33881,0.107102960321217
8323,0.100904180591155
26109,0.0189689543469339
20493,0.0607808526315593
35341,0.0268627769831335
38030,0.00639204667672117
13536,0.0368223695722678
2041,0.00215664473468925
33061,0.0224372678906797
25193,0.0301591717592203
24430,0.0263127776487058
44759,0.197370394682093
45075,0.430710700606875
36699,0.0278050766967456
27745,0.0152016692259028
33829,0.0573126255183783
15394,0.143581082820057
9766,0.00882287882825027
19385,0.031481695285438
31381,0.313408683152976
23973,0.0272704645874756
4189,0.00576970851775063
23173,0.0394335556242868
39391,0.086943932138917
35024,0.0374794181528593
18891,0.109552944458378
35388,0.043703028853657
28599,0.0253657542676538
5240,0.0299615405786108
43382,0.0808643865105022
225,0.41586871859773
40994,0.0565174119471576
22782,0.0307782299243427
41179,0.0391394091678974
7104,0.00613726734025294
26915,0.0112619645152319
3479,0.00535585389803828
44012,0.880282870117032
38224,0.00902268383342874
12484,0.00961145914776977
19370,0.785476057789145
7792,0.00318241728263708
38281,0.608988543315881
339,0.0555410624992552
21705,0.740034874666125
26247,0.384157376011481
9836,0.0271793147660062
37447,0.0190822879268758
31042,0.148130870971678
27439,0.0332776776256678
29700,0.0928321002336925
5596,0.00415936886909626
43326,0.492280298493082
22499,0.114570526559423
28399,0.0442969151274266
21946,0.235370871590913
1510,0.00857703898696659
8336,0.393747160725755
25001,0.0556299304822224
11023,0.0623536589243487
28776,0.00583667399028239
8197,0.0091472639872341
12391,0.116728649178693
13354,0.04267339931095
29957,0.0356247899413226
2127,0.0257959627014755
17828,0.662919887106735
36847,0.0677785503693378
39325,0.0556398293867863
173,0.00842779689582568
31947,0.0428102619995824
25217,0.0244297779257889
8291,0.0243506870381327
13469,0.00679396863462981
40888,0.237757107990279
35392,0.0120939984303063
3174,0.00500373174570861
24984,0.0547792376505928
23100,0.0254362513664023
14866,0.025940298188084
43322,0.34086668321643
18235,0.0115614262957716
34094,0.415722273166171
21115,0.314996225667267
41690,0.0641532257030889
29759,0.329767188873746
4892,0.0632478658200567
25105,0.0125139633127559
19584,0.0183320139633323
8222,0.0218606884963411
42961,0.0754260895473441
33715,0.45443550423934
33860,0.0222179222729021
32994,0.296530385077672
29515,0.00558163603573403
10776,0.0141874034033504
26183,0.0731068591349222
33152,0.113068228025885
6879,0.00588253394511089
28000,0.0167547984680073
41743,0.977373241898434
11843,0.00912059470915961
35105,0.0150269457628567
24025,0.00378593967812142
4391,0.000872489104355656
20185,0.0399801762026296
44382,0.0645625073960559
26558,0.525959381600893
4884,0.00294631427782671
42613,0.204234902968828
9923,0.149374290321754
1571,0.00824183210757708
31528,0.170285041594287
42456,0.763999800573715
44253,0.753900071250756
39057,0.0367277259713074
39854,0.170309894721389
39975,0.118592870194042
5907,0.00606122315644607
40031,0.0599813076007634
29905,0.0722268107820102
37267,0.0145360690936119
9805,0.206762184300113
23344,0.00273391766623978
12218,0.0143308338780196
17781,0.361547533630279
12078,0.0225121659006005
21097,0.0355733664437856
43459,0.387268619928888
1202,0.00254734085491109
43510,0.818927215785625
23001,0.12680131129091
2256,0.0115359858759826
31795,0.152065908118963
35420,0.0321994300831563
22120,0.0614354777671372
9518,0.0283591673663588
1222,0.0515066455173819
35174,0.346752320668846
36861,0.0170936444866266
28339,0.375885343149402
3913,0.0913167574300898
9246,0.0199871194210467
33934,0.581730232713111
16592,0.0416117847781069
7259,0.00330941108661068
28118,0.0759386601216778
23370,0.737594573557722
26535,0.0410374433558007
25976,0.0240527045844285
24490,0.0122144617507998
40374,0.316177168038898
281,0.04599129575627
4921,0.00575732399825171
20168,0.118494915381239
26764,0.0344208107387679
23762,0.0105430861067598
17367,0.0181989177412354
44791,0.688795128557271
26546,0.00843588024356377
27543,0.0566537847792471
25663,0.120807306376904
8219,0.0969549303906067
18307,0.22452752591611
23302,0.0169223151108094
21885,0.611313593407904
12964,0.013788120258766
21428,0.0342934026210712
8242,0.131738114913897
22600,0.0368239172322607
2121,0.00272934317014062
1833,0.338923000953789
39652,0.167704091407292
11372,0.0246174294952076
28223,0.0145455617462468
30323,0.00988523701679705
41913,0.805050918147845
3270,0.00958719393836031
15709,0.0357023274202841
29614,0.541496851096008
9796,0.135728913814771
21845,0.0424192137099183
25446,0.0378168567705467
43523,0.235425344496146
39708,0.191917615637623
2195,0.00581236146401351
11116,0.415405291843421
4063,0.00515466101975523
9113,0.0577125434709051
15745,0.0212662037455711
34399,0.369966319154644
25525,0.0382882639296259
29409,0.210114293797529
12685,0.0698078520516117
32209,0.132448309377522
42946,0.155673376601257
38349,0.109180142521498
3541,0.00123833576470991
30691,0.0183850173257588
4467,0.00236932322539371
39353,0.310140467224884
29602,0.0164028696649967
20469,0.0218380237127678
44371,0.0322794710889988
31080,0.0287090637794831
23795,0.0216639243402917
1377,0.01451827734628
36452,0.0186296868258662
14115,0.00807881355269145
32764,0.0274730637688092
30055,0.116736489006592
21234,0.035667380367059
10058,0.00574589063451358
2704,0.239047617055951
29466,0.181242285142399
9265,0.00977972842333314
41778,0.19646283232563
25195,0.0264084992686253
1497,0.0135628195233354
17217,0.0232853349643698
17818,0.0467815939205371
16548,0.240106105382987
21157,0.0654471741057139
30857,0.0146811765846809
19938,0.0697736285454161
579,0.00768744905094496
35080,0.16836682419886
27859,0.0259322567166682
15341,0.0336747474527218
33344,0.234529253197193
5870,0.00577753506873914
44785,0.889171526237779
789,0.0126316898613381
15488,0.104267241328728
14535,0.00977711574193681
8369,0.0134254006653093
23359,0.0581584236970099
39355,0.115389639827572
43961,0.345062712630887
38549,0.010936299891073
7069,0.0556922995927691
39285,0.0215850784093327
13142,0.0611867770203697
26235,0.0194466271663543
32965,0.045894924067827
34027,0.413493729246144
25532,0.0253428839884155
23118,0.0838657837373327
1993,0.00640459179874248
26621,0.00835836307550628
44301,0.569427177197666
35768,0.0884526015840051
32732,0.171238929852261
2278,0.00149473565092579
2493,0.00471311525522208
5882,0.00507443368828486
16492,0.0238802011199972
25863,0.0533509479780132
42434,0.2220385991961
40205,0.328638476179088
11832,0.00433061158404802
1924,0.00781721533753814
37960,0.0054432052106364
4446,0.00632697923663123
38095,0.0350592024489598
38708,0.041423979804288
44119,0.85837079370382
16483,0.436215351394946
501,0.00335607431001715
5513,0.00543227630637391
25289,0.0238393345717752
15205,0.0487325913227664
10696,0.0486843656230875
22187,0.0234246975418488
5337,0.00512997833728649
36969,0.0121367571387307
33910,0.0706376428475814
36573,0.631411433190535
33977,0.283098977012081
14292,0.0137016645296522
35788,0.0235512753266452
35516,0.781206253476505
5282,0.0142440137739725
44625,0.452670076925349
12922,0.0169664244582562
37411,0.931510324979815
21417,0.031066095062623
32431,0.122784322911897
19521,0.665171077631811
22948,0.0204246461606493
40258,0.302311091800192
2419,0.0670410330043921
8473,0.0604345620496395
37278,0.0202423873412626
19691,0.62976743227296
3930,0.0959938233344225
23930,0.0393119497083432
8529,0.143025546611928
35739,0.40910578220491
7524,0.00377008340810401
13559,0.0342329457948338
22628,0.0477078763854733
32354,0.0327171584921242
3219,0.0410887995427984
10036,0.0129669591167159
28836,0.00798435003396191
37256,0.0172014294890172
7520,0.00332409292308195
24317,0.00898770763512194
26908,0.00970659740407187
23738,0.014087522663497
8434,0.0460555957570736
38239,0.0847817772165779
17643,0.421807129616049
26344,0.0879044778241571
7016,0.00964932063649798
3066,0.0119131755633355
20297,0.861373519269951
22068,0.585239572700878
26798,0.027990559389211
5139,0.00195121554722042
7706,0.0250460616985566
15964,0.0784000443896511
23702,0.0163755236690434
13580,0.024796910335183
43101,0.163951828151878
33759,0.0729707831195327
39192,0.0255360400676318
11531,0.0208569520671894
3334,0.00438240852057277
6297,0.0144693716512644
16863,0.0170636499814455
37161,0.042803971376837
31822,0.043401653303012
13289,0.160411565259745
23221,0.0214645040079758
13291,0.207364122907055
7142,0.00521350911003525
23184,0.0636284476623633
31157,0.081230991435695
6203,0.00934245112627673
34540,0.0599992674640652
13956,0.0249553364078248
20655,0.0168246686668238
42574,0.368847732665473
32000,0.848683605542392
13496,0.012777618520202
8390,0.0445878063804402
32110,0.0106560001095532
2213,0.00783682716253765
5600,0.00281283655614313
1464,0.00452117818351204
26285,0.714299676406427
1532,0.00304486289876102
784,0.00883099913081873
44528,0.270064824544704
20633,0.0324041485179115
4439,0.00580129146481652
21248,0.00211763384581689
44402,0.594942033487233
33882,0.415038917021803
11404,0.0114081885179901
32365,0.452403391482808
13736,0.0185723462587232
35067,0.154008318379506
29773,0.0341880229574966
29946,0.02978872362356
11887,0.0076493473953253
19145,0.0174673205121635
10877,0.0132573459086243
35358,0.070183884501134
22271,0.0523800764040467
9663,0.00819120391653426
11114,0.0329838463061748
27311,0.0162356001439929
36907,0.0412246976793481
1816,0.0701682183648314
771,0.00395905655622447
2794,0.0123243793808144
32794,0.822723015502556
32447,0.104766781714726
38576,0.800957297789711
13996,0.0141557706874043
26993,0.0120767307686037
42829,0.497027119813184
3103,0.00202641837293766
14988,0.00447633608787657
37597,0.295489414206412
27120,0.304472621687758
37899,0.0172794708679266
6676,0.00893988744022209
19750,0.0131767764623872
24577,0.0234735537686897
44701,0.0970436688594937
3980,0.0150028123849732
8260,0.0298384784312278
6523,0.00770807925168219
42056,0.122644733401369
24232,0.0860874120748402
4435,0.00795741191507714
37888,0.277496761645544
14081,0.00897069345276755
9490,0.00832820601248985
13107,0.0483628799069708
37654,0.221555047911989
27327,0.0581234335411623
36677,0.507315942826779
4759,0.0351777495671822
20936,0.503062581424112
28336,0.105776645660952
22270,0.0631621096774289
19453,0.0267254381311646
42984,0.452750921921032
3216,0.00398342107114442
32064,0.153835494044199
26584,0.0415426448499618
17621,0.286495579728519
1379,0.0062501441904706
8361,0.0209987312638192
19726,0.0689259307714611
32929,0.0567047059742188
15060,0.077821727511537
33438,0.111212782733317
7261,0.00201530692720917
11690,0.000575955710385075
33821,0.195246845923602
1595,0.0141221198315235
13971,0.08325378662742
27411,0.0227551624028956
31807,0.0658288478092756
10502,0.0100068464007935
36481,0.105207967235996
23773,0.715240142919689
32584,0.187740823434519
19866,0.0122911804299106
37452,0.387261602096959
4165,0.00333166957454768
16168,0.00721103357136176
40434,0.121696210697899
11050,0.00733299845813533
13499,0.0221971734118221
10772,0.0119207462111399
33674,0.0141008957309214
10770,0.0223879444786603
44347,0.626804556992247
34883,0.0800615274057516
25323,0.00719040092221035
2283,0.00271474352304504
36299,0.0120091537982098
34239,0.0951676918028776
19531,0.0284199572873349
35929,0.0939483628190163
23209,0.0274422080806323
24896,0.0323185763302009
29229,0.0478449983884623
38164,0.0185092725010041
23400,0.0462645088850008
12284,0.0331297821400208
20781,0.0415926345873465
2551,0.199794758195534
7969,0.00932727158986412
31655,0.0508068463102926
23469,0.0104867816064028
32713,0.0303988842566926
13646,0.0433597353657904
32004,0.0897988844254067
33443,0.0603149706579722
2833,0.103088305933713
7193,0.026820910112968
13059,0.151657463237861
38371,0.0535975545759518
35657,0.0785390772924266
35293,0.0324009380751722
12080,0.00253797059426041
26102,0.0871071611683455
20872,0.0552289232414983
20189,0.0122411244331147
26375,0.0331026624691102
28555,0.0163113485074198
31748,0.18242783551811
28855,0.0277505662521794
11692,0.0430293415938022
4411,0.013479802709649
33706,0.243674045682506
30566,0.0597359355792381
20062,0.0932265092445246
4042,0.00930913070637292
16255,0.0226312546348259
25410,0.0152122238661968
7927,0.222955896297021
21408,0.0579349599781433
19874,0.0255678489002414
38487,0.0188788688905772
2562,0.0625090846329421
35938,0.0399576710748147
13233,0.054139011142934
34933,0.0609182576598555
26290,0.562508428087302
38013,0.294397406666142
8591,0.00980612203532771
21653,0.0503227028251674
9239,0.00976226732810715
33056,0.219202341232223
33466,0.0464771927202862
32309,0.092335349268709
17242,0.0202445228135159
43910,0.828729710132627
8685,0.00859742749579398
22642,0.0915314767595345
25988,0.0686983525366621
3194,0.0572644800920282
16231,0.420111050629386
26204,0.020932375946666
23294,0.078231949299543
8539,0.0250680499173309
43792,0.70744569986565
26196,0.0136344227496941
44588,0.0134808089245151
32,0.0118583335235377
9776,0.445444821210894
10900,0.0111670281938289
5025,0.174563648049687
26707,0.0182283203943349
1128,0.00157883939535286
35303,0.0252242968164939
11288,0.199087051578162
11173,0.0481747175619833
8048,0.0159095079756182
26106,0.297949829654559
34599,0.0125815526480372
15259,0.058975811143788
14532,0.0326451130316026
21102,0.0986700475759303
26071,0.0288880827098093
21273,0.0195739521394096
26172,0.0270647758060412
36763,0.0435855325121457
13269,0.641931325606775
21661,0.0263942862302982
18416,0.013113334232738
4005,0.0472775245561246
21279,0.0214648342964273
40800,0.450302977004195
33437,0.173523330669358
40182,0.132395351002095
19056,0.0510102267664278
30386,0.380974426289916
2136,0.0596100953263993
5280,0.0620089234121741
34237,0.321971899606462
42988,0.862345717853556
21825,0.0223196632485055
5252,0.154076201036444
39531,0.064892871710199
35975,0.0164369877954888
167,0.00522318304606732
41823,0.778945442846393
11442,0.0273291385189832
8587,0.0176912851073275
32977,0.513644907307468
11475,0.0275009225258493
5476,0.0202203007758744
14200,0.0089810506933377
28436,0.051724639640963
15306,0.0421946320872232
35940,0.0979434059529278
9467,0.0188662727222299
27491,0.134893362902423
5370,0.0592946104262271
44009,0.310620641561644
37175,0.0197606551088907
31729,0.0348435863131597
26093,0.142877756021575
27831,0.0421161323966973
5021,0.00664872613772272
43219,0.366537845459775
36438,0.0328887511196944
33781,0.377348853413075
17678,0.0172967279422979
42922,0.130711017454154
1695,0.00486415250166698
18525,0.015676168910084
10249,0.0159908220064202
28272,0.0141080223527483
20651,0.098189054141429
25809,0.0115116099181342
35914,0.0371344495642666
29068,0.0684564457015279
25223,0.0321524919188362
40585,0.0695401561558874
10451,0.011871288641823
16692,0.0329015317676499
16401,0.0475986250695782
32236,0.114649185060233
39619,0.046844894064022
26091,0.0406309370715143
12708,0.0122825483614553
13301,0.163595482445621
13445,0.00695358413256879
20668,0.433335024314473
30204,0.0172717533454703
37156,0.0303954515554841
17983,0.0205748749804932
34675,0.0390446128872255
40824,0.0565446323119916
26515,0.022699753989271
43756,0.0908751622382034
39704,0.0558842170622661
9884,0.0320058946638105
42383,0.0642149116713691
19288,0.0273396924782797
3269,0.00819124878563532
863,0.0167225886866488
12089,0.0293033682742055
2996,0.0224887609646309
2705,0.00372022484610912
29688,0.0232957587280665
42536,0.163207687053619
11042,0.0780544705819081
1586,0.0341098178473485
29144,0.0540097417330216
26293,0.0244007672602424
44888,0.691252189067366
8638,0.00368878497961222
1684,0.00523605212864929
25640,0.0356933053518345
29445,0.0621507077584175
36761,0.188390956151208
12205,0.00121644787823335
10442,0.0111876097622653
6013,0.00599058143964688
35057,0.0339531376068676
22436,0.0318375085352234
33011,0.0998515461438709
1291,0.0121598547156241
11291,0.745726638799357
19907,0.0229528511646859
3862,0.00517544767861678
40470,0.0876177385770785
4045,0.00424259931516538
33905,0.0762839768140142
38479,0.0608031268765652
3182,0.00314475995308385
3100,0.0115714955767306
37165,0.0341698473104218
33162,0.0526382600667741
39099,0.385950118570508
31629,0.198205534192791
6023,0.00459669801051818
16898,0.553333564238072
36949,0.017424875349321
30716,0.0713639823967119
35064,0.0286885249618386
43669,0.0514358813516123
34960,0.0308197560138002
13080,0.0313153857374618
20349,0.119803966127316
8999,0.033587806200352
28640,0.0257859597565817
38554,0.10604183333856
29369,0.0654584521532294
38948,0.0197676017995427
36952,0.0335369825611989
6268,0.00980764953093443
3850,0.0102655715792656
8576,0.0155761561189465
28520,0.0287264194466503
45139,0.038953562399274
13818,0.0131120565141538
44702,0.380310227355029
34234,0.00793048038164111
5078,0.0495669922411846
14975,0.0193625819006314
28513,0.0243414113270588
20143,0.300365494637981
6703,0.035125068718582
9046,0.0215124274766809
35255,0.0158764671466976
42384,0.575752788131102
14863,0.0481825437071667
32979,0.0817110070271796
8660,0.113358826890052
38656,0.0140037733412414
13053,0.0579858346198616
25101,0.00899050828424279
20763,0.0341014448888791
36838,0.0229962334200336
1944,0.00396056071245167
31236,0.584626899670149
346,0.0775684314948108
7007,0.045863067872866
37632,0.0269962991925234
1044,0.00694322694848197
12807,0.0159942278561508
8245,0.0281788710048471
5236,0.0902215958081254
41476,0.900619284791214
16964,0.0234685267353892
45086,0.862365676137633
39398,0.154501880476601
15163,0.00224539489027532
8675,0.137221319902003
38208,0.025918568457351
37230,0.0494597138252033
41733,0.0805505903708033
31882,0.0812661065477405
16573,0.0129973434025793
21604,0.0759901583522434
20181,0.0498485563983056
17335,0.100795339828392
36725,0.0389365176644206
16206,0.363462629325635
26661,0.0975332078779683
24932,0.0257781448529962
23898,0.0369844303349652
20724,0.0194718837767256
16516,0.678523115313153
9779,0.0231135655767766
44844,0.883439343957503
38895,0.0127386768715451
24547,0.0362752245699538
33173,0.151142943036517
23943,0.027652108858033
20804,0.189313775174577
23177,0.0449018362001187
33345,0.3760358772807
22174,0.0287020628616123
40169,0.633990256897687
29673,0.0603615580387371
30256,0.267708026047324
16533,0.0414091800398087
6877,0.0125810584957046
18953,0.0443601078372144
39647,0.12717007666806
23873,0.0334819124991887
44758,0.870452500827972
44258,0.126952157045162
14210,0.0477936026725253
8351,0.00837145726162486
6435,0.028531636516692
40137,0.346385031239526
10402,0.141089171606273
32372,0.484366802273537
37131,0.0151917041651064
6934,0.21412660026416
11498,0.0215128325935288
36670,0.0441028688932827
28950,0.102238687936784
25231,0.0164305948994581
6739,0.00812645008739987
37351,0.0132843387556036
39602,0.113552330488687
29095,0.0992054747626391
18149,0.0096809112259956
4501,0.008731685408701
10973,0.021855081053912
9945,0.00662289322008095
30110,0.00870420923951486
1750,0.212958958782388
38853,0.0238671941190359
33410,0.202132403105267
24213,0.0570619470952251
22404,0.033327898805265
16693,0.769299017891703
25065,0.425122967717267
20268,0.0282373926970187
41596,0.226331876027944
22193,0.0272698308054409
9347,0.014936385194435
44954,0.25205854161275
19845,0.0448362861240771
9891,0.0379156621134234
38027,0.0188175262332303
24908,0.0441648670037006
20315,0.0166609928901512
4829,0.0198877916855368
27286,0.02718411719833
25143,0.0267903936267845
44900,0.969213537832005
13177,0.0673088446203042
29228,0.0335158516983641
19862,0.125928668196523
34575,0.0467264813835802
43077,0.625510750461667
13476,0.028198329595985
26485,0.022354003184261
23814,0.0301258547840783
41729,0.171603993803637
15789,0.00477210477602096
20994,0.0278842402449133
19445,0.701335780632183
32410,0.11709317618595
20691,0.0609523864679404
7913,0.0113942144851122
23175,0.0150045382674617
44365,0.825235470327752
7423,0.077283350300255
19597,0.0406376852970508
45083,0.099307513697144
5258,0.00967643736733388
13491,0.00849723664634035
36075,0.0305408051954009
27002,0.073077218008343
8913,0.0155975441515076
7722,0.00249645231901488
41988,0.257663918902761
31132,0.230526983504508
27301,0.0254202516907834
21566,0.124464155331721
34429,0.0374659852912024
41737,0.0908375137432325
31158,0.147123867276059
44429,0.255098139913256
14223,0.816784106283556
31000,0.00983918377430059
31720,0.0350748582920676
22862,0.0398088621204319
35637,0.0609978588925041
21015,0.0138376700870111
7919,0.00283379595351682
10938,0.0176188815819164
39001,0.034858776912018
4220,0.00163845774280829
34981,0.0321635166274078
13830,0.0569463866460864
24200,0.00979260251927658
10798,0.0317698497872242
1577,0.00836621161736595
28214,0.0805552075436864
43846,0.0138598001541244
27179,0.0725878949420875
18490,0.0258936079482146
40573,0.0463676178815767
2710,0.188795171304447
11749,0.0244562797698286
37119,0.0177812501230338
29379,0.0376548794361725
42686,0.0159626208983414
7981,0.00783828729472937
2014,0.00251504286572256
14352,0.00841171489833118
40700,0.0891281167227882
3665,0.0126337692048326
41076,0.231912140446149
22441,0.0155052155169047
6989,0.0177405744817392
36518,0.0081024990641658
38793,0.00893370946811525
9540,0.0475910927784232
6134,0.0116378807710752
5663,0.0046406595931368
14326,0.0253682691134893
44623,0.990986277142411
32230,0.318103659551647
1490,0.00293163664236093
21606,0.13942500532515
16088,0.0411993943684136
10842,0.026005052239755
2404,0.00995012754135386
35109,0.0253774702986008
25515,0.0160048203690027
6787,0.00946955549527289
35649,0.0124716852067861
14427,0.0305492539422829
8472,0.0688574991453512
20415,0.055864794609636
11967,0.00633064887079517
29518,0.25204898772489
21832,0.0122704011448998
25002,0.349525126713356
8037,0.0134000098410749
10082,0.0106235020334901
12747,0.048509022271185
30558,0.0725946809923346
35527,0.0420237300204932
35344,0.0889984958926657
2273,0.0047138523209179
13423,0.0190021078937855
172,0.00688586740039091
2818,0.154995482510677
7057,0.0188133850272128
13725,0.0597487060344744
26531,0.0176221518769829
43729,0.169535876209599
25977,0.0830476425741909
26776,0.188116945029881
21630,0.174372425214213
39504,0.0747488343078573
13811,0.0358774612605339
21945,0.758043532722235
25237,0.076410951484016
39577,0.417641899269297
39837,0.206549355348146
44635,0.89476807648052
8897,0.0110908387497436
15512,0.0358527864265121
3178,0.00806327871050572
1788,0.0361586861379504
38434,0.270913687528773
37333,0.0396174446255982
36666,0.0380483004484323
39486,0.0383378514621446
10019,0.0515516240622115
33677,0.0218091064037893
22752,0.0289247761999522
31147,0.0435023732337075
8257,0.237172610592917
31608,0.0624194598903877
26248,0.0215150391325433
6958,0.00472674681614889
6591,0.0113317185416703
15437,0.0152215604769022
13603,0.0273834117004806
38966,0.0217129901675295
42055,0.287650270362207
22399,0.216666114713663
31484,0.268365317987379
21012,0.0547906404935711
2838,0.00703618785264988
38616,0.100282024072418
23308,0.0265398205481201
8049,0.00712476144132371
24672,0.151970053530326
31074,0.140272306109002
35837,0.840113209312744
20111,0.0746583452679097
35447,0.0128941520935993
7113,0.0115968829556969
11786,0.0222404818178644
37539,0.0640693256984044
37063,0.0232365444772187
32974,0.0564385229082821
3448,0.00215283394961169
8056,0.0131763642982651
39380,0.0226220632550946
28525,0.0135961124007901
38256,0.0125465317231383
39178,0.11088293752075
10614,0.0335715430040408
10833,0.0535408782683265
39402,0.539290075607401
4861,0.00465256586880879
1311,0.0043244372111708
21295,0.0290626616228304
6701,0.0271203988648959
41904,0.675359587097142
28915,0.00845150050419618
18821,0.00134943944867742
5262,0.00614758632389076
4112,0.00458819136058137
2974,0.00597068314736766
2287,0.00958548860570587
4845,0.0466022126478508
983,0.00437443682575115
16555,0.00802900650242114
19219,0.0798859552603592
2646,0.00379547532850395
44011,0.579873014349193
30267,0.0540037034980356
2925,0.00705616100947684
18546,0.213588017590531
14168,0.249889541306835
35398,0.133587404246684
20898,0.183309513840684
39670,0.0109139074573796
10750,0.0466807604885593
44931,0.0201066697890712
24453,0.0189598359397183
26403,0.0612465869982834
31593,0.43472503563149
8084,0.0221035604547558
34325,0.232434374956613
15817,0.039738323276786
11266,0.0588968270455759
24278,0.096952039696989
31219,0.393060527294626
33294,0.118287301552932
27526,0.00691976650403483
1439,0.0178753267533824
29842,0.133317235076913
34796,0.0796544916865164
19843,0.0123803109538123
24367,0.0236435784523951
41549,0.502255334884614
41042,0.0392966482587379
6406,0.0154022556525832
43985,0.00591024329182663
9882,0.00859869449940106
26120,0.0164532944027633
29923,0.10751847075895
23474,0.676799419758591
35016,0.0277335742007682
40199,0.131725197635289
39963,0.206940463435769
13453,0.0155767209434157
38183,0.0892087617719588
26010,0.0228043096046632
18512,0.0060226198303391
2412,0.0295019930732981
28302,0.00491249568473769
15527,0.360439304433542
43599,0.282668273813635
21002,0.0264546436589633
31902,0.0887102627176485
13030,0.011659465829747
9029,0.14081036465373
38385,0.136284822681743
1412,0.0119491366323117
3187,0.00323255301169257
27383,0.278549865274684
10344,0.0411959001760032
37148,0.0149685936092687
14849,0.264685483604391
34359,0.0840404534208614
36880,0.0135909107076721
18935,0.067036595933864
30748,0.0135522781276215
41360,0.0346575578379742
38221,0.0177683024270983
9349,0.0123734268667077
9942,0.0277692741555116
43728,0.0047553193501652
16814,0.133164847047002
19916,0.293444823211758
848,0.00528953655098362
29830,0.0437274491219992
5311,0.0223574268086771
29050,0.0393924889678177
31276,0.495237520643484
1579,0.0023235990409493
35422,0.0484876691772726
41489,0.171480260369507
24059,0.816596303166103
1229,0.0039155551427829
42305,0.222665319298267
28340,0.0563858491302615
44051,0.576150293364898
25716,0.0211021695661789
31238,0.743924527406011
9842,0.0318962926336903
2631,0.00716737889065254
19087,0.038071404251774
10682,0.0150412860541417
18968,0.0267837360181845
38573,0.021560126512817
12273,0.0266140149834687
13134,0.0239698453899017
13217,0.0240602750395485
39931,0.0858369255056174
8868,0.0296231330926876
8985,0.01510549386299
36176,0.113168813734897
8864,0.0144956479019144
33251,0.120322133835122
41804,0.0863100212928277
34199,0.105696778010915
11301,0.0224590814579623
4066,0.00419182113854728
33477,0.0601886284023509
17189,0.00960685110277954
31209,0.10659182839928
12228,0.0134060994621855
6884,0.00487701825370337
32263,0.176831442253989
44676,0.847324528541748
1139,0.167759288729308
1802,0.00797492261721785
15932,0.014251403521734
2207,0.0130296681858038
12070,0.0106451631142368
44662,0.277302715022239
4415,0.0114467488556015
7554,0.00712660732330025
18337,0.0870150260369233
14022,0.0157697372361716
4785,0.00547894247283975
27435,0.0219600519390646
38342,0.120173792962713
34246,0.3912564164206
38845,0.172931227453495
17350,0.00981082527461917
13071,0.0194056853910498
44077,0.0546421123011123
21482,0.00967009556410737
9564,0.0597811282903894
44584,0.770014629447529
42712,0.227425686249552
27666,0.00878354285810175
25690,0.035461171941846
8707,0.670219796606338
39945,0.105517392153358
25991,0.0146340856907218
43677,0.246243153678405
22535,0.079819696232243
6759,0.0087971123282039
33635,0.378784289330105
13216,0.188958864227514
14235,0.011942248962028
19084,0.0387337751528232
3205,0.0261398256599633
40505,0.0667444388942978
13141,0.0324303202591569
6292,0.00708674610636138
20167,0.0360879340808027
14725,0.272114669680122
44851,0.694567995383169
749,0.00511288702790769
12190,0.00543117591624657
36843,0.00599095746900329
41528,0.147595261600855
10176,0.0570375319733475
10430,0.362240081819657
21154,0.0124542212565721
10044,0.0146764467854886
38926,0.0377717052523669
9597,0.0313418827608753
1677,0.0089031798562152
38288,0.0362181097436245
875,0.0298889395892742
36247,0.0296907578571396
9898,0.0137089791886582
21662,0.0306132362792087
4651,0.00842077829305458
42512,0.466359236816345
39456,0.338028513367174
4457,0.0134276183848073
12297,0.0147902039253726
42223,0.18138447509676
7341,0.00485654500246585
1223,0.00614784469015976
9794,0.0160179507988721
25272,0.0092869873227805
29651,0.286656332575997
11223,0.00474106076255314
19930,0.174693414657982
26026,0.479869861768389
22542,0.0543431675872862
30503,0.0623200479349897
35627,0.057133258918679
39168,0.0174287862952139
11999,0.000414198507777276
33047,0.188180490347302
27870,0.0514814771496436
3782,0.00159544098962289
26099,0.0285967248696304
17089,0.0389236011487164
37035,0.0911104080450135
44732,0.840346789472567
37883,0.0154649909079833
10020,0.0997681059208379
27803,0.0173881318178624
11399,0.040252357201532
30117,0.0632778635791324
15769,0.0759813258647964
29737,0.0227389037554327
44342,0.0340281860820939
15001,0.0445463224823948
2701,0.0277196295932543
42905,0.52866544177974
19910,0.0684254636521725
2341,0.00371974754956332
7232,0.0114465326211003
28635,0.031996310101454
24604,0.0107340356239407
21179,0.0210191750439367
14125,0.155916377950737
27535,0.0190673763228475
26863,0.0365837335339421
24820,0.0271681731604329
14314,0.0520246759369395
43267,0.456592977196457
5599,0.15841399748526
19285,0.0914936128580789
30984,0.00666123622183925
29112,0.0341099750704781
44251,0.7722245768642
6721,0.0168460428623535
29918,0.0207857357599159
4081,0.0255437154615972
19413,0.20012134896893
28294,0.0335187346147054
8164,0.00760364490975385
14958,0.0114484525566526
12379,0.27777830388238
22356,0.0909310981562443
40956,0.0423228475912011
549,0.00600403237837538
10377,0.0040430658182901
8355,0.00471242892202212
37656,0.0235054596055619
38777,0.00493171761886283
29464,0.0985287144603553
35976,0.17467850132595
30230,0.191598724186777
29680,0.0185064419307384
26123,0.0163504591693382
4932,0.156181914116426
17585,0.0105956740852115
21925,0.362822798756304
5012,0.0323388550190305
40596,0.0904238300423504
6518,0.0089252083387879
19574,0.0933434500887043
27780,0.0281028990517201
5362,0.0303212081467022
36654,0.0152699945696547
20765,0.0138080336394919
38477,0.0406113118361933
19174,0.381021729837257
10694,0.335000121503549
37671,0.0180915229223605
17650,0.14863642220775
17132,0.378053800475383
22978,0.478109974593173
7686,0.00898930139485387
29787,0.0908123688528813
42803,0.258639800257247
27277,0.0131640489259435
7216,0.00941096028591895
17724,0.0100998197079952
32955,0.769630401851892
24990,0.0200503694314633
25692,0.0144228172047352
19712,0.10739734543908
14670,0.0093874025590013
17034,0.0919005009191407
8402,0.0144457188674198
23965,0.0689462014506918
40049,0.118271831832246
2570,0.00872922811325911
8894,0.0120017961668753
4687,0.00513948349176296
3603,0.132823004734205
33920,0.83490396489499
29115,0.0684236914713477
3800,0.00605183596715672
34843,0.0344279464867073
24356,0.00511134481203898
29631,0.812580207853505
7908,0.0120558468752724
8062,0.0237548848402598
29629,0.0589613399421073
38102,0.0135880083437999
13498,0.045019216544033
11321,0.0472061933071901
42170,0.371672469317871
10463,0.00585629430461111
15254,0.0266789774966061
33264,0.0430065906188856
7263,0.00448769979631973
19107,0.56796025936846
9336,0.110136355455789
35946,0.201741074990953
40986,0.0914943962454442
21250,0.210736314339082
28247,0.0266608386294432
32185,0.0325895693402307
17681,0.086984207921044
23373,0.15989805261718
9850,0.0203262470751894
10165,0.593903724815878
14000,0.0148144394986462
41353,0.129438450348963
14403,0.027916571278059
23958,0.0106096902643588
12524,0.00705624538357696
18498,0.0266587214555424
161,0.00417920156868587
6063,0.0152096213551544
29844,0.0247207867239958
6171,0.00781101275633741
9359,0.0128703303145746
9472,0.0217157629127696
44613,0.0896657206739944
352,0.116011087267374
33314,0.0341833136456061
26983,0.00497448412641326
14281,0.0370978190628476
30239,0.0249828040498588
44440,0.278350684324111
624,0.011971542216125
37441,0.319472563910781
27171,0.0166997170312654
19151,0.770707818309656
19097,0.0202556665749832
7940,0.00702231896423947
1503,0.00109170911827276
34556,0.0178601223250315
25729,0.0249330243789675
33225,0.0816982440102317
27698,0.0115634915505827
15766,0.00891297382294962
29171,0.245771498101904
32649,0.309120868290615
43078,0.423580422615911
25668,0.0122536399489937
1156,0.0136343643154412
28411,0.0495879983315419
36144,0.0417725698820774
41623,0.249730664622199
10619,0.0104731552221924
32143,0.126242813839992
25985,0.456434676135656
14356,0.00875269683286712
10673,0.049139844155873
43886,0.00877303719583903
2477,0.0076514134315352
176,0.0390458609440683
1829,0.0301292814575773
17762,0.10489007943532
28630,0.383511624290728
41195,0.059117378726051
14648,0.0108613614239251
3414,0.152575299201526
6762,0.00873746315071569
18692,0.0721438609130057
2608,0.0173121931161375
24067,0.00998490473936064
7497,0.00430857739551328
10011,0.0242691598408582
36904,0.108705906373189
12139,0.00366107033505414
6704,0.00893236086401155
26522,0.0442537446695516
29653,0.0204095482858114
31418,0.278441060321909
37326,0.0279716326607884
2414,0.0493147818004118
38884,0.0165157065844854
4084,0.010797043004595
40844,0.146688117255704
41307,0.0579760416359416
14354,0.274697982753548
10796,0.0136426334768388
2938,0.00645097085829931
12095,0.0026236073341592
1183,0.0474064116852368
32690,0.940779333881962
20410,0.019058601531746
6562,0.0133314211696323
44720,0.216686512923404
11137,0.0118214401152357
31489,0.305531125264627
8927,0.0187224215146817
15181,0.569808033165594
6854,0.0105237726220328
6805,0.0028958692193937
26929,0.0260586124815913
29399,0.0110405155857887
16802,0.0148062936576565
33668,0.0108256530916823
43278,0.80401523618489
38075,0.0176444165822214
9164,0.0138189587783207
38326,0.0201769428394484
44502,0.853098021391928
24284,0.0150500286501194
19327,0.0760567866183516
19461,0.0163067721771541
42254,0.340885873064984
34919,0.0462959429735639
14434,0.016902413708344
21685,0.048515760114183
23168,0.0064173090495029
40846,0.0773038906060854
42114,0.362809628420358
11335,0.11991195668911
33076,0.0149716828063624
13386,0.0263778165971749
6534,0.0125918387860979
3156,0.00919876769264541
26264,0.0186614823923941
10768,0.0763059688193909
25197,0.0265525935651639
5421,0.0475654767934676
12816,0.0109802532048365
35511,0.751360978278194
6882,0.0019463221124065
26092,0.0640644037978467
38896,0.028770438227593
28759,0.0176884370703667
25495,0.0396175006600473
8463,0.0200505119912801
2175,0.0163435657362528
20580,0.0532000862693913
3994,0.00229749529447539
28479,0.0552275907023376
8276,0.0172303196244551
884,0.0035660136805064
17921,0.0976792206255399
592,0.00348522859398855
16085,0.0765669806427782
35304,0.0191169659514513
5691,0.00520233298519509
24340,0.0407600118998652
20246,0.662541936450919
24753,0.00897373936526687
18557,0.134148616004627
41537,0.0701513022243665
976,0.00435704317589066
21610,0.00607725738133364
32225,0.0692450847937608
34650,0.0121360718464284
41102,0.205904994140845
42638,0.0621121321660854
38517,0.0185354031796378
40168,0.766902962956229
29475,0.210031687237723
5108,0.000657660393242177
41929,0.359735610932222
15252,0.00871062930774303
28911,0.0128077258258702
26029,0.485330708213327
11666,0.0271156292617633
37961,0.0160407039199914
44583,0.423494299815029
1003,0.198201779980867
35719,0.0205479550545338
8018,0.059836054699463
33154,0.0363289932923658
16060,0.0248835891151997
32037,0.650659887497757
8338,0.00803034259807395
4666,0.00725653649651839
29317,0.0577110153433417
5335,0.0168589818822371
32057,0.167366119156996
42097,0.0208893541907221
20964,0.0110927499857903
35963,0.0282947975092283
35678,0.00396277179113748
14145,0.173598232633764
12641,0.00557248761538128
6433,0.0110299981478915
13280,0.0622923665569629
5367,0.264285543347363
21934,0.0718556434605843
16967,0.0459607005046692
767,0.00448271520377822
13447,0.0221808500169985
31667,0.0676595716021704
41023,0.124467373952817
18598,0.0656184492974045
20973,0.012493651968538
30499,0.0341526581030208
18021,0.347596770071782
4087,0.020109734330845
17428,0.0373688453186316
25560,0.0266219047756935
30212,0.51837002055028
12839,0.0287068741325812
35991,0.0633024450267887
4291,0.0035830672119263
1207,0.00563634509418795
30258,0.0271978197423326
2656,0.016457247633846
14273,0.0234432586796458
14808,0.220818156531695
11142,0.0582920791329804
3160,0.0027973448104786
34386,0.545435861503271
44568,0.159969329632501
44324,0.551250322004159
3058,0.0170358416999537
2738,0.0204879940102675
699,0.00808217228402302
12882,0.0308338755529283
41836,0.0774601581607939
39242,0.00853307679607856
19392,0.028800063127298
27143,0.0236597113739022
36892,0.0985187472038192
6898,0.00402450765442001
43424,0.985097125684999
29100,0.0380574288103905
44418,0.061717992374526
33321,0.0272737617033077
5071,0.0013673374818979
27992,0.0295324430927099
5191,0.00221807861587681
11508,0.732910231699203
27469,0.0410402070461321
17487,0.0237806767359297
40912,0.140076527160079
11295,0.0132581768312375
45061,0.841284952530041
28803,0.126728331102102
5844,0.00290362934985513
40200,0.473606539224052
20622,0.209519427667587
38200,0.0657217971013085
26153,0.424295477908415
6281,0.0121178888568179
15047,0.0384736040450286
24996,0.0668826463839676
39503,0.0710793616906393
29131,0.163013565233759
38818,0.0308502511815214
42282,0.15790543261641
34376,0.0364562908780915
39672,0.26772396705876
20027,0.164371675835897
24553,0.00869934429978608
44336,0.0435727498889733
30380,0.0621231868180262
44369,0.634889977007732
11520,0.73743684991186
12405,0.00556206938790905
28789,0.0239698943854291
20485,0.0428816707687714
27985,0.0214172702052504
29634,0.37743392740037
23897,0.0347969099141376
13651,0.0488965076807792
21650,0.0383118679877426
3729,0.0144545145856925
25108,0.0159801800075651
44124,0.00487284345245423
26165,0.00873311512462156
19308,0.0790367509913559
5851,0.00437744976824649
5956,0.00591903691369747
9416,0.0679574322849198
28014,0.00809968505897554
29001,0.109573071812137
24187,0.0878113643202582
40151,0.264276957517529
14375,0.204733356994818
23680,0.0448062734438975
24225,0.198195720234296
20496,0.0432533474567821
26505,0.21940631578563
35158,0.0610051790421515
13121,0.0354834396195724
6116,0.0061328483229861
19369,0.0244213903990154
3143,0.00278747557921854
43965,0.840746909899074
10270,0.00361782829936025
25523,0.049755456565735
45120,0.780095114032196
20988,0.0263339929623934
5317,0.0127566994893901
18395,0.000602558801402987
16600,0.0112256210132358
13652,0.0508362714487026
30306,0.153373414212229
37239,0.0194767943668784
36467,0.0349544559155656
22276,0.0511499302482183
36503,0.0216684989146768
28429,0.0170157322290822
32866,0.533995317828247
35005,0.181775550672234
21326,0.411133867710252
18834,0.0994602487784745
38635,0.00819483045879122
37091,0.0793158725561691
27145,0.0099782662711675
8436,0.00916635303519644
41702,0.203835974346943
21174,0.0206830626944926
6446,0.0182548946665384
40839,0.15455755082211
43734,0.505094159157363
9008,0.0130231959487463
32759,0.0361321080342995
32394,0.0893074886961582
1892,0.00756232010269776
38413,0.111282789484112
22073,0.0300032433554391
5981,0.00959691517051968
2103,0.00344981944161598
32437,0.0475590601903265
20726,0.795670127941877
15142,0.131702037923404
6612,0.00850344142114632
21421,0.00674525746573221
1809,0.00759979025455979
39252,0.552445118815211
35981,0.412061384592839
1674,0.00162911097613448
12496,0.138832365357626
33732,0.0919540658350889
2577,0.0225398207107561
31609,0.0260322882997758
35891,0.00971441016509324
25574,0.0225399377756918
8531,0.0356741707458303
23576,0.019693390562463
18019,0.353634671740827
29545,0.0134732726133055
24579,0.0163752804644145
10735,0.00126338223789717
23761,0.0268075609795504
21243,0.0533737311286756
9128,0.0192774584064877
25682,0.0251018184769696
17639,0.0080825325746378
17608,0.0178226455617903
12459,0.0508598231482301
16772,0.00717674949704654
623,0.00493533656666906
40964,0.304838402515597
26783,0.810439790909151
14366,0.0109478280587258
23775,0.0192560030960085
692,0.0177739051737756
29123,0.0577707181536679
1246,0.00532189532578813
8745,0.0537575354538304
9610,0.0213445912263619
5701,0.00958973644694767
6098,0.0296733836790845
14021,0.0167655467967765
22849,0.0310727648300517
10466,0.0203287217894744
30554,0.100242801262993
41187,0.699545975382345
33766,0.627724313774657
20326,0.0370215340429944
3350,0.00344601761455093
32969,0.0721172523390412
754,0.0407141093197207
2853,0.0208454074320867
14269,0.0172028140512839
13341,0.0368443295836813
26160,0.139793212180526
19204,0.0114100066847684
12152,0.0042735662717575
16162,0.0906256976777894
2961,0.0201136081171927
8855,0.201098297747911
37826,0.00647006607627519
40105,0.102201623203529
13327,0.0146587458960065
40950,0.0981243121953088
19124,0.154684007586382
21118,0.640169342560383
5574,0.00708631169331937
37178,0.0118724799157679
8559,0.0151937656632752
8388,0.00462519475999401
9522,0.017126528495529
13756,0.0126967106470158
21992,0.193332246893125
16210,0.0796003616218025
19424,0.0381048547174242
8865,0.0163219589218767
29029,0.0472892077118226
41776,0.217051567650206
11953,0.000792009117244359
15662,0.0116004407482097
28482,0.221058723520259
26991,0.051713201013551
10387,0.013105331718309
13370,0.0277752865523477
611,0.00602101817826104
4233,0.00398595118767553
40391,0.0847577614168996
29121,0.218580553284609
14974,0.00991358641058494
17641,0.015543003262709
13643,0.0568211277843958
12602,0.0291733860947826
36241,0.0425948053059563
25468,0.555511991806156
15349,0.039954688129035
38177,0.0647378618850182
17230,0.0440580755667946
42881,0.790766674946131
1026,0.0429925525562124
1886,0.498105501717609
6112,0.0631931607574134
38713,0.0955794290072945
201,0.0674075331152571
9437,0.0210087320028528
20325,0.236555470581446
9531,0.0319450314238588
29406,0.0280727347763258
18476,0.0168931212488577
6876,0.0577119309389001
42633,0.0969756359407724
42433,0.218392777351326
40664,0.133686995640365
36522,0.00672311304087522
21959,0.0183170083845089
43590,0.752438615514923
21477,0.0314735026241446
30038,0.00772662021438642
17975,0.102163575691517
38318,0.0108914465298574
11041,0.0123442786247545
680,0.00564245811114346
33266,0.123954589187629
42669,0.249386435909233
7580,0.00832222998777851
5748,0.0156883409960538
14965,0.469576459950607
43530,0.105727196784001
21928,0.0693001675591982
5735,0.00777231583670701
35711,0.016238406524834
24815,0.0207949281262617
35967,0.0778525531650412
25112,0.0379836153077683
15845,0.0129456477573623
25046,0.00611170112919659
11175,0.0353852649145618
23835,0.0184424895207258
7909,0.0144725163796345
24221,0.0320138256934241
32891,0.0616042911770785
18174,0.00260990947086034
23986,0.0089281797522694
17047,0.0115206274426726
2920,0.0083318218298011
41492,0.195906075493502
42757,0.215682777876935
24275,0.185124445329986
31952,0.264930538925046
25882,0.0257807463007682
463,0.00403461369741035
30245,0.0132073673442997
2263,0.00292267836063814
16155,0.0103143971816307
10919,0.0119036070161462
30569,0.0422851089150733
25649,0.0254143028091076
27842,0.238169129039824
670,0.00387503234977867
2417,0.0134157945235623
33160,0.137983452995391
27033,0.045381664744198
22568,0.190783182959624
43769,0.117947350632616
27825,0.00993532752273902
42323,0.2824865905173
43016,0.773069799576294
40091,0.233171363636569
8857,0.0036676116269422
17280,0.59397607554391
1450,0.00607131133931064
41396,0.791462334554691
1423,0.00293422301548158
13078,0.110543388897378
34407,0.306001988102504
34856,0.102907352323675
35326,0.0104179263605798
18618,0.00332261952419887
8186,0.104882631099777
24673,0.0103669703126801
4911,0.0301323865786047
30539,0.193105085893304
28304,0.0882538247889819
37713,0.0375937032516202
7303,0.00682393331584387
28920,0.0364513765342009
1828,0.0146054064310749
13420,0.0240047000021414
2165,0.00405492599641941
19789,0.0186076234998473
6193,0.0519279018983343
13237,0.0668007251668019
26901,0.00905581540118842
23145,0.0385761479941118
36482,0.044436411574333
31284,0.366431689365223
43013,0.245297265304639
5834,0.0184084021602212
36450,0.0590334349504996
2151,0.0183588599960205
43423,0.0619993051120824
11213,0.0185111970426163
40629,0.734749349049958
19657,0.0404623544186304
3919,0.0070604387422939
25803,0.0627157426251743
13231,0.0654613538485949
27826,0.0212248683012455
41339,0.625363637686665
26237,0.0217025192851219
16826,0.121274727085556
11346,0.0926570729973909
4504,0.00468638108578125
43045,0.799932417131651
9369,0.00612884246671564
38460,0.00900659005314459
41824,0.823838452218331
38497,0.115483844713518
27597,0.0198124802794387
39631,0.424748828752083
42151,0.0566381675552126
38963,0.387363328474502
4867,0.203573332507647
33153,0.821100463747583
4493,0.0769708931271119
32267,0.0523147924556266
4940,0.0154986256803128
5422,0.0242689973476412
41089,0.0289822404584464
44073,0.385555720706511
43467,0.186361753702778
35452,0.0499659614880552
14872,0.565910939123773
1117,0.00294891804501355
40646,0.355743813869627
932,0.00811139224119335
35169,0.00498092506166525
20371,0.0684047763728793
44065,0.174803416826114
38881,0.0602593487944818
21308,0.0431514457454559
6168,0.00535592920361272
1808,0.0117798734138348
2660,0.00507659198947317
29465,0.263430669608923
23158,0.180195126751536
11317,0.525099061548061
6522,0.00554156642388086
33548,0.12361496537118
35170,0.0455412669383852
32653,0.0196502273070269
32524,0.0417249435582022
32836,0.52299535144712
7049,0.0260517438165733
28758,0.0112539289634417
6839,0.246479280943901
14799,0.0742654660511823
14789,0.0875914034231589
30898,0.0104523577171728
37315,0.302467954749083
44027,0.834711216439435
1603,0.00307200923949473
38994,0.0502444643551231
8427,0.0782792000275328
39375,0.0560311467564722
32448,0.248084228804918
15815,0.0392119652855712
24582,0.503208498322876
32319,0.571117580607143
32262,0.150928798651124
18269,0.0330003691320926
26724,0.0333271268286092
20417,0.0419394686214468
29042,0.0266839640652925
20165,0.0253220360279407
19077,0.053070902127444
41892,0.219143754504886
36780,0.0468916243396438
12431,0.0192861188427612
20766,0.0301794659556426
22693,0.0311594917788967
9849,0.206739427589822
32938,0.485743780737845
44465,0.649873555569395
43010,0.625613137592109
18344,0.00852361979989213
5871,0.202351082336014
30381,0.81930743715782
12388,0.0129430648662836
2458,0.00197928381814917
24440,0.0194549597077822
45043,0.533396815461397
39734,0.171251870845631
3955,0.00378290621317696
762,0.00573538405589693
16779,0.144878440696218
39894,0.164711303309667
25039,0.0445653667691011
13196,0.0146074551335314
15734,0.0361303099252085
617,0.0260758375520684
24677,0.0265567831350177
25895,0.00838786424958015
38760,0.25187621323628
20459,0.0406875160349882
30268,0.0647800121580059
26580,0.0744473896964398
12487,0.00372262857739406
26947,0.016613060522845
34967,0.0649200277160572
36409,0.0506933306970123
45112,0.439621633408464
40455,0.0229755421766036
10978,0.00889893481921417
34811,0.0889723552014554
3849,0.00707234071070408
10170,0.02677734779129
24605,0.0143071642777796
28378,0.0584314773764811
14478,0.00090125882944434
35396,0.0762242846212996
32222,0.0941031569199904
24801,0.00986913153109093
16096,0.0266439773678503
33083,0.00979265776488016
35161,0.0281594843522953
15302,0.0212508793255635
22495,0.0693476231901116
32600,0.0464789521658693
7247,0.00889525316315425
19513,0.0468467684525801
22867,0.212581262294103
14266,0.00607524492415345
37427,0.0148166704343099
32872,0.127973355228995
26049,0.0760051567813924
24459,0.0181426077902656
13124,0.0815540667621636
24363,0.00903642220516282
5883,0.00630571350814654
9260,0.0079018398067912
13055,0.114004306115839
15833,0.0315174082692395
28659,0.0139902343744402
24923,0.367217233731354
12378,0.0332317086422893
15511,0.222884341863153
34442,0.263852361310347
9095,0.0390559472547711
10081,0.0416706504273734
19082,0.0748341425815336
14632,0.0338340837115639
3858,0.0234589770428704
11336,0.498402668689342
35725,0.0867470822841101
40325,0.558348428329312
14995,0.00936919051766089
2498,0.0116346129474438
41014,0.162278963928006
7427,0.0109808304256666
21418,0.0594688675966181
32602,0.130715259361681
40621,0.0323216233523289
24531,0.0356663793614132
30492,0.820869004547229
17289,0.016830417401229
1567,0.00545595283510442
8123,0.00566900343602297
16815,0.216453746136524
6777,0.0200924605394446
13983,0.00975786516085124
43009,0.0718448993842724
18582,0.0209552376444553
31574,0.596109488766749
8840,0.0112922339056723
20375,0.072765370015517
15014,0.0210292573943225
36849,0.0271388301970143
17433,0.0170977615955769
42565,0.734285279417735
41281,0.22007120774689
5339,0.00841393646271789
10858,0.0520013187279041
30829,0.0198400090964069
14616,0.0157162632599765
20354,0.019072686575515
38469,0.724715342924635
31038,0.0392010077227006
15090,0.0207947618038998
38644,0.0450544209585363
12532,0.0527310064756213
19960,0.0239987739945768
19489,0.0405505959029404
33555,0.309088524904278
28397,0.0257713207270605
38148,0.019422841726676
30402,0.0538289697910763
36066,0.0242809413110569
28295,0.0706403920472312
22285,0.04168657324345
2502,0.0343707006078397
18801,0.184299080391156
31058,0.106813580477103
13214,0.155218413669013
29508,0.0777069680502874
35220,0.0216317156914766
1023,0.0120132396224598
40799,0.344335207693703
44303,0.00387916556418612
11943,0.169445181710548
32733,0.0354824982978639
13562,0.0183999391200911
43468,0.732074562408414
7861,0.00500955980924434
26642,0.0244456136719504
35112,0.0192796503485431
25186,0.0210649611302515
11748,0.0129577156301644
39382,0.026119075006834
37166,0.0492198932369778
4347,0.00450727050941902
23317,0.0240371179808563
13814,0.0173676523946345
740,0.00456280040072394
26471,0.193213226307401
35535,0.119641036034422
21185,0.0273908964153744
5553,0.327500212980268
15271,0.0223699538235674
43025,0.4546823678108
21932,0.141110510569531
1175,0.00711268129612118
25615,0.0766913325074633
15763,0.0236211899888408
13568,0.0360872471784915
26541,0.0268595996989984
19709,0.0602526764993436
21974,0.0494557167227584
44949,0.0936411767712443
43137,0.59985157322476
34827,0.00936710760527377
34648,0.103705125609737
27107,0.0242198112457805
28685,0.07378453150737
32158,0.145946794543257
1812,0.0111842870342431
37827,0.126975647475349
6986,0.0434272653349716
16467,0.0426301528115521
43426,0.0968278089185534
33938,0.252498983403186
8813,0.0293845398896594
37464,0.0193443801876755
21655,0.0417758353426796
2680,0.036030899133866
20837,0.0343211452625639
25908,0.0115369011305677
21109,0.0127673013216329
39869,0.0719276045174224
6576,0.00851406057138441
34550,0.0915219392727437
7083,0.0161436792066276
8014,0.0154860293339463
1151,0.0216129188309465
22482,0.263212375291306
36875,0.0344856438158993
30612,0.0116558347265459
37970,0.210636812633994
17851,0.014951955408849
11128,0.112914449552656
7439,0.00712927875685863
1558,0.00318201403073097
19255,0.0340475144249811
23764,0.00457884309270406
20365,0.109660801709105
37917,0.037774376526758
14334,0.0127397253676456
36443,0.029714280147741
13163,0.179574068141328
3808,0.00201931671084709
10916,0.273445513667182
18260,0.0160742949073761
21085,0.0910170715450006
14878,0.184126558328114
7781,0.0425037331851015
18589,0.0276888507726987
12934,0.0315484367994308
29909,0.128298736241331
22532,0.0031229480045254
37455,0.718442620617227
7273,0.0128800247765196
15451,0.00589497524309924
5601,0.021451286170719
37382,0.0216001895533302
4427,0.0218746143661506
27522,0.436444423298409
44136,0.22324451683266
8833,0.458789373445346
21791,0.0342559167521483
16792,0.0420769922100667
40501,0.0265465944435405
39279,0.306725300772021
19544,0.0442264221598365
13091,0.106503305546179
16179,0.0426534191562267
27561,0.43522256092704
44436,0.35281221589386
12595,0.00854074223587874
30526,0.0402793005155334
32426,0.0695301171790165
4494,0.009053931444225
8530,0.0169041695903818
26518,0.126435016129235
42516,0.664898960716852
31635,0.0431383247738924
22605,0.0985767981643046
29925,0.167093431589528
1537,0.0220164375101412
6084,0.00737701288442222
18135,0.0291833740645201
21232,0.0238098658032168
8035,0.398642096804507
44899,0.981218664034724
8993,0.0185647783411506
40061,0.520869901500921
39733,0.688702318441565
36417,0.0251404691827932
23010,0.0761758324934992
18514,0.000748124010025463
12241,0.00151819706873702
7492,0.0163338968927932
18101,0.00683723250072164
25439,0.155258835423904
25358,0.120709532868488
21135,0.0106368651000017
34761,0.0226301465437781
38714,0.249615158175413
10106,0.0511228129877014
36423,0.0785418093070207
15508,0.0303444297483288
18564,0.0163284670715429
3396,0.00710500389910385
25770,0.0199880599776411
44894,0.575793838490112
13358,0.623671287469941
14828,0.0131908647401486
9039,0.290158504577193
13745,0.0321857198816309
29662,0.0485138028429171
10409,0.04983444962111
16796,0.00844950412989098
13532,0.457049606423934
23433,0.00652470810614264
12575,0.0511773101248416
42707,0.00174618594889826
7943,0.00102292708432593
37532,0.0132732839409671
36063,0.126660876476489
37258,0.0396666684557251
35182,0.378860536326926
35808,0.020374432949035
28097,0.0519797381073886
34876,0.0116665516959862
35338,0.0314189029983085
41710,0.273544270433411
13911,0.154502262638819
13186,0.0121022642630897
41908,0.950212875961433
19950,0.0478707743598311
12404,0.0103045780662464
35611,0.597243555487315
37024,0.143380425600633
34240,0.110884414661033
30366,0.0185717179715945
24127,0.0312305947267541
32591,0.0542930484183242
12935,0.000597042728082947
3278,0.0054954700218067
42964,0.511946804425032
24194,0.00724493834013537
12564,0.0021333063657871
8791,0.0246590559600388
7129,0.0358748664121822
37820,0.017706422186322
17875,0.00473048783768441
21494,0.114507267291137
15736,0.0654759113148485
38196,0.0980544049118938
27854,0.150351626292257
11186,0.0167573660864559
8767,0.0260011851984647
14424,0.702114095323649
26169,0.0238214591500792
15257,0.00556031640338784
5283,0.0220742268661163
40485,0.00902592951788219
5665,0.0246113492567295
40397,0.014575012095796
28193,0.0171530750449903
13713,0.00617382518121882
17886,0.0907817415965756
7408,0.016671807798168
22879,0.0157825782360805
36993,0.0684758503551522
11801,0.0731257827915814
28084,0.0195387119747997
23225,0.0301290805055771
31950,0.0286727506739858
41877,0.116488444093168
35142,0.0330975446644834
2042,0.00355071006147056
26819,0.0116916058016975
34649,0.113209906484524
21872,0.155303622103803
34413,0.00734182189917056
7590,0.00538199984553831
11818,0.022417369480569
17809,0.159888366791766
16645,0.270644890467816
18904,0.0229554127643554
6773,0.0414147594703467
14446,0.0190686482085365
40586,0.239208717256625
13772,0.0259029250195301
35599,0.592094590850698
19336,0.0266374479093104
17425,0.0162919260278079
27989,0.0278034676869457
34558,0.366022659048863
23542,0.0507639257096092
34721,0.0159420025003019
8712,0.00753992653686549
15077,0.0147510520515613
10863,0.0181830921986088
35356,0.0260662586430584
18917,0.0444428882183191
39307,0.00777244127441152
35622,0.614125217892727
3783,0.0203451004916544
22720,0.0313550038762742
41752,0.169532218685588
22792,0.0636314118177766
3933,0.0183046086447023
44704,0.978785008494603
8880,0.00663201315270935
26574,0.022367938164576
8922,0.0383006486721745
20240,0.0494529701670318
7195,0.00502483961216941
3935,0.0023720506058186
5609,0.00451066684486599
6901,0.0242499214788271
11492,0.331989128181891
12594,0.00173990615730259
41453,0.836719649347446
22371,0.0328428115542744
28710,0.0397047515090186
34794,0.0167167226729221
35597,0.00623385602394164
36688,0.053029976778047
29104,0.0238553300387846
1443,0.00663900515967419
27840,0.0184671587370687
6262,0.116542609980833
33921,0.885407714074329
24718,0.150167736423262
36931,0.0541979266842186
11297,0.269864841347775
42850,0.200235394215252
21579,0.0303423452656426
34191,0.0259473943543685
42520,0.766302085553331
10134,0.118824173212684
40274,0.0969220099099094
38396,0.0216457467802331
20464,0.0179654920797254
7361,0.00516323079108937
33787,0.41571744580534
44176,0.165197075236047
19941,0.0215120739603478
29811,0.0352762998371439
22011,0.0481641210130281
308,0.00343814516731904
12763,0.00864444950246939
8104,0.0435271917358204
42811,0.731855624551169
12008,0.0205309597124603
24147,0.0188375582074908
4525,0.0150597606243987
10428,0.334211720586887
15069,0.0674709532960436
16260,0.109129984930186
20613,0.0653291025586706
43649,0.0154415661409509
32335,0.655362425482353
11118,0.0154427781298869
40493,0.0574204105836508
451,0.020076365009262
13929,0.0128445430465376
7915,0.204562396563765
31410,0.625920184708876
18296,0.00323782789863005
14704,0.0324777154550911
30491,0.0227926836741382
12171,0.00121587884832983
6785,0.00674437014349306
8684,0.0386768270610126
14544,0.00515299929109564
4718,0.0101170827910307
35647,0.008991257202395
267,0.00931720130892637
27020,0.448043411023393
26771,0.0319982789936519
1501,0.00509237702051223
22010,0.578695750362926
6828,0.00656691085431711
44443,0.259663599141864
37918,0.0542031103527735
51,0.0115604985070786
31031,0.0958929707700385
40379,0.27806474502136
13601,0.00773607558040377
2523,0.00487831176249757
6593,0.0605485415333497
25326,0.0102787320863699
44799,0.52772259611934
1861,0.365329079515844
20556,0.041050079026352
15756,0.644934553794011
20900,0.0305522357163975
45020,0.330480707883722
21644,0.0371336902175911
30251,0.264271012542416
7340,0.0142926892972932
15369,0.0320240534338645
4527,0.0235597814108379
22556,0.124716006309238
8834,0.0253605860734667
29461,0.217958317950103
32240,0.0325328589622482
3259,0.0485079268443646
39354,0.0177996145288193
2360,0.00964173250264544
19608,0.0212448994805173
23487,0.0171281747484908
5976,0.00675463441921316
1908,0.0169001796731139
38329,0.0174584437516164
24035,0.19036041162574
25177,0.0220132591404187
13292,0.00756120329053382
36472,0.0179596307745255
34233,0.325917489998968
41096,0.409186465648282
2301,0.00412671804174911
18290,0.0163349860066324
15608,0.0184647347935627
26646,0.0686125136141649
44102,0.189549264325068
28542,0.352700553606811
5361,0.0296274156341001
16795,0.498217135032889
32703,0.236087120680918
30202,0.0672168923112784
34295,0.0127984754875025
3893,0.00369543188775753
20918,0.0734535657098177
6552,0.00895566485354992
16774,0.0131519163035619
28450,0.142369665101285
40567,0.06722049096788
17680,0.121959534549222
25987,0.0270127623437578
23212,0.0325663433182033
43704,0.746365935536482
21690,0.0857853757519994
42934,0.604888054476688
7445,0.00484623555585709
33065,0.320317784445626
28164,0.175428241578767
25984,0.85730641163264
15364,0.0418713084700249
35229,0.129080723945496
21854,0.0449296991413824
21221,0.0763960064575973
780,0.00819536882659085
24088,0.334873209942776
33595,0.0250665590867815
43463,0.623848395684259
2030,0.00545697192270136
40694,0.0751335603264179
28040,0.0332929563998643
5452,0.00473845239276248
38033,0.0207292986718366
33903,0.624613921070233
17028,0.00949276607352225
20332,0.721331480539376
36427,0.0430207638927144
41258,0.0623497943862049
25206,0.0947367482301941
36673,0.0179019838404011
1998,0.00347626463342899
39971,0.22542528111508
27914,0.0582241751906715
15104,0.0150057286010359
12963,0.00240172145025172
24839,0.124379332624447
9340,0.0659597112357142
11039,0.351645752515244
2890,0.0459864376509752
20925,0.0313274022711422
8928,0.0195457651780172
30816,0.020375226835269
32505,0.0210513717130923
1520,0.00170452083295593
17092,0.53158627996939
10007,0.0527501877276681
29535,0.017771311930996
44543,0.682103434585097
43165,0.9068685721055
12946,0.0640794081342552
34218,0.0224753378064331
22919,0.0127887219723491
3344,0.00495411567320026
8184,0.0205620619581603
1590,0.00863236444292194
13471,0.0140610847854612
13605,0.0737007711346001
44692,0.5024930322681
12021,0.00722861095496682
24639,0.0067648309972097
36400,0.0274978065468781
23923,0.059482775036827
19283,0.279380019807145
17492,0.00271832052430276
35732,0.207935588251212
1776,0.00688357195499581
15621,0.0415261051976329
42656,0.0285721091504285
13675,0.00785393469909337
8330,0.0110802422355246
23467,0.0206681351672162
11289,0.00852925346835791
33377,0.205020651172593
37672,0.00602145812769916
44994,0.840572664835771
37605,0.0435011230949318
39130,0.292730028147269
43311,0.933472808606696
41097,0.0419917422370975
16225,0.00508444208653707
24118,0.152100624453451
861,0.00803546244271732
30075,0.762451044627963
31215,0.465127542837855
9219,0.355436137974923
27251,0.0597358483814097
30001,0.559936151286102
45189,0.398918732501701
1639,0.0438977037335774
35459,0.234196212293032
9546,0.0071344696583034
19337,0.217484927496426
29206,0.118256760217629
29627,0.0183997683187038
32890,0.0628982763823196
1161,0.00975635148877793
27659,0.344928513883762
4720,0.168761570381092
39268,0.079132239143292
9492,0.114731309097041
43095,0.0745551470533863
34688,0.366087411010156
11330,0.0227921763091658
12751,0.00587905268152857
40703,0.385313663784438
15854,0.010282181614373
16109,0.046673857728759
2086,0.033182283617461
9618,0.0515873167574337
21824,0.0138223509315636
26579,0.0370841043049861
18255,0.00216942014062341
17651,0.0874706757753846
36579,0.0265218085335556
22016,0.0185045067788947
36425,0.0507373990992744
19614,0.804712859066327
30606,0.0694886162423136
19021,0.040158748959602
1121,0.00442941999489244
806,0.0099295962947482
37343,0.0342193483293353
15353,0.108471692136176
15478,0.0196035475844959
7632,0.0239616643394782
12613,0.00281830718856303
6931,0.0107095658562763
8934,0.00420251353504968
13075,0.00932710536533042
5673,0.0126133749586882
39871,0.0717026134344441
9598,0.0130548856770556
28342,0.0170482934266217
38789,0.00976353934426517
29140,0.107247678434921
37624,0.36888368238511
10245,0.0339507119503737
1405,0.00202326007844034
6519,0.00430256532537639
33062,0.121104107917603
3417,0.00422653117785639
16487,0.0691222775772744
29868,0.0390514862955053
35127,0.0912573710053514
4303,0.00733108347173677
42233,0.383396856318532
21619,0.0436783809483496
18609,0.00375048342383103
9553,0.0528681618412557
14143,0.242019210051455
2899,0.00643008021531901
42680,0.466933295125331
11483,0.0298466611884648
43672,0.868816857679444
4743,0.0123050773930208
12340,0.0464268270516963
32078,0.15409705840735
13837,0.0110351874640374
32347,0.125987928473025
39305,0.0150578228881911
26508,0.0641358100012243
1018,0.00483477140915139
1402,0.0230084220419403
30762,0.0687563011489343
40571,0.218641718993633
36324,0.09960269954884
43563,0.0240011440283205
16486,0.0244470000594866
8616,0.00892449308001718
2782,0.0151832039816495
20134,0.0488026079122379
20754,0.0334572509903689
23129,0.164186929971546
5742,0.113119280161177
14234,0.34343521916441
41460,0.107926992365931
21001,0.0196064622729006
4061,0.0443275760195112
35084,0.0801407969833448
15000,0.00531074571273276
13226,0.0234074014478514
13961,0.0129342695723768
18010,0.0100812082205737
22590,0.0988154829834294
28317,0.00811640171639295
11001,0.0203452432354426
21345,0.0334270755772324
36690,0.0139986497017947
43643,0.935254436571366
17540,0.0166452055323158
4292,0.0141521326237375
29517,0.245954162721721
22421,0.82427054898099
45027,0.621369671940354
11966,0.00230314481272278
11038,0.0118967606689085
34501,0.0307078816284103
647,0.0313316235576659
1388,0.0574959231741121
25144,0.015155347695218
4693,0.00168548451169439
26695,0.668859446509521
44294,0.0461197042249842
9767,0.0124547732142928
17076,0.0062179275751666
39102,0.031899582174202
25866,0.0619324876071575
17468,0.00912505054242445
21327,0.0670039307881768
20395,0.0083287002428742
5542,0.0596922774222926
9391,0.00630994712870051
9367,0.107149193710883
38827,0.289436680107266
30855,0.0154338326581344
16974,0.0189503558254472
26203,0.133542185355021
36685,0.199417139592449
29340,0.0564025554504711
44811,0.251135225677422
20552,0.0577904971773622
27172,0.0152869035213056
33207,0.0240821610794341
33282,0.0247196336425116
33023,0.0162510081852328
1783,0.0196613187199812
15298,0.246011916261494
22675,0.0298950653796714
33233,0.0773085311251317
14394,0.019847612864721
22395,0.0506406493831534
25756,0.0254973145266789
21427,0.0608847625422545
10202,0.028074297314558
29245,0.616868386014074
35498,0.052956838567207
7711,0.00903092257266604
25086,0.0143094166276213
5639,0.0105418295645566
9741,0.0154713068568377
8447,0.0122430240484042
9992,0.199259112562642
30417,0.0487833519002628
42210,0.0259211430784642
33283,0.0555908559424016
7694,0.011609411122876
16246,0.0195174053188824
26039,0.0210334218067217
3416,0.0069630965804522
11753,0.024052774612635
38357,0.065475005243713
24868,0.0166626890271061
6868,0.0144539035193566
23052,0.0571494711765493
43147,0.746543574198343
33210,0.0532522236108371
11377,0.310765783884174
5474,0.00459705807020587
21270,0.022726608750526
38968,0.0112483017130066
39055,0.27968849941392
44839,0.0208125561197973
24438,0.0335295333408258
34060,0.775040672425457
37250,0.0557020605785759
11826,0.0364779646134327
20503,0.029902428439974
42706,0.0904753869283987
22486,0.0292177087050834
18954,0.100052837986898
9823,0.706055435440021
44054,0.00461474782048943
36625,0.183504390490139
31990,0.0817594755036759
36517,0.11841470420742
2071,0.00208921637490869
27888,0.0550815294833677
12593,0.0199465591796668
26442,0.0332696806087856
22822,0.0118144176968869
8601,0.00286901239579041
7019,0.00910491933006248
12835,0.0242025324554761
31904,0.0728440320268972
35662,0.0206013284600028
42979,0.769904102071256
4827,0.0148335405030142
12352,0.01257336372122
12745,0.0758979708563416
18528,0.0352084862919667
44836,0.0228502834783538
16535,0.228006077400446
14187,0.0472602727832694
19277,0.0347825829134515
33541,0.0289358452510722
15926,0.0147711596359736
45152,0.0371643436452827
34779,0.506725022631319
6340,0.00378841422789426
9906,0.0208249241447627
19851,0.0607466844380478
19842,0.0203590132448165
21585,0.0542817941649918
25914,0.00332448702523671
34406,0.46501512247816
10393,0.0436943457745621
39855,0.642755760807529
7146,0.195847005129243
35337,0.112203325683636
14796,0.017106512601971
36902,0.0262506615100049
3254,0.0171029379745723
11428,0.336160822809888
33098,0.146978405211379
25683,0.256412152374707
30235,0.0180356186120907
7090,0.00392066712697688
12838,0.0183960198086187
31466,0.0535759996531119
42450,0.707765488261884
43355,0.746234540401687
38501,0.00826983541427791
21358,0.0167280064958741
37521,0.0139469946653322
29348,0.0765896818543942
34720,0.0788676177709548
38694,0.00565645627613347
41941,0.912788217376606
37496,0.160958820399616
23559,0.0169115860779039
13638,0.0165473899959074
37018,0.381011037823147
29293,0.0665403043187817
5493,0.00556412731355321
12289,0.0205511047200657
18447,0.0175717876132965
15039,0.100209315778529
3330,0.0132493137158216
3732,0.00592614124567149
36536,0.015513869906602
38921,0.0431402300550333
8798,0.0886116077775535
14776,0.0305089232280121
21437,0.0132483279620838
2403,0.0116846082690909
37844,0.02607435909437
31224,0.124175271400991
37549,0.441214395494499
23243,0.117962706424779
18978,0.0544672699240999
42478,0.918472048444105
30453,0.156392801773032
39833,0.0524714843134385
34916,0.031880415847343
9818,0.0245777395980397
32194,0.0758482060060324
25331,0.159135007618911
18789,0.000759052472185474
38155,0.0219379031434068
36167,0.0613605469689323
26694,0.013597864013247
18001,0.0559364430993049
4333,0.00394107631088171
26166,0.0876773583239934
42989,0.887793609689151
17055,0.0299723686182854
4772,0.00520131461791467
39431,0.046721610591648
11000,0.0239075723808787
33309,0.0257469532315416
32889,0.147338930819426
14157,0.00897205178459188
20815,0.403293246783558
28896,0.0232256232906962
11393,0.0525492002059456
62,0.175936660745883
44876,0.607005472005569
21419,0.0491044876347824
41380,0.076324519147433
31787,0.400725720069934
23539,0.0125957525166673
17964,0.0282842762373186
43998,0.464740401617115
17728,0.00305243564545946
10622,0.13940414292544
12879,0.024706308551882
7987,0.0160044246567572
18810,0.00549481034525762
21701,0.153729156804539
24862,0.184687954521657
3054,0.0109013650538233
1523,0.00374890345644764
33981,0.28950322955368
36684,0.0116798719885938
24724,0.0781763601487455
15243,0.0172229563877459
11730,0.131812446018835
26702,0.0174726441500273
15416,0.308904198553075
115,0.00433234935313616
10473,0.0119680402801997
36539,0.298712628104878
12276,0.0301331084570867
17294,0.0347835612669993
41026,0.386613346162313
44572,0.457571661642369
33994,0.0904967776923046
31578,0.0861482853699231
30507,0.16239790340891
39439,0.0245198291618035
13829,0.00849323925815086
5263,0.0050850695597771
4918,0.00708177373861081
5338,0.0514560035776094
42571,0.126038862067338
29854,0.0282880408029438
41114,0.198798271064554
35465,0.198150876059169
22804,0.379482486832443
8423,0.00755547054410342
29075,0.0389815073663738
20634,0.750726225443103
39614,0.050148604464593
3260,0.0291691599004938
40709,0.100369719421498
23319,0.00655942500116911
27267,0.0229146590374893
37881,0.25563813816986
4377,0.00183698843460551
33288,0.0383268579851623
3676,0.0120603038279199
36839,0.028730532110868
42519,0.0970592458579282
5334,0.0117449922409927
17459,0.00201832439920891
5182,0.00544931759106215
37811,0.154550559771017
41039,0.0546304713543773
2648,0.0112998422182228
42658,0.0487536755244463
18345,0.0127976812750689
13960,0.142499130893517
3828,0.00424188387136838
16046,0.111896697794757
30578,0.0201213091366339
8214,0.124611140216404
241,0.00313688718099779
26599,0.688105695115511
40429,0.0556565734016336
31021,0.394263454607821
37977,0.0207192413367478
11631,0.0130625690342546
28812,0.0272897587723849
14080,0.00779665740346603
18007,0.180415938413532
10311,0.0129917393073962
10288,0.0240785614231516
22893,0.00801059671988698
45080,0.342853557096142
12752,0.00966330545731691
34491,0.0196144043981808
40317,0.228602586042255
43712,0.288342858448907
24091,0.0129290200922393
3775,0.122752354778577
35708,0.0234916582377193
28982,0.644336239441271
21442,0.0302794553197014
26170,0.0279025520339051
32177,0.144191398865359
9234,0.0203644075286963
34384,0.0176276101192655
43508,0.292400241695129
31379,0.846715005430177
19389,0.0260509375796427
16776,0.298558644686105
23622,0.0085508282245843
21719,0.0958255798756225
2387,0.000216279828260044
20135,0.0350883632362645
36181,0.0114608331117548
3191,0.245348536321314
41270,0.0224294764211391
14921,0.0357125034342668
23520,0.0672544718940156
40057,0.206818813465982
6765,0.0656721714747803
38367,0.0110902898936881
17213,0.0261985445509673
22476,0.0272564410183031
13579,0.0299696466318987
32201,0.0635478999152381
3553,0.0166778135083822
29447,0.009853378236353
40554,0.0756895182849212
6062,0.030658229437317
15456,0.361079477791761
29723,0.508725164817312
5970,0.00391256898516539
18404,0.0354347806066619
24424,0.0272015590428277
4700,0.608358358551089
10830,0.0262325731663072
40299,0.212091305091295
1184,0.00512887296526937
33176,0.0357904576349927
19139,0.0296612163309471
33506,0.810990860617273
18680,0.00217578683035098
17859,0.0130810319437098
17855,0.00494768801955736
2874,0.00442675785588782
22488,0.0184400989828471
28013,0.0730644335869534
41609,0.974132976206493
33404,0.14049772419546
35561,0.0289601548162971
38170,0.048344448813325
6663,0.0193715147982306
4351,0.0362638238131007
33500,0.379602427540533
16028,0.00536075230675344
27406,0.407572130981368
44717,0.206925518115358
35245,0.00676566865509976
6957,0.0417494135835941
29703,0.0629437276127347
38802,0.0107120514585895
475,0.607617460271512
21794,0.0444476024393833
44915,0.0245534917298623
17250,0.0116030048534733
39284,0.00414119137196777
11755,0.0234961363791715
19969,0.0298751361432501
9831,0.0230685698241353
29188,0.0619770490589785
41019,0.0156313602226271
27525,0.0312790447314829
30742,0.0463457652141762
925,0.0242970370032976
850,0.105157854667289
7570,0.0119589714291438
35803,0.0164277536759201
37318,0.0519181185764369
29933,0.0377421847214508
8889,0.035558990447882
12905,0.0220243731345737
33337,0.0365514508071425
42623,0.0768246080295434
8832,0.0580461876216621
2766,0.00257390585722927
35047,0.0126600075314574
28465,0.0233868809375343
40624,0.111761179750179
28753,0.0733418983826311
14611,0.00827019951946999
35132,0.0113341846984343
1965,0.0062081764794557
16520,0.307012316246971
26190,0.028974901320391
8708,0.00575328799422423
497,0.00876792078063303
37467,0.0114749168342078
36588,0.0655409351215123
1245,0.0139704112437951
14163,0.712075776907119
37640,0.0714487150285078
36934,0.190418918383275
37209,0.0953354785178626
34490,0.0288904414368408
26802,0.0157004295829459
44629,0.315544998358067
36576,0.208766682159448
44477,0.00166986319136091
22633,0.091800780040445
18223,0.00286643911675759
27046,0.112016564138592
14103,0.0534606124832741
37027,0.0481580396082717
14463,0.0138245333588552
24427,0.00869151934764662
32593,0.0274501780219333
29922,0.030479387782599
14653,0.00886343908792522
23591,0.00911919544050079
37578,0.00866677117037434
19292,0.398061496646758
35845,0.00939503322783305
42226,0.389260072061929
40917,0.780784606027146
10587,0.0371813239330475
17848,0.0155856366002452
31688,0.0703182503917587
17392,0.013440549150532
39767,0.150821756455119
29658,0.0260799367655365
28887,0.0224122377951563
23571,0.0310911342982871
40727,0.314234084757504
8267,0.00866710592938965
18381,0.00765022153299744
25321,0.0155486374903069
8422,0.0913650166012729
40152,0.119914541073872
28446,0.0372118166615843
22883,0.532700414048797
31565,0.0719054998298196
13629,0.0184389395051289
20742,0.0870440648430998
34004,0.187376861276969
5973,0.00247991512459951
35131,0.00586373033325053
37457,0.0659919411378714
28045,0.352502629573227
11763,0.427162637073629
40226,0.137145828893367
14484,0.019153540167053
34377,0.028942923886716
37511,0.268472568332041
1449,0.0108353921277935
42904,0.0927309592357643
16666,0.0356258926678322
15702,0.00628465021467029
12517,0.00472973975948616
17531,0.0427676925716082
17269,0.0606416939006509
37311,0.0148561893442067
44314,0.664443899743589
42313,0.443484181088529
39289,0.0337071026832417
7506,0.00583198610975626
36927,0.026109985093352
43773,0.907858695025643
8411,0.015474271155413
14410,0.0205122899696263
20118,0.465332298905562
44408,0.105683463965633
22737,0.0978393424194972
9759,0.0455741868656867
33211,0.0706726839000342
14868,0.0364520803241207
112,0.0118015495045587
20013,0.379348111082716
7710,0.00592162850133907
33340,0.015558891422094
38369,0.011278427801105
33728,0.0429314971930127
16773,0.00488356105355388
21235,0.0533875584194694
30444,0.0514989299633631
32834,0.0946678248789828
10484,0.0326504483001484
1240,0.0972692991394773
12467,0.0135209670580733
1013,0.0251008253357561
25049,0.0235639781200626
9954,0.00797562027046052
18827,0.281676804930649
30118,0.0611387425143245
23439,0.0484255595468239
20329,0.0256257716398316
25900,0.441674202473036
19224,0.0167965473024669
33502,0.061617166340455
39093,0.0409418563400124
1702,0.0378037098833677
11822,0.00840248437483744
19208,0.0267170184255503
27042,0.0100650839157518
39487,0.0197353259948895
35933,0.0326360785068568
7938,0.00165363582024391
4797,0.0136569476799746
38016,0.0480509792978697
19631,0.0496988383197932
6035,0.00442224696858022
21196,0.0466025488199657
5486,0.00490551908389827
32191,0.0586384136242587
19455,0.0339586819678543
18580,0.0398601807381671
9237,0.000933884930428902
4336,0.00467736255594323
38267,0.0428956705043728
44736,0.981843694171745
5437,0.0113602436961311
6396,0.00624769608446833
9073,0.0160426728035602
4591,0.0522793535792583
37231,0.0593281783348458
16302,0.00382501042509766
22937,0.0340852776687004
22507,0.0717492577213052
26503,0.56980780298911
1331,0.0180368265584765
2068,0.00264839232677634
31920,0.18121981786832
11771,0.0130947209905139
36089,0.0427960042399218
3987,0.00815828427490446
26779,0.0530632398144692
37065,0.463503137561601
5377,0.00414705308906882
8954,0.0495001726475738
13130,0.212653696233298
14490,0.0119116056254542
3268,0.0058220611511459
44227,0.802554928674971
3753,0.00586173261552913
28584,0.0164519990796789
40350,0.317565169746713
10255,0.0195945970665375
37025,0.104337564774801
9977,0.0280530654558045
45134,0.462291930663015
7134,0.0102455601519585
7266,0.00540050503337048
16946,0.00948529752525694
13429,0.0294382015155206
16488,0.0110377722315058
7970,0.0107745410542767
26948,0.0680212111637217
395,0.104414388794754
39517,0.276302275828786
27558,0.0308600754814572
41548,0.203134003836339
30394,0.109001565580838
30787,0.020831799245203
3700,0.00407486847557696
32692,0.0557181543982903
24029,0.0186379886988928
29286,0.0451379511598312
32341,0.0627269062105243
29801,0.0662505000667333
40417,0.0522388302442482
30304,0.147219939932131
31070,0.394779677258964
16515,0.0407716475729156
33090,0.215235112942674
8963,0.0498055826840694
41468,0.658852586490303
14094,0.121051544954638
34144,0.311964185563558
31296,0.657068026625396
41525,0.588146863088539
26871,0.14881820834429
22743,0.694196868381562
13791,0.358846249737859
25356,0.0123546086907776
37436,0.0204326304059178
22593,0.0241206780460077
41840,0.167921260082818
21469,0.0424516119145578
19855,0.0299581151096523
21271,0.0391809997365547
33478,0.115930935322879
26538,0.0312435048926948
30263,0.602345761210831
42203,0.0667721182716889
43356,0.712034540050426
25325,0.142610146115901
37880,0.0215390219617559
38645,0.0306623706163312
19463,0.169677637636673
38652,0.0385376184359036
3372,0.158447626389997
43513,0.58782611705811
11026,0.146235693209818
1079,0.012297816512059
32357,0.0288020605553784
28494,0.473420587432974
3822,0.0019746919576842
15687,0.271733194298824
556,0.00535861381868626
24663,0.0206892538637032
28752,0.623612833966696
30753,0.0975353495252074
33540,0.0647516711123501
29295,0.0332103094192534
3714,0.0104499959792367
3947,0.159193586598189
10149,0.034234560235336
18455,0.0786525864938361
37418,0.329916603223921
16886,0.125735637432909
42169,0.521489651607043
11264,0.0199777447813332
39397,0.0529063393717989
23031,0.153818246058834
7810,0.0069149950031593
40443,0.0731038986233535
22519,0.0349280972577528
9867,0.0268439827923605
20133,0.0188545416415742
17147,0.00532756134601577
16248,0.511063402121397
20559,0.607030622752574
3979,0.00332119822811266
39508,0.0787143981533122
23416,0.0259448617385536
24798,0.0455864909238415
41267,0.0419668474021563
9719,0.0108060044468472
24357,0.0438138545637391
14841,0.0358395247586201
428,0.00277400099023913
16463,0.29079133658852
33430,0.03744633879205
41911,0.432564610996591
33380,0.0300472034279759
14128,0.0411269700919695
4684,0.0563060977904176
26555,0.0265161470493409
37643,0.0201526226045746
10392,0.00606508434997475
35816,0.0244741146751741
17500,0.024751356110288
6617,0.014866264626284
5908,0.00889991218114957
21317,0.00846178565748391
32370,0.13453328673234
24880,0.0225897148696729
9620,0.02723235661615
20384,0.0652373439980796
4822,0.0101640619863615
18944,0.027098443735164
14766,0.00384847830197629
17032,0.540007181370147
35044,0.212413843119844
38328,0.0532958008118693
24250,0.0812054741640072
7369,0.0109840881244051
16981,0.0153948755876294
15137,0.0302487443561942
17936,0.0127292909892392
8634,0.00591058064736834
385,0.0231232147633456
37884,0.205490570524782
35294,0.129456919226044
14885,0.0227905789331885
18560,0.563581728067908
44079,0.0359118004078525
7935,0.0031971265059031
6125,0.30075333670539
482,0.00534470896655339
24901,0.043451836033983
40362,0.16979600923166
18831,0.025118820221288
13190,0.0233118522651492
7250,0.0226961533258778
36314,0.0548176914622414
11107,0.048666541641541
1123,0.00782548576656208
32578,0.115243665641688
27434,0.23006533299587
36765,0.0828818510037312
26012,0.0231662588545875
29793,0.235809353143707
3621,0.00394908361046803
29659,0.867419082365677
20262,0.017909757362362
6452,0.00199934230787919
25329,0.178708555680006
649,0.0535566108106442
16882,0.456652268822444
1396,0.00599105236542474
748,0.00764016719092533
89,0.00526951554319665
12712,0.0269590342391156
16412,0.403925840579144
26422,0.200864222646202
2507,0.0352561860324567
27884,0.118584835093953
6790,0.00968775705456498
20232,0.0332216185034827
26981,0.0112379924683565
7991,0.0177535509898141
4950,0.00526747147917482
7182,0.0399659561731055
32573,0.11733740484044
10086,0.142656097769552
28884,0.145694533230135
38054,0.123200789508939
35858,0.0274442229422327
20839,0.0987128317213156
15076,0.0464305786444794
22025,0.0167416774520992
26997,0.017872912448086
37007,0.0848344313335809
28232,0.0196495206796206
31450,0.159989640826909
27735,0.0130726639347426
20450,0.032145057481738
30416,0.0277236819578744
25394,0.0133446572934892
16775,0.150162768398873
24248,0.0724060059855574
44231,0.0926780580973801
21190,0.0245240009650534
36534,0.0162747726867286
38824,0.0100323264597459
36541,0.0858872455061364
29192,0.152192304027302
39022,0.0754713081508774
26833,0.0609625652483397
12581,0.0048217906020775
14073,0.0174099142994282
6903,0.0356374758994938
36242,0.0217292537496997
36287,0.226755061607975
21453,0.0213034150148923
36989,0.0239799759732166
34823,0.0181355115474866
27631,0.105634847059672
20917,0.0504302407526245
2302,0.0151415329486666
20605,0.0260894230019034
45023,0.0995751263231198
28729,0.466689321329766
17397,0.010260322840822
32603,0.121600007401644
5458,0.012819879309
41980,0.613953859313495
18406,0.0125154328283948
2819,0.0132028882854059
434,0.00327625765139004
40438,0.131480436118034
25294,0.0302506735945241
37708,0.110121608281239
14640,0.0183041896033825
18837,0.0240932971110578
12290,0.0162687600338677
42229,0.0605432725509654
19550,0.0399660476126449
17395,0.0231716660481915
24784,0.134750970214645
1386,0.00129226508259692
32881,0.234709338692359
32873,0.148215183327475
7566,0.0517742500479683
22380,0.0342000676806375
26175,0.0220802185298094
16410,0.0118553820851672
37009,0.01048458665625
37330,0.0136007076392938
44652,0.963874879313619
803,0.00413258463612852
44630,0.691481171619129
29440,0.0312887243236207
28475,0.0411875305495016
36998,0.00472437149592228
36386,0.0506901378135741
1024,0.00607413312943978
31715,0.530181112013751
23900,0.0600867835611908
4686,0.0106982900793859
27696,0.129926472629156
5190,0.00598721547467665
27211,0.00663208948084398
5918,0.0524289152472686
9648,0.0562632803260601
13852,0.00578375028738853
25631,0.0143135303159643
16128,0.0802424387295983
8470,0.158955106988718
16356,0.026372292004137
15002,0.0519377579886315
32785,0.0765460535627085
41739,0.676752841765563
38722,0.0252588618313079
34241,0.0668539599164699
36141,0.030214124414417
3361,0.0342032065285838
37376,0.0222514404480532
31744,0.327109426083812
42831,0.49133054573631
11405,0.0234487056399593
43908,0.49835792923964
33659,0.176830214908004
40643,0.599941821875014
34242,0.177623215417816
41808,0.103381980123099
12425,0.0156638497372667
23451,0.0593345734454193
13747,0.017184769908196
26696,0.01520386128593
16583,0.059848539530121
31145,0.669790436867512
14189,0.14560965042344
6848,0.0403845880467555
43706,0.790452161246624
41,0.00683412527282709
145,0.00439041745522114
40816,0.228613966656687
20715,0.0142398606105772
22689,0.025818784299243
44002,0.0153101383740836
11698,0.0455096095477825
36442,0.013249164657427
33958,0.030975601571035
21446,0.0636317214828189
42409,0.802913009748862
26386,0.0192090351012791
6632,0.103806360335077
28183,0.0390355430473341
24179,0.0174220766027493
30610,0.0186111462368676
21855,0.308840776491454
25723,0.0920267974589808
44873,0.708958504139086
28083,0.0109567518161153
21083,0.0404879802313945
24913,0.0505106353768155
22726,0.0371321447611632
36040,0.0372839861969329
22992,0.109426694190929
41256,0.0359533055208929
9352,0.0611177090162638
40198,0.4494710998961
8080,0.0225117325592602
23573,0.00955618241774247
28556,0.00901646619463594
16145,0.021856309205486
13001,0.00554424730627146
32625,0.509865836297437
28585,0.0334934196874049
30137,0.0477317315224247
42049,0.477171959037628
4589,0.0213116818796228
28428,0.0470938093597443
20721,0.0234506862838538
8983,0.0142955688385862
42759,0.0283353129701449
22133,0.00963530644889837
44933,0.710432004004367
35095,0.10430428080139
15114,0.0385087615085579
39829,0.398376665688477
14639,0.496565398822431
16875,0.0317547033067601
44706,0.6482836846804
31239,0.536427317698573
20031,0.00872527486060653
29729,0.0501224955756121
11625,0.0718376960847718
1176,0.00480660436828375
12098,0.0041418565677355
35850,0.0686688715864904
12359,0.0915948205821379
1365,0.00599808959477358
8480,0.0152345603874693
43709,0.908573519343784
41615,0.798861601868133
20945,0.0195397956900249
3303,0.00877838742841174
40321,0.369671927433452
35314,0.0669520767743803
42690,0.0195836111310196
7230,0.00528071385337159
5974,0.338980546651408
5731,0.134413269255052
35871,0.192772598360235
24961,0.00977354342443423
12903,0.0344623990280412
8182,0.280037298454046
8162,0.025604928738704
194,0.00353858550873003
3680,0.0806715644352009
14750,0.00745502640402119
7276,0.00211764149324757
18422,0.00557471108580559
28055,0.146529613963321
37984,0.19690821946484
12314,0.194908476127642
24372,0.0105712065345574
9402,0.112015998751081
260,0.0139829547530444
40062,0.204660440267285
21034,0.0808125239687736
3655,0.00399073027479979
10188,0.0183672712335829
5429,0.00525617802326182
13179,0.038571656709614
23277,0.0164158546648506
22820,0.0417151933028943
29948,0.0569550933785196
34890,0.0203046627572572
1580,0.00567820603320745
5860,0.0249502036345119
17458,0.0195412256748412
23812,0.0400240255678035
28310,0.686234078462878
35443,0.0964831907140749
44818,0.40502899983837
9985,0.0562039896399369
33520,0.0263148409769218
33341,0.573154278034927
29476,0.0659755635625891
5365,0.0647162978598698
19171,0.0694857561979804
32610,0.299866030367985
37387,0.0431494256352368
21126,0.855455511258482
21412,0.0201907348308518
39751,0.0568994128248659
1565,0.00606235383810676
44841,0.244338921793151
12455,0.00261780829100595
39150,0.126954366357062
34265,0.0458954208491344
21829,0.0310607532062681
26014,0.0343282830696213
9809,0.115730012308255
41611,0.995451356108218
26393,0.027697600129307
36478,0.0159847731834586
2358,0.00846947427508883
31017,0.429588548853641
45160,0.0472881828593877
35457,0.0586859976393831
2951,0.00722709592675341
45098,0.863951269917301
3439,0.00475089702278323
80,0.00954336116900917
34414,0.0153379033943428
7571,0.0627517180857265
1854,0.00515435314990793
1578,0.0445627168815098
37536,0.0326810749641291
17735,0.00350631103140004
42503,0.762403003147658
27421,0.00565408220571206
4462,0.00382025578999368
38332,0.0108159855560411
21046,0.111068888882064
23736,0.0198248854112055
15427,0.09422901448299
40568,0.0339441817288455
31707,0.0706577075411407
24485,0.0176756712014555
40461,0.313857262139831
18501,0.0571813854628785
6809,0.0047453617922264
4611,0.00396957561535965
25304,0.0227014925749722
29057,0.152358643046962
41863,0.495029281577122
6760,0.00766073464642852
13894,0.0569205063427387
7891,0.0824624349520998
12052,0.00999343104549696
2740,0.00785140983270295
12918,0.00721249066342453
11954,0.00660754012967133
13114,0.0187322549267582
40830,0.377568206259783
9094,0.0672201599965211
20718,0.0200711433494844
14260,0.0148117543837313
43174,0.960565042468921
8252,0.00785217804131079
8016,0.0254065986935948
18683,0.0151800771746926
35573,0.0719652216489948
21600,0.0444709082610096
19168,0.246273744980103
6002,0.0162727248283253
2829,0.00530504537290192
21952,0.0571598422747545
247,0.0116570810622811
15017,0.0350875337276725
9162,0.00648806756065993
24671,0.0504423648390743
40235,0.111666760405149
27214,0.176432637925707
44288,0.185197096777965
30421,0.0167536513504299
41655,0.977326138225415
31110,0.115945062934071
18044,0.072636187885686
20339,0.0310427051586853
13356,0.0144101041716646
17817,0.0101749098580413
43616,0.823691530158461
4277,0.0211241002745108
19825,0.037535873938571
7426,0.00401371524704731
15484,0.299764505573412
15431,0.265356033311995
6692,0.029776736907199
30693,0.722268546882178
40904,0.0943388172851704
24593,0.0257043947608196
15699,0.121433486389111
43553,0.195508714562789
399,0.00985210961742559
42291,0.0479360219364354
42314,0.0241064620281086
26271,0.0709839297911735
35890,0.046141300408518
13762,0.295758391608987
36165,0.0294636832113811
18819,0.0124364570341071
11391,0.0150126462927396
13330,0.0368582822219769
27830,0.224937280176077
15681,0.0139306858348063
25926,0.181810328710284
32398,0.0220603359170371
5327,0.0114818888196707
43950,0.141430249804845
28150,0.0246480828648197
39842,0.161241258115068
31280,0.498516374276879
8828,0.0794306361325638
25011,0.01910366353399
35753,0.0541024530931151
17979,0.0432881385601097
33770,0.183383067369538
33805,0.0924065841384981
30392,0.156326108888794
4447,0.00847772175414018
3116,0.00351257158179122
40291,0.0755205555467535
29033,0.0572037584803298
22814,0.484142490794275
36829,0.0941402316523081
31714,0.102948371429439
2040,0.00405716610185976
1878,0.00860294573379686
15834,0.139117340408644
27529,0.0103809847564059
17697,0.673543240790288
44273,0.0343928917214591
20123,0.487839912775672
3723,0.00708661770595139
30463,0.037586778411696
39875,0.0952686945081337
28458,0.0427454769896196
19619,0.00804006502069638
5229,0.0196312763434425
34370,0.0307186662537062
20302,0.032576058580529
3110,0.00453380299616405
19350,0.0265975396975874
22006,0.0586488341678837
16406,0.0238755208694983
28717,0.0258796729010223
44057,0.882230626937794
18047,0.55331487926173
1441,0.0179100536198074
11672,0.0613661347716696
7703,0.00302879830025775
11659,0.00568972490682276
29536,0.0979856112606463
5547,0.18187951504717
25119,0.306504758116743
37752,0.844541895712234
35210,0.0699278953929898
40012,0.23492895660281
16560,0.00815282917764577
4466,0.0244998056209084
37859,0.0375911680361996
13058,0.206430607481803
11469,0.0274882113916102
24513,0.0353976000958862
7621,0.0252021231162723
1006,0.0111413084312538
41512,0.501176309420739
3229,0.122990015483944
8024,0.114205391810075
30274,0.0359378234064494
31462,0.0314665715274987
15545,0.193601779079101
38542,0.0224387922831054
34160,0.921272346547389
40159,0.035017325939339
711,0.00449911397871664
17978,0.0311329246775572
23388,0.0289056946687978
30021,0.11170277835566
32997,0.0345216631156096
26426,0.042232106605454
22292,0.134556442369146
26686,0.00638543874076986
37410,0.0156064404500241
19264,0.0275613357992989
18352,0.00874307288812052
22002,0.055036060291376
38287,0.424639489758908
34598,0.0450558443025799
31618,0.967932864538224
44428,0.189901173067614
1422,0.10492123060573
8719,0.194974083773164
14751,0.00616756485365464
12721,0.0236058605106797
43817,0.170777149582286
43828,0.0522264463680984
33562,0.378386228728042
35939,0.0328227889019002
10204,0.0181663810080861
36331,0.0685312179656824
3754,0.00893359604894491
129,0.0055412073022534
38418,0.598184679164125
42426,0.0396647209406922
15995,0.0280891556732366
8446,0.00718388661601366
8903,0.00857804000434272
44134,0.0704952110387645
8348,0.00801754388521891
43638,0.478518825512313
6386,0.0207611787312896
32606,0.257318098362639
15193,0.470777376329941
21921,0.0338943894653465
17905,0.190053591582192
12307,0.0400394984215729
1985,0.00398010261668227
10057,0.201931379039929
745,0.00227463783111576
16732,0.0135741003008222
1937,0.00980869348221971
8300,0.216749018400467
18108,0.00373544848456571
11373,0.1642187271212
23967,0.0127919982718426
41245,0.123286710249863
29916,0.0687278637130919
42171,0.21620148406463
43181,0.427205255430314
24186,0.0139928389367023
21286,0.0295752230828525
38965,0.0327216848774014
3368,0.00422402157967037
27981,0.210972734525264
20572,0.043345614623488
4127,0.00407774284357872
19523,0.0180137222530026
8254,0.0309584160847539
270,0.0254156903232428
43212,0.97181408726353
23839,0.0336637427805998
41216,0.129724444312775
7389,0.00233950107267598
44266,0.859374801547138
9322,0.187489131357557
28503,0.048683779412821
40331,0.793347540198667
16148,0.0620934639264729
8376,0.0447070703951786
35041,0.0805769538284102
5399,0.0431459486315363
4906,0.0518651493566875
22153,0.0380929680490663
28571,0.0151475157811958
613,0.0118063451804726
19505,0.015550289749821
12291,0.0341309195218139
11338,0.0192593220861604
5517,0.00489732679412683
11673,0.011872870775481
7325,0.289730679369562
12469,0.00955329506272708
41444,0.326794586192472
26037,0.0446620065992496
3530,0.000656274750804653
10824,0.0517293051705547
13945,0.815006504716147
34583,0.287128816778407
2723,0.00561576763502207
30651,0.138366744804371
23078,0.061109559230438
26753,0.0458802806176321
286,0.0134302122133967
9077,0.185864781266489
29565,0.0273893891004965
24264,0.0551531767112067
37986,0.130839759442225
24670,0.00949737137402482
6398,0.000919231613403513
31264,0.243918115595037
7921,0.00218321805241299
17767,0.0384655481420475
30462,0.236823136981905
39596,0.563708975826187
24702,0.0288218745423958
34477,0.0435964617337979
37692,0.00700086974716517
8741,0.00529005064234395
6414,0.0103773378142899
38866,0.0736668140377005
24749,0.0139923608863254
7545,0.0103442634602328
11049,0.0135332142431708
20849,0.480185372907091
13362,0.0481072477920559
43321,0.613902267527497
35050,0.0667405571943679
6830,0.00930743902746658
8154,0.00777374692615484
9710,0.00968057216970088
33665,0.00987226067767082
22581,0.0535050946655567
10482,0.00935237580323736
5082,0.00539609330563452
17165,0.00520779804890802
15731,0.0618718686911512
3317,0.025560418108258
36204,0.0377824449359713
34048,0.719053505490549
31025,0.0165087733601197
43099,0.228684286442766
34417,0.0109940312991472
15236,0.010691202427228
33603,0.0251315822492875
27466,0.0215353419278185
28396,0.0146081413679658
26051,0.783728977133981
37164,0.427093155254041
12136,0.00483894558746437
14547,0.160383578846238
14740,0.19694149979656
44153,0.477195510014955
30987,0.0307732323097246
26022,0.0577876787391654
19040,0.101678484748334
42065,0.9372171908495
42251,0.607433981276069
17698,0.131878347804189
17778,0.0116552331255551
15230,0.027022097393295
36842,0.0125128126639268
7275,0.0111475516850914
9093,0.0141419463421235
12305,0.0137552183986247
30307,0.118398961690618
21348,0.0455345593367346
22175,0.145420653200422
30608,0.0837691776611875
21788,0.708260632845965
13673,0.00840802127580757
5932,0.0327153132762917
16364,0.019599318873326
42341,0.0111288268038272
31053,0.0909632600129681
27580,0.0566320309909177
36723,0.0396618640895521
25779,0.0233508405129001
11709,0.297152303271598
44471,0.0456330211923587
19372,0.0249353759425701
12387,0.00514550686804467
4758,0.0102442736154182
25862,0.0410285908813038
9523,0.0366382032957837
27983,0.0212587474858369
8251,0.0183845181203834
43440,0.085633312543241
43784,0.258800242059267
36644,0.0747306243829808
34537,0.0253226713897198
18998,0.0457141532010317
26731,0.0143986196028204
34452,0.0447107474971984
34316,0.0482896351510185
42526,0.544295861678358
12324,0.197800105603199
24615,0.119621072582205
37545,0.0100696771170232
36275,0.0434755005140571
43816,0.1646272369428
30262,0.128587824967294
25509,0.0343161835763551
25967,0.0188482549828662
41984,0.099568645226474
25028,0.0387857115392094
29681,0.0574406611683663
31098,0.0158656673265048
29523,0.808268071693737
30887,0.914120736474556
5376,0.0173079275744448
42887,0.428460195004757
36819,0.841180403457626
14837,0.0159828601376434
15609,0.0191649551337585
6977,0.0464497694395917
31329,0.226526681407907
12591,0.0093538027021224
15896,0.0586685649249715
44750,0.688753343645928
32453,0.200304666021627
18840,0.036357289098189
34225,0.0240588762080083
41056,0.366526272580648
5780,0.0954038413408897
457,0.00621998776445979
39037,0.0504136698306814
20028,0.486525174784746
35990,0.0212766409331834
19718,0.0328024052604923
25137,0.0189412575754808
14130,0.0152163028313811
28670,0.0133096621015555
3740,0.00755901710942985
22926,0.0208935216446101
44118,0.307820656070403
18509,0.0130836140796319
243,0.0125762635211811
1640,0.0494442730728255
30029,0.0243960628297712
18612,0.0128124326422728
638,0.0156891689134904
14487,0.0656697067362555
9197,0.0126728649133309
25876,0.0261799160394108
11769,0.0127891206164316
42188,0.0532265434964087
32541,0.213714503295007
2051,0.0246019740782725
44790,0.965841122144163
31568,0.408298787426354
37648,0.121789830526035
3189,0.0115273807540852
18061,0.161853698210165
12392,0.0420766074213003
14990,0.0231131857494792
16851,0.011246357925373
8766,0.114845670874105
47,0.0250666235839502
17507,0.014515799875412
12053,0.00285766140130926
13300,0.0152034909860548
22933,0.0122851100658036
32559,0.0376336698506661
13826,0.0986214647276583
39955,0.136775065265822
38705,0.0134160401650967
24878,0.0266317750798289
25368,0.216777085810313
6049,0.00273406188749768
7226,0.0597472222974511
15083,0.0319271953314144
33374,0.0359410691433576
28611,0.0315737536253507
13396,0.356195076778701
42366,0.0324367092803133
22805,0.0701599966259472
38788,0.0103696189351333
38449,0.0115743513521606
8859,0.144659626754112
44116,0.162490035583125
917,0.0378044528701214
29084,0.0279228706902641
28744,0.0120236424201881
32648,0.0493055547267008
6036,0.00483647481924325
41204,0.0315687801954785
20732,0.614201106009763
37537,0.0136077695142539
20063,0.0258319545681959
10413,0.0405326947350838
11591,0.125153607344609
36134,0.215447137128708
42978,0.355789200342073
26329,0.054260439997905
12468,0.00929205585720329
22113,0.026277812980582
36378,0.0292363688908584
23186,0.0192877279728526
34664,0.0703294800969969
4491,0.0137888455956141
5566,0.00125026941720385
26197,0.0233803299021285
25316,0.0349276935283467
33164,0.0108868512268754
21993,0.118680000450878
21378,0.77802262198262
25796,0.360365608347942
30853,0.0452135907051032
29869,0.0523252989640418
11246,0.0189294277574087
23608,0.00253270630623957
19120,0.279701097310062
5868,0.00496237818295076
38169,0.129445561318667
41976,0.226416442914429
27306,0.157032950944906
22022,0.601143231481427
37650,0.063085831500138
22530,0.379157362427696
31022,0.0232329537968128
10445,0.0537068416537143
4573,0.424976889697186
12157,0.00942932969152931
3751,0.00460719032882377
19063,0.725542039308132
22108,0.219257097986663
32810,0.358357983450107
43260,0.459439911423172
44254,0.677088695300247
19900,0.0523354496636257
25199,0.0352911752822163
1154,0.00961567190759779
25306,0.11577273011037
33713,0.584465897695367
27218,0.375037241506135
14152,0.013634767134942
28410,0.012885102876629
19719,0.0232855126208752
26891,0.0228983791440304
13098,0.0318522488359328
4230,0.0520721870210508
40932,0.0283374475192167
28583,0.0193442652970838
44892,0.808289114055071
17784,0.0325625645064972
33214,0.0152461736808634
15666,0.00756191808358286
32948,0.0575320867482566
33212,0.0581165955942927
23763,0.0180787441391361
6488,0.0202179676752215
28967,0.0698533759450542
15074,0.0719402574020802
10427,0.0179775177893234
33529,0.0703042530679702
44860,0.776099905903439
4710,0.00795647310981433
41170,0.120852474767836
43157,0.380213232505201
35448,0.957250660993467
28987,0.0811355658351165
26125,0.00827179416937162
14118,0.0469245645473231
17079,0.0365032962509722
6060,0.0149293586345424
33982,0.142825530534593
26799,0.134257528370134
11612,0.0207188622116793
42909,0.0892669303586947
37484,0.016634064812835
11363,0.0196296457891944
32667,0.0617152695547866
24217,0.0447751320230829
38134,0.0432404967068694
43820,0.483809228429172
30759,0.0114127314711642
29325,0.680021997472952
25399,0.0253701554256084
443,0.0129482458928817
32203,0.207485201137411
43995,0.132143174246031
11135,0.0475600807758692
6032,0.003692949228986
26978,0.101011483633216
23543,0.0214814839538499
23656,0.00487374900937635
23727,0.00404630596419814
15314,0.0776066109148312
7764,0.195034941738064
29580,0.0782512717722078
44787,0.93958592238814
43887,0.0177053233444983
2697,0.00141478526406805
33909,0.8969923508117
36527,0.00889607135030286
6026,0.00355149707240328
38763,0.00780454959402825
3932,0.0233429652271658
23452,0.0222533459149644
2540,0.0104796613065965
7091,0.0409460524037467
43629,0.0989408087546462
31496,0.61916929325392
6046,0.00416246133442078
879,0.00552503575639578
17260,0.0197086748241913
31863,0.172452032346167
43999,0.327152761298471
12069,0.00493667879897116
9454,0.151854665619853
10271,0.0148504188424883
39249,0.00934585010557335
44764,0.897045193172546
43587,0.723882119943064
1494,0.00209949011780714
23470,0.0204320254927625
13734,0.00616951793486125
16660,0.0140660446004144
25893,0.0377219343129678
32167,0.0311996213941566
30813,0.0190094976904339
1265,0.00459437885974585
11073,0.0263286838953296
13054,0.0209073832636528
42013,0.580019363767088
39719,0.0437972191837861
17136,0.00188853196990192
25248,0.0138454977456962
6678,0.0153971181057831
42814,0.0340769327655834
6346,0.00153994833481485
35349,0.0212483655143336
16035,0.0455295285397468
4054,0.00708478455847066
28668,0.0633771147925051
21780,0.0400002736704152
1726,0.00701166382687582
19414,0.11256965060103
28412,0.0126456382454213
11309,0.0382839938660197
24790,0.0130018001580573
34709,0.0227158730908771
18467,0.0244306384441695
24041,0.25092879618417
2722,0.0186813916050517
31730,0.179755463759622
30409,0.0155557891464063
3293,0.0167773150828946
17569,0.0249493401227403
16473,0.0515014037364655
24600,0.00761328609950403
11538,0.0383994894078506
39984,0.0965374142777751
4012,0.00731880116800296
16541,0.00188262625635376
31023,0.11604165142293
16330,0.278856000390231
6964,0.035839430379727
25124,0.0691653964635807
27673,0.00660109310301047
5038,0.00502012368198877
29041,0.0608518213358698
10649,0.0151954534150696
36330,0.0442905977595547
22729,0.00683764617973002
20795,0.0604442982334877
29749,0.026417740671597
22178,0.0566952853550618
30750,0.0308492894680133
35469,0.0351859519869203
14772,0.00658248656903939
24053,0.0791559414856128
3345,0.00256529699852116
16054,0.0313024344077371
11423,0.0389430473952771
39665,0.135818771690076
33189,0.0413607873640962
2430,0.0458326359808783
283,0.0295451979145015
39159,0.0323420875550975
184,0.0276138398172476
35604,0.0148285942082477
3981,0.00293949571432645
34980,0.0414396737314996
17609,0.00977534102349698
23886,0.0424853215817777
17563,0.00966205767145553
14552,0.0159283624341505
20053,0.0517660336689899
29367,0.169128094092149
31758,0.297440073923906
26469,0.010625794301639
38339,0.0764536538629414
9043,0.0161253485599962
15408,0.115627684655347
35777,0.0813359542848891
25804,0.211588156692301
22796,0.0234767219808154
36735,0.0360417410631534
38882,0.0241679126497839
35793,0.0412643303016926
41551,0.658711003450538
34532,0.0223037551483074
30607,0.0547478502968957
18247,0.00426576647622984
27392,0.037594111682999
36720,0.0165015617653114
8196,0.0128508678703105
28185,0.109766817943118
39094,0.772981753616538
24935,0.0139165104625291
34137,0.0639150286881311
14641,0.188523097503067
34084,0.158298859087908
37211,0.01183015678449
11158,0.0274383035928127
17207,0.0309610020810297
41589,0.995993849276406
7208,0.0238843221264102
14279,0.138745787494121
5002,0.0181414371419261
19706,0.0221637558195579
25474,0.0135140472448522
8738,0.00518126323743219
35152,0.0219059409002084
2130,0.0074737852502175
33133,0.0534062756878502
44335,0.868960599944222
10337,0.0106737435687424
34447,0.00748292958369789
16810,0.318078068773517
12919,0.0518256285514072
30370,0.0461664097625074
41688,0.800883747183358
42954,0.640148738332437
1841,0.0155063310634738
34436,0.0545203739911135
38924,0.0187813887755356
23409,0.0163765551124102
44423,0.14965246128951
1262,0.00838375946972959
28837,0.210691002368182
31844,0.402020579418719
32112,0.687992469341568
13464,0.048233656929851
38503,0.0650701342231384
7748,0.00393449811864083
12750,0.00598649094514535
13479,0.00987070563972096
43727,0.796544826608707
6660,0.0341183582482916
336,0.00342116271976528
19692,0.0328928152102914
41750,0.0729890302209747
10666,0.0986802633612515
21783,0.0266573370480039
16963,0.125934957993826
35724,0.0235582863578241
33035,0.0778033092823343
37725,0.0247069888939635
5894,0.00332217747228818
26949,0.0224838667668685
19837,0.0194152152171761
26034,0.0601273590530949
12327,0.0156858096071344
1728,0.00561058783368323
20154,0.0422895938918852
8083,0.319627653650971
34383,0.2203328253233
3580,0.00592494742637767
21202,0.0201718131565042
13338,0.0470098517252282
17968,0.0100618658221207
34018,0.218449192270696
15088,0.145222233602449
30146,0.0206889587863051
38563,0.06236213437047
28995,0.412491951817835
11120,0.70282678413185
11948,0.0119768597582705
14343,0.0498450357179269
27087,0.0894383260071726
7326,0.00986058840292595
36947,0.01962500112123
13057,0.0469684035566345
40911,0.0916226284457366
33826,0.364806411891987
31363,0.646161726775362
18489,0.0186220842039092
26796,0.0470589642133573
16003,0.113722197451643
20621,0.0313089619662251
23896,0.0419611570170647
29993,0.0698474845614383
1330,0.00791826510109728
483,0.00532222284252198
11400,0.0166153627015124
837,0.00653240764491259
34577,0.290445686298533
12941,0.108713251777387
42794,0.0314465600599905
34440,0.109309961945222
23215,0.0119520878772926
28360,0.0127243934745032
716,0.00370759163599101
28387,0.0647578763703789
20523,0.0520488719259716
30484,0.129052894409115
37646,0.0106622294883976
28169,0.026484799071498
11780,0.262579202125646
26291,0.0180267888542044
14518,0.0106428983417779
37758,0.248679047138723
11420,0.0311790377500943
28135,0.0239486453826859
14831,0.0401002138958821
7391,0.0584345227734065
3538,0.00822824711589152
21637,0.0754353483800864
24991,0.0177291730862535
22079,0.107835173696505
36717,0.0894433567171454
34990,0.025492341191885
27155,0.0480614064875293
43532,0.792678470952817
31967,0.605052350770153
31033,0.239195444473067
4938,0.0192966074149415
39133,0.0273688018671216
34555,0.0215564664897271
31190,0.0797617689917138
2060,0.00410519850862207
11224,0.00842870091677138
17219,0.0127287437185343
24794,0.0476941637188121
5445,0.0130700054196811
21058,0.0697825564214375
37114,0.408508808272731
5076,0.00345786059569383
2626,0.00152737072060723
28573,0.0344592141380092
16083,0.0370996012111
16040,0.0159141823239854
2742,0.00850151930755061
39758,0.0530240256517911
25429,0.025296194085928
7095,0.0130923345316145
17480,0.170846784789323
5232,0.015685853275309
12881,0.306056068313478
30966,0.391867351302728
12047,0.00961078658478619
29697,0.111322904568847
22334,0.433835169672813
29208,0.0671031133670699
3007,0.0177720212508803
22431,0.0178553906544778
2799,0.00497689828810914
20270,0.0543599361696879
16855,0.0220734166407512
12565,0.0791731713278715
39798,0.0653158024638968
11,0.0117821070699818
22402,0.0555225152402775
23436,0.0171868979345141
33625,0.00928481219707983
24153,0.245899952729342
3464,0.0193684672338952
19353,0.0223016209386441
9617,0.081598927951681
41530,0.721902646307921
10729,0.020442860046757
19860,0.0295598602457151
7856,0.0105163103869254
37542,0.0166470589760139
6475,0.0980983351710343
20482,0.023337261013463
13092,0.0195663531554515
34461,0.134798881410691
8000,0.0122907751894763
33526,0.608276782359713
3437,0.00388041824966279
12699,0.0284503488223831
26136,0.352501700988321
16526,0.624595916424136
16049,0.0261972230482614
10280,0.113492982609163
8906,0.0118611544613001
38848,0.0909874262208657
4592,0.00831017788790702
16499,0.0518121424427114
19182,0.12061759215056
5684,0.0136669678466033
12077,0.0026042794241599
26383,0.0969657831630844
2875,0.001974852662748
8721,0.00404938440159443
26523,0.0194349827267868
30198,0.498219417093424
30363,0.017826511716095
35222,0.100934608196799
543,0.00403205504571828
16749,0.0251892403919349
29135,0.154124450167388
5977,0.0285559294296684
40228,0.21209899843404
44961,0.372738179898614
42760,0.160717092414455
21927,0.0814668324079406
37471,0.0444706769296922
26390,0.0740701172194792
43476,0.44853958761644
19010,0.10470622044114
32828,0.450650188297478
39469,0.0630380254401873
17904,0.548956891967876
14339,0.0373682154000054
22065,0.0333407630028523
8374,0.0489487565351373
25904,0.0327663493410525
2703,0.026992290430251
31890,0.241375211953918
5325,0.0113149555540792
36732,0.348744232213269
7513,0.0315551250328932
12577,0.00689251776861118
37303,0.075612075879307
43304,0.827423530563931
7141,0.0161516032129602
41420,0.0917850454734663
17426,0.0476565178374787
36004,0.185535496920863
43754,0.101284385183382
40620,0.0380879049747002
29066,0.0157134782473461
25213,0.0589281897447697
32089,0.152905867760817
30961,0.15466163863195
44883,0.15429135592303
15909,0.0126943543400407
25149,0.0257141403200864
29552,0.113725745677299
17882,0.00178910231554644
28292,0.00952629316492471
20712,0.0248003510830962
44351,0.64255804312364
22505,0.0285357671620405
44283,0.00388224117886959
8331,0.00584990255910249
29560,0.00801897001598481
23847,0.1762668563798
13635,0.0502402571652247
20980,0.0278940239064647
7720,0.073105865723651
14619,0.0204828526714749
6520,0.034202479529933
27544,0.0154416546883908
39225,0.331714244286256
23112,0.0431146792604041
23379,0.0215053428435867
28512,0.0306205501051904
10137,0.0388310397027916
42529,0.0485072582427505
16207,0.146121811092788
24063,0.486616871712244
18303,0.0106313796072207
19246,0.0485131844712806
21816,0.0234462042874387
15441,0.0255938808642173
30637,0.00945098212082271
11452,0.379665572489603
36097,0.0995570463459863
10945,0.0206446679291975
9452,0.0189828445780149
10301,0.0291283235682323
9049,0.013573448808811
35592,0.0258777269705927
29198,0.456913214063931
32060,0.140805564066304
43379,0.297609552413842
4206,0.0120495075743082
21067,0.0301913748200975
4540,0.00969763914851263
13135,0.0493891152003349
15974,0.0159093452298058
24863,0.0350562753570004
24168,0.056683806223842
13405,0.0157304386333086
37341,0.0138589953564127
1730,0.0162523869423913
11683,0.019370096740575
44386,0.528375690427061
35180,0.0502681098303454
9122,0.607181412434962
32210,0.0502977764560508
27232,0.0312650264640161
39780,0.0938987071267848
15185,0.0143264829792198
27425,0.00572752322706796
5716,0.00462427253485654
24666,0.0796844783816753
14422,0.0208253074979316
33058,0.140753108142348
37857,0.0628054550642069
31205,0.137082299710507
37761,0.132887054145399
18355,0.105509518762014
37408,0.101332067363528
32490,0.119862440599216
14745,0.167279317522004
42159,0.0185401584388204
33367,0.0686152023102184
21622,0.0196224138196688
20474,0.0849074429809156
34405,0.0178424582247245
16674,0.245356153762371
27370,0.378079076062023
28511,0.0643757327629091
734,0.0179806665261741
34421,0.0160691290528677
13118,0.0180071505184314
23327,0.0199173551617513
12885,0.0676963914528767
41117,0.340462922523239
24467,0.0107579129056329
34542,0.134087995043855
23793,0.0116617428229329
37736,0.258088863806296
3231,0.00496956704445266
4615,0.00316446214416471
32450,0.513360682947847
28471,0.0214678347696395
11557,0.0181044239739842
33747,0.111929293237866
33490,0.051860135983842
43061,0.759774749341247
27820,0.0641399512050071
12179,0.00246167021934265
9903,0.0130196735413482
44088,0.68482343709819
44248,0.134332797467631
16867,0.0513933458140042
18054,0.00169057735003019
25469,0.0964134506375504
43584,0.674299879359193
3378,0.00648911288468619
8809,0.0086230038887164
157,0.00281382482571358
40924,0.251907829046338
20903,0.0406038693466739
24362,0.0153929659581181
11977,0.00502165647352826
30584,0.0195628268985275
34725,0.0330517448447585
30195,0.0202419667202823
12245,0.00909869459716029
16877,0.0194740573427102
37519,0.812184459618657
35752,0.241791640845549
14852,0.0778423783436996
2318,0.00709141592958386
34785,0.0129914673992248
27494,0.0354715846076147
33290,0.0320375206787463
5640,0.00746196091042371
19302,0.0724082374641369
590,0.00199247564781202
10127,0.0231049257282371
1057,0.0207315999383382
12390,0.0502501647003032
23099,0.0480240941476155
22198,0.0459236931567934
42328,0.464275948459786
9720,0.0270870347690923
12583,0.00675856073804729
38820,0.517296666672403
32574,0.0334718657726263
12226,0.00458580022274262
30512,0.144955268447614
9732,0.00824342110611311
21826,0.0351639279481095
9919,0.141929488495013
33320,0.0452584275386153
10979,0.00937237049024581
25077,0.341492359651311
43593,0.0457059551194139
42466,0.0929256807388191
18506,0.0146230625373286
6978,0.0043574432933577
15796,0.00344450490950862
40359,0.186258053097787
40537,0.0181611104344003
19365,0.0942871002259875
32046,0.0502953286700759
7958,0.0120960551852635
17200,0.0332940309860856
38832,0.0113134925401504
26790,0.027825288116996
23462,0.00825321830287431
25853,0.0217561229526421
4231,0.00555637849977956
42085,0.0916607211158654
35201,0.824856261927726
15331,0.085639050826666
17394,0.0226784271104158
16724,0.494773130467313
12624,0.062785349897339
32071,0.0968119595221022
44193,0.19703564555984
31778,0.229652358922243
27430,0.0172272193143795
25492,0.0258715924975751
43093,0.169171606661246
40539,0.102333829252819
13087,0.0314426357147523
30310,0.14957388510203
21861,0.0255570530483433
14406,0.00944500376469558
6504,0.0123470300770196
24580,0.0150096759335336
31356,0.36200142578064
896,0.00141276955588297
39116,0.0758265370539832
14979,0.0255839373221655
39297,0.0108175918202719
34175,0.127223251943718
5817,0.0198479939820664
17203,0.244111024776404
21553,0.0828642713974118
26227,0.0199312126263544
19776,0.0330251966760004
43781,0.387468429014052
16643,0.0149417206007743
4035,0.0216134995492299
4679,0.00636329952684345
6454,0.0038328643141805
33877,0.917958006672955
13841,0.0093338018670363
34659,0.0975649965317602
41252,0.223273888601279
28725,0.0228679594188293
4483,0.0111451401653615
3757,0.00876731142823926
18341,0.192400164134191
27660,0.0336855297340369
33462,0.57712202386513
4838,0.00637622815237691
25566,0.0699049904664799
35942,0.151255558488156
18933,0.035230282406629
12142,0.00455626645351638
2050,0.0102333098425716
17780,0.032348590729
38117,0.221859540239101
21911,0.00997340507972772
29864,0.0563282422950737
14310,0.114809785134309
17686,0.241826781323164
8914,0.0148777108230577
2073,0.00139374681362592
33209,0.198218263211842
14973,0.83077528441112
40333,0.112357076005715
38354,0.0831036770878913
32088,0.0301750889942209
37143,0.857488003306883
11665,0.0157102498483092
5428,0.157047036124739
37789,0.282482211298674
26636,0.0959156418235369
19360,0.0747790968531108
8382,0.0180736796710213
42647,0.0764420570930591
20294,0.0281820415505394
34644,0.0327969221699427
28035,0.744670061489911
6827,0.0059652368955063
9984,0.0500553166857342
23040,0.0376299129881232
27440,0.717867423538911
27259,0.0350074774569766
2956,0.301950222634372
40605,0.0736074619785326
5927,0.0155267616929421
20337,0.0478717470749569
22694,0.0482240886220738
22121,0.0361240984956056
17303,0.00820544733029803
25913,0.211626760322112
12824,0.0109783240351401
36749,0.138690660432703
32512,0.102632561193533
30454,0.179535047284018
42661,0.0284625783320879
43917,0.794315096957294
41025,0.142070000018336
28891,0.0808765846507971
38523,0.623103247323141
30583,0.00783246320406936
16896,0.0666026477639609
10930,0.00435215517498617
19500,0.0585882457911684
34898,0.205449670220382
30885,0.0204692467493037
33924,0.174093735103511
446,0.00712025337929974
25989,0.0335120917011402
41327,0.0285835975510015
17066,0.0214989845828098
4376,0.0092299570125325
8046,0.103600406769726
18331,0.278092784145695
41183,0.28744420782947
24022,0.495288871295712
42053,0.339715084014159
17843,0.0403416864635053
14666,0.0195247872130888
39091,0.418942711813263
16539,0.0111453268846405
2720,0.00607759162378092
29850,0.864366091818963
42930,0.062280169812846
272,0.187466933397533
11987,0.014730798036752
25600,0.0387294662439864
10050,0.452607094526907
17668,0.0278989273618894
9607,0.0196426536592316
41431,0.481065389476213
8759,0.0181828934469074
30436,0.103303094775078
10511,0.00899512649998955
21777,0.0207677582670317
29529,0.091460604901496
10263,0.0213087183848106
42091,0.118269918450551
19673,0.841045726392902
14767,0.131353467636838
669,0.0056146870926319
20797,0.0213241275437776
1589,0.00820933051263303
36962,0.0408746193578478
5090,0.00654878680487762
27730,0.0143242604602165
42379,0.983687801987424
29054,0.093696705716427
23346,0.00438325509878513
24556,0.0194716097399062
17251,0.110533079574067
11109,0.557238891494391
19313,0.0258069238307269
22086,0.0840458048556463
15347,0.037359318085323
24630,0.0221744161917374
11623,0.511687122912643
23335,0.0456738157580107
43164,0.221074025751779
2288,0.0185544687722092
39457,0.0748453266066429
36598,0.0209670775125516
31619,0.0811700204899993
40724,0.0474802691539251
37010,0.0173534802806272
44734,0.88551400693597
37451,0.0110292527273794
18092,0.473406636566432
38740,0.0711562401766109
22487,0.834226138306983
15283,0.011112546678116
22149,0.0575606948790052
31865,0.0174808320101908
40598,0.0231027496495195
34651,0.0132310565043519
14305,0.0215867983003991
35246,0.0171455452024935
2298,0.00607768262389529
13307,0.0841801340788464
36514,0.416963858533928
36937,0.0214502405065246
9278,0.0756072553476387
20348,0.044899058378526
8001,0.0110357161268218
32925,0.176496780324377
10110,0.343924136568027
11083,0.0192692425370628
7546,0.00334694302952412
20499,0.175766341806203
6999,0.00288571724222364
43690,0.00602381379111485
41313,0.11690289261369
21371,0.0107976348138237
20022,0.314050328518714
3418,0.00436770350808899
25023,0.0196584255663294
31325,0.2463805949709
20048,0.061949364321049
7512,0.00167344635843939
2095,0.00529972246197912
4346,0.0191892722972761
20472,0.0361169208403792
22598,0.00972434401785709
39785,0.219842208004452
28974,0.0289543186998783
32018,0.0754711845568316
12521,0.00420564243167875
1656,0.00341383046514468
26906,0.00844360947494357
20385,0.0375518574780475
20657,0.264650289226593
15502,0.0121033810203398
27112,0.0349356730418152
2011,0.00663778194362624
16183,0.577106591180929
8334,0.00760984031591864
2478,0.00964855891652438
10820,0.252844516551077
41746,0.182542912449838
20626,0.0383664165350362
36493,0.00801390470242275
15646,0.139382274173404
6195,0.0401327257717741
37562,0.0076811841144431
44171,0.159451549563066
21542,0.309597135015368
37197,0.164705428121475
13746,0.108699169505839
30768,0.0119262155830806
44595,0.0493734324988622
42773,0.0650833551635849
41169,0.163236828861098
29234,0.233419667503046
22525,0.0299318128234428
6363,0.0126384851387661
13466,0.041586111324866
25175,0.0180975834033684
32458,0.0566512859913557
35537,0.111473266185351
17152,0.00416208186971337
14821,0.423811327713316
28719,0.0405640341768095
3702,0.202320254698164
7910,0.00252202698388747
28249,0.0181322814699429
34707,0.0418724894475583
23693,0.0679137948668457
30215,0.032783892073446
39702,0.365451570021344
34142,0.395006810741312
2531,0.0127867881189477
21565,0.0203088106326331
31393,0.235703733134382
18939,0.0475895137972495
41635,0.0792602009516666
11027,0.341856883278234
41368,0.0841733967098137
30645,0.0928641969279564
20845,0.0307277512051663
3545,0.00229268811313969
29503,0.0158156403720626
5904,0.00477841063946923
3399,0.00443585794700413
20663,0.251219364731745
27363,0.0125482792098646
37805,0.0341525173341888
35795,0.0209187768390219
14331,0.0175153475124566
28861,0.0311810656231322
43056,0.103523689619914
17744,0.0125480094424424
25491,0.0246609523313376
37938,0.0167455838020626
2169,0.100142567741255
22017,0.0183301930296799
10236,0.130333474254701
19882,0.202444387579788
6118,0.0207708724142026
42177,0.0586283128978259
15536,0.0190451436015301
16471,0.856593021815598
18511,0.0068739782703349
30783,0.0483313803499189
13511,0.089360070272265
34354,0.0135393953475991
10384,0.0171103904063156
22125,0.0314748036138148
22180,0.0595739732627029
23488,0.0146264385532318
35593,0.0922696770728999
8366,0.00767080587996915
9479,0.453270254280171
21138,0.0666165525732023
33415,0.227229701516988
9775,0.32676686186538
27584,0.0765150796507056
33235,0.0152209916641943
5188,0.118295850075082
16288,0.195618696634791
19923,0.564419295042394
1288,0.00922317975107043
43877,0.168288004330157
8680,0.00846985816370014
37106,0.0170738075243468
12612,0.00866604690726361
28535,0.028249669331254
12403,0.0360112119352539
5996,0.00448402783557218
10286,0.260798853060475
15727,0.623166264838574
22943,0.0296640501625893
27408,0.0182978336162873
32456,0.370393221796901
40899,0.0791656328838932
34930,0.0327018058471277
15352,0.0341164409549115
36833,0.0189314100425038
39074,0.0279476190667408
31401,0.861853306108512
19291,0.0249305301523299
15160,0.0375681172334785
37700,0.0322603924411457
13442,0.0548565902478417
35418,0.0979695588556352
19393,0.0200267821934813
5384,0.177853074539413
27357,0.0208628847573504
29145,0.0531445318503656
26972,0.0228264368871798
42508,0.183018059547467
39278,0.011514861987403
2541,0.0127827323311451
29650,0.117982668015516
718,0.00324324385440599
4585,0.00647624365012175
9888,0.0181350539868866
20517,0.0444678649217969
12264,0.00525406191157059
11731,0.0126854809357581
39040,0.184105124142012
35244,0.428064640607332
8749,0.00811842001120938
18134,0.038719930568951
22956,0.00708604878242553
26108,0.0572022822319079
38249,0.404252034769603
28714,0.0448724128215791
18880,0.0302562095319197
2251,0.0102028267506278
14139,0.00724140943192091
12056,0.0258658657454336
24432,0.401136119413525
5875,0.00931873744109714
17675,0.0150082696403774
37240,0.0168663841900037
30131,0.0556090657799537
29862,0.190779809616131
11915,0.0000553372630488698
28597,0.0108962089343597
42941,0.054310089251163
1108,0.0355414960782659
14461,0.0209427730838073
17718,0.0504343073221854
28189,0.188838816723984
40591,0.942002682706194
25257,0.0240705722476605
105,0.0507650215410875
40810,0.199542044400684
17143,0.106181703105746
4823,0.0145529188872332
18798,0.0130263477299188
20664,0.111323433016634
32455,0.55653137295683
33316,0.0459215420014349
31115,0.0839597209252178
26773,0.0667562780360267
25543,0.0203495366252252
838,0.00773333914424002
32617,0.0283780898528716
7543,0.00641749218347355
23406,0.00483723298285272
12687,0.290482066007666
7790,0.0067816463492736
17748,0.00649161300817798
11292,0.000856245991909033
6613,0.0142721195974205
37158,0.0159005250699488
2662,0.00463210918508005
5433,0.0646913009231382
33222,0.019706772652332
10566,0.0330403982757358
29124,0.341632449679607
41358,0.28505458994569
41694,0.39321718849639
21194,0.0247011896529055
44619,0.295109593124177
33992,0.812600539081986
45049,0.593893196913388
13731,0.0116802972930206
33236,0.194877379971845
22260,0.0889918427533228
33971,0.0260296659102724
5022,0.25871963875519
40906,0.0392423667733261
33284,0.291047901764216
43637,0.0333412626357151
367,0.00554577680515997
36333,0.00802610561353643
42374,0.0144193549547098
20263,0.0435902802838478
26909,0.105595439825269
8805,0.0165178046915046
29715,0.0325387967622818
30546,0.0422062844409776
20688,0.406379093354798
10549,0.0204406837451459
15086,0.0146534916633454
26313,0.00628666470459703
18046,0.0197895366603687
3801,0.0396536815170157
2194,0.00416743283421298
37869,0.044770243744461
16970,0.0133217962228388
36223,0.037062582261448
20827,0.0295498329231094
16703,0.049256093366104
14261,0.0132605308303909
15654,0.377822366453495
31404,0.349871955054943
44666,0.958255293871228
31089,0.0615768650779398
22742,0.0143616226159783
85,0.00720297794333362
36961,0.565395967064202
40755,0.199962120545348
358,0.0281805436788842
43717,0.224993744302075
38243,0.127514770537384
39791,0.230469799225504
7478,0.00280128943055545
28860,0.171309689682127
12728,0.0603111335301387
25563,0.350427764095709
6908,0.030602327721382
6136,0.00639677173445528
28856,0.105012058960124
5269,0.0107553982754755
69,0.00606954199414559
1193,0.00976819825222896
20102,0.0317843770080487
31326,0.912051962453808
30978,0.016718478898928
16013,0.163734816651209
38804,0.030085975738268
32166,0.218126344748744
20823,0.0798767655665054
30685,0.0919226456746808
18963,0.124475914388756
39318,0.209195246519528
12059,0.00344164649248926
35710,0.0439317289277932
1043,0.00507189113275733
9602,0.275728888164845
1280,0.00612399783138546
24914,0.0152439730333273
26202,0.0120387717171682
35478,0.0153203386823973
37080,0.130858162338987
37264,0.0183115745707817
31438,0.477311730370278
23094,0.0474320659477109
6012,0.0153625286999838
42650,0.167579317763216
12172,0.00713402718277981
8676,0.0229679451559193
8816,0.0142629277278012
32367,0.0770722881986749
17503,0.00243454012077746
29866,0.0592771674025794
20551,0.136808644708821
9687,0.14064538785549
18908,0.430630243017453
26803,0.00886488152623879
2844,0.0275225088923928
32884,0.0368646621427537
36135,0.705553325680064
21550,0.131030569527369
1655,0.00608650329157789
14222,0.682015832185263
9166,0.0324990614920202
28846,0.0962467590193633
33755,0.295205433211561
44602,0.0116463431569233
2453,0.00214167739803481
1271,0.00564780010354353
6681,0.0168904405421473
31957,0.184901772591038
10497,0.0963140624380757
35496,0.0667504566770729
14483,0.329514142716171
15175,0.127519096230123
28140,0.0683172275497223
41469,0.792414312828895
28986,0.0396981294005073
23707,0.022294786662352
32461,0.817723718003609
44064,0.246914909211489
8150,0.0089141939691813
17703,0.00341136516735088
40965,0.641821843421893
10708,0.0473613291073569
23603,0.00167028345935076
1561,0.0037176464234702
13505,0.0462186626384944
25522,0.0155183819712705
22135,0.0204039498917116
27011,0.0341156125523393
41801,0.0933457909141177
35666,0.0154122424343536
36005,0.0133124172279059
27929,0.0420448594315654
28703,0.3626516176113
21704,0.0270050471567104
29077,0.0404234041378402
28652,0.0394323044641325
13875,0.00501342882016871
22888,0.0228204073768354
15915,0.0140021068127331
5655,0.0135730152195814
36257,0.369200130972402
24238,0.416057064636026
17877,0.0200860318635055
41843,0.996038042614461
26525,0.72708751410817
22045,0.0201510591356999
18950,0.0419783284530526
36741,0.204413710890055
14400,0.115274226878327
33773,0.0471261269759889
10517,0.0282945617004188
7726,0.0100600204862761
10380,0.0201045805815749
35428,0.0458139279154326
17534,0.0323816799284586
34788,0.0237979458914444
13656,0.0245863854943469
33034,0.0587496938119569
28390,0.0108567480297898
792,0.0508723319005806
7900,0.0231670573673957
36437,0.00823479223115008
35239,0.0276588669907819
24994,0.0448094824998799
44306,0.431615473301912
33220,0.111435909410754
35290,0.0313178366205061
23454,0.0247855494237683
42903,0.107271741445734
25308,0.0133743201363646
18306,0.00507491619421494
31632,0.0483668588803559
35012,0.0898296741983283
717,0.0549759626204445
362,0.00386917328297496
9286,0.00802713142579145
13957,0.147070282843794
23115,0.0238349406741076
38947,0.0542856425262009
30937,0.216943771160912
26612,0.228321524679438
41190,0.183790906510089
11790,0.0215914233838182
22024,0.0349176166977915
10361,0.0311232399234339
9959,0.640838208830361
17801,0.0105015134848246
21397,0.0180958107689871
31581,0.349733584055871
33712,0.0262843717551511
41473,0.794789125782202
44024,0.809523249537776
41138,0.0354457914454743
9310,0.500516522763166
15489,0.021519200737386
30861,0.0319489288385005
9716,0.0433581809905349
29978,0.0343269805788194
32835,0.214429920562363
3199,0.0367397315937903
36130,0.022409076438911
16906,0.357794806435413
7289,0.0945713814042427
20394,0.0256841517690054
36170,0.0404358897878659
25883,0.630706831517715
13573,0.00835031282181704
1370,0.00895288760464736
2592,0.00423066006008039
2090,0.00396100797358186
29930,0.0225869036692139
37227,0.0314969638840009
38603,0.0201435492514056
26465,0.120336237696022
22958,0.0320372205075096
44225,0.055660671792163
15760,0.022543446204915
28167,0.0427064275970497
43331,0.992115191318795
3904,0.0300660515338485
16464,0.112010639700934
4272,0.0568004148816479
41450,0.191427005638789
38813,0.00790631931379287
12247,0.0500016352400192
11354,0.00706514378269788
42566,0.782726715054517
39539,0.0568049253209353
10362,0.0162140890851756
15742,0.0205120345520993
3213,0.004445585895769
23947,0.180328495569977
27198,0.0247639004815517
22962,0.0110876918385969
6630,0.00590064867094528
35503,0.0168794442275366
16208,0.0404229374071839
33087,0.347062046082439
36404,0.0182978196087563
19779,0.0292668765969387
20770,0.599154746087741
44983,0.13567660369738
41978,0.0904169079383339
6154,0.00627122784993805
34991,0.0258069671200557
14557,0.0834246697557001
23650,0.00138208228666704
8908,0.012925667532419
37199,0.0242894019218158
31150,0.37980709652974
45007,0.823382930988141
1231,0.0430727262745018
12362,0.0251326934620259
30343,0.0801999916748436
3686,0.0148409739973519
7185,0.00546130819390027
42992,0.00666112282568507
7121,0.00542422802517789
30852,0.0827363311011109
5287,0.0548938640938455
39293,0.00871937006847588
26713,0.0167420041544267
34437,0.114329742671486
34096,0.875810476026869
29707,0.130740645529358
40021,0.0779087953377771
2305,0.00438339679166077
19017,0.221251500163634
19693,0.312405968079518
36253,0.0233733918906434
13285,0.0790120432301157
42287,0.254777057868474
19715,0.0151904841243039
28307,0.0182268155897499
5354,0.0133124575326607
19020,0.0310770669418575
32122,0.245427032711115
8208,0.00324007003906691
35320,0.0784126679258583
16995,0.0462877214886129
35790,0.15793003340935
42258,0.857022470461055
44075,0.0262620169195741
22064,0.0158332793391336
14672,0.120877727198789
24018,0.0189848009641303
17229,0.202592351346955
41550,0.312068163802208
12180,0.0238873433658444
33119,0.0849337318025703
28504,0.253117181386781
13194,0.0148353483676523
24503,0.0106588774134401
38610,0.0872711734074197
26275,0.0241000462445123
10875,0.00908953577690928
26437,0.034490511856807
19939,0.0243494934540431
10294,0.00734343954833504
37358,0.631871481606432
24299,0.020945947453681
20049,0.133642155525285
26240,0.00836665426060844
18748,0.00459481573123487
9007,0.0255529514378188
44678,0.426625410024524
32369,0.0892484687009615
15339,0.0172015835413536
43014,0.816682435918171
2778,0.0299722904656113
27424,0.016454668592122
20241,0.0274887035352574
32922,0.0356967152442504
36649,0.388508567447374
36092,0.0114603469813159
42567,0.987956954320366
32761,0.121154734163975
3463,0.0355359249031147
41425,0.049881960444429
2530,0.00748661612274375
15818,0.301261989839699
37388,0.649281523332875
42965,0.829298563192467
33798,0.0107494714079848
26433,0.0432521284427688
37435,0.0387986566639603
5768,0.00788997143309857
39877,0.16895705968152
28415,0.0120785126998309
17357,0.0848158224616298
41051,0.1124450984431
42607,0.0324654830563706
6609,0.00469650133954392
3962,0.00477722823829717
35092,0.122150835217448
38132,0.00878375096594591
32100,0.177081343834035
6006,0.140343514834614
26115,0.0517897047123419
31119,0.303416027561968
26005,0.0693630659511372
11505,0.0167394984064301
794,0.042842873843002
11459,0.0377377281516604
27881,0.0175523576400033
34834,0.0687248427613683
36193,0.0413876440707503
20632,0.706856372635581
6269,0.00833471620992876
1279,0.0043871226194147
12155,0.00931382112376699
32714,0.491714212413403
32666,0.0583589463949564
31087,0.274114915516797
25534,0.0492742247399617
16577,0.0333135389109029
2074,0.0140061358370191
42405,0.105749708308382
25267,0.0362849955099
26292,0.0133468428057456
25484,0.115710279983155
15356,0.0143001408798386
10969,0.0420023792114613
1337,0.0197376464901317
44689,0.315481154260786
32465,0.0933501402286369
33871,0.590100023878998
14613,0.00350418306798669
11723,0.0134580595735372
21458,0.00861010229379962
33215,0.587111105757527
29223,0.0337640623184101
16384,0.0029237413673631
559,0.0116464446904778
31207,0.391784790189785
20312,0.219699820649097
24824,0.0187709640374922
13586,0.014680620325464
33933,0.141616488861928
7624,0.00512162881082499
23850,0.0253812500008301
5430,0.0158606686128008
8322,0.00391342854104389
41121,0.0595198965616661
22138,0.0222312189005084
44897,0.668310394480604
18478,0.0286129173164134
18678,0.012471081613946
4909,0.00554568356154842
39958,0.340342876475976
32517,0.147088581843974
30529,0.744386151058395
11701,0.013057390724666
36203,0.0169312995910994
6881,0.00613249053697405
44122,0.00645906966783956
37155,0.00386848562648274
41722,0.638355775090257
25533,0.0169296278426222
36852,0.0310240240324205
33507,0.0559093405950561
27982,0.0280208338668484
32463,0.811517032982438
32473,0.184136418603091
3687,0.0084255597269218
20591,0.158671272257654
37607,0.0128542124221477
37871,0.463200157769377
34293,0.0152819983948198
33390,0.0489322880520174
6563,0.00178099906399203
10355,0.0215127267257905
17466,0.0228129496899837
31992,0.0951517096933704
10609,0.0366340197622647
34801,0.034643889547218
5775,0.0282261456968565
7609,0.00731889967005055
40746,0.398707941192107
2945,0.0306169808654223
40548,0.122376134831388
25428,0.0183541223708811
43865,0.391015247513524
5167,0.00749943025441603
24354,0.277891447602177
24307,0.0205698320644056
109,0.0606640861632357
37469,0.015289979794258
44807,0.894682377252775
15706,0.166563536266528
27658,0.0134327880093099
15596,0.00288869001744779
26918,0.0524293174180624
45155,0.0999525616434065
37535,0.0446286098736064
8428,0.00888235659011268
3769,0.00280093050974155
38226,0.0281755457920469
19557,0.0187157394052365
41774,0.308054768754677
10885,0.0163871519592537
40112,0.119967404144045
28859,0.0200309365556697
15491,0.0405116511713138
36657,0.036766253632944
28264,0.0695462611938463
23924,0.0275984338128822
15315,0.0148674337843584
40349,0.0597982885566282
14110,0.0137034962605203
17663,0.0135540897800174
6980,0.00292659310447373
18929,0.160479742387485
27098,0.051634625962951
7879,0.00400823915549657
2885,0.0150349023727628
19578,0.0179299572185861
22122,0.0497641723164215
8669,0.00609281432278014
7220,0.0102479492023
36557,0.0187700577835962
35913,0.0477842389356553
7884,0.0135262180269457
44527,0.497444462147066
43642,0.102598378052419
12733,0.0172246343732687
39844,0.0474184050043628
14488,0.0351195798999527
14146,0.0608052116331574
42734,0.941553025089199
37274,0.0565140745777103
31289,0.320813320934712
36963,0.303449871871294
25550,0.293444577785229
17849,0.0211625165696587
31165,0.0750552861552713
42784,0.0553805377469575
4840,0.032460670036027
2681,0.0103370077447678
15813,0.0104405607763149
31490,0.0590841380852227
22219,0.0214977387071167
33474,0.0654977745927135
22239,0.0240002922329627
3923,0.0281995356465432
43288,0.470262675872781
41534,0.0836792667366278
9333,0.0175956488047616
22213,0.635757027635825
30010,0.316864048361805
11410,0.0209983993984138
671,0.0717886578914824
20793,0.0355478514720577
41967,0.164721418008169
15229,0.0539136978806445
32408,0.440819118351388
2362,0.00569512539706417
18480,0.137024628987517
42339,0.575542937348388
11746,0.0652334826707308
44179,0.693693984083688
7404,0.0377201350357863
31963,0.658277930341337
2330,0.0156297940664471
28192,0.0690476450902508
26874,0.0205858124807437
42769,0.0388878230495842
37821,0.303901849767462
22637,0.0243183723209802
14697,0.0108472858328478
34019,0.933774886696371
13595,0.0721973955327675
10983,0.0373059350474308
17081,0.0196425323519663
27942,0.0132158504079967
35632,0.0127585231665609
20140,0.0598362784522011
39820,0.131079629715197
9259,0.0298400334571061
40414,0.0265299292677879
38406,0.0310899024366392
6128,0.00870784662665678
40427,0.0501368736850904
6974,0.00713805001936445
13066,0.0483580965201207
15342,0.0128863032639578
42041,0.319868173665417
40659,0.464494530958633
41158,0.122201724532246
32067,0.0527144738678675
12538,0.00959073766086234
7269,0.387529227337728
12213,0.00937444910645258
38468,0.0092835366444757
33218,0.101057429621534
32364,0.0514535168038889
28389,0.0285293661253374
20322,0.0290899498508784
5243,0.00520969646456093
18866,0.0258340889886357
12162,0.00609082941240447
19535,0.0300300360834935
27839,0.0884793018128738
4138,0.0424881242068575
42995,0.12210219422989
6484,0.0115086467969235
35781,0.01513561026306
25130,0.0338350787595299
36103,0.00823236534706918
478,0.00546483816244978
9606,0.125679475935977
11015,0.492908847094904
20101,0.309119434472202
6350,0.00485187217239108
12270,0.300009095139644
11222,0.0675421536885012
13031,0.100154567709932
15710,0.00382600681240792
4075,0.00868002947301796
36928,0.177526786289784
41632,0.162858772492267
34669,0.00501477202663956
22748,0.0534375462249901
13212,0.0197396413687538
3965,0.337938540888921
35316,0.1172428331167
22236,0.032868572687859
4227,0.0171421013923396
15837,0.0280973983678055
27916,0.00994758042023215
22854,0.277332180756238
10267,0.0120534511615631
11113,0.00407394978107824
8786,0.023193378372471
37180,0.433199815518313
28609,0.0148982974772082
12930,0.0553700236956088
41741,0.59953734389301
29149,0.12001301291156
43782,0.479188921685405
15409,0.0180165793252615
6731,0.00299937447859448
31526,0.255300313961453
21386,0.258503779997904
24305,0.00164196249469513
40087,0.0846983289175515
4820,0.00615777514966832
40079,0.0839440726195771
25384,0.0213847608624976
27720,0.257442950297699
24690,0.0304843679455359
8088,0.055563099535692
7433,0.0108627319529677
37431,0.0424063852836014
36806,0.0257156481911916
2413,0.0208115256588647
15743,0.028936773927801
33874,0.286424715412282
23458,0.00467472546578219
1934,0.0320315395879991
3261,0.0276272758952123
900,0.00893025016918087
38748,0.0140176715869111
30624,0.328242596424816
40082,0.199705956125997
11243,0.155886765110803
639,0.00822860634684588
27774,0.0339993945980161
7779,0.00901693009458193
42993,0.0487820952926791
44403,0.196346284438352
31226,0.216445766714253
9070,0.76356889544156
38914,0.0225177731654926
14153,0.579983494232658
26808,0.0295948898589218
26050,0.0231051746208155
26974,0.0233832374574885
31313,0.226863396820222
40363,0.534622245806326
14096,0.0204091388332788
11499,0.154435271893791
7249,0.00918984035132522
14322,0.0183234591015345
1429,0.0128448369237912
27237,0.398913303634604
2714,0.0108903310715479
5301,0.00747121378978894
11533,0.00425427853226461
1744,0.00318916108283523
4162,0.066224350434528
12705,0.0383437584187848
28470,0.0170100352807938
35000,0.0340324233596875
20761,0.0225989755167185
11532,0.0146351286204295
29714,0.0591735308375357
3475,0.00378900556721299
32175,0.0478182893297775
131,0.190372803483856
34940,0.113592453216725
28,0.00243103483497719
38812,0.00694416658258053
31442,0.673260167500935
44576,0.590734035177009
25299,0.0258372994190714
15094,0.816510044668022
36074,0.0239647674156994
16641,0.664831168643828
2637,0.00380131833405633
43777,0.165188656606977
16861,0.154973427432938
6174,0.00714874817448545
8147,0.00681266957020117
38166,0.0624909809361799
499,0.00339277129487819
6485,0.00297880421326458
39590,0.12370453998517
3970,0.000746474107685901
40802,0.0695082054651013
45181,0.241591688595326
37696,0.252639675795503
28053,0.0151261100780353
34581,0.0485828109528685
32273,0.054201365715162
16058,0.549024670840513
4021,0.000529019883316483
44522,0.79391437068788
24204,0.147866759417712
5550,0.0361668463853227
15799,0.0547314077108023
23535,0.0389954496070765
1536,0.0110349620407514
33870,0.163192158762409
13820,0.0122425975960619
44061,0.596573686382467
24222,0.0466551048418788
17175,0.0419705290659976
33112,0.16176590515232
25432,0.678408517947425
28459,0.351155289997247
42464,0.0791244401469622
41523,0.826091254646066
15333,0.212532923489331
3036,0.00662477497439265
41977,0.157613209287058
3473,0.00486883600165439
357,0.0216139255970442
31503,0.0443170844559128
8814,0.0385467889569274
15657,0.0545833870937001
32850,0.219740087621901
29557,0.0112984240612092
39114,0.0216741910497894
11364,0.175581414515954
41605,0.157647467891209
5086,0.00812615965034324
42222,0.355209690464204
29459,0.10644187607598
41987,0.520261050142831
32755,0.0683762253430479
33075,0.0398104974489638
41802,0.633799024864194
31872,0.310340811971439
36379,0.0271886558552605
9889,0.0533864481505462
25242,0.00489512325001575
35775,0.0234638039423891
23644,0.093989788391543
11860,0.086396464052934
25380,0.0120358793285097
1798,0.00720480171663402
43309,0.522965269309695
19792,0.0329209767395686
31529,0.31148909006719
33470,0.0129743390091931
14709,0.0109154474179942
35603,0.0927578313088044
35167,0.0190046321974583
42000,0.647443169470079
39138,0.348355931618905
19782,0.0213125496992728
34012,0.751819266366591
32007,0.0360872741696395
33381,0.0415945666316582
38692,0.0196361845314344
21577,0.0225666926482671
25454,0.0629394341469822
11629,0.00678808550166067
21047,0.0424748147348221
27568,0.762298927055243
32592,0.0263989764172486
29516,0.0231122377771805
16559,0.0195917152007152
42637,0.045586903038024
11671,0.0147082821805374
18719,0.00439899826541739
4052,0.00346129656501918
504,0.0213121684711125
18795,0.00527092796274447
38678,0.0210761766497944
11536,0.0144982156045745
24477,0.00828967544916647
26898,0.0267887025217805
33421,0.052182252042694
2028,0.00458065922770924
42972,0.460171039861459
36219,0.441180872606604
8045,0.00278881048935223
40572,0.142745198349002
38654,0.694409080264229
38581,0.0148438174297346
17105,0.396075928315136
45128,0.379081344397959
17548,0.0183046547940454
761,0.0137507816091628
37342,0.0629298771743555
34412,0.0125505431107773
10053,0.0180690777611772
40974,0.984790929369928
23306,0.0200330427256426
41693,0.144914365970502
40949,0.169910162587668
18228,0.0186401029945433
30391,0.045910313464285
16435,0.0229297419299848
8226,0.0104723123767598
44837,0.0128824956701896
933,0.00510225887430894
17422,0.1067860247239
20077,0.0107491287108007
29998,0.09595898286036
39016,0.35554518138626
29603,0.250287842286426
39329,0.0146155460341679
28312,0.0252993189704041
29059,0.0220910691899467
618,0.00444871392794458
34546,0.101039366442389
29740,0.257079894399908
25836,0.13189298077326
7599,0.00794313778666365
4570,0.00585329263973517
9083,0.00941134818704998
22998,0.026967902645379
24097,0.152163141356551
28375,0.0203468677119096
40640,0.069988371151968
8777,0.0326908071650051
24408,0.271102107089799
665,0.0115915411064523
18710,0.000774879452629396
20104,0.0146448836945745
43713,0.312379611211968
31256,0.255337473970575
41798,0.189649808110804
30248,0.080554635971662
2329,0.0526994541151315
13910,0.0542844260898907
4236,0.00443545487559984
26569,0.0248168264543871
21551,0.0207354338616589
40410,0.0339564301216453
12446,0.0219600111440583
8440,0.0986727820623558
37645,0.326030047483945
20458,0.0130812758058045
9793,0.0277958848377176
5696,0.00432706236511102
15583,0.023546849421757
15450,0.127142441620768
3150,0.000682019163984001
24962,0.042099076206172
40476,0.0140602483827818
37372,0.576831958963269
42604,0.743559829725742
19976,0.0158117108789551
40141,0.356916361434729
34071,0.379967646583845
13224,0.0353504688518351
12800,0.0140204956930933
32114,0.194669401553394
37561,0.016355556980947
26740,0.0150174434617264
11923,0.0119564887157234
6686,0.00611359517088904
35462,0.525427623894338
18403,0.0184921645731519
12923,0.0190187364606354
8874,0.0465885245727054
11454,0.0312979922097186
19395,0.0178015164835689
1927,0.00851809348499698
30866,0.888168183584835
27753,0.215214050206006
11503,0.0146245651428407
33592,0.0289451260216865
9394,0.0234140733636589
34219,0.0523670033906335
5557,0.0161231995066266
12545,0.00516278673485517
3490,0.0112801245450401
27394,0.0302104112997688
593,0.005532244530159
44667,0.267879566627097
33172,0.0913948754164126
26178,0.372331053959201
32619,0.264834642065335
13780,0.608572940422877
34888,0.00835195362034173
3761,0.0322214382086638
44797,0.764679652329979
22563,0.0478512491459122
40195,0.0605772710316001
6825,0.00814192427483353
18377,0.0212765312317058
36286,0.162193024027454
15004,0.0124462661312799
23672,0.0968456040590224
1203,0.00984048112707106
29779,0.126431086784445
17155,0.0122941170997971
44050,0.887897374079147
10108,0.0385954646796279
36278,0.0235785995459001
4791,0.000160805311249858
3192,0.00346770234842208
27445,0.0186973482447158
37516,0.0334970932150251
35578,0.0173456644846554
33568,0.0598081068366942
38560,0.0287485088177809
30273,0.0502974401266287
18175,0.030801976163882
43071,0.0878915811933377
8942,0.0440212094106852
23048,0.229918402491244
24308,0.00659088151099813
5802,0.0386679497157418
3323,0.327874662312373
44684,0.0152934885304995
7112,0.0173246711130042
23777,0.00367446504669877
9032,0.0572527740125864
36585,0.01898567300833
34566,0.321147584572081
45156,0.390843722051145
24864,0.0628684614690043
6224,0.00270548172032595
4904,0.0177099394531682
8887,0.00731941931812027
10098,0.288368670586347
38488,0.134337007552116
29617,0.104506754418327
24298,0.0163914364057202
35389,0.0717831922235887
42697,0.13056117527804
44192,0.340853929478022
41751,0.624690040745281
21994,0.0543990461968633
12280,0.0449739178407936
16569,0.0165798028282412
34326,0.0909660442636134
7491,0.00260265852777515
13522,0.0126153103990644
32323,0.0851641755603399
40036,0.785796744920798
18408,0.0300270802591912
37623,0.436829567572458
10475,0.00746965903524088
36990,0.32375263633136
4953,0.018306237158684
28997,0.0294855628114874
8341,0.10248641957449
36124,0.0438780409981318
42514,0.255592791986056
44446,0.114540440244999
33444,0.456575575357145
41572,0.235142027883977
43641,0.331953281744566
3119,0.00408379304987751
37923,0.0162859606062845
34517,0.086379859233125
11764,0.751267048138183
19492,0.019346012998016
44156,0.598379167352047
2149,0.00735790817149781
44603,0.0000120468244311046
4148,0.0229682453438461
25379,0.0979919105041871
41455,0.697294594794072
6833,0.0123981215573298
19031,0.021082775945197
1916,0.00498602737317985
18646,0.000448261696787931
22597,0.0124853201239013
5100,0.0216962179111111
16411,0.127713545867
9647,0.0137229877524205
16980,0.0214948082982562
23265,0.0365837572637384
14931,0.0082439075171097
1724,0.0088040277242906
42460,0.501793940281295
21208,0.197915753835915
25301,0.0417774297841576
1727,0.0068041543932525
5393,0.0162419940052551
44029,0.90808136953856
10557,0.0682315035726561
7034,0.0227889376916352
13153,0.0407434226405777
22377,0.0323146874539451
33457,0.271344406925068
7306,0.00751677714849999
1028,0.0112860730698983
17057,0.00775519507305729
67,0.118538312301816
38238,0.657643367847032
10014,0.00240451630557222
38730,0.17929286675474
28727,0.0399990008735375
42851,0.0967645665586434
37846,0.0153957501847737
14043,0.0376307464803245
22412,0.0641381560491494
2640,0.00962210691555375
14947,0.277915261926399
44978,0.333949462896917
20575,0.0222357448201029
1221,0.00550957690229787
44730,0.836045568336015
8627,0.0111405224648648
35620,0.0419529490579513
17505,0.028115499271914
8878,0.0625754581245398
21259,0.0195828250937318
44794,0.411926534829688
33453,0.70475521670481
42775,0.0296483454553859
10714,0.0246743741684639
6194,0.00853248228552456
7102,0.00534346068206961
38586,0.0325350311035317
17521,0.0055719160768065
28921,0.023912549816476
9784,0.0143549476947389
2364,0.00977416424121112
39484,0.048469836985853
16937,0.0187059269540121
37950,0.544082315236566
4407,0.0191926547300535
18986,0.197467070445531
13308,0.0332644192965979
14388,0.166458102512352
9386,0.163419641553283
9653,0.0179342972344205
37047,0.0286052916072473
37788,0.0649577567972594
37037,0.0168039692499321
14840,0.708270375097536
2029,0.00890140942535931
11352,0.583284243154804
18809,0.0128816359624273
30329,0.212720005719749
31585,0.0353077655364386
30878,0.0118549615675747
21054,0.717068995851697
9872,0.0221893210099994
25579,0.0192137450117685
4539,0.00324042798120106
9458,0.0101883619979677
35953,0.0488849271315069
15378,0.0814429893006938
2663,0.0112179733206316
39510,0.362464014322289
31819,0.13396805920199
23875,0.0332518570801554
34906,0.0666954262925529
23902,0.06060801074743
28361,0.161173691288593
22715,0.0396313258588464
37445,0.0729425508171168
39137,0.282794798407507
35742,0.0371029842446818
38918,0.115487288870645
18771,0.0145768286851939
38495,0.266467860466138
18446,0.00769790528539499
34031,0.163903397795172
16605,0.0781093077919023
26873,0.632135558292382
575,0.0139688474190999
30435,0.0245601786738214
44302,0.00410059390602866
7272,0.203263252138174
19029,0.0625149965260687
28898,0.614233094362704
31384,0.538748165942347
20245,0.034290976952274
18738,0.00397024827688233
21119,0.0356414586827175
30345,0.924909227143983
27302,0.0150887358448788
31094,0.552231228233226
16685,0.0157050405081559
39309,0.170025556084929
44474,0.0980537421787765
18570,0.0168180850141001
121,0.0421099266413817
34054,0.13231697269668
14515,0.340786453346099
23268,0.22063292504203
17039,0.0164205167637813
33895,0.712057411585009
39117,0.168540516349104
40704,0.0488077282330943
28510,0.0386025245841442
34108,0.666486135046305
28971,0.0351785375381313
25445,0.00932795382180474
1493,0.0104920059708539
1036,0.00345562030648671
27734,0.0892924199928837
10912,0.14778976383168
14379,0.0244926423827143
32765,0.0739109006118231
39136,0.118130820300231
6531,0.0423979948238451
31035,0.0400415507146908
27714,0.854710514894362
17768,0.0947378937561641
12627,0.00408595785532944
5122,0.0288063945737791
17526,0.025735941077559
30158,0.00590154244819027
28764,0.0170310100997372
4782,0.0887000948035133
14380,0.0184208096053649
9509,0.177245677257793
21200,0.0469143106326149
21706,0.0355215883458545
38844,0.0108998171481384
42788,0.204339062107687
3921,0.0117946968803106
17660,0.412146390798675
28486,0.441814557824304
6439,0.0109268524230573
2824,0.00663429518574971
9544,0.00973325700342257
4717,0.00707330474127004
11355,0.00580797556117853
28948,0.040618862298529
20882,0.0204678700844084
30668,0.24677826883311
31511,0.0857979249215235
24343,0.0129026197670203
15920,0.273415103533525
693,0.0194254556497642
25910,0.195154765047525
43005,0.685683764511379
25927,0.0305311396159912
3956,0.0125676699304611
1632,0.0168644549795764
23464,0.0394089872243013
7489,0.00544706618691477
28919,0.0582706460886712
40147,0.528311952303833
8454,0.0111133249462784
43060,0.0664400288884615
22527,0.10969988132469
1421,0.00849235549003594
13882,0.0470634164502209
41035,0.0606487783201721
35384,0.0324181165697067
22909,0.0667383059866013
35493,0.769842795629611
6495,0.00232597249219397
25753,0.0247254376860147
17030,0.0449136640535787
30191,0.12536478426874
35510,0.0457464951915637
22155,0.471513839746541
8699,0.00385458112082566
4694,0.0101168784438402
37501,0.0322467244018177
5483,0.0112207883026998
10103,0.0600278747297888
43666,0.132850716317507
43715,0.856419234171569
13555,0.0120809325706862
11781,0.0247202583859458
12026,0.00178915314654091
39782,0.143978867491977
17411,0.0216658711253514
17861,0.0210382954686517
13378,0.00571907573347639
41878,0.255334113540778
29940,0.0189276840102643
38911,0.00411722707183976
5281,0.0422394305608582
2199,0.00922729078151524
34714,0.0586810267499899
8824,0.00628669376793888
20597,0.0158298605779274
39846,0.671741688383172
44098,0.101889710109145
4654,0.00766403431154557
5447,0.0100185706486176
41876,0.791390887582395
1625,0.00788953880190233
18553,0.0206232813512277
22626,0.0395849696814248
4132,0.0155650109607405
14565,0.0223356341114173
41208,0.078276435246853
33597,0.0424145874938932
37738,0.178814237377322
16209,0.143465424348223
29967,0.0346343920506572
2669,0.00367925918377394
37522,0.757414532582373
25279,0.016114434986551
11130,0.00889063899573194
42231,0.229360287499035
18030,0.00915453454320507
41692,0.0624868181227246
12000,0.0214956093114507
21929,0.213760009329886
37300,0.0316837115700932
13339,0.060098110067136
4818,0.0067160614359531
25847,0.0453177297765991
21898,0.0381850971613727
4571,0.0456924323620188
20094,0.0201068151629018
20222,0.0338593482480333
41561,0.811837459752095
15095,0.0515609263194814
17043,0.00995130717117383
10779,0.0550642917755052
12880,0.0181070286841395
17546,0.036947410145637
27153,0.0198500900794948
5755,0.00250619428414362
28792,0.00822109521714527
42924,0.0294350681732048
38995,0.17544020677482
34286,0.0465122366060395
32382,0.0951114111879991
44708,0.27148959093592
244,0.00431706436907388
42911,0.0821916720640916
20537,0.0504901043362582
11712,0.751932789243211
10924,0.00729849676315532
17622,0.0371794692888095
37269,0.0224216090705912
39121,0.0265691290967619
39494,0.116401989048661
41275,0.0165741439211132
29200,0.10621095840654
1159,0.040128454976054
11129,0.0272273481760757
39141,0.0138610642816702
33185,0.0385210527895729
28117,0.072430062524356
1323,0.00447684489415608
11472,0.019363697422029
29071,0.13898415762869
12894,0.0137407824810835
24506,0.293907732319162
4170,0.129271241135354
11234,0.0942806191945487
30953,0.0218935234299264
22145,0.0152052173480774
26068,0.0259616673108928
5898,0.0307409100442604
15133,0.0321684789070655
4412,0.00831426981151489
28927,0.101078116999189
34352,0.0421160279033113
15273,0.305653712290821
15697,0.035924775136481
41288,0.195849773363839
9683,0.0162239185238646
16668,0.055659792945182
43268,0.855087341108495
7698,0.00395189983209778
4134,0.0312995144218351
42542,0.366348902433628
21079,0.064653385405201
23137,0.0212921137179164
43537,0.784058818948801
14411,0.021116710722589
28233,0.0418457123654102
40327,0.566918474263806
6312,0.00223324199880199
32876,0.0231077699531386
44110,0.121505577826829
27253,0.168516525693345
3030,0.0427635266475393
24274,0.0180276099479062
44569,0.0288330901648382
42022,0.169463019895619
4948,0.00493468942382988
29253,0.0441857951850839
43044,0.824468255110954
28257,0.161631974537092
44848,0.797805928633642
34784,0.0156162024232981
15379,0.0158445516634656
45197,0.24453874804019
9425,0.0628802814433811
22297,0.0410503204833791
22333,0.0596847858056877
8183,0.0817939491051849
38855,0.0161640756957784
7304,0.00183030644721537
32704,0.0655505589074116
11940,0.00322643043190548
34308,0.944119052247439
9774,0.01230573108855
44167,0.00380321912807553
29904,0.0208171117755107
35720,0.0349492055162279
33739,0.0626965406624037
10684,0.245143389110981
36245,0.00839288897412559
25841,0.115472982668117
39145,0.0190771075038425
39889,0.0577782664637397
18327,0.0689663118242559
8375,0.219336692785973
42543,0.771444922283741
15914,0.00978555053406673
9311,0.00825872350371813
20642,0.0234924315950502
4329,0.00175897742476638
36099,0.016816022197112
31700,0.0606000966866141
2492,0.00553099280183928
9232,0.00564266605427569
3131,0.029757366532858
25120,0.0151083537107598
21307,0.0281722939861371
32586,0.983928568981608
27641,0.0152998544333049
18009,0.0179903849063779
602,0.00737070939625946
31709,0.312174371733339
3015,0.116786405568441
18855,0.050278862205273
33169,0.149643819982508
9473,0.0181924704470037
38399,0.02038074607777
39690,0.541392764356015
34443,0.0405298822747307
14220,0.0134910597448519
35177,0.0176207305725526
11732,0.00107442150764148
39717,0.0158691995812998
21529,0.0227117731518734
28765,0.0214324877535905
3459,0.0923200082811393
33447,0.0492468649586257
14311,0.0183599762009068
12805,0.0228747255496766
44914,0.432711016058291
28966,0.137029625209188
2271,0.0104711147260263
35958,0.145683037409576
583,0.00601813401779921
30428,0.0494898851530464
16349,0.112603253730242
27999,0.0682791215721407
24144,0.0183192424246797
38796,0.0123754125169308
10648,0.0205987630909272
16572,0.0496498038711707
40185,0.0543665300545437
518,0.00592927161434823
17763,0.103828312844761
26992,0.00873478594810831
4243,0.0264937479935807
35834,0.0343212171504189
29316,0.175567699033834
10588,0.0156170040885154
22403,0.0392190750163493
21201,0.0219038088460518
25778,0.0232652297464455
43363,0.820792584668359
10505,0.0053703509311797
5153,0.00217933352648207
29148,0.021457234599417
16259,0.0439635679670906
11875,0.0248573590265818
6295,0.0167923831054552
26868,0.12472814104144
4297,0.0180884664056275
23765,0.00466493942117769
6211,0.00342970732088121
22557,0.130015283059039
32339,0.748568255596531
14503,0.00361427971675581
44145,0.506366803365463
37828,0.147829301542787
34496,0.0627139410818667
40050,0.56796879854441
37694,0.00961449947663647
20501,0.29055341414117
22302,0.168667678586633
2841,0.0628087406037284
42504,0.772034509705516
41563,0.388159338137492
23876,0.0193227914399914
20599,0.0402490166158111
7931,0.00198433958962468
10370,0.0206411445617411
38583,0.0266384541968181
38891,0.0192737476604654
40656,0.278350286349531
20201,0.10578601035176
32815,0.0506884362489403
8921,0.00670660795948211
22381,0.0492901569665222
33973,0.508646480412013
23064,0.0343756795629961
34525,0.0171875249623137
20046,0.0182741867383343
15170,0.00340614742768666
36183,0.045904665191904
30792,0.255312928967619
19685,0.0142637816088589
29806,0.0192862349482419
39327,0.0650607761822367
22812,0.0276476102239636
31605,0.761458772465695
1894,0.0579352173549161
29952,0.0247320822977441
5227,0.0126374833766389
18413,0.0113537895419346
26521,0.0417141061331465
10363,0.0216098472465049
38978,0.0120871169859797
1039,0.0555388182561433
17309,0.0339423244447542
36856,0.170443626937337
24817,0.0132883888484263
33676,0.0173595868497027
23014,0.229789471612343
3349,0.00259751099354002
18780,0.00948001140677454
27064,0.0136443456147037
24111,0.238145321567061
39378,0.0789864126968357
27008,0.0108916390159761
9627,0.096245919385905
41038,0.0896622110301381
33103,0.165799142618043
43368,0.53210887574054
4999,0.118013842410836
21746,0.0310565614617866
2091,0.00426904344968026
31378,0.334824266584079
4632,0.00508987823539513
37285,0.0377182137284866
18103,0.0121196195673195
7791,0.0573140381244702
41044,0.0824934142945887
34544,0.151687705865828
5796,0.00286905347732681
1273,0.0235230541372934
4185,0.0244990341538072
1096,0.00153239413492785
17012,0.0154206649786955
31773,0.0975554489207866
24578,0.0417026337183706
18900,0.0975775190105879
7907,0.00662110949082188
19057,0.0827545023947401
18153,0.0322711407682994
388,0.0375625961582133
9828,0.0166802622976186
7854,0.00251463392411988
29935,0.79354410218093
43249,0.922584663653939
171,0.248081242681039
26842,0.309011402749816
4285,0.0349243789584925
37160,0.0528864940073167
12375,0.024520614561204
32005,0.0677178469995128
7381,0.00536735879639061
34726,0.0251771234578889
10923,0.0405096148095716
6855,0.0822050140996491
4465,0.0125038042536522
33194,0.0642674394743578
22798,0.0568163530431298
15738,0.0294562350655958
2198,0.0102218030229737
10852,0.260375374572167
40234,0.0808054114783229
41101,0.175536498236959
22722,0.108842796758627
31240,0.249923677755235
32205,0.104698656090024
6037,0.00448135466202457
5261,0.0070398924863938
870,0.0164186236403748
7393,0.49757604671311
37746,0.0386262512897328
33298,0.0236042990424681
32136,0.0863159902959851
21530,0.00753165149086981
6864,0.00846533804140177
42351,0.721433993701247
238,0.00255186286640454
15119,0.0224068824616039
27794,0.070434575768656
40440,0.0159422777474801
43444,0.442002218481894
38392,0.0185732274491279
5209,0.00373590398573427
16261,0.0299887701502901
11334,0.0155472016903606
5622,0.0103995355864239
16195,0.0146947659428429
19188,0.0288114191787259
29640,0.0396272321234028
37,0.0269116599147101
2112,0.00524476255414771
6130,0.00730954224726438
19092,0.0279235732477019
22616,0.0641934393791178
37320,0.0365661902093974
29802,0.0179972432339805
43801,0.460205876199852
40535,0.025408075833605
14909,0.240511567265234
40831,0.384256769580517
35120,0.0234983402202783
14602,0.00845235256894766
3454,0.00549011574650073
1191,0.071470769009943
15487,0.0304678126706521
33959,0.0533006765428862
6354,0.00951723595075087
36487,0.0348515324661994
7334,0.0436293189124402
22171,0.0688380992068425
21171,0.0201435164189438
42261,0.561668983521457
42024,0.244703333697682
22759,0.172240013451305
43810,0.0105099288937936
25886,0.0470962545525451
1455,0.0126022810960473
24550,0.0175992240413547
21976,0.020667674147216
43352,0.443293273835112
34309,0.0915436182885839
16700,0.0365168689326454
42458,0.806949404435922
17183,0.0700201273858918
27091,0.0945580551507341
42408,0.766620633835662
24712,0.0471523402346027
16254,0.0996239573812118
43290,0.485683218976914
11635,0.0139229051469977
21796,0.011816264550682
30160,0.0334568563251477
17176,0.0205649072785557
43305,0.568062864570916
35703,0.0492467456558283
4146,0.00356636990884035
22744,0.0461857739706176
34541,0.0177625029203947
18184,0.0109648207224461
16064,0.14981375207161
41916,0.26587223176003
11608,0.0235545552636839
5793,0.00310657663948129
35684,0.0247219968611225
16997,0.0384966416305292
7058,0.00363818600534356
6929,0.00424542897131829
10279,0.714286385750654
18752,0.0510401981749199
32903,0.0919844200351756
3602,0.00371441489358953
44201,0.564637197252768
27550,0.0109136888373278
14589,0.0431747886150805
5,0.0185389950429002
6010,0.00722683178391791
36096,0.0817724653956419
19705,0.0301424319586387
38912,0.0458987179224246
19605,0.0301575643082906
12772,0.00743073989991898
43195,0.971783978713539
32568,0.761947510872902
3032,0.0630001101221867
43663,0.103525259137821
38184,0.0129352203339073
37105,0.39666847267406
31785,0.732530210727808
6467,0.0129957203443424
13812,0.0159397495814822
42846,0.0292039118189676
33325,0.0290729566837609
33585,0.0368835610485088
44895,0.284248451291788
15891,0.00531090753016679
34235,0.416771578337517
26065,0.0277854020493737
14669,0.0872351003350926
16160,0.0133073109302704
29567,0.0323036066605255
2796,0.00974518926208035
19411,0.0363264666331005
25614,0.0508086112493816
38672,0.0462386329404308
28425,0.118149400339134
41903,0.709987736190976
16891,0.0161041223218748
5728,0.0814249876935533
17871,0.600399580777751
20316,0.00664801751558751
11702,0.00977646455923746
2085,0.00538288297787069
747,0.0266398786206471
35181,0.281623956337207
1387,0.00317927834574857
32325,0.731409859229881
35223,0.1151246950048
9453,0.0134431594653376
43506,0.190425411664699
32668,0.120256992386496
8006,0.00369546269633101
34284,0.0552189933204086
42028,0.808296192581948
30119,0.0582043139131953
22453,0.566036463526603
10177,0.0473288584265504
20570,0.673169947446696
4073,0.0351076065979958
38973,0.00764856898033082
35977,0.0441840840128059
6654,0.0180332656914114
42983,0.356586263744954
13809,0.559470506985138
4847,0.0104490093808167
37525,0.165167281971942
31671,0.356601397912982
22497,0.0273909516817456
197,0.0102518508870543
8812,0.409428853413071
22251,0.0776543159943978
14732,0.0276072418102296
26975,0.0427332518578862
19678,0.0625366509847706
169,0.211278070560186
26057,0.0467013536093629
28961,0.046875901942142
34564,0.0228582280719956
11078,0.151448180089348
1376,0.0136114443986033
38953,0.0347310710779219
28866,0.0550233373811302
10524,0.0176886433334044
26703,0.0305251658260265
37642,0.0147783816010873
44237,0.0261366189137707
7924,0.00242462482578741
1476,0.00192860613819258
34695,0.188793687948381
16172,0.0101629331552087
42559,0.98219702448998
15081,0.0047361324264411
23938,0.0348836762574975
23190,0.0211786272709663
31781,0.868655563882371
41201,0.118064183626465
38059,0.0172358343288725
8752,0.0423461727283615
30628,0.72038517311721
32520,0.0593331088235475
13041,0.0191359030794742
1457,0.00154961208471641
22092,0.0486875142640065
38019,0.171102804057512
386,0.00295474099911549
20205,0.129602012792282
9396,0.0432526073937635
2025,0.00352183099969633
16346,0.0435298529600115
38105,0.00713285950574158
44431,0.0875707773735174
41346,0.0731467974561554
1174,0.197330061747312
778,0.00238851007687075
37595,0.0107132299242425
40129,0.749554314393168
12883,0.365705771993287
35489,0.0328460508842924
18268,0.00732118732826601
8325,0.0577084686750721
29224,0.0425931802261089
32711,0.519477840989706
6185,0.247776998864843
20855,0.155787921431382
21953,0.0351888961415333
30030,0.0590521787084927
36704,0.0222876166207587
24910,0.0747730984028383
38667,0.0214327703425938
44943,0.864868869312773
22917,0.0194157299487407
38606,0.310230654027751
21451,0.119625226457335
43431,0.0359351332250949
6303,0.015657613073007
18,0.00220348956581469
18426,0.0848942590856144
32923,0.0996880486307029
34987,0.034944059285928
42214,0.293117240254435
12911,0.201919368669489
26327,0.0268946307314013
8552,0.00450917296538268
16311,0.0176381813782165
19196,0.0170899615179239
33849,0.0277326138762622
1830,0.0167917309747738
8686,0.000997456973013725
8541,0.0273348153716449
17471,0.0130191903220772
8672,0.00664778394044831
8152,0.138152584431024
28750,0.00567712292775536
8779,0.0143882648618123
17410,0.044530487782239
21716,0.00519171520062611
9515,0.279461731659342
24341,0.0933375350967595
13345,0.0189555339478725
31660,0.0755961755160326
4744,0.0257657021173915
36768,0.485181017314918
33976,0.0804487670333709
25211,0.0576862691605465
24083,0.259787002150784
38101,0.0306362870232319
36272,0.0123072691153245
11754,0.0118262379018809
8535,0.0256155313465314
26432,0.0210433154287459
7600,0.00407059848412179
8269,0.235325892216235
22922,0.252677075150184
41452,0.692064089574886
25677,0.0338055283840179
37683,0.0474576532975959
6719,0.00494500919243345
28809,0.107531866911931
26141,0.0146487029475391
24537,0.034764471488204
33636,0.0274787751508314
22686,0.00720245099897719
33537,0.768702962562084
40654,0.11416589708267
36488,0.0128642232663554
198,0.00740495405949727
12051,0.00295617327217124
28230,0.0148402184564362
43693,0.0264551470638718
31399,0.489974609168016
3159,0.00493683675115459
2725,0.00351238523044269
26880,0.312764042852423
19220,0.654268806081028
9296,0.00676964604578468
24611,0.0258007465834595
36572,0.178224496840152
1269,0.00825852295558466
24167,0.0245942281521787
35811,0.149778250098718
3519,0.0561695066740359
9918,0.0680591455647674
3931,0.0272759441830448
4129,0.0215387464313773
17525,0.0369189853392984
37328,0.0270712195005972
35350,0.0198168072846477
25801,0.036059613705463
17652,0.259722687335538
23226,0.0842749982612806
34348,0.0127092923802612
35027,0.539344050313794
29040,0.438253497756631
39308,0.4089138858704
28767,0.0205298687051336
19493,0.045772278305084
32701,0.498431290609552
41975,0.24222590869592
31340,0.57076303524476
37723,0.080817186284717
29471,0.044832980791769
33473,0.0571817854516718
42448,0.154096297348412
43350,0.788317145450291
34978,0.0442551221000386
33253,0.358745064207655
31002,0.654903791019556
14154,0.609044102944109
2768,0.132773150220964
43689,0.776019493835287
11205,0.0438168782744109
28338,0.00643731757584635
20265,0.0216815995430513
5013,0.00819240844274764
37999,0.0896078903223254
21970,0.0411784479848542
14421,0.0214236862357001
39272,0.0180174769717303
28059,0.035175684265984
5293,0.0131146835311115
45056,0.79009625064852
43022,0.0885129580134908
33630,0.748067866499586
24532,0.0171293484466345
35596,0.0141389092934638
22608,0.0696220466044253
39899,0.296486596158345
28332,0.00966982714118234
22351,0.0627594779636824
38410,0.334606811991706
8126,0.0158383452513189
23823,0.024749877695243
6074,0.117944717953953
15895,0.0425534516926382
41480,0.113077523094294
37833,0.0391531553779313
12629,0.00630037076311728
40626,0.303510338809926
11648,0.032399710665164
30334,0.047836034172475
38092,0.0295234691505275
14120,0.00460082584189668
28313,0.00928672864483565
2202,0.0446681847689524
37261,0.722388979102928
39918,0.117088821128056
19271,0.0395868312666683
17746,0.0403619226555213
41960,0.693801524596061
39233,0.0129109270940739
7040,0.00479940270554356
6301,0.0187903590054814
37644,0.0853044077378527
23734,0.0162213918751591
7523,0.0104216410711971
6911,0.0077598459287833
5120,0.0249369732211501
15795,0.568202832505912
11700,0.0181064496593289
2354,0.0512288117168762
7291,0.016752011724818
10658,0.0173476872595113
14824,0.0102676286244911
30200,0.0886183411165194
15528,0.110690711403237
9964,0.00722663476701318
454,0.0268596896608393
22668,0.0413521766813018
24407,0.0107402562592602
17201,0.129164613856181
8280,0.0620585327210598
13785,0.0465191071822699
6299,0.0147404856416501
43266,0.626994023827193
35211,0.0251440931282132
10994,0.00659131107912175
25887,0.0759248310992341
36136,0.0482579201882583
38210,0.0176085675772934
12670,0.039526831938192
34089,0.0814801336054916
25303,0.0133065555117608
22019,0.0520902330873693
22630,0.0333136511175587
38313,0.0469806107454764
38626,0.0308843234186509
36065,0.0250319599455004
40510,0.361881965678379
3021,0.0809195644607991
7165,0.152949313643366
27134,0.0132588868077828
28895,0.0218002665721455
6318,0.0139911819066377
28046,0.0259822480447491
42240,0.302164725926135
12104,0.0056246432318064
24080,0.0183930364619848
28393,0.0520477129541104
39528,0.337238008532094
33002,0.165200721569614
25752,0.0215007969376864
4739,0.00209450476361615
40676,0.696310248193211
40002,0.076587873446672
20498,0.0145248701427237
4949,0.0663884725968004
5308,0.0102942664535275
714,0.00193785422106246
22415,0.0335978890525432
23744,0.0617804698762813
18876,0.104758919447659
11385,0.0113657697591763
37002,0.0201441758063023
14011,0.064245673938705
9214,0.00770636812621901
20487,0.0418370274362191
10644,0.323408717299952
24252,0.00963772206069238
17446,0.0271296686311637
6143,0.00848691856437753
36660,0.0138626333520881
30052,0.294825968578888
10426,0.0234135401108004
901,0.0175211434522981
382,0.0106097226851526
39601,0.166571248754335
24620,0.816714471654492
3625,0.00931419139649587
13313,0.00741474749697428
12730,0.011418281792537
30553,0.186251141845807
45161,0.664278528361345
22163,0.0289639967521519
41675,0.771023995732515
24882,0.00908518706048759
2122,0.0421723477611638
12954,0.113181391237887
32542,0.318106155359599
15248,0.0611959964957363
10358,0.0264232613602798
19138,0.0516889226881396
44326,0.245054593472572
19018,0.336474967425891
42698,0.481564872122171
23170,0.0103413929157287
20321,0.0672972010328845
26945,0.627852486118257
13777,0.0766038693156549
24965,0.0368211970885544
26491,0.384025097028394
19922,0.058246530017642
42349,0.907746570228589
11859,0.00482337706492043
26273,0.0380707472917617
17750,0.0986142116544345
10346,0.00804200243937336
22061,0.0832122007878684
24480,0.014866745069818
10671,0.0489873727847455
9756,0.114058266420754
26342,0.0185850743692691
44881,0.19573617066758
13250,0.0192104691528105
34585,0.0298921838837053
21071,0.0132125663430571
33515,0.474093092952797
35821,0.0745036426568184
4688,0.0163295302888018
36161,0.0119876362945172
17106,0.0151190551168848
38933,0.0595590963958399
39807,0.702570020678756
38083,0.0712238930499314
41526,0.349902862132232
8948,0.0235590163494597
40343,0.896646920168278
17013,0.0323367285613777
34672,0.8905299854817
134,0.00403979498732134
10642,0.0202077628856194
30396,0.0351615292417286
22966,0.0185688407826787
25834,0.0799268196994918
27156,0.144762155075986
17657,0.0218604535238403
13781,0.110373230788473
28580,0.0215759305297809
40574,0.127064562705265
19651,0.130182703589595
697,0.00285785282762252
18759,0.00270963378085273
44601,0.00138062611352389
19810,0.0266136245342228
32501,0.118842835138072
3481,0.0397721674406182
33816,0.487343560232069
32878,0.0932633572106665
4563,0.0227404034058549
45052,0.224253474168732
25286,0.0194382229267401
1196,0.0107783569766839
36827,0.249127500076581
9505,0.0433598449710773
15050,0.0236680934876175
6246,0.00675963026868017
1458,0.00661740604860728
17980,0.0359580138840218
14636,0.473956232042009
4809,0.0650064137108422
33656,0.0549262332876937
5518,0.00221660472118857
9478,0.0271210063118378
8023,0.00650391890412821
12656,0.012346012174573
28665,0.0933196907519995
44319,0.437043906919825
4201,0.226297660836178
28433,0.0415791684314204
32331,0.0501420873322993
36759,0.100221382538243
29342,0.796425450263045
40463,0.368939689599094
9066,0.0196481215208039
34767,0.0336519550244801
5426,0.00651309179892314
6317,0.0270476672553965
27960,0.082069478788318
2170,0.0125474399901028
42298,0.112042601514189
28197,0.0149922802945937
33408,0.139126858274766
42026,0.312385217209972
37444,0.146517312392307
3609,0.00912463327174322
40996,0.336716131606582
44396,0.281631916348558
21853,0.0325128553037795
32826,0.0656484332816697
24306,0.0143507856653662
42860,0.987568874793707
35045,0.0320000765885366
42397,0.0777286468754986
29107,0.256122492262005
24421,0.0234548724943081
10395,0.0142539553154384
20149,0.0332424991211222
42262,0.283693684390276
30320,0.0323705573267896
25123,0.0554261616602325
3577,0.00722960550196957
43707,0.28005339717463
22912,0.00615851070372673
23498,0.0400174812670789
29530,0.00671222164400119
7521,0.0026216390417084
29020,0.0650922443285858
32953,0.239758301483563
12331,0.0648048079398905
16709,0.017668849590222
7951,0.00631078089670532
11961,0.00441618322437621
30994,0.0583204978542371
30227,0.0285630150353537
16061,0.0141234395613905
23891,0.065385473748313
40422,0.199070314114383
43664,0.746855321467993
6145,0.010434042576769
36981,0.0324636968426658
3589,0.00402285503567206
23855,0.0492589764492362
35567,0.65312423055897
7716,0.00295637499520592
23049,0.0703599896998506
29497,0.0878149720011058
6225,0.0100126132460565
33475,0.108728460863544
1988,0.0199828485922668
43470,0.0532721161484918
940,0.00856641589946402
7645,0.00446712890252441
36568,0.048499414099086
44615,0.511388264526858
2464,0.007168169139948
4824,0.0129252790276571
16457,0.0608151247903018
29818,0.0160241731762762
20829,0.0115589763347607
11762,0.00682373478809295
10230,0.022084871151972
27048,0.0195129325011174
34927,0.00685346596031605
5438,0.0125999735315857
34704,0.0523862629442679
39902,0.425160977726468
25547,0.0648207575705092
15255,0.0179605878027622
11227,0.0074969296485837
29204,0.0903048980235387
15629,0.105604768820355
19838,0.0941063619198577
32663,0.75403651039767
27675,0.0093975698511927
22084,0.0443370464221791
41963,0.671963579199216
13924,0.0243899183691029
14825,0.0325535950110009
4669,0.0916090985286472
21228,0.00952809657688831
37838,0.0650401238572271
44213,0.0137463046228249
40060,0.750902256507404
26156,0.112734303286111
36862,0.0462436306704511
15971,0.0453995716858754
20696,0.153274475901494
34982,0.57598894525371
12546,0.0121151150619031
12322,0.0474147447771882
28720,0.0197539189234946
29999,0.030290284649202
32192,0.0446659615653433
3180,0.010285131557301
40751,0.485178882155514
29920,0.011476427321756
30275,0.0313880576977892
20656,0.0105628631313771
22132,0.0642137539855268
319,0.00788056767755558
39096,0.0381410385880342
41429,0.824477623588278
33769,0.148253426853569
2892,0.00376655342378228
27586,0.0809923623955474
43539,0.571132658233126
33641,0.110441654832479
6261,0.00480439352181852
3851,0.00563456392724511
39699,0.01779872770005
19752,0.0366458157945105
38795,0.0111965581912218
20856,0.0046406566164814
22918,0.00732444697019604
41865,0.223190278099998
38039,0.0167279971593098
43037,0.0253648330863832
27505,0.00515268154115525
38513,0.0237413318697865
8528,0.17633301688165
22372,0.163236611498103
17232,0.0282164199241829
11545,0.0585186138575191
42355,0.761648800238476
12296,0.0870038144727394
5624,0.00253913117124106
13647,0.0584362916499424
44547,0.0253747707397475
22176,0.0372662065286033
2340,0.00714940649143208
6216,0.0184476148572519
33803,0.223660533528596
27933,0.0121059885249366
44853,0.786821701508902
41937,0.233399363747227
24425,0.0216956812014192
41009,0.529470787389849
1336,0.0119854479768531
23994,0.0272835873589917
25670,0.0304885548139491
43171,0.266818279293338
38726,0.554765785543066
13309,0.118815050801326
35504,0.0333196438123383
6360,0.0176169854100123
6799,0.00242833007218769
28280,0.0519606616273412
11425,0.0244212935930119
5322,0.0149543607394535
40077,0.164797035206151
7984,0.0651265101441269
25163,0.127171533172859
35815,0.504040802648943
25234,0.0806235373801123
34635,0.160332780288947
24510,0.244648425214291
43038,0.355030592092789
25307,0.0286168730643775
44304,0.00486645356501169
15812,0.554513165499687
27021,0.014660334993804
21879,0.0136297508688251
33066,0.0121543190520926
13627,0.0057043869939837
1517,0.0282621532101961
28282,0.0490784772810707
44332,0.530320799256083
1077,0.00569216482973176
25724,0.280537767859444
38004,0.0890162132838551
15148,0.0187829587934034
24017,0.0273368619229037
17158,0.0109081300347264
32428,0.0353587104350779
30690,0.0169673416594176
25265,0.0088194418602862
18186,0.00822544259096385
9474,0.0153680814004841
21380,0.0445848618939838
1084,0.00666914760442333
14599,0.0120646819495627
37701,0.00989571509859179
41379,0.182275337985598
42982,0.277708971700033
33528,0.0135742863602184
3426,0.00371888593586138
44771,0.370924288657882
30487,0.650045055748929
43141,0.328969744478841
34957,0.806402962960098
12783,0.0477802972185879
33354,0.0555155013702819
9596,0.164405282605777
39183,0.0233753299618188
23748,0.00587065476922947
38943,0.0096270126524708
24528,0.270931001707268
43885,0.0581096732974123
38107,0.0314336924031533
13903,0.0212818969261188
2843,0.0108169789923613
472,0.0535476874306743
1850,0.0267581707080746
23263,0.0325239919719397
37506,0.0341059798304034
24871,0.0725571969962019
31104,0.150842971464738
22896,0.143182148125044
15955,0.0545263661172706
43068,0.579814223706731
26163,0.0107334527915922
4774,0.0105265402400969
9878,0.017680479664014
14137,0.511010539953156
10004,0.011943572526363
24295,0.116041047032253
3818,0.0113808984883307
24612,0.0197845164749622
32195,0.75515606837725
849,0.00535906434028425
19625,0.0324816506690944
35931,0.0346585038003729
25134,0.0712176149552796
37225,0.146403355152995
22218,0.0506671329944549
13661,0.0348777947335484
7319,0.0167827259324463
11889,0.0343253986323374
43466,0.0993603454672491
29582,0.0356526258388689
27853,0.0248267947287228
32022,0.152462163125243
18594,0.10425321569043
37186,0.0153826748007354
21,0.0089981605238741
23912,0.14716634854986
37909,0.0598390241687027
3675,0.0197173412488495
7222,0.0100501482109311
41049,0.589949212178584
33091,0.631881091989702
25727,0.0525208812311674
14271,0.0289823564940923
18663,0.0122880138649566
33378,0.0730734611579765
37949,0.113024768980993
25674,0.0171056448493105
9191,0.00820796778359769
1600,0.00546822293628382
27052,0.00861861653583817
42948,0.384360955055615
16385,0.0126908963538219
43238,0.895881938047995
19179,0.770377528008669
4040,0.0029669047464815
16182,0.0121041693977693
45123,0.00636874098395388
29698,0.543738455020043
39100,0.209164925517289
8332,0.00166833468515932
30593,0.670108024168624
42122,0.0839469861607841
23033,0.0466358121670358
37084,0.0995921442687221
37691,0.89857640757245
38574,0.0158863317481301
24126,0.00772948884055549
22471,0.0652549950982139
26336,0.00694848089054931
45009,0.20707804932622
4191,0.00397106092225027
36640,0.0105307030508478
31197,0.069919021577651
10918,0.024459762468676
324,0.0163299261350474
9949,0.186103377912796
3998,0.0189681903958963
37601,0.126834645491406
7619,0.00486408792189025
27508,0.0242083581372894
34385,0.0167981284316431
42675,0.155415924603926
14856,0.0454922021607594
43830,0.765584097746844
30104,0.013322559761945
15446,0.230660527708873
19639,0.0757949547973048
44544,0.0924598328189509
8730,0.0326842000118378
27777,0.612617032704172
23361,0.015041215566255
7302,0.0497749098627802
2564,0.00954347172766436
12,0.00932773257475608
34138,0.102389084031153
20002,0.0271105855820301
4038,0.237683895046346
27821,0.212201394255283
21782,0.661681293390441
26064,0.0456235173170789
28769,0.0463160101805671
27240,0.00793455721176027
14998,0.0194044784074596
19974,0.0267455153849224
21903,0.0454082232578726
15855,0.00790204393754334
8974,0.0336106768495631
36531,0.0215035371275912
30369,0.22551803754011
13948,0.0182889657272273
12913,0.0634963497280621
20248,0.0212483681917239
6669,0.00567248844807855
32489,0.0982892168567232
17449,0.0169992824989455
1777,0.00819430219084551
9948,0.00000999418532778518
7209,0.0159289559018433
11734,0.0162907770243366
22411,0.0249610599806502
34266,0.17543390976725
19332,0.123982202266385
25467,0.0333400431662019
2747,0.00428731442410111
38758,0.00679197486201085
7968,0.0140920131755302
23407,0.00611486744908964
1895,0.0882901720688994
29011,0.0826316082372509
45092,0.082897285106159
16300,0.0856162718684762
18236,0.0284942507988987
9276,0.0146544132685611
42340,0.156599669850397
38566,0.01106325116861
19382,0.170616905739941
33302,0.0451351299177538
4474,0.00370410892793361
43125,0.0727132421091518
9820,0.0171156010572875
4756,0.00836486356679155
44907,0.0423114014019249
38828,0.084916540005994
31388,0.239565474845679
31286,0.650131097052805
6497,0.0134004710034559
2533,0.00719560179705262
33611,0.013803714610809
33093,0.162121003263228
2013,0.00412813764434639
11111,0.0144148340366406
19195,0.0493086119815492
27955,0.0529136952317873
12181,0.00448310746094544
42290,0.297286784562941
657,0.0224815378361042
23202,0.011204947299169
28811,0.0510417920531669
11306,0.00812541334897589
8199,0.00969020369728287
31896,0.0352944340488502
26434,0.0172660034800384
37194,0.0645683046610087
4888,0.0110184624663406
9652,0.0338102183557725
12902,0.0531452037952955
14057,0.0325558516850151
31360,0.550637211369483
44278,0.00641869200331073
18470,0.0154308944636882
4517,0.0119047852691128
39050,0.0479054973075011
13507,0.120035665136562
41701,0.549762911478106
1723,0.00319959176733244
8760,0.0462441636763603
39258,0.015573845260226
34828,0.220186677550564
22540,0.00960112531375767
25772,0.0165145523087378
28370,0.0384738815818376
30113,0.142145156657231
28191,0.760393863798202
27341,0.0230441372671504
7830,0.0101325899406694
31100,0.304184701083551
211,0.0118366187928049
7514,0.00329404398705598
12164,0.00325749463492791
39053,0.0235687411028764
30095,0.0267492183959512
34307,0.0264265511446955
9966,0.00126645082983166
11714,0.0331278035674423
38688,0.184928724083339
9389,0.0187981790163121
40023,0.209955779033657
26470,0.00709833348863923
21546,0.0369029028357808
4637,0.00359954213509111
20874,0.00935735668702067
9684,0.0198810024419794
8230,0.00700687178127046
37862,0.02484186046775
36813,0.012404378034679
880,0.00554507991534697
949,0.0500981621728524
22027,0.0371149297269492
37634,0.0714396100715268
24925,0.164569006639088
17084,0.10311867945374
29076,0.0365720024707098
38546,0.681716888118317
25768,0.0182073322618078
32144,0.0559727552881956
4255,0.0138793698071874
8700,0.00265146347821579
38207,0.0394400970749477
35616,0.0388342768505807
13377,0.0174422067896546
40933,0.511085784093949
39511,0.150485430962393
36295,0.020817583036243
26718,0.091828514772309
5490,0.0119188314848648
31888,0.0378239347084867
22306,0.0352878102101921
12582,0.00740713358930018
19971,0.0366012331517263
34197,0.0974714076618609
35617,0.0398439718792257
164,0.0351297579483196
19468,0.0310862900670285
32926,0.193982419870947
32391,0.314850070828218
25777,0.125667117184871
20571,0.0110872202070251
37590,0.00503913296343375
3811,0.00656290391094246
40029,0.0912674280653313
5577,0.00719187454935536
18065,0.0496872009265962
628,0.0266544931338672
2550,0.00456973851334692
16832,0.0312125339770858
25500,0.0147885858672865
7582,0.0543754088721662
34207,0.0534659876140658
43546,0.0534847225178494
20737,0.254754648634957
28101,0.0406765153331425
2901,0.0160668023957428
20734,0.0337194570164577
32823,0.109471572317539
1479,0.0121902367080947
10518,0.0152086773529709
44483,0.0385931184269746
33808,0.0646543876439303
25592,0.128202018209581
37353,0.0189910870252311
6665,0.0106927650618762
36335,0.0278310461738866
1366,0.0175515620496545
34374,0.24446025896194
40227,0.863127199829216
14773,0.0164518335582615
16290,0.0557673723156038
16766,0.00930708146266028
44578,0.00728095919519634
22325,0.0739654216451132
25107,0.243631049239995
18240,0.00570689168346037
21031,0.0387257574051859
17694,0.112956970243353
31338,0.0603077495627161
5366,0.0123685543896812
3508,0.00328713126436556
13146,0.033559548860549
23098,0.00675819613846102
23700,0.0368558516790036
10891,0.0150994259407028
10166,0.0205136258668013
21889,0.111923591311199
27670,0.0386009034667776
17876,0.0492778169184089
31183,0.152265849190114
30014,0.021570483718853
20757,0.018211191957508
16884,0.0395995036761287
10769,0.00391584411078955
26537,0.0293933130505095
27828,0.0129762290705957
5155,0.00469884399966146
19434,0.0468711281513476
6349,0.0115784634901827
34482,0.0314296267264063
2292,0.00231253872982957
19267,0.0259869544497482
2520,0.189076896493913
39573,0.0724615580266478
36282,0.079055717243496
28749,0.0337805546902239
40814,0.606988534948933
13003,0.00820735390141641
31444,0.912931907346854
12635,0.0043374193980923
23257,0.0455056915552732
31368,0.273231833009861
33306,0.369964910685314
60,0.308755750601612
9989,0.0293464295618162
24813,0.0127391278807988
4928,0.00122338498489245
8598,0.0270364039803163
24856,0.235537817683191
22344,0.0358608865920626
7689,0.0347789283910097
44154,0.142996605603977
43548,0.860149777399814
21887,0.369932392866378
14240,0.024113014686811
1919,0.00555090688161531
11308,0.0948597843226727
17895,0.0433285252211144
11838,0.208275754112179
44775,0.0162271170341048
8487,0.0107743468831239
22291,0.0368645882718921
5726,0.00930243269111757
4900,0.0234853136729862
20043,0.777425693874697
33078,0.199825250293903
27750,0.120027145587314
14023,0.0261033806557236
40467,0.708584067544948
26563,0.101755208348048
41567,0.0906299074021764
26206,0.0575419657919784
23841,0.0235639225830693
30908,0.354405882403691
29280,0.175760025737784
6640,0.014056849842048
27797,0.0133437881814648
44715,0.349174325304705
15063,0.0772109658392186
8666,0.0158090318438833
13744,0.0174113727355864
11641,0.0164641427718448
19729,0.0379691810340409
21708,0.042825809694598
19254,0.0476608053267007
43489,0.131209649626685
24172,0.0115545007417186
6496,0.0318395204523024
25202,0.0120665266309264
28795,0.127421142562876
13014,0.0139539256041777
11268,0.118151010198166
1864,0.0791226125935446
8867,0.0254897861818366
3941,0.00610449739970913
41470,0.805243170026257
36992,0.095525558020441
14556,0.00591690022818327
37570,0.0367413906007124
20300,0.00811721944346683
16291,0.00939343875454902
7278,0.0360180077947182
722,0.0070127048732845
14006,0.192347947929483
7012,0.041831131768428
14800,0.0424692321730102
42808,0.545033145510781
9871,0.0237321522439533
5743,0.00944419117154898
30105,0.280747110777583
3407,0.00693428170084004
13048,0.028898568966069
22954,0.0454255333190631
39338,0.0276300066303855
17852,0.00766721486247529
23940,0.024631384171934
29315,0.574888312912005
18722,0.0104836198591049
18636,0.123017675211763
15758,0.018570877968079
44074,0.00200743483588972
3827,0.00921237212526272
41732,0.24839963531754
38246,0.189009406793613
19671,0.0535638266754089
30703,0.0595538633280883
18870,0.0565323678798859
4786,0.00373670514593608
37373,0.0264802785998152
23440,0.0322774644625212
41033,0.890818293593218
40954,0.170435094969906
25157,0.0485503088373426
23747,0.0502349674292415
44166,0.677452642763314
41764,0.726592924057887
32918,0.0396534693549346
4313,0.0133788666653758
7759,0.035736659398923
22046,0.0273653226529876
4050,0.0306544402500061
42484,0.310857875441104
29275,0.0659338656216099
27995,0.0304061592361841
2784,0.019778292603356
7553,0.0547018714855002
22202,0.256549549910035
