"","Subscription"
"30944",0.0190641423269122
"35598",0.10635391594675
"44990",0.00588514176729684
"12688",0.0222339392828083
"37613",0.0255162882338378
"2264",0.00931752624977619
"28768",0.13085931660838
"15290",0.308210487586302
"13140",0.0753613056776544
"6045",0.008530497471105
"40068",0.354143428752257
"1952",0.0518143389338252
"20662",0.0958909533720894
"40837",0.550317312809385
"8580",0.02390919362336
"16750",0.00312333941339099
"42420",0.695560842205092
"23237",0.0114435779244912
"14734",0.0190662335190473
"37968",0.052592890789912
"9623",0.0658804110886274
"33745",0.078668586155096
"15939",0.0197412416628147
"9536",0.0217829435440805
"955",0.0269170325856844
"37901",0.0621620666918604
"10800",0.0265642927340107
"1447",0.000235495066814804
"21022",0.270613663350391
"44988",0.230509873933001
"3294",0.0832583974822848
"16298",0.00640855251473464
"26003",0.00825786636293064
"20434",0.0376340787105806
"4218",0.00413690636922949
"20557",0.0270187771163721
"23491",0.0109485399292416
"18894",0.0343493394185116
"1034",0.0415839005489919
"16853",0.0362813016157597
"19817",0.0427182280818221
"34328",0.0548544710769951
"44694",0.00343356343042585
"16295",0.0021497744886241
"24495",0.00643201484655441
"8082",0.0372956848760809
"33319",0.0930227427219737
"2634",0.00529768460059712
"9657",0.0822526884447252
"13845",0.0355402858950146
"20962",0.0170368293539732
"14432",0.0149870385160791
"10097",0.0030498004632629
"842",0.0716893053154132
"27178",0.126813480113117
"39134",0.0480582265724152
"9061",0.032617181599618
"10440",0.0445552886967577
"27923",0.025000134493786
"39292",0.0218153900027366
"40132",0.57060232441631
"42283",0.453868730412697
"22327",0.00966299423905842
"6670",0.0429427168363707
"17063",0.230550997330059
"7928",0.00432351836439747
"28631",0.0556287103863226
"30718",0.320348907520181
"37488",0.0973541024473001
"1676",0.015635495633326
"21812",0.0229729452101925
"23009",0.0561174245235844
"3942",0.00387778863009794
"43358",0.54231762857033
"35311",0.0199975836158082
"30580",0.105838835890225
"28066",0.0057120803235254
"31976",0.0553311655616387
"38467",0.000894747188448357
"6217",0.00149394049304135
"33586",0.043281208377191
"38602",0.0011749976430663
"12071",0.000958695043847432
"20821",0.0036038295633278
"10090",0.0103252326966658
"16722",0.0471171893764935
"320",0.0249202459774783
"36408",0.0875405428964832
"18118",0.445407613155022
"38607",0.0253297151428736
"38547",0.00336047649028781
"17919",0.0012824697450143
"5128",0.000845035302257075
"470",0.00942284595758592
"237",0.0123673329755814
"8140",0.399752091008048
"11777",0.0484452015203842
"40652",0.389104052487235
"10904",0.0403280663046083
"35340",0.0591542611357148
"44130",0.0765475846052472
"24738",0.00711213423408005
"7063",0.00729654852549311
"36624",0.212078803778878
"22054",0.0218286573049273
"1327",0.0215891268385916
"13421",0.00340236831874021
"15246",0.13790105292659
"3595",0.0142712999320834
"8826",0.00522685240788928
"13400",0.166321343309915
"30652",0.0545031915880196
"4897",0.112255305424684
"12622",0.019203050109246
"12960",0.121615178506423
"39940",0.177664515434083
"36316",0.0933088731382109
"16735",0.00320999937559111
"2307",0.00384877804912297
"36511",0.051792262789022
"31877",0.0216834037067197
"8642",0.000272950231049662
"26079",0.151768614226844
"43742",0.146783068895314
"40216",0.780780730848801
"41997",0.690900408624063
"370",0.00270884454737617
"44563",0.145212732669386
"24982",0.0129063593555738
"16556",0.000676124969668771
"20759",0.640712371726467
"32444",0.29927356425658
"35987",0.0938583078531636
"42987",0.865066345454728
"40762",0.132564776265315
"7431",0.0320218708927863
"1343",0.0105854571217928
"22564",0.0561228935075215
"15627",0.00103898836960845
"42584",0.0488058445915575
"42695",0.0135020906334201
"12101",0.00121815409108243
"37384",0.035690414442883
"41271",0.150494430402228
"31319",0.209120630952249
"17015",0.108627161166264
"38074",0.0126342086962519
"33250",0.00950772842754132
"34177",0.976677956335051
"9304",0.0179680284858326
"31598",0.0941995042991075
"18220",0.0345762647972008
"13414",0.0126473439046669
"30913",0.040392263457414
"41536",0.408998254077919
"33814",0.071709989316726
"3168",0.0139981900360403
"9661",0.000600631896843326
"21500",0.110635507240203
"10613",0.582233261978473
"19602",0.00439667382178933
"44639",0.0901576432311472
"36188",0.0651633341204865
"461",0.00805535077788687
"12010",0.331057366266503
"32302",0.818941109962162
"1910",0.00192348425885322
"3549",0.410949583684903
"19587",0.540922189482243
"35512",0.0242706009006719
"41242",0.821026570235426
"37703",0.0575313939751609
"42436",0.301662908039508
"14408",0.0446466659900544
"34666",0.0887775251142514
"26728",0.00969567117602991
"17488",0.0196607809491312
"16151",0.110680473356127
"14221",0.00726652908282093
"32962",0.052038579223016
"42876",0.0339809964107598
"44066",0.0533824444298529
"15400",0.036852518050751
"2218",0.0688444640815686
"41324",0.0167856525333399
"3886",0.0629542231600252
"15122",0.0281113354998484
"28021",0.0370329126134838
"39009",0.00127049854958971
"1760",0.00985441525323981
"31217",0.394807930860405
"4658",0.00437519114111393
"45202",0.55387896364565
"25187",0.00349684913630748
"38205",0.0576699755827742
"30845",0.00267790705302388
"9134",0.0421034552061635
"34397",0.0486875523781721
"42224",0.0921712029200342
"35759",0.0546101075027221
"19409",0.028423895127896
"38834",0.0395320548434049
"39790",0.589999970871783
"10246",0.0294752340816828
"16434",0.0271177089025449
"7022",0.0198140771033059
"36977",0.00083241796881989
"27930",0.00167601860069819
"31732",0.0349408447818786
"19861",0.171879272820197
"5900",0.0367121827024492
"20414",0.016879103119853
"9463",0.0391365322093567
"38427",0.00635655193757618
"14032",0.00655289150877704
"15172",0.0791401261789563
"23450",0.00574275165410613
"19888",0.013034320540091
"31780",0.229268617567859
"11230",0.0228636953570041
"18923",0.270121407689588
"41417",0.983088364374457
"5215",0.000848260646987681
"18410",0.0316925895758914
"8956",0.0469765756376507
"38568",0.0209160787769538
"4887",0.000372838497502969
"28285",0.29753448228293
"7473",0.0589016562181706
"3045",0.00800007564544138
"33901",0.123096862600161
"35021",0.00557703288304679
"29015",0.0201491000340405
"3968",0.00618692062253319
"8596",0.0463137231903497
"32082",0.198794649743656
"1134",0.00569244074534432
"45045",0.293932034120907
"33772",0.104775785590219
"13266",0.0108538093502461
"21907",0.00564868225827832
"8929",0.00119234964599274
"20398",0.198926752366371
"26298",0.00189633275061968
"36328",0.00560051676060975
"15691",0.216251617432931
"29373",0.0274120702530095
"25955",0.0478214612035743
"41917",0.3747411459732
"40658",0.323321286079271
"6298",0.00836776549386635
"3069",0.0460790962630317
"11260",0.00969741136564188
"24267",0.0307733484164889
"33825",0.138049131953635
"4496",0.0126779922973349
"21146",0.00247555547877678
"2593",0.00855653560731612
"6083",0.000479850143761614
"1556",0.00612561696181414
"14072",0.230530595669311
"29324",0.0915484544300765
"27936",0.0351551486859638
"15768",0.00965409424383657
"14977",0.0201275349277392
"6584",0.0060263944913676
"44313",0.814901172333708
"37170",0.174178410766623
"43992",0.156417832272623
"6285",0.00288051707947834
"6122",0.00265562118762104
"24732",0.0568692918293474
"24809",0.00366571106682154
"38711",0.00114428267195852
"25181",0.0234251313511896
"4099",0.00849888763021447
"3582",0.0165285454327724
"19865",0.0226114068498057
"41098",0.0269404027458414
"7138",0.0556626591886993
"43087",0.105351207109151
"24687",0.0298005996370442
"544",0.00959255642084494
"4706",0.0208090252154768
"18896",0.214131669475706
"1897",0.0054288649890524
"15134",0.100884589515555
"19281",0.0197578832928787
"7934",0.0235507690777374
"43940",0.0403550210593831
"3887",0.00744410115081737
"21933",0.0270135363047663
"29645",0.0436372221691672
"33396",0.00338071459970004
"5930",0.122136157294753
"28231",0.00433026256546321
"20353",0.322407452528955
"38701",0.523862215776642
"20582",0.0135226983405786
"8141",0.219947881111629
"24754",0.00574444928991708
"14609",0.104285581226199
"14715",0.00716044790783439
"29116",0.00776562475820798
"23504",0.00112334452845365
"26879",0.0319080291726609
"21075",0.0115599994459841
"9583",0.00213075809742803
"13848",0.046123882430426
"6548",0.00399016275511067
"31831",0.0869008059689884
"40583",0.0143381024502035
"41276",0.41621541895504
"9971",0.0459266379237045
"21053",0.105239627004538
"21029",0.0678601095579229
"27391",0.0639989181746125
"36154",0.0461710439656578
"24827",0.0489524944587371
"23434",0.00953805488838581
"17059",0.0751663453305518
"7015",0.00367676105677093
"1928",0.00949333677689284
"16470",0.162876606591365
"33127",0.00523769055548228
"13332",0.063841567151314
"43972",0.675826394628735
"37566",0.00170811048728972
"34438",0.363035646247172
"1839",0.00635755293529219
"5986",0.0112003820722267
"4057",0.000526782359255684
"33020",0.849869608496863
"44457",0.23729927217588
"21396",0.0357208449844953
"1484",0.0285093160400278
"16671",0.0326831996704205
"29573",0.156191819591752
"32717",0.0581116972716554
"17696",0.0290162878328254
"25332",0.22713024193025
"4544",0.0406536592779545
"36972",0.00248456645546491
"10238",0.0140681271808918
"28438",0.331442216272325
"34361",0.900387885071176
"8482",0.0479386127364936
"11154",0.0100086041835486
"10001",0.0887281830815147
"14569",0.0324783756065059
"6747",0.00785647948083831
"33327",0.214566844291939
"33016",0.0312302367198766
"40508",0.052687193292585
"36731",0.381813691071822
"37997",0.0113809680908171
"13690",0.00359121503359046
"40985",0.662179391836129
"40774",0.39850786628944
"26038",0.0235997011616431
"1845",0.0125124457189592
"25519",0.0620417787713525
"35773",0.0111390354606755
"28374",0.0322077572301952
"32947",0.184487359575205
"11464",0.131900403040585
"38084",0.0050078279410815
"16089",0.0243004835041766
"33229",0.0657154944631831
"4991",0.00775253655613994
"34744",0.221777718027578
"1038",0.0204741808869939
"6752",0.163076217524948
"2343",0.0383211723908311
"21231",0.169391589234788
"21935",0.00823711517972881
"17441",0.0451561804484494
"38852",0.00128170336290329
"12488",0.00700915160827992
"7329",0.0263608649576309
"17004",0.0393670315728759
"14486",0.00464808552281747
"33620",0.0015774684548274
"37796",0.00147807809785429
"24885",0.072172135667437
"29500",0.658344698100387
"41012",0.0165578397188497
"38840",0.00904342847308581
"32073",0.073982195973082
"9218",0.0255715911692218
"23801",0.0541502278030841
"34790",0.0648271016769794
"1983",0.0300245313708335
"35769",0.0268916075514356
"35601",0.126124206060412
"23345",0.0267753641283062
"8714",0.00226100844926158
"20034",0.155891112585996
"31030",0.052262251320366
"44767",0.00513912803237688
"35581",0.0268116664694583
"13335",0.00122626795996295
"39376",0.202932029089722
"13310",0.118241588672316
"16865",0.750448459697507
"28115",0.0327273762521206
"36119",0.00563655664985991
"32452",0.0894836577709715
"24607",0.0243137809307217
"41080",0.183771469471545
"6817",0.0682743047491624
"27492",0.00199100943532102
"23238",0.0106975611760184
"35660",0.095123194603427
"27841",0.0324466075589201
"5065",0.00212510142433586
"25363",0.389613824826386
"21640",0.00922784661792386
"12682",0.0442603226670728
"24568",0.020643777424256
"31413",0.0562587381740978
"5556",0.141078050441991
"1667",0.00844668004736251
"29215",0.0665120232091556
"7162",0.0044290968556548
"27387",0.0324299439110959
"8149",0.0469977720698204
"42479",0.199759902973233
"44252",0.00111795639546377
"32275",0.537683626771957
"14678",0.0255206035457002
"22067",0.0149409340720403
"43111",0.143203550185275
"18507",0.42619026004454
"43180",0.636162704081104
"36922",0.0335452960579761
"36175",0.163726610302745
"45072",0.375880168492252
"38202",0.00542622037966101
"31499",0.0624714660836751
"10457",0.000704192705821749
"7384",0.00377103131323321
"35885",0.0347296395344401
"4749",0.00983007968290104
"42572",0.610440646870478
"12102",0.000862286098459853
"17216",0.00271151195475393
"3843",0.0128592178943797
"10379",0.00873897588672112
"28154",0.0128433603972453
"22144",0.0289452162760052
"25790",0.820324241155527
"14785",0.212190247883982
"11163",0.00181910969019181
"18148",0.000933764051877912
"41569",0.666747634684039
"20562",0.0269941204042925
"11905",0.000417074764246432
"35377",0.0386378625662136
"16498",0.325911947434197
"6525",0.00483029910274876
"16299",0.123276903581084
"8121",0.00168799289279364
"34504",0.383930467412758
"29430",0.457311830810825
"27274",0.00523876429292483
"37895",0.247739629733543
"1053",0.0486341695652152
"7331",0.0135556397531635
"26575",0.00875455007178092
"23687",0.00206248691048081
"6394",0.0297371209989027
"2865",0.0871845931604687
"3162",0.00877234429378909
"43449",0.360574608407525
"21120",0.470188783630513
"13641",0.0261602154494585
"30469",0.0547918913920845
"29391",0.021779285776576
"22869",0.0776266707820327
"40431",0.0296565030708664
"17866",0.0073759885104711
"30301",0.559592747486305
"3008",0.0165582960740824
"12771",0.0251524454684179
"13128",0.0113668963196402
"20194",0.106374484759548
"351",0.00590453014164339
"38524",0.0197649315002679
"24733",0.484673920790997
"17598",0.132834380256905
"476",0.0110569527271295
"14007",0.0805645565648813
"625",0.129509383819831
"27858",0.0755314166011521
"21692",0.0860184417049561
"8188",0.0156984336484502
"26259",0.044679457107766
"12958",0.0239791042747501
"40396",0.0109937235465295
"14642",0.47847158289696
"43080",0.18261827927716
"37946",0.0500402255289105
"41789",0.323886210797239
"20574",0.177383697823947
"17873",0.00649708789825176
"9557",0.194675715007872
"30895",0.0025492374242134
"10225",0.0324555734766817
"11585",0.00836676570616828
"3810",0.0268636515259302
"7147",0.0136517179305018
"19330",0.0124076150534738
"41437",0.916734285699888
"4893",0.00506107711111375
"35101",0.0210019613477253
"21355",0.0652578128831737
"8187",0.255395915860424
"22911",0.0142326157793876
"15006",0.000486413552808818
"27275",0.000718092544080312
"38550",0.011174319575399
"33167",0.210824128671541
"36913",0.239081286166979
"41006",0.487670385117742
"13944",0.0464266478339921
"33436",0.141341876825457
"5895",0.0089298774036626
"43775",0.107877609938459
"33868",0.645725011454531
"13222",0.0468675187247017
"39904",0.113054929528609
"28357",0.00479301642755316
"14768",0.010139016055665
"36562",0.727609707230954
"8259",0.00216804022222448
"4864",0.0419641854905203
"36676",0.0549812320518503
"39115",0.0410785500076265
"2546",0.0481631032117655
"34212",0.758683806631731
"4056",0.102939423016268
"5224",0.0312074691031261
"28722",0.123275466140837
"16236",0.0442803131632879
"41610",0.974203510842786
"31417",0.669464590408115
"9883",0.0300567158418832
"41837",0.476918196032268
"27824",0.451353008287369
"8966",0.00225079621435748
"41953",0.125074889704436
"5142",0.0109775582299203
"36001",0.0257426895600161
"1751",0.0541968394199539
"16111",0.0689292726656142
"30193",0.24236628391777
"10911",0.00609290549879559
"14541",0.0350590991962903
"39033",0.0180820371360662
"15770",0.273007339312012
"13741",0.0649683644522088
"33543",0.0141366325884751
"43682",0.0974998041639116
"42394",0.396906825344531
"31039",0.0763962982444118
"34360",0.139913915183844
"26519",0.227300322671265
"34753",0.0286657816179823
"16397",0.0094845955782565
"5679",0.00507607721493432
"10422",0.145454769458233
"17850",0.0506140762592062
"35348",0.0771546785803296
"960",0.00063055876826156
"36957",0.0641860543421146
"1844",0.0435725725392831
"31693",0.180609341894115
"11652",0.0122755726961375
"25825",0.0605799000962641
"25528",0.00377759653236982
"17247",0.00100632556916113
"32400",0.108884303013773
"32307",0.32519720254588
"26933",0.171425753555904
"32327",0.400906234403814
"26752",0.0411614472517467
"5975",0.00389470007362539
"1163",0.0157889033793133
"32011",0.120406071966342
"44015",0.286478469066962
"1913",0.000690963122132815
"17284",0.00928246920337164
"28002",0.600274044764857
"29246",0.00412687690848083
"4027",0.0196918866002082
"14513",0.00388569251381978
"36796",0.0396914873691128
"27086",0.00684406482448195
"7920",0.00659462144642373
"27778",0.484209105800105
"19790",0.00499190923419564
"7124",0.102245134103003
"44513",0.621770888798514
"28952",0.0107197861400791
"17067",0.0294271780087465
"16444",0.0486507905660174
"19135",0.760501487707011
"7604",0.0179480523140468
"23602",0.000840050132868147
"31385",0.182713150647364
"21534",0.272980905905008
"32118",0.0911050077549369
"44962",0.913933023557767
"33018",0.42939472997899
"12261",0.216953219844581
"17151",0.0109258571808744
"39358",0.00235397110765531
"28833",0.0110068540929386
"17579",0.0710455559478375
"38771",0.0280693323145095
"39656",0.111308781318732
"19935",0.00712435822898371
"42136",0.089394304220857
"38949",0.00354161838589614
"1226",0.0295934362086671
"40280",0.265260833251763
"8407",0.0212969676260199
"15518",0.0607107835498409
"43213",0.618287764769095
"8628",0.0120311770321979
"40957",0.0951088287250186
"39012",0.00736696149337976
"42289",0.397676408272728
"27957",0.0207748100300356
"28883",0.0681353515393996
"21281",0.00672294287426243
"31756",0.134996099182984
"16078",0.00703956512296345
"6331",0.0136561701655386
"25557",0.131370390097645
"7254",0.00904410124261286
"4079",0.00133713571575409
"39386",0.418091500990233
"28409",0.0224094470728687
"39418",0.654752046708103
"14907",0.0184359983336183
"20932",0.0092551794494356
"11649",0.00266557097950374
"34729",0.00811764019817306
"4463",0.0248740549579323
"15377",0.0241923199360407
"1956",0.0126776360602862
"36633",0.0438038972710184
"6672",0.00882848492002751
"21244",0.0267337488372622
"28957",0.0175026013093134
"19180",0.314241898066977
"19556",0.0148899869965611
"4386",0.0110549379576062
"17959",0.00330352888039038
"17341",0.0150540920987593
"43927",0.991446835963936
"11339",0.00203808576268172
"15530",0.5215583220631
"361",0.0285876006965361
"15166",0.00187722764644864
"23441",0.0204019123685564
"34903",0.000975530762138254
"14256",0.0424969750873304
"5187",0.00703772255489883
"27010",0.0231873911591017
"32970",0.0607545941383615
"22543",0.207101902748997
"13564",0.142657113978078
"12483",0.00132605575795057
"43897",0.940945807464069
"2201",0.0336391759047681
"25069",0.00257748123426217
"10837",0.00723968392873166
"18995",0.0216651209536012
"41152",0.0695664774487634
"30951",0.00349006424178344
"29938",0.180819651619477
"39220",0.0953881187811185
"35250",0.0554193037661704
"978",0.0361685408484283
"42235",0.115679581851437
"35784",0.237620294123476
"13175",0.546665443615111
"26967",0.00462174287682576
"17884",0.00395409739181523
"11333",0.00583149576106128
"12195",0.00360735837768732
"18481",0.0415007802039047
"2579",0.00779828193304326
"32280",0.00463604747833572
"7498",0.000349407472246853
"14489",0.0104687895285773
"1111",0.00633484469174468
"13242",0.0704814406545107
"39836",0.257290920457596
"36101",0.313989642842181
"8286",0.185243227781943
"26664",0.0911983272598288
"30781",0.11725610971315
"16270",0.0419214338500353
"40889",0.260437665748467
"4508",0.00785739699626746
"28677",0.0382275207848559
"7417",0.00216578500907014
"18287",0.00741007886305293
"37896",0.0357262884448661
"43373",0.0745855559474419
"29971",0.0617097866062026
"11296",0.0023200547068912
"6524",0.00035659962823401
"10067",0.00567971530001463
"2918",0.00614009450599901
"975",0.00581147333898665
"34245",0.0148169675972057
"38572",0.0720883733299173
"10991",0.00579653256285019
"21366",0.50954497154746
"14024",0.013372708965334
"39841",0.65085323602309
"8292",0.0306470758333784
"1428",0.00183694731274841
"28972",0.296661227259661
"25745",0.00548278995735774
"29294",0.299437393290025
"8180",0.0241006531165813
"24570",0.290165971438586
"24844",0.0332195229259897
"10154",0.173972907886952
"35957",0.326403989720504
"44612",0.144106373071503
"26923",0.00680590199506771
"23997",0.29983995028652
"41459",0.814181782981959
"5222",0.00382197405217671
"17198",0.00767031310902062
"4387",0.00216662608074277
"24328",0.119938828401282
"38790",0.0183185203100577
"28574",0.0351844672205764
"21681",0.0214700155655682
"20807",0.0171804550415795
"4421",0.00129765962420288
"40482",0.446185873544994
"13398",0.00157619420238746
"40389",0.0129346643757782
"14741",0.258039377950526
"39804",0.164552597544579
"34710",0.0504396136101639
"38780",0.00516816868896272
"16597",0.0545942597394582
"23155",0.0313861670150151
"4328",0.00859314155421294
"10045",0.0234811682030554
"539",0.000349285602016609
"1463",0.120021030417287
"12644",0.000636472069108707
"11218",0.0103233888852867
"19889",0.601913098786656
"6837",0.00129215224011063
"39471",0.116461909204321
"20269",0.371258847488296
"26777",0.366045694861102
"39743",0.0301149404622462
"45021",0.894274212386142
"27238",0.260492812466825
"3864",0.0120294204945726
"43285",0.489380185406386
"30989",0.0113227561269923
"42163",0.380544168602055
"19514",0.0575858561955551
"17773",0.0457074681582351
"28731",0.207131444569456
"2779",0.0146459643245317
"35694",0.0402571554457752
"988",0.0621830902994432
"15375",0.0650617931649841
"22930",0.0059566609415321
"18006",0.367714901352813
"11240",0.128121808301893
"23353",0.00104772122035648
"25588",0.0311453355851769
"1540",0.00950673374308638
"2933",0.00353314811408638
"27291",0.00280759928392022
"37459",0.0476836304863702
"30840",0.0468376555638011
"36088",0.469097450049087
"2939",0.00915404900241976
"40789",0.0175964942881526
"40188",0.749168999275371
"20683",0.0373730015798765
"21177",0.668207549882793
"11894",0.00257699962088399
"45131",0.302781166965513
"25990",0.00459483070998467
"19770",0.00672534027992703
"35641",0.134557873353078
"36816",0.0900607583244581
"17366",0.00133762674529227
"41391",0.262223594315319
"13068",0.213283061776146
"45170",0.0613135638576995
"44152",0.929592520756684
"31906",0.119405100067162
"29619",0.134063956266842
"38322",0.00573197749220087
"40975",0.13220535344215
"41414",0.829427802400136
"24883",0.00447147547105975
"35270",0.286463145912591
"21260",0.00342908817264279
"34433",0.0239641139881423
"38072",0.0475559484421858
"40246",0.687299217133254
"41584",0.639563100998736
"39805",0.0173977341454265
"41725",0.938786948240217
"36058",0.133104270012484
"39109",0.258658202785309
"13255",0.302234119609313
"14744",0.159832311245709
"40277",0.720541994697518
"38264",0.219761751040512
"32707",0.00576449342509271
"17011",0.013025045921633
"19053",0.270408812237131
"24077",0.112333110360729
"25040",0.00458189087462128
"17192",0.0651559776681995
"41438",0.896101493901311
"19877",0.0231046812655731
"18807",0.00189245939591024
"30809",0.00963399200359099
"25552",0.159546003764359
"3796",0.0455503199739927
"2642",0.0410158117241809
"11216",0.0378099440149942
"24487",0.0609599986932379
"39787",0.898406754973496
"6231",0.0126156000601356
"11844",0.0537298454754564
"21689",0.0243156483413809
"11097",0.0160729039985718
"14471",0.014425064527142
"20833",0.031104359433321
"25392",0.287840395775971
"23757",0.00350992588936267
"12038",0.00199808071443108
"15444",0.132752092373072
"39605",0.140827694835919
"11787",0.00600418987672939
"34208",0.00202291786816117
"5151",0.0165368781941637
"35372",0.0121491852588298
"3325",0.0276054077808475
"28076",0.00443582783342706
"17939",0.115262571183431
"35528",0.0492497501802464
"22438",0.0130936510695904
"3691",0.0350142126561
"40108",0.0341254602077524
"39496",0.149057909990683
"21049",0.0132717511421687
"10123",0.0327636999429064
"29376",0.00382777683131101
"17573",0.0380225726032723
"2569",0.00720218277787086
"8268",0.145710245533504
"34338",0.254903165107515
"7638",0.234621738043213
"2916",0.0127290917712267
"4896",0.120894211238987
"25081",0.130031353595505
"37051",0.0350099849515699
"39857",0.796233073570129
"33762",0.109305141895328
"39737",0.0282697901261864
"12887",0.253676322911288
"21963",0.000650467012002863
"32434",0.132563306568404
"8324",0.000576182186990598
"19362",0.00448233258616888
"27053",0.0122608158065608
"9074",0.0713870864191234
"30900",0.0380450616114047
"32971",0.0976861609636708
"20389",0.0375817223828328
"13858",0.0448012539654917
"3838",0.0169414605094431
"1299",0.129290740454488
"13889",0.202410696916896
"2357",0.0303631260220686
"2972",0.00724353954655217
"1621",0.00434075193338036
"5520",0.0657654223829858
"18102",0.000643600901009046
"43639",0.0156858496417229
"31476",0.819528367963433
"9736",0.00243230899210095
"6290",0.000687888178684708
"18132",0.0484935624127558
"3629",0.00123930693840188
"12063",0.000426290694004232
"45102",0.963979335198702
"15873",0.0367473151644479
"3128",0.135258831503813
"26074",0.0228811692711849
"5512",0.00177911538167169
"41386",0.536610487076963
"43866",0.00186266371016704
"10523",0.00514464882398153
"19447",0.0245990302768917
"5292",0.0135474062676664
"29299",0.105558506124934
"19004",0.190383533992401
"24773",0.0205120056166614
"15999",0.0457449549226802
"42352",0.735882722260164
"34733",0.00176566944673708
"28676",0.00198245617726
"31304",0.248789395766441
"25336",0.322011601252032
"17451",0.000480824173526729
"12338",0.0491128539378079
"8845",0.0201932146425097
"26070",0.326017964023895
"41923",0.2071160971418
"4675",0.002999024275432
"33947",0.574711833986074
"4941",0.0313737135303108
"17933",0.00219467815434571
"427",0.0172409406487355
"43493",0.0303340253947392
"10843",0.0174633070214744
"6952",0.00178177264347944
"34256",0.018658944520489
"14901",0.0182631081581232
"13891",0.00430048992083277
"34670",0.0465347958787204
"4770",0.000727876240775296
"9931",0.0105383387246367
"11233",0.0143530588238218
"17682",0.0995644848739128
"37991",0.240871357658171
"34470",0.0844925828884248
"4714",0.0123209295573926
"7430",0.0348086276074865
"26431",0.0220042853925611
"22561",0.200067568450972
"5552",0.00319379434420453
"7425",0.0019254574320158
"39557",0.251517800434641
"30217",0.0296317146114458
"35162",0.0088038086946594
"4529",0.00831240707029526
"6917",0.117535348180401
"26016",0.337094140613463
"11899",0.00275234911457835
"26643",0.0493770013900382
"18338",0.000510794605423958
"33463",0.238446766546913
"7568",0.00486170795235459
"31121",0.149464406532843
"42970",0.0169702717634106
"25276",0.0228017053472072
"42823",0.100853067975449
"3895",0.00704336085652586
"31130",0.0190801096122448
"25637",0.00873091020458011
"38191",0.00128796946540174
"38236",0.00283915156993339
"32145",0.662634747086673
"40041",0.212547205602933
"37268",0.00951799499356495
"44448",0.162451158287138
"26214",0.0280189951600808
"13225",0.125315753896206
"1873",0.00625397464189161
"11518",0.0114536773499761
"39595",0.180788425960587
"22320",0.0154551385194514
"19918",0.0229929100170969
"17833",0.0665793525678202
"14389",0.011358929546935
"2737",0.0114610133753883
"5045",0.0189518133064343
"34972",0.0338989130721304
"39991",0.880854715987185
"13136",0.0606471444143596
"38355",0.00458496015556428
"34410",0.00185685858914917
"33068",0.00933547226373316
"9749",0.00577449171607773
"13907",0.095136972675739
"24196",0.0521089498404792
"25165",0.0550143126859384
"9565",0.062542426877529
"19086",0.0697273270682718
"10814",0.151451675075869
"22215",0.115165496198549
"11668",0.00106057298088374
"35137",0.00121584080858011
"38400",0.314722406187506
"27303",0.0579825557863951
"18425",0.0404751897204964
"8916",0.0154199404111131
"29881",0.00682504159581969
"34444",0.197206993363462
"498",0.0108752882584665
"4955",0.0157120437960258
"34015",0.23475668503347
"20739",0.0253086830139225
"27512",0.0406025965734952
"33830",0.0453554590996097
"8327",0.0697385877452558
"23231",0.0875380816680876
"33450",0.233157618110282
"354",0.00611401075525354
"30794",0.099746989060134
"39336",0.00112407107916752
"31501",0.935647498227025
"34005",0.252415002600762
"15131",0.0107948406242114
"31698",0.213223909123954
"32502",0.00328630291311805
"25693",0.610287004394128
"32413",0.0207095365745667
"30496",0.0524427433667258
"10678",0.00646091793918746
"12949",0.101793275607637
"21464",0.00798870378902252
"17128",0.115273817405723
"34368",0.273798123907403
"38128",0.0250978042662682
"22865",0.0423936377349642
"23621",0.177641382188805
"36039",0.00380042003768048
"14019",0.0186733856001173
"29512",0.166769308288188
"38578",0.6695731705879
"16059",0.0375842938666361
"42935",0.0386738719554897
"19200",0.0635806638244037
"24046",0.39548218965675
"40978",0.0293167362220358
"38744",0.00238267081579035
"43569",0.199604300171103
"28849",0.12782346569686
"34230",0.00416496040050491
"11418",0.0764671721219757
"35437",0.0585601411458149
"8886",0.193910590124019
"40432",0.0402227849014072
"11628",0.00242184159963742
"23844",0.134542913671908
"5140",0.00415725084094929
"20032",0.00285175983668201
"17567",0.00211127514430134
"25297",0.0308379348634758
"29919",0.360947586144185
"10656",0.0827852868878563
"35207",0.0536396890000113
"26315",0.349024669578691
"43512",0.411569558930932
"39152",0.0237437729221666
"15241",0.501385825608763
"24149",0.974183658404363
"34565",0.153847784268534
"22387",0.0435930497112029
"20685",0.21263536568895
"1091",0.000508434702702907
"33743",0.822471387755738
"22432",0.031946856625109
"19033",0.0341221552114777
"13551",0.0206838602492278
"9916",0.00168058838593659
"8063",0.135416548854548
"23291",0.0181004648261517
"4704",0.00416947478119655
"41424",0.0839123383570089
"21303",0.0880516792513371
"14970",0.0162860177018798
"34104",0.0615469301629926
"12477",0.000700381071863033
"23560",0.00291352062823339
"21103",0.0406700743202487
"5888",0.00955422612681083
"36237",0.0285507793770533
"25918",0.182653634804958
"36602",0.654765510179177
"15439",0.309217121198074
"26130",0.521144823434479
"25275",0.0251659118062372
"6018",0.0710816729335417
"24175",0.0127315109670075
"11974",0.00031406266068525
"8997",0.142242770508761
"16625",0.0242517697717372
"44177",0.445929864712873
"11431",0.0126628888509769
"30574",0.0022148516590584
"19112",0.00841405658509573
"7803",0.288437001505773
"44570",0.0390152493873941
"1157",0.00806900227180385
"10424",0.00706753525172447
"1584",0.0378842671829266
"8852",0.239586465484472
"42326",0.890370218441963
"11926",0.000395636229307747
"11881",0.000189711952524714
"43186",0.463246412965822
"36016",0.0015097278439797
"4516",0.0181555186388663
"14684",0.0142772404611521
"37774",0.155381654499468
"28929",0.00985958887178915
"25789",0.250858931702294
"10691",0.0035338659916428
"22082",0.0751280083953531
"31420",0.526294648345408
"9042",0.00355957214250185
"37712",0.408761268757602
"43678",0.564709782731609
"4794",0.00129824168402697
"43660",0.019776881229751
"9006",0.00131445129802837
"34511",0.120291393236104
"42558",0.25959458150612
"31175",0.260645404135326
"27234",0.542077799329666
"8687",0.136750492873915
"4945",0.0702635629861484
"30070",0.143664486794987
"15573",0.0275524799059556
"43281",0.305066780949389
"12957",0.0842710046791403
"12048",0.00108954773271674
"24902",0.0225553531380111
"19606",0.00994042575809761
"27835",0.0706277089240205
"7192",0.206836615676533
"34297",0.517371109219733
"7461",0.493722908701777
"21480",0.02588473348192
"11849",0.178237211635472
"37649",0.0219049649959318
"24117",0.858965843235629
"38010",0.04240985301121
"3074",0.0114113348343028
"32182",0.0413710726822533
"17716",0.0344794474219434
"26303",0.0015744626541308
"10756",0.00465815077690241
"4974",0.00186256962931467
"28402",0.0768492904377042
"4453",0.000430598371389855
"23307",0.0113526174866106
"40491",0.688427872394299
"44815",0.28351473917457
"4859",0.011317549874892
"22134",0.00996050352654155
"40251",0.244659388436634
"6492",0.0103705737512578
"37223",0.0563962539900466
"23485",0.0129692711119261
"26015",0.0455003723568638
"4814",0.068106922247671
"31433",0.819987335463332
"22042",0.057009302296709
"5990",0.148577009845955
"44334",0.896631913536495
"379",0.0192491948933434
"17928",0.021885136012758
"39720",0.0202285943071767
"21173",0.0152998914712359
"21999",0.0735073379845518
"19130",0.00324582222321855
"40044",0.0911603830125936
"9436",0.00160980030443661
"8500",0.0274133009195407
"10027",0.00571871962250213
"31277",0.494473331340277
"11062",0.0110771092795549
"43202",0.916372263089134
"26262",0.00147186293584455
"9107",0.0563042795982897
"16493",0.00286513537382334
"19588",0.0324036790140847
"23566",0.00620645197795031
"22253",0.0191497276113901
"542",0.011444349501631
"19383",0.0362384819954337
"38980",0.0419965780189949
"11229",0.00206060547555071
"28403",0.0052590676198247
"26300",0.0969229287698699
"7833",0.0126543319784667
"11411",0.0337112965506762
"31242",0.483194765788665
"40526",0.435512423860454
"38112",0.0015771583879222
"20527",0.121964727595993
"27057",0.0168192884320128
"12407",0.0725171418766353
"43688",0.540465953271096
"5064",0.00255078010648356
"43525",0.94663442572688
"33144",0.0122310190322279
"23472",0.323553691001042
"33604",0.0839953627782709
"41762",0.248694560429086
"5003",0.0394612317068499
"27331",0.0975757240027905
"14876",0.0229777801604778
"45193",0.142870482083971
"40366",0.400030434984075
"1945",0.0127106280573289
"7169",0.0165553576609763
"10268",0.040941561942432
"5989",0.00416362409931781
"41756",0.255103604082664
"40871",0.0137286727345387
"27380",0.0114336314357864
"7588",0.0115904770581803
"9482",0.0562723262416411
"1180",0.00293214157058837
"24499",0.0120603896732831
"11783",0.00582471186788876
"11093",0.00307104864225135
"21086",0.0131196674424023
"10740",0.0512678375816592
"35843",0.00414452308878185
"35741",0.0151824272545041
"15092",0.0164764572469536
"6088",0.00126408059577801
"8193",0.022026531943234
"5087",0.0151087343855615
"4588",0.0013137270875774
"12633",0.00242614720678908
"31924",0.117059631305858
"18668",0.0019208775944305
"18884",0.0245991108887794
"27764",0.614122718011349
"18739",0.000265493952558367
"32504",0.0245870079290821
"24573",0.023649087557741
"29330",0.139465134213577
"36192",0.0178179037315304
"18586",0.187530697489565
"21463",0.0515160208357567
"5109",0.0806151716942235
"35664",0.0393308284219956
"10131",0.00968363737640338
"24921",0.00826473109366134
"14069",0.0368762111743365
"30952",0.0702859063000431
"32105",0.168177366375773
"32498",0.00720466538992321
"6113",0.235676289426908
"32360",0.0155141183847774
"37825",0.0295663660144555
"10515",0.0233805252770259
"18621",0.00596974955679524
"28158",0.0269233260532066
"12061",0.000888499736662107
"1263",0.0149789803577512
"10592",0.0483469821818357
"755",0.0051463924694441
"11440",0.0443056963614356
"21676",0.00948967138846834
"4053",0.00602478900717989
"38298",0.000874749427767499
"44260",0.00019390150156186
"24007",0.0093691235082044
"40689",0.0863615080435614
"4369",0.0129679343849647
"13261",0.304953335057035
"32130",0.0206344434606575
"8397",0.0115362313439521
"39197",0.516099862230828
"31395",0.550888227930673
"38752",0.0425554233779656
"24208",0.00473316348977778
"3020",0.118975335160331
"19946",0.087966363928267
"11253",0.102686467252815
"40170",0.0736628885974121
"29731",0.111277591519016
"9133",0.0692771913777964
"14101",0.0262456118691868
"35119",0.350733916569352
"8437",0.0047729194306127
"1737",0.00694808328916834
"29575",0.0299980825980994
"26734",0.0284250967463318
"15723",0.382309563349177
"453",0.0106550188425374
"16185",0.364014619434404
"1572",0.0729599632885071
"38605",0.00128137466142225
"1794",0.00537499871793556
"18457",0.0797777000521662
"2394",0.0225643019444495
"22386",0.0153454945605216
"3889",0.0314350862732467
"13104",0.0333174263830362
"4630",0.129490071102098
"986",0.0228921396144706
"22506",0.170794125753721
"18817",0.00148846813865609
"15954",0.00425442515375917
"13786",0.0294481415694303
"23284",0.0577631588018544
"43736",0.192168303121533
"25878",0.0616502894492526
"5633",0.00030576895681799
"37218",0.0922711372318338
"22472",0.0453992748589661
"42914",0.293074656667658
"33571",0.14362622154062
"8793",0.004754055302976
"34434",0.121340362804619
"11548",0.0361259921743805
"36782",0.000638181501133573
"26362",0.0363127748109593
"20960",0.0427317991790506
"27158",0.00301530600153727
"30594",0.00178255280006752
"19226",0.0390945160275657
"32966",0.10232260434064
"39448",0.0478491698417302
"27184",0.132717266129339
"32677",0.0187603772744329
"4512",0.0135092603752433
"11828",0.0162321496002768
"22856",0.0808332708983142
"43450",0.576519868301396
"39036",0.0402920796214282
"32249",0.0178498673903335
"24376",0.00263344504983711
"38079",0.146812586774162
"18438",0.141941915614474
"9587",0.474971195988182
"20679",0.195503360568359
"30271",0.0500984419178111
"24970",0.228985842843577
"42837",0.0335667891808563
"45196",0.600630902917081
"5214",0.00661063363718595
"35483",0.0449253083926576
"4641",0.0830059307363861
"25058",0.237639927293288
"36566",0.390858183062383
"3211",0.0107595833135763
"40903",0.146991698418535
"40364",0.921672175543074
"27402",0.0180501373012452
"38743",0.000632601862331065
"4039",0.0015474946910253
"38382",0.0019128955439555
"6786",0.023834483688614
"19610",0.0321745665726196
"44919",0.0800776566015341
"574",0.0162763015668109
"5387",0.00407174349022363
"39783",0.270883827353223
"5551",0.000122804038554219
"28092",0.0929246278093635
"41287",0.236301655198576
"37554",0.00133786097866794
"28335",0.033507181799819
"5115",0.0249006541314853
"23529",0.0561400241674572
"38429",0.244084448163682
"44425",0.379332837286902
"28813",0.0245910411615249
"25098",0.00221618160349211
"34465",0.036693632557248
"10439",0.00427385366510247
"26097",0.0502813189612934
"24382",0.349196214989299
"17443",0.0897108866909683
"39281",0.115817780903713
"20865",0.448047843421973
"9655",0.0249436484221633
"18639",0.00167490484948854
"39179",0.00363424355024547
"8665",0.0357464289264605
"24048",0.00129851501395995
"24748",0.071881688031567
"40742",0.00631184128627192
"13561",0.00765394943203119
"4384",0.000351799787478221
"12744",0.115531201292882
"12002",0.000494213316688305
"5042",0.0817409366937566
"12749",0.00356865353165504
"33441",0.0152359462366671
"33649",0.00255109477242069
"2021",0.00274051663975876
"21561",0.0461237129661266
"31610",0.34598197361583
"3938",0.0157718675011272
"26356",0.106830717896822
"39683",0.0406944395382436
"19913",0.0043736716663696
"32985",0.171694661146057
"1063",0.0304164594773745
"17262",0.00710370355525077
"24661",0.442889978747743
"18093",0.0190344231835982
"26367",0.389436764093833
"3879",0.00552839855883832
"1238",0.0104807532673831
"11133",0.0586448521737397
"29527",0.0406200988164546
"17292",0.000852379510998779
"12683",0.0184184854179661
"20261",0.0832880979512616
"32069",0.338332975636055
"22618",0.00189341965021228
"5530",0.0028793746658151
"27480",0.0209399298477125
"15561",0.00641383726998574
"25314",0.00781282773801127
"7747",0.107290528832858
"10412",0.0465447870907367
"2857",0.0647291739925279
"33768",0.143700144659174
"38048",0.00682016365827481
"37270",0.0438824715060371
"4011",0.0226485776209963
"24131",0.0433336315620464
"4356",0.000720607177205715
"14595",0.00079901290571007
"6138",0.00749903073389266
"20857",0.567947939629941
"28613",0.278561061297003
"11775",0.0487698371604207
"43501",0.220938667391674
"13933",0.563188164856207
"14470",0.134114589271905
"42059",0.259511864792657
"4321",0.00870736661785332
"38380",0.455598478294378
"13105",0.391527867086006
"35455",0.531373392731453
"1120",0.00639862041427908
"27978",0.0409153777193584
"6374",0.0110237555041384
"23511",0.00185816397630608
"6687",0.00650015878977573
"30969",0.00356012828318482
"44753",0.945298756063155
"1468",0.0121142463076901
"26018",0.135458109989637
"449",0.0103234905222242
"42062",0.93431035983778
"21140",0.0289268850535982
"1065",0.0053863029206192
"31382",0.624990155057034
"14275",0.0526853037999338
"13403",0.0549793163287476
"18136",0.0700659286383717
"1333",0.0655686533222144
"11157",0.0061026412824963
"14001",0.0138452908250531
"40825",0.0483975003149192
"10496",0.0173258179373331
"5842",0.017409241868057
"42888",0.0691276192652136
"11929",0.00100708674599908
"10618",0.036657522142548
"3605",0.000125496445604874
"21608",0.0234751517791079
"38312",0.304741737887765
"29754",0.0338676191842276
"6089",0.0168708174693395
"14622",0.0877860319228139
"29085",0.00469269835162771
"14574",0.0522353801648879
"31185",0.184601589475018
"18494",0.0471548051284591
"24569",0.00526480857973243
"25269",0.00651656637406995
"474",0.00283082260255486
"15350",0.0469319628043087
"32383",0.183947733959763
"604",0.0166805640630136
"9036",0.00503252479635885
"571",0.00223877291535043
"40172",0.255843810377818
"27754",0.230138028077316
"35690",0.0497457182157411
"39927",0.0964289167853104
"40564",0.203481389670084
"35522",0.0364466359107722
"17278",0.00783632356264814
"36815",0.0707542071545574
"25894",0.0675558399830097
"1644",0.019723486384358
"32931",0.214866640536268
"4172",0.000735200274546652
"36985",0.527245805982212
"32436",0.329713048241857
"29831",0.00841230255348502
"35004",0.234913376613579
"1052",0.00525294992222861
"8562",0.0311779725146644
"36760",0.0398545095127018
"22895",0.0169144602895087
"30283",0.0957405389801591
"31359",0.534546544618336
"12003",0.000490112257963633
"18055",0.302565646723504
"39648",0.618302010356021
"9859",0.167312213921688
"23851",0.00447875495854113
"3087",0.0121820121565869
"12050",0.0141699460522009
"18541",0.746585862496467
"40248",0.449541772279913
"5446",0.0086836243588534
"19977",0.00483667249143791
"6017",0.00275615197910742
"12760",0.606148217338143
"7865",0.0251903453280503
"16976",0.518246953581639
"35481",0.0782101758699071
"29153",0.161774404237502
"3412",0.00738713583061493
"35961",0.0331677737212553
"21084",0.0956185575793393
"23132",0.0666708585362943
"36263",0.224334740242225
"4158",0.00850506805827218
"41780",0.383911392643356
"19192",0.0321564707485851
"42130",0.342700513999995
"13869",0.0217782361571161
"2190",0.0736017009551608
"16951",0.0435225240867179
"20529",0.00734169667459362
"37363",0.0103856432185275
"29907",0.283472732756904
"9537",0.0363596195870227
"3798",0.00284652741070614
"43036",0.0706933759803363
"43964",0.216760350521059
"16534",0.00646910603835274
"31507",0.105667184234633
"9241",0.0773100907118857
"31887",0.537001235336733
"35671",0.701586978871061
"29395",0.0858522504135673
"29589",0.00375295642916476
"32359",0.100297493677106
"5039",0.0166918673974999
"6559",0.00349156689305272
"20558",0.0153431522711792
"6936",0.000469177684422883
"28408",0.0166889521152459
"12536",0.00909779634641782
"4944",0.116919936492505
"6915",0.00175964749820559
"14857",0.0362888553270022
"21263",0.059294363228975
"13259",0.0399907645160274
"252",0.00541771488510596
"29392",0.198491376083125
"15872",0.00787155670766569
"20939",0.225801223371843
"40053",0.341551693824924
"22735",0.0597148576692065
"35296",0.121692596342767
"30127",0.0339717566264232
"29630",0.526846478955418
"18230",0.0288239084662226
"37724",0.000861835436628127
"13063",0.0439576479990364
"11261",0.00481462053117986
"38998",0.0274843177728158
"5145",0.170519027861967
"26490",0.0121216529163695
"9825",0.0343894735556933
"39331",0.00391986351116255
"40813",0.0646796438356738
"22886",0.182011178014066
"11021",0.032075789285654
"3207",0.0319684427655655
"38244",0.510299459258641
"3165",0.0262318117794172
"20965",0.0338967900263045
"26794",0.0879004872701998
"19816",0.158497728944231
"4528",0.0111318616456617
"2971",0.00731658618198234
"23276",0.041572955921095
"40843",0.193823012928792
"29812",0.108391361186147
"6499",0.0395947851756806
"16037",0.00358343121311499
"962",0.00685810848610293
"40341",0.03232399395373
"24387",0.0831805550002952
"16989",0.00983372968375163
"35693",0.0919665466061104
"15892",0.00699711272697562
"28591",0.036135058463934
"22995",0.00499940868256275
"24735",0.00554709772660028
"12614",0.00646338405485594
"337",0.00975564020139726
"4258",0.0230980416724404
"10645",0.0444287377587297
"5420",0.00493840702809744
"18310",0.048501215820485
"43996",0.00342476687970215
"16317",0.104614375209033
"32622",0.344721977457498
"11490",0.0564742834927906
"36337",0.100873999343104
"5424",0.00300923466272783
"4923",0.010030035666946
"10738",0.0170861817678302
"35756",0.0869773103755059
"33429",0.250270785561361
"13180",0.00666945423462723
"22897",0.120787507284941
"13970",0.10839860052594
"5776",0.0198239742376098
"16417",0.161337495392084
"11696",0.0213278471329283
"8698",0.00061706085282284
"36596",0.225956881240723
"31014",0.042073403189146
"3209",0.00175455788177469
"9481",0.00269789960260041
"25480",0.491790906025409
"1767",0.0120085061442677
"37482",0.0658389253446975
"34634",0.021716713701617
"24311",0.00783405811570432
"14091",0.00144380112729576
"44553",0.583802075797175
"12818",0.013603098489189
"15520",0.216014604902687
"37147",0.082229267076749
"45121",0.447668131731871
"26750",0.0663499752650848
"12512",0.0173318246400944
"24268",0.00392938519438324
"30091",0.216730156174842
"43825",0.177271148871204
"29785",0.047337387031014
"23167",0.00105057586701128
"27527",0.0636223183085181
"24973",0.0024354004081537
"19338",0.0170353569891828
"6782",0.00690833336131842
"13968",0.118577268960989
"9783",0.301554243144062
"31944",0.130842385169087
"644",0.0185446147606714
"26265",0.0107431841909805
"5719",0.293469963232814
"38194",0.000759560837662166
"27258",0.0424032492248705
"36122",0.0477770150343726
"10781",0.0301645538430536
"45132",0.670658172438255
"23769",0.00706409416527771
"31892",0.105115749961948
"38631",0.0196785706244813
"3466",0.000754982472372053
"12801",0.0394619018574875
"18004",0.00303469960980391
"42871",0.453198993218282
"12968",0.0794344136171899
"40679",0.047265029033199
"3440",0.0261165500215672
"1470",0.00103647647919537
"44140",0.114159433787029
"18073",0.368047706759912
"40999",0.115558436172286
"42932",0.222248318610525
"33957",0.183514747103496
"38551",0.00233177925017026
"13329",0.00162053650075998
"963",0.010574344968915
"12895",0.00985264262015224
"40292",0.00879926395768821
"18869",0.0844706689316608
"5878",0.0279973087598996
"42359",0.0251559416856055
"31143",0.0763012393515767
"16023",0.0155863098675975
"40075",0.256066017297699
"12304",0.0115566020530043
"19485",0.38864237834301
"23963",0.00970982102514494
"43878",0.217173429368847
"5657",0.00939857604728374
"3779",0.000380691058824202
"22585",0.0440536741213443
"12447",0.0108660362851839
"44754",0.398612364254122
"28147",0.0292030369246341
"9990",0.0436365565616591
"35619",0.107756795241213
"22855",0.0340549501331678
"31922",0.0586175795241901
"14661",0.0210686345777207
"3821",0.00834361853387804
"33100",0.0331430269544831
"9577",0.0578668705620052
"554",0.0105921627491537
"181",0.025444382476027
"7788",0.0135832017578545
"42427",0.0192255286424906
"39390",0.098165684503694
"14026",0.0294183514482473
"9943",0.0897303447856327
"25044",0.00451038069575105
"27852",0.0944899238170999
"35086",0.0788678997820626
"5097",0.0144133407591156
"41846",0.0224088515739189
"9144",0.34678541945554
"13094",0.00133665373642223
"12803",0.0112001041789132
"32535",0.3154446118921
"22454",0.044942339222814
"17056",0.0548951534364367
"17544",0.000507273586670132
"15149",0.041551910176079
"24829",0.0728919917897944
"21643",0.00867766253019724
"7732",0.0111046535295721
"38967",0.0243588936418689
"22503",0.27061685263532
"17769",0.0225823670714505
"37146",0.315102825718268
"30157",0.0113586787477602
"41951",0.0769477169272386
"1234",0.0122173716423228
"11279",0.000301378006225061
"42665",0.0488625086303629
"18984",0.412755592309924
"1399",0.0170477422519615
"36552",0.0668423066464118
"6047",0.0114519492747485
"19660",0.0282384976402264
"10352",0.00263834651090205
"40113",0.187994679507561
"19470",0.00910859703155572
"8650",0.179630369358877
"2931",0.0106423453192069
"1966",0.012058294461311
"32211",0.0741148950149659
"24717",0.0419325017993112
"8507",0.009841078058482
"20543",0.0670845524985977
"15150",0.588852138783453
"7294",0.00675217745907651
"39579",0.182071744056945
"27220",0.0439592236419667
"22914",0.0272353656495277
"9890",0.0225573373993153
"33760",0.0729618578305713
"21340",0.0965381762846742
"8819",0.299540981243411
"12480",0.00292576346613882
"19564",0.0476777232084462
"39330",0.475224609115983
"30236",0.111395433988003
"24867",0.0624491032246858
"20313",0.363241658591786
"30099",0.357899826936038
"8733",0.00513571880991277
"31956",0.121155179646798
"41223",0.0868930458293229
"21436",0.0567372291773426
"34646",0.0590464823062387
"23425",0.00611725460315422
"19088",0.0173377367967173
"15529",0.0272936999794806
"15129",0.0417254284489499
"9974",0.0133214517730674
"26624",0.103465826413188
"3802",0.027378459118795
"16960",0.331420949733189
"36344",0.0502842847540824
"34463",0.0699422375227831
"9567",0.00047573819534187
"8032",0.00366260588484042
"33710",0.0143608387041645
"26140",0.0611295872921297
"36214",0.306897614976689
"11975",0.0416007830672008
"35943",0.0224010936390685
"39123",0.401342412116763
"25942",0.113897974361882
"32680",0.784988670231626
"2257",0.0197692689505422
"35406",0.0204663515975487
"40509",0.0254832977603855
"26475",0.0278254354096538
"29211",0.146120324869677
"45166",0.288243997984062
"27653",0.00280926955061294
"26758",0.0477119914451673
"6370",0.0423987101147382
"12874",0.0108106785090685
"13518",0.0127854389439925
"13081",0.0188755213046153
"29021",0.0536409736418226
"39008",0.117548762606361
"32008",0.0256460709493355
"32849",0.0895888855573697
"456",0.0240753506296469
"34140",0.471839729915189
"38686",0.343708300969014
"6551",0.000825529827775758
"39886",0.0949037897160108
"5467",0.00795263474081776
"35189",0.0557559810542726
"27256",0.00119903396854252
"32074",0.0881140163579332
"18217",0.425148759616939
"44343",0.136991613114511
"12788",0.0758919243830874
"23754",0.00803368729265896
"14761",0.304971118434963
"12645",0.00102061325047409
"26420",0.00176097266638109
"18008",0.0445368125681428
"37108",0.265419010515117
"26656",0.00547924161561615
"36802",0.190123035606082
"19681",0.0642203940213646
"36480",0.00489102443293658
"19323",0.0375828839617741
"21180",0.0760586214794777
"11836",0.00168230968404663
"21588",0.0350360732107732
"23759",0.00227608889233149
"3661",0.017306896180196
"36321",0.0283416554926784
"43085",0.100926678221584
"8986",0.0677917300165979
"36575",0.00350763477193578
"15334",0.0242842220661187
"7593",0.0888330628638616
"43716",0.00168968644253844
"16632",0.021499847986314
"9864",0.00711421219527791
"43030",0.849846500534129
"7357",0.00342147166699559
"34165",0.9618369377601
"23821",0.00552276337212698
"21218",0.0044064669255328
"26101",0.799098300863003
"3471",0.0121603067136509
"12647",0.0113944957822621
"8464",0.00434169960936769
"32770",0.0509745664985603
"12435",0.0492566037098501
"30426",0.00477033959096592
"14205",0.0234323012168617
"44097",0.0730100657629865
"14755",0.00237643213199278
"19381",0.0757601155311382
"1979",0.00534430464461779
"42766",0.125557593211883
"27216",0.0476336780350525
"11941",0.00113575966364297
"11686",0.0235604838951015
"25794",0.0145235499955014
"16652",0.00937377351509115
"15946",0.0750227275916528
"34201",0.148963933242744
"31475",0.445251468258541
"4358",0.00451971142500632
"33048",0.552288350781075
"758",0.0323834591698196
"31387",0.327020293068858
"4449",0.0481996383398783
"23180",0.0270264401333986
"3449",0.0130481456882731
"30506",0.0435404521349281
"24378",0.0147399900815267
"21370",0.0157723793200191
"3092",0.0292376243493565
"4163",0.00219497008629026
"3315",0.316304466335934
"12680",0.175973579114969
"35547",0.0614701100644748
"21430",0.0291376350092046
"29394",0.0879879415033109
"21398",0.177823442647301
"11265",0.00425196920085027
"6510",0.013269808342539
"7469",0.000634889613833234
"32384",0.594137865528519
"9360",0.00304994864778885
"30483",0.00340642420836287
"37386",0.0172046179732947
"40915",0.380853758513481
"32640",0.00522056544975693
"10640",0.0862775046270097
"12037",0.000839868568268805
"9205",0.0494431174625236
"1492",0.0403946114890416
"9208",0.0160359015198289
"39119",0.00292975970859272
"44052",0.428026330288918
"23015",0.101144948768862
"34155",0.106129467613317
"17515",0.0104763574091112
"29944",0.150259494684582
"333",0.00517388770155109
"19216",0.0604478333405028
"20930",0.033315559324754
"38286",0.0299610159742061
"25233",0.00904156544693994
"17874",0.177495602634509
"9022",0.179492887192069
"31683",0.0597767525668004
"42036",0.172013574265218
"8155",0.0583220677802122
"2721",0.425066392120356
"1698",0.00781072630079817
"36113",0.0026184920727615
"38823",0.00110172617862659
"22669",0.00526903664555245
"28567",0.0860996915437124
"41491",0.74073944290319
"27289",0.00570985766263872
"41234",0.10807600791053
"5321",0.00105277976388119
"25027",0.0229572612901976
"38992",0.00193770176412368
"28434",0.00235632543340152
"1805",0.0111783202477658
"5854",0.00558055987022732
"3405",0.0115891709871381
"6604",0.00889170487621503
"24958",0.310142145006311
"24636",0.0762743372374448
"23725",0.00162046667829258
"21033",0.351021358124441
"44937",0.427146206927718
"31557",0.557406719561365
"16612",0.0318461672104938
"38559",0.030009800616588
"43376",0.319429171179678
"16458",0.0426143307720813
"25530",0.0219955458333801
"29861",0.0219772121504849
"23643",0.0489072444128969
"12898",0.0395976053808399
"408",0.00939244990943196
"33536",0.00424516524215816
"39908",0.200444629582023
"30820",0.0436193446992345
"38634",0.00116898092892361
"38025",0.101887943012362
"30393",0.19693878310124
"11742",0.015868458628966
"1010",0.0139677182460977
"19430",0.053026974198532
"27971",0.00728361394713217
"23811",0.0160781412104658
"23140",0.00809749621054214
"30835",0.0336398109540913
"38851",0.0083270434153157
"28799",0.059670414253311
"9811",0.0353669158927151
"33393",0.0256406338231334
"34120",0.135026143857439
"30185",0.0769319497793103
"31409",0.0974499878831216
"39082",0.0422333373761751
"15132",0.0652779132469414
"5386",0.0149968224860557
"28319",0.0229010332802694
"24090",0.0544906764530761
"35648",0.0552023099775344
"29587",0.095862727550948
"38596",0.00156069256068508
"2020",0.015257164184569
"17985",0.00855869769833402
"5035",0.498644008373175
"18035",0.00618883779855645
"9981",0.0420580608848445
"14529",0.0275752985520876
"24300",0.108713592451318
"9020",0.00485839103190204
"17018",0.00870936886865556
"12737",0.12352020508163
"34690",0.0687628188740582
"34837",0.00492509262740896
"6177",0.0360335404147659
"30844",0.00469957169370821
"39684",0.0677229664023569
"32702",0.00508590021961309
"10857",0.00109165240864728
"2906",0.00468936630401328
"26009",0.027113500472994
"10151",0.184973174682933
"5687",0.000149209925407273
"570",0.377558892885103
"24146",0.00257713826125506
"19554",0.0429034117126668
"12841",0.188933466340844
"3081",0.0689540400557752
"32963",0.279218452004695
"9499",0.0500741001288882
"35435",0.205508012776978
"6942",0.00844241331851948
"5356",0.00309308345351942
"39149",0.0164172725754737
"17064",0.0615032525355012
"38443",0.558064730677534
"27733",0.00200773778019317
"13229",0.266904668685488
"26652",0.014681877599144
"3959",0.0108444081944438
"216",0.011319755711345
"35826",0.00402501725434377
"3623",0.00847537774786554
"36439",0.0448291317702861
"24107",0.355431020019767
"43461",0.893808958923069
"18715",0.00113907936581815
"31561",0.310439356199396
"24695",0.0162492829086927
"5848",0.00530944954530048
"21839",0.0583918398335798
"29721",0.377859725065938
"9772",0.0716952760214458
"5992",0.00202802850049845
"29605",0.474852265449664
"30522",0.0138511220664588
"39014",0.0867910846981232
"29513",0.0813109332606949
"801",0.00928285518123846
"27564",0.0171535106639595
"26679",0.0225742296666894
"40705",0.0571440367518211
"41948",0.925246541850469
"11392",0.119071191159482
"35674",0.0257406449173064
"29203",0.228995258721465
"32047",0.620095128624603
"14736",0.0191502210502145
"27276",0.0130690830833053
"38035",0.24294055962505
"24330",0.0355730999786558
"34922",0.920344434793186
"24012",0.0105885143056179
"20806",0.389618993909462
"27164",0.0778414643398207
"11037",0.00321273053644396
"1389",0.0462296001760524
"6368",0.0326127923540031
"32063",0.022202928760276
"13784",0.0154017542748298
"16669",0.0198953819842095
"8566",0.001063876012648
"37956",0.311273895905454
"43106",0.69685841106575
"35063",0.0111042508159418
"39626",0.0319445996799965
"43198",0.894320449043643
"30548",0.0371913267369277
"33495",0.0744360243014785
"8710",0.109335301079733
"3951",0.000786574606596017
"31779",0.941113772500711
"32026",0.108189800356986
"10213",0.0265166746204842
"16159",0.0401581778333195
"43745",0.267851967615864
"24769",0.0351019527873545
"28463",0.129621834696398
"23072",0.00085367680467667
"27998",0.755141496583199
"23718",0.00101985069114552
"7812",0.581179915527017
"1905",0.0267229967295397
"6893",0.00102744371255408
"18994",0.763622456282294
"3262",0.017980348124628
"2767",0.0111137052068812
"29235",0.0319918221433143
"35419",0.122233414425021
"34578",0.000857891249535576
"6361",0.0121214078794796
"17074",0.0697340273472692
"1599",0.0116518305744119
"14915",0.156031378587281
"23051",0.0109284336193039
"8213",0.00826384373856406
"28029",0.0192721468622078
"34686",0.00492015389429637
"39657",0.0109559049616884
"21343",0.0199107106438408
"13699",0.0241129076569966
"44882",0.367945010707111
"26823",0.0504445851992459
"14710",0.0419450689035594
"18737",0.298598105362031
"24109",0.0674893845498603
"12855",0.00448271537001211
"37548",0.0140558795515206
"16930",0.00631404677790957
"42410",0.330462733424132
"27652",0.0663970984520556
"18797",0.000900887996207755
"8521",0.0317423316765405
"3200",0.0171390427972448
"40787",0.291455391212836
"8302",0.00875597955548396
"38543",0.100530679458072
"32340",0.134690394467076
"44411",0.192975969000651
"21759",0.0775535353868059
"27890",0.00170952065467236
"20489",0.0603696431977512
"9729",0.0154926937272305
"34996",0.0472514835828135
"5647",0.0211995211640643
"37764",0.0389291392499544
"31441",0.195132453546539
"41555",0.422042243955885
"4246",0.0509005618620282
"41758",0.0941121548168176
"23146",0.0159836428935607
"29533",0.00315247605913106
"27953",0.0338761241680664
"2432",0.00748768048774764
"37185",0.332854137224643
"21778",0.0256875162720673
"37966",0.204474433737104
"31540",0.0797786710143025
"40934",0.109598056051969
"31140",0.0185941913521415
"24475",0.150902231245273
"39592",0.028081337520699
"8941",0.189843469307258
"43241",0.391530114978577
"28132",0.0196110752646725
"21117",0.180416955282365
"14644",0.464607862414174
"29898",0.0956887036067025
"25526",0.282340949051527
"15778",0.0153862270662667
"15434",0.0551389710128607
"24321",0.193986884864834
"9456",0.274504647792136
"11096",0.00216771296355948
"39427",0.0722051389542823
"19755",0.00869007712050224
"808",0.0131626326644528
"23584",0.0176477275019004
"31512",0.159012484694664
"12636",0.12700963809606
"10192",0.0032716023332212
"39997",0.268476307340099
"3183",0.0221711967624927
"30184",0.0674297286516793
"20805",0.105459829947591
"34636",0.664745759524306
"30888",0.0010175058328616
"29774",0.00507469721529257
"31159",0.0300255348838996
"26042",0.168838149908261
"42939",0.700742070743319
"30629",0.252757456978279
"289",0.0146404358959927
"23008",0.0929367674002978
"12463",0.00285078789833003
"21105",0.570803992361556
"33699",0.821041742103676
"7438",0.016190830848054
"28756",0.0542531931350112
"34969",0.0474324662196674
"33928",0.161898889836731
"17123",0.0151756115530988
"17190",0.0014304593351441
"37191",0.402990015931727
"31996",0.0987010325423747
"19133",0.0199035011729361
"1587",0.00633422361113732
"37375",0.0505947147296313
"7851",0.000663084068105315
"22685",0.0246626687161635
"38426",0.112926333530752
"5881",0.0681144668276271
"32217",0.0937530125815785
"4803",0.0518234050572198
"29604",0.0697847057199933
"27802",0.0103691683206857
"7688",0.00127266047810118
"34067",0.477539493948484
"14237",0.00452902877933118
"31322",0.0971453920036069
"28549",0.0680153989108887
"44971",0.945841340161468
"25536",0.0452474390426405
"27551",0.00246604564528591
"25354",0.0769321975941128
"30461",0.570899482195048
"44538",0.270026162067825
"23959",0.0154375717552368
"23546",0.0216006109366473
"31358",0.682011154407708
"36194",0.0262414779510586
"13685",0.457549200013902
"39405",0.0931436541871329
"17725",0.0844274421575039
"17918",0.00956554595926831
"12438",0.00401053822701921
"1818",0.0371595338862651
"16760",0.050890840299498
"29965",0.0305820312977392
"26536",0.0512994342974591
"19083",0.0263091361106557
"43602",0.162050925054114
"10493",0.0284551842781166
"27642",0.00236568552998249
"23574",0.106212773071989
"6866",0.0043194512554015
"32806",0.185425229967235
"19177",0.154584907628868
"16895",0.0599302736011676
"25873",0.0414400096023559
"30695",0.00190839778049385
"32927",0.0581476149862423
"340",0.0117592382505052
"6708",0.00715142235584031
"32781",0.218100454861618
"28456",0.00267122986415389
"23615",0.112805463982877
"25656",0.0323152446741916
"25577",0.480515066149666
"25832",0.0432183114831545
"29813",0.00546616459093527
"13582",0.0274670244250469
"12091",0.0419882827864624
"2883",0.132624783255918
"8981",0.00186073021497295
"38046",0.00965329129827114
"6717",0.00239981882545134
"27225",0.0173788956310173
"6071",0.021562621560508
"14385",0.482972794904252
"2444",0.0333310103371313
"36559",0.00517745167557868
"30832",0.00199788721368424
"35663",0.234178441743097
"21917",0.0586786200966076
"14229",0.0134878828114883
"17555",0.012380849968992
"43158",0.964113246350085
"38842",0.189572362637588
"10078",0.00235650785847614
"33300",0.0184260711081017
"5814",0.00660448334237793
"1623",0.00967145237987307
"35393",0.219601364388854
"36266",0.230067179446254
"17104",0.00604951446282667
"24026",0.183759672501499
"263",0.00633652263367889
"18516",0.00299339418973956
"18119",0.00561822912976431
"1768",0.0891738969229504
"19683",0.0830437654471675
"42382",0.35357232273114
"29305",0.0409780909237899
"1987",0.210420975621526
"2788",0.00189964322224004
"13049",0.00237373017216249
"24632",0.0517214311936664
"9195",0.441678172650138
"25391",0.0295710711246202
"9550",0.022010899585634
"44959",0.852543324868894
"41817",0.240386929975074
"5163",0.0619308801808434
"24635",0.181534640575536
"10669",0.00173330270680578
"4817",0.0245485390291959
"44229",0.0782982007641093
"10287",0.408839298105966
"4018",0.00961147995653292
"12243",0.0436591710237335
"26371",0.0617484614457195
"23537",0.00539751312131048
"2276",0.0103141152045865
"5041",0.00975931117190739
"35751",0.0275230981588285
"33469",0.010830436175627
"13572",0.0575743458750967
"27669",0.157395045949854
"5858",0.00930147128937273
"13688",0.00117653086563226
"15994",0.16423314844723
"6129",0.0165427993355057
"4002",0.244262839140254
"15440",0.483014062524542
"27693",0.104026871999814
"9035",0.0240509094605838
"12637",0.0932671731984749
"15481",0.0112816808435539
"11401",0.0537510427454171
"36535",0.0225130880534205
"15677",0.00438714410364029
"42140",0.054142331629447
"20507",0.0493639663877014
"8025",0.249954830793465
"44546",0.0939544156674098
"30142",0.708326014824859
"42713",0.0279707471790979
"12931",0.11315781265471
"24760",0.0221070778204581
"42252",0.0919015318351467
"32229",0.125637018864474
"44763",0.816379295605927
"21423",0.0528881181512786
"14588",0.0265588802025756
"1397",0.0058797079207933
"614",0.0136478480844268
"15274",0.0249076879900132
"22625",0.0713274056802291
"1335",0.00255657352756716
"19064",0.0859532567524107
"35814",0.551491582298647
"2580",0.00332137671397426
"39048",0.0198420922363194
"21044",0.0325345682701473
"36604",0.0502352041092496
"11395",0.000358077227214497
"24526",0.101121123558832
"17301",0.0258821894597067
"20169",0.0271076207530841
"2802",0.0111747311985685
"7728",0.00359774172039358
"6889",0.0542078765511463
"18973",0.0644191011217932
"26602",0.0433966397754061
"40628",0.0498845455822119
"13484",0.00146170235395958
"39499",0.134453081468467
"18550",0.0339642828435602
"12938",0.0607563000790156
"39554",0.0147277662313605
"982",0.101566171424588
"356",0.0127061214471863
"6745",0.017820269050547
"42885",0.0149150077830957
"280",0.0140431433093319
"30477",0.0250037112349704
"25225",0.0351442615577893
"8827",0.0993367791620213
"27790",0.0227856918533297
"22214",0.00377489511618304
"41243",0.0226902520916302
"38090",0.304840287327706
"24462",0.501670369142748
"7519",0.0138089727910538
"4059",0.00160290187909013
"35020",0.0103862203133504
"28616",0.0326770228066234
"17982",0.0042151561096548
"41280",0.610141346127562
"45126",0.303169068901989
"38821",0.0036815889594362
"39147",0.0400546284927715
"9414",0.00276989704141157
"29467",0.047478915762057
"44641",0.0760154851609659
"10579",0.00227887341183012
"31834",0.0302490047436317
"27039",0.0663558869437245
"13923",0.149518450306996
"38569",0.0396942020732081
"42461",0.902349855322956
"42007",0.687309864288933
"15216",0.0339352342123838
"2587",0.000448840831002938
"31885",0.38678705537216
"19988",0.0625559722193452
"39089",0.0450978096747275
"43190",0.452480384011604
"40390",0.557488213447831
"6581",0.020652922120962
"11512",0.0213821782524442
"39771",0.97770037728734
"35085",0.142235959784973
"27710",0.0409417362888421
"2219",0.0139062209089363
"38294",0.525945536295098
"38876",0.00314711122270445
"25710",0.0504298291888349
"3352",0.183898991421394
"17252",0.0181085511226857
"15417",0.093666133893972
"17719",0.0225634558002246
"19786",0.401208632805596
"6427",0.0273362069920925
"38389",0.00720063093376349
"20987",0.0921233946055868
"39677",0.219466975181915
"12187",0.00116196716348741
"30187",0.104876018046777
"21223",0.0127452462007617
"17923",0.0521047585708072
"43658",0.0347515050386109
"37734",0.006145519501683
"18273",0.0516315836072949
"25851",0.0106523911375592
"1409",0.000208243413396138
"15121",0.323867017055467
"2787",0.0216856933942021
"20072",0.292308078133758
"7527",0.0129745080705019
"27869",0.00943127818935225
"19273",0.037758636700647
"19772",0.0424653257987803
"39714",0.0707982432624894
"27478",0.592823120428327
"15460",0.022335998518654
"15653",0.00110289167546795
"4800",0.0142650164786501
"37058",0.0255048740426653
"15249",0.00497036752460079
"30710",0.0368701464179262
"33718",0.805205910686394
"43967",0.884117398736049
"34176",0.151448975645998
"16511",0.0569046258535346
"25435",0.401910275414402
"40283",0.817181515622883
"23394",0.122605092598146
"24927",0.497374189056425
"40672",0.118966748531355
"6313",0.421532602110293
"15856",0.0191610452430357
"12820",0.193523567768023
"23829",0.00288494714612909
"13263",0.0258211508380281
"21267",0.0195487681276268
"7419",0.00577095357858032
"25374",0.311230893132713
"22152",0.639193942418408
"22511",0.0412966000309861
"32190",0.862721201241409
"36218",0.00257604679596237
"18051",0.225424197845526
"28003",0.0148969257455588
"34983",0.0473509940710075
"34893",0.0616797001981553
"21827",0.0692689109506496
"22361",0.0219436648537853
"8594",0.018204017569187
"19054",0.00718864341320633
"12754",0.290143215296846
"37054",0.0618503504138567
"8036",0.053560669147433
"20142",0.0295597273506867
"35621",0.0032895303150204
"2696",0.01017956728377
"4090",0.0207587346299662
"7953",0.000242941609345324
"22931",0.00364540785736011
"30882",0.00249382547350428
"34028",0.196716402133975
"33465",0.050204840904858
"22300",0.0477006717098769
"7189",0.314300156801618
"39046",0.234093733494954
"6859",0.0109124326368929
"23068",0.00134723832556771
"9556",0.0197192286001492
"2730",0.0028455228764731
"14116",0.0264754322103861
"1627",0.00269327588526921
"12227",0.00201404551675245
"10118",0.0343237144119273
"8352",0.042370263597993
"6902",0.047133343469833
"18918",0.233889352882752
"28774",0.0407755509644255
"31007",0.0176281282501694
"29427",0.0417542329503806
"10602",0.0271702324452626
"27559",0.180782458633555
"43161",0.602845914300856
"12042",0.0158473376211797
"43175",0.905457801868301
"43053",0.484754613569482
"9584",0.0222532804609517
"4844",0.2539573552792
"10804",0.00287234919805344
"35855",0.78456454942097
"26721",0.253030853405614
"10130",0.047097214030739
"20390",0.0827421034795841
"43232",0.681134686817212
"14564",0.248108450018394
"28296",0.444009158805637
"29540",0.0904106197506376
"1107",0.00422232266745451
"38209",0.0698774893041313
"26181",0.36263486250162
"22753",0.0525583567150311
"35947",0.201907102378255
"14282",0.0060862031536515
"40074",0.0281353940235851
"23274",0.0335563547492522
"36958",0.227611552652727
"18354",0.00462044074855619
"35138",0.00153723879571617
"7691",0.016668368123309
"42103",0.218799952078575
"21789",0.0634896560571327
"5159",0.305151536893248
"18172",0.449038260432756
"1083",0.0108691055474727
"39819",0.262876641577674
"41859",0.69781096732764
"3912",0.0050220666832466
"13962",0.0423880187444409
"18283",0.0416046721615215
"1799",0.00333470666247461
"15433",0.353289237314954
"18359",0.0176887375998831
"12442",0.0373524968474138
"13223",0.0652911610389993
"27973",0.0263935645401323
"1690",0.000858184098165873
"18638",0.000806572316151497
"11369",0.135045330776894
"27129",0.0323104302016457
"28537",0.072332692985916
"17185",0.00461211092114614
"26417",0.00149836772107655
"12402",0.0189101712381429
"12812",0.0498235682791376
"22066",0.0122819898694425
"17161",0.00662538326695835
"36202",0.0287156640249436
"33839",0.0121246807272243
"20251",0.00374120987027996
"25155",0.28275301897082
"26284",0.0346062930900224
"40330",0.0067502302240784
"3837",0.023235473088818
"1541",0.0337669377814276
"13788",0.308664204041452
"19682",0.0658454261644867
"42204",0.0763638727450993
"12781",0.0662303137552643
"24281",0.0930585972278382
"16741",0.0223508604718288
"17117",0.00425979244358647
"37288",0.127642357052216
"9589",0.0186815427292276
"32488",0.170968780327388
"31037",0.00756471124628235
"4551",0.0209020836888657
"16252",0.0153029530078233
"16876",0.0503523656330441
"4724",0.00651842495227305
"6690",0.0108177832382259
"11080",0.00249764840451151
"23427",0.0160363498765625
"26509",0.651819959117203
"38231",0.0142040551000362
"42767",0.123342452356271
"29996",0.141696711265239
"26770",0.0412089902331159
"30387",0.00221590729380381
"14247",0.0337385055745107
"31454",0.628036794930815
"33737",0.138407221795992
"26280",0.0615847747138568
"43772",0.369489865520438
"11177",0.00528539478629087
"15864",0.0143938678729936
"33723",0.160927780311092
"18959",0.0111902824703954
"44793",0.555751835886901
"12170",0.0394751103665499
"38393",0.159316457482065
"40377",0.407761753908608
"44031",0.832434110746412
"43333",0.702489820428923
"24313",0.0406691192041457
"7518",0.0144429283876889
"23507",0.0337113446727213
"21493",0.281264875961747
"36230",0.00754520178241244
"21213",0.512226280315375
"17354",0.00594249067021622
"39163",0.142217488610473
"40451",0.0866135713569735
"41156",0.0527380796221383
"698",0.0117982887262463
"39977",0.207596333997975
"18139",0.0830968384559715
"41505",0.156240114060901
"26989",0.183013877052524
"7742",0.159607224922082
"37093",0.0864743997141287
"12952",0.0209576290037559
"8139",0.0135794375799583
"37001",0.0991822899389009
"31808",0.358830054630902
"2333",0.0188804850448797
"19616",0.0976808250387299
"43490",0.161364684614699
"14482",0.00382083471663031
"38893",0.0358535991443916
"41704",0.967505635829206
"39276",0.00343334980666647
"34128",0.558066794774544
"26238",0.0796515131097124
"40553",0.0866618972687703
"34865",0.0078277148464282
"3593",0.000456150769887459
"20581",0.0267838325887808
"33223",0.00222201896273109
"6058",0.00182077442304017
"32863",0.190019269100679
"10026",0.00210537430360161
"24887",0.201551116152147
"16919",0.0456418176981528
"42273",0.11377630354904
"43841",0.285358200706494
"26314",0.0919465028667538
"5017",0.00217055978798843
"40368",0.850513698591957
"16324",0.0365675331771808
"26618",0.00812500760584555
"11785",0.00259342480264685
"34976",0.00973378164899014
"9892",0.00623806477839108
"39697",0.131927463435632
"15579",0.271699165590591
"43655",0.195358288536134
"27080",0.216212880896778
"38484",0.236574048452984
"39470",0.0334568833428315
"33187",0.00365412841776219
"4855",0.00747630557725558
"21901",0.00810058937400628
"33946",0.0793438109853138
"13042",0.0278910758446766
"11959",0.00121359173311243
"34554",0.0528336982545456
"32238",0.154354183515182
"9678",0.000378059557513085
"28633",0.109784174593272
"14524",0.0123153187500872
"1354",0.00644654853114
"17720",0.00431628992351745
"5712",0.0015181843321255
"360",0.00449601024184151
"31968",0.0325034632907563
"8290",0.00722795295243627
"33827",0.0449675916982214
"5984",0.000643854752207137
"19833",0.0566967145439951
"4176",0.00548435196917828
"11507",0.0119287124365367
"44454",0.0933386800507274
"25388",0.0343178144192372
"35590",0.036747192466401
"42564",0.0286397997127778
"9855",0.00535998997745657
"15179",0.0136925579998945
"35667",0.00280525005536689
"20825",0.377829717466952
"15696",0.0308219951983288
"3578",0.0002733946814207
"9412",0.00473220212871434
"38130",0.0488484147843193
"36811",0.532501192761159
"42378",0.156954148101848
"34",0.0110149135005526
"39756",0.0542667957129101
"37266",0.125806534689309
"45151",0.790966493045905
"31232",0.50240206258385
"20379",0.0708815542417685
"31015",0.0506905706033574
"1664",0.0112871143328926
"43383",0.894187349232327
"11122",0.279986217160593
"14843",0.0251100964668567
"31725",0.0630666900566811
"36376",0.0310537259665352
"45109",0.078506235653626
"918",0.00181482171706648
"13117",0.0379112672502518
"24110",0.170373329614763
"22456",0.0408917117637376
"34844",0.0291136814118575
"24650",0.204943363251707
"25100",0.0223067539178352
"42402",0.0347295171848479
"13669",0.082664453133932
"41318",0.37652942347116
"26747",0.36836309950131
"42544",0.463455901831297
"43303",0.3703231853094
"37925",0.414170196456084
"16767",0.0398803964340105
"12658",0.111505626414798
"19822",0.0221317597826302
"15183",0.443912183142759
"40225",0.132618213111386
"22981",0.032441858584824
"10650",0.0496660269448969
"42206",0.0965320172929596
"24006",0.0157432605904309
"36713",0.00284675999655859
"44575",0.157944180067247
"11491",0.0405978675860543
"2505",0.00535818081571361
"38984",0.0772732410494625
"34115",0.137437793916568
"25333",0.0240326920388635
"35219",0.27194973446954
"18244",0.178964133272549
"41238",0.469866479572172
"21081",0.178626906338031
"39120",0.0636286449878076
"41371",0.0321157674816112
"15182",0.0197486893015823
"2034",0.104648458590461
"6401",0.0218188052698592
"36594",0.000932867923236757
"15603",0.0298886675304797
"9895",0.00472914359060839
"2783",0.00937878095283203
"28289",0.508975444583865
"25458",0.140303990197609
"17501",0.0192120019522533
"37183",0.018113173741617
"22645",0.48663477232698
"8743",0.00255162824217957
"29506",0.1256605025702
"6535",0.00543042569947674
"41401",0.0346645091570024
"40157",0.0877032170505484
"3078",0.00541645945122666
"40486",0.0221386804411836
"38697",0.00255980311458276
"34291",0.0633693450488376
"35253",0.00436171683462703
"40772",0.0967725218426461
"8055",0.0866292164471777
"20035",0.266294188364896
"16000",0.0161098521712987
"24443",0.0410309215142319
"28642",0.0217014456383506
"31757",0.0668088423632075
"33893",0.383718566190507
"39765",0.24427230597164
"5300",0.0290442848750135
"4784",0.0134505567673994
"30338",0.00572720190113453
"4994",0.0538174901507492
"15188",0.0515375962363527
"7285",0.00743126148962735
"42403",0.933157486697747
"11772",0.00776633691414906
"4156",0.000928365490068576
"9963",0.0367829842267063
"27451",0.00321426029843095
"41237",0.0675126465151499
"24280",0.0357786849143952
"34069",0.0161932977309918
"27386",0.0495832125946221
"28639",0.198762887228917
"29428",0.0484626257084798
"12473",0.000563542944931687
"25719",0.0875690928751426
"14467",0.203542328884041
"318",0.0253000134758968
"24950",0.00630874526909581
"8625",0.0101790096000341
"16679",0.00126676648032535
"1059",0.0120336855284421
"23564",0.012995473426781
"21972",0.0385794071508594
"11052",0.0425795844905922
"21093",0.0537339579642967
"26812",0.0172086804705348
"32525",0.00741160882893197
"20274",0.00501008533647032
"1141",0.278621249357412
"14501",0.00947476543192566
"44700",0.00278519602256989
"2537",0.00108764772452353
"39270",0.138640233192024
"19351",0.0521543441710899
"23275",0.050734424727014
"26934",0.0440822109948695
"4996",0.0134750659491576
"7474",0.00954713942371037
"7373",0.0099213649527468
"5121",0.1201123490187
"11882",0.00449938039039727
"41834",0.712399809202328
"35033",0.0466654368781234
"2125",0.00636513808422541
"36547",0.17589371516565
"4332",0.0104989191303048
"21763",0.0282985828863212
"39200",0.307133906261256
"33857",0.0183508371429531
"8872",0.00228265358181763
"30346",0.0843568747185724
"21760",0.313653601316239
"25227",0.0270282933505498
"26827",0.639604927006299
"25571",0.0356131416771055
"23165",0.0082834502841303
"5250",0.00553148753903342
"28835",0.0594095673190786
"12417",0.00345460335519269
"34885",0.010474153982455
"42319",0.0875875448927093
"38625",0.00521547002159918
"19979",0.0232595185956714
"20350",0.0770400368752339
"818",0.196417337355808
"28398",0.0524815159857433
"802",0.0027243302418765
"38087",0.00883383258778187
"11286",0.00122611652531781
"7654",0.0122575814747719
"34195",0.0118414810361674
"29088",0.0340808982079337
"19811",0.0668211340398683
"12628",0.00346803336815663
"25784",0.588329039042665
"17191",0.00209708965641023
"31227",0.641946924190829
"12679",0.0107695234897011
"11076",0.0218095912175919
"34500",0.126379370753287
"44519",0.637300498680958
"17592",0.0522368441497106
"3848",0.053973475463884
"39772",0.0385230704182116
"42180",0.162164795196945
"24915",0.0619013292123397
"27374",0.0533431521124001
"11816",0.0138951354393597
"3070",0.00744960470902769
"31980",0.141822425852715
"39274",0.00369417109337681
"25747",0.0189280205903784
"37011",0.00439731554941474
"15720",0.229220601986944
"43472",0.796944620378207
"24373",0.0419575114510502
"36415",0.164554667394878
"31208",0.425428840125371
"43188",0.922204037562748
"37955",0.179559642314003
"11972",0.00768208767203335
"4757",0.00795075985610126
"2517",0.00972173924718198
"19759",0.0547072548485206
"39667",0.207941870770439
"29431",0.105406078961315
"24413",0.00339865275515896
"39796",0.0624639166056489
"14255",0.0240379901983298
"8992",0.025486976700486
"25045",0.0867488332509383
"10096",0.0294807017376494
"34174",0.441517844515169
"44033",0.642662883842846
"20359",0.0211502385023038
"1328",0.00991946590106977
"31782",0.0693377826758278
"18423",0.0056315566595302
"34404",0.00871254935944876
"13082",0.0642462800522395
"10196",0.0104559839033683
"38491",0.00838970464725321
"21268",0.020337945294409
"16881",0.00262426245941514
"15391",0.0556038796409626
"14296",0.0252540497288553
"11008",0.0571982663290266
"12508",0.00281443810497238
"32567",0.0743444188222402
"11981",0.000658355469700045
"4841",0.0215549106855654
"39202",0.290526014821929
"38320",0.0562167284920089
"13973",0.070809958252778
"41296",0.40245545093698
"10569",0.474106506128716
"28109",0.473347372626878
"16170",0.0775284621719856
"32477",0.0695675899611373
"2296",0.00022780446938018
"30754",0.109710613105524
"2861",0.00611669099816983
"26077",0.137834467243733
"42320",0.157773645167297
"6505",0.001256228198914
"8694",0.0102118530092857
"27336",0.0430269052368346
"3562",0.0184075964772015
"31245",0.233232156979788
"43310",0.710711929046075
"3258",0.00056313957122987
"22293",0.0460254356995827
"6580",0.00305047996947374
"30597",0.0587220248363252
"17830",0.0308412589651869
"5251",0.00955520984357929
"32712",0.0189985788920307
"8971",0.00137965316073823
"37564",0.00145178418086557
"7918",0.00732863001590363
"14869",0.0402487815050563
"35817",0.0406924862632117
"35629",0.0816544774239797
"14044",0.0918804331398652
"19601",0.329365599801774
"19486",0.134247716086389
"41679",0.12821188163239
"43581",0.299623322629944
"23223",0.0562370170187881
"17288",0.00214271901530445
"11043",0.16754060557643
"8869",0.000795605192147421
"6319",0.00263013210316789
"6544",0.00475266611289979
"6253",0.00634036180213677
"28944",0.0153801872910034
"526",0.0246135296514073
"36283",0.101886573538123
"35473",0.0044739816131927
"27322",0.058928760859362
"22063",0.0091701584959905
"23526",0.0710871835879715
"17504",0.0314485311748291
"25746",0.0169548640459356
"30145",0.0825264626624087
"24019",0.0140660542634089
"17464",0.0145439895757053
"8808",0.024547563194185
"14070",0.0155105753104328
"16275",0.342758714007491
"17932",0.00443338820882629
"44874",0.0708273236756158
"34304",0.0934951041562494
"1164",0.0163310012378706
"37728",0.00516206604410907
"30928",0.0571428943455336
"6382",0.0363760849553059
"10597",0.0126882771849121
"23712",0.0330407336326646
"32980",0.137914067470628
"2396",0.011665258776771
"18610",0.0122181308160042
"37133",0.0118651469708645
"654",0.0416542756283457
"43617",0.0276722175445004
"15557",0.00193302173308925
"2210",0.101981510735654
"31703",0.547747593171379
"36053",0.0708024862526699
"4914",0.00208312187323374
"43153",0.517432379961455
"18237",0.0100988801381107
"40492",0.0177966221879989
"15755",0.100153718138365
"2134",0.00086740073915403
"13648",0.0291042964101356
"10293",0.0282562708736679
"460",0.0056704092352773
"29366",0.00071780593936644
"21882",0.101714349875798
"13606",0.0192890391187743
"14996",0.025425662097873
"11478",0.0811795163048337
"34762",0.122139062743492
"38642",0.00411177072415173
"26270",0.209778208192325
"33704",0.0549818330093339
"37193",0.0792154017091001
"37004",0.00340179270066868
"22970",0.0490704781667737
"31431",0.458942270458331
"41909",0.0248792265712712
"36008",0.0479535898541663
"15496",0.0193744910148841
"21474",0.00352478653552528
"26729",0.0224515934717786
"30266",0.00280360422813452
"2912",0.000352743040873935
"18329",0.000593426224266537
"27023",0.0037008799434978
"18563",0.0736646258503973
"10860",0.00796383856690367
"26409",0.0110066212367916
"33898",0.693578792677403
"6700",0.00771577115435037
"19380",0.327118425892583
"20835",0.0313335506361858
"4685",0.00476632622121884
"10947",0.527203398290326
"20430",0.0303480983504817
"1000",0.0241465562956291
"13277",0.177007534124459
"18644",0.00160554489034924
"31479",0.260597049023312
"29597",0.00124935503584663
"14202",0.00822928780212139
"10887",0.108813358943585
"9880",0.022827167005855
"25555",0.00793977451335577
"25075",0.0578369489275108
"15819",0.210655761248053
"3242",0.00810081357477827
"18504",0.0109468006399585
"14534",0.00682638808895247
"11290",0.00313117071804726
"19668",0.294408498770577
"28466",0.038089679638154
"7839",0.0398143470892353
"29122",0.0386901709455868
"10950",0.20580276284102
"14629",0.0405654910815815
"10811",0.0110370572135943
"24963",0.0337343028901861
"3365",0.105028488197683
"1122",0.179538439909646
"34814",0.268089622187616
"18932",0.0332862492722464
"30026",0.0316072564145301
"33516",0.232082156192955
"28872",0.0286028667546108
"23531",0.027481677906632
"12574",0.0111363461459307
"27604",0.0980859910984572
"42325",0.135160667898677
"4920",0.00850208875608128
"28873",0.88963856472955
"24509",0.00589729513706826
"34770",0.00554325202890372
"13964",0.0173622702954301
"11155",0.00383456898660175
"5267",0.00932850515080695
"28951",0.0146079677362991
"12197",0.000426865462111246
"19012",0.0443861585574529
"41680",0.339484933627281
"36592",0.030354349662651
"21431",0.134674717267119
"40713",0.0909312582876547
"31702",0.100767604281636
"17116",0.265713791537688
"4726",0.132729568662514
"345",0.00041431620376021
"36653",0.0331106957332088
"36209",0.0122372332878862
"32142",0.0614924609744984
"15978",0.131468090742037
"12092",0.0271309982574854
"1445",0.000204775423851048
"11017",0.023722471250766
"44045",0.00251818994038045
"33869",0.419003209880875
"9010",0.00129710871246288
"7446",0.024392742423074
"25152",0.0274398884761024
"22384",0.111941335592454
"20701",0.0423166018855751
"4925",0.00484743002585553
"14790",0.0266530788181498
"19831",0.0428846600928833
"24861",0.0469264686547738
"14448",0.599314154147559
"42890",0.618607731342477
"33965",0.347054015495488
"27142",0.0506405225309383
"43911",0.556796937728144
"37958",0.138031465284565
"27563",0.0936894484348303
"13501",0.0663099860516483
"16725",0.646946386323068
"19316",0.0638875531674567
"13459",0.573688597623997
"32009",0.0360073323191334
"11716",0.348438706181986
"36680",0.0444154274952557
"42417",0.0244140142424176
"27863",0.00935031827064126
"3387",0.00744989666616303
"33265",0.058880107558784
"17485",0.0784147916320489
"42507",0.0251315491071907
"27106",0.340379125054634
"44494",0.784519917166317
"15184",0.0516195305626771
"22649",0.0133005504859598
"26534",0.373549809651188
"35334",0.239425913413229
"13752",0.00310856604463894
"9101",0.0106458459531457
"20593",0.0284082540105494
"37941",0.754311927824907
"4514",0.0138831594235108
"4104",0.0758477833661625
"24710",0.248786676425135
"2904",0.00199977167521783
"22071",0.0785661333484098
"28171",0.0229733413736277
"2024",0.00707016138810226
"39859",0.367536972650245
"8664",0.0110385826990452
"8096",0.00830135287582171
"44728",0.687014997257215
"1064",0.0086884917586431
"15852",0.0116289432001737
"20296",0.0660322828948027
"15115",0.0044225592687882
"29583",0.212830760706946
"42863",0.0522679215832217
"15643",0.311397615858221
"311",0.00428529858777128
"4992",0.0658113909952975
"16357",0.368394498237879
"8746",0.364778412077458
"40276",0.436906829992235
"44434",0.202924364432418
"28200",0.0539990109480835
"13908",0.00364175559400734
"20520",0.0451350865478558
"1736",0.0137745985617848
"852",0.0461002646123642
"12286",0.0136603808272489
"19309",0.0678258363387819
"14802",0.0378733695090947
"1853",0.00704057824949975
"10931",0.00972808176500082
"44827",0.396338855290735
"26205",0.00500155810702307
"21379",0.115415131126007
"7025",0.00722431248673954
"25322",0.0464969344032927
"31315",0.101282091676706
"39845",0.0334740242458885
"32036",0.147521069049371
"10902",0.0472742258894803
"11756",0.0391306469828448
"15786",0.006240264705255
"7725",0.0596043434479195
"4209",0.00343121160419519
"13526",0.00968972120857522
"4125",0.0100587374703885
"3433",0.191728398076919
"29985",0.0688760721531424
"11880",0.00164496235986003
"18515",0.028274290568331
"9868",0.0342183646456704
"40947",0.0185032810084368
"7055",0.0133684411125249
"19542",0.021925458215315
"14378",0.00428907070001768
"10777",0.0495778815426664
"42008",0.659685201643709
"14621",0.00920070901513344
"28136",0.0113784173924655
"16333",0.0565373625710096
"38378",0.0851528903613284
"30355",0.0263995774794692
"15208",0.0474995674312923
"45125",0.685074582906167
"42255",0.180586688192387
"31826",0.104773374469503
"16570",0.0819173146473973
"20351",0.0689563877232987
"10056",0.00203653030288139
"26532",0.00318037373406431
"42959",0.869934868888971
"38716",0.0172853590400593
"41506",0.720907686473082
"8670",0.0260352701153078
"34313",0.0101271491086555
"27207",0.00125946099114249
"8899",0.00844296547462624
"33485",0.122396273281175
"39107",0.14375049133632
"27103",0.0861498308039851
"38319",0.00168195374257163
"9374",0.0795363755087132
"12433",0.0373521952640991
"2810",0.00413903686083081
"34349",0.00191846828963229
"16888",0.0177855115348661
"7721",0.00100955222475482
"36974",0.0124249075716579
"29649",0.013441644661845
"42131",0.170881879167369
"13375",0.0728871174157901
"31339",0.860028764870642
"15227",0.027979533425351
"8713",0.137052810351389
"33953",0.285762048888883
"33744",0.0895138634654126
"35214",0.623669824527206
"42862",0.536867481359307
"23444",0.0167985276050759
"26843",0.0206909829156816
"24233",0.0276281533362454
"10075",0.184348570669416
"30059",0.492702891001156
"44222",0.00348793727640979
"21487",0.0130241140983887
"30603",0.0413238117896444
"38053",0.0540784939335703
"19406",0.00426992105047686
"18029",0.00956423889363581
"24105",0.203471263040933
"38916",0.0174349060009575
"240",0.0155108328125886
"24256",0.0862417928177763
"37371",0.310630501254935
"19898",0.0626492887657679
"8729",0.00179287321415422
"34647",0.0314191905811134
"6165",0.00212711084855502
"1626",0.00286359265971904
"36546",0.0356419908568904
"4731",0.140654793550199
"42587",0.175196033778388
"44690",0.17117012069126
"9933",0.0504358806561545
"4064",0.008903590055821
"24746",0.051066024579363
"9613",0.293795921257918
"31993",0.0329851256653713
"30549",0.403688620593672
"38867",0.0684172294460322
"18531",0.0228704645069156
"36153",0.0118988207139991
"17007",0.00442873023664575
"40398",0.0613492346128326
"6988",0.00333559001451944
"1392",0.153862019400385
"30427",0.326474169729692
"5247",0.00535973690696109
"1393",0.0124452223525727
"36944",0.0770893767125012
"33834",0.00895903299325439
"38604",0.001467288846414
"21775",0.133639258606971
"2928",0.0437695446154547
"9309",0.00557149314156092
"36874",0.419062230424172
"3120",0.00631880361699821
"3065",0.000719893440101062
"24610",0.10832261858817
"24888",0.0309050370172098
"4371",0.0203153280801937
"13376",0.0867908793945895
"28131",0.00182284543611619
"31811",0.0574198093656369
"25675",0.403025567766775
"38865",0.0475232060538277
"4281",0.000301439413284265
"26941",0.00434194408908306
"37070",0.332358311698811
"29511",0.155924112322749
"17297",0.00172930834441338
"32197",0.0240113825145445
"29195",0.7894281470912
"21646",0.0297588968312035
"41077",0.100955211849168
"14926",0.0200753920054656
"38954",0.00128018040689657
"24401",0.00339988093606188
"33878",0.790181034557722
"27061",0.455283428462348
"39238",0.121661067563759
"18754",0.0219404499817041
"23866",0.00981330715466905
"37036",0.359674693737456
"6085",0.000694872130874078
"114",0.0127145491644685
"30587",0.0031329970647669
"43859",0.358770936654957
"23499",0.0634345800381809
"23815",0.00839316121930055
"4605",0.00677773648629151
"37214",0.0715520647860909
"21113",0.0797076459953145
"23772",0.0941645591376959
"18185",0.0172030723244523
"42375",0.253988432218424
"18315",0.0031028091464954
"25712",0.00928569464237151
"13868",0.337350304294096
"10432",0.00389788070392055
"14455",0.0198629499538867
"39533",0.0140446870332096
"31653",0.0270193168558283
"41585",0.114626798061577
"30412",0.0127647850630004
"18590",0.0813904119567325
"2421",0.127689648496983
"24592",0.0248111277901978
"39598",0.854289780514561
"5969",0.0105335581350313
"29809",0.0694445223122728
"38664",0.00188535309807482
"27353",0.201976504903956
"31737",0.133859476979504
"1875",0.00581116453356622
"13767",0.122697236565672
"25601",0.0105430068008093
"12237",0.00118880847627927
"10607",0.0208730289149983
"39555",0.0383613489979587
"8157",0.0103094663276267
"39698",0.28630920218122
"26754",0.0301464047853532
"16870",0.00126344430512389
"41810",0.222312839863934
"3028",0.220964237806327
"5902",0.112233443660125
"38960",0.0416358155609549
"44739",0.990168657176935
"19914",0.0199327503077798
"43103",0.841760422586162
"29871",0.331440283603245
"9636",0.00178472350762185
"6430",0.0947353611488587
"35474",0.0874392259050909
"42238",0.0743520471501921
"24384",0.0117900298395471
"30330",0.0492826727937051
"18442",0.0160907433051223
"31851",0.869730857033171
"1969",0.020214317367434
"30451",0.0741225224324094
"27609",0.0040862560560202
"36131",0.201178233184993
"40243",0.297825616652225
"39445",0.0466073365220202
"43283",0.828469196445743
"10971",0.291902269645777
"18620",0.00259232628317462
"7794",0.0281783063515962
"21559",0.0517307602746701
"32750",0.114305763629096
"25960",0.0828799254348002
"44000",0.00232791537746678
"6590",0.0109732374442679
"19466",0.0524995835747464
"1138",0.0194250753223758
"23825",0.0621610659971105
"6050",0.00201854444827559
"40523",0.248325452408926
"35154",0.100203648711326
"40006",0.622120182781061
"40670",0.314913987715449
"490",0.00894722930611075
"28252",0.069327267267771
"35331",0.0417560693032525
"42617",0.0170816059690013
"22087",0.0102195337891073
"44921",0.370995228497401
"44917",0.208579307810405
"26570",0.1855274034723
"32614",0.529361172053692
"2954",0.00549395149392225
"6680",0.014538221103556
"42668",0.0859943012500549
"34446",0.0488407225375383
"18593",0.000372121206826616
"28534",0.0551205134189361
"9062",0.139369715999323
"43488",0.761354157543607
"39357",0.00300872876729556
"6181",0.000930734938429309
"42878",0.137807416250154
"39840",0.0510396943961298
"14435",0.0220882495678029
"24446",0.00554036921470036
"32587",0.0538850349824463
"17941",0.078721176520789
"15493",0.0178961334823944
"18714",0.000816519494030048
"18725",0.00147691283252158
"13270",0.0843884718536597
"34968",0.23685764359792
"39460",0.687199732553125
"14850",0.108672024570778
"31139",0.164048292277157
"39129",0.0261646450146214
"7297",0.0425939209011243
"19006",0.00855782604719724
"6187",0.0943860828024942
"36489",0.0020539996724791
"31868",0.0213694232586003
"19324",0.0108444219009965
"15005",0.00220192050240276
"38346",0.0265264930405153
"28056",0.00611130946164181
"43879",0.529682746894842
"15658",0.0681832871753878
"22345",0.142422311899189
"38757",0.0296956686162184
"38641",0.00108680221392437
"26907",0.00178015335560058
"41927",0.152054079379769
"24624",0.0224546407333536
"37425",0.0353467687453648
"30661",0.0294256813663796
"25099",0.00341552505526437
"33596",0.0506502524620961
"44842",0.018916648918328
"18209",0.0184091903624654
"12135",0.00124231645738269
"3534",0.0075566965590194
"2717",0.0176044112165422
"11597",0.3919528952743
"32552",0.0999903630312036
"17699",0.0382453863294191
"6420",0.0154615204879367
"10462",0.0408163973608217
"26672",0.104008974866426
"35533",0.0961127317202988
"18928",0.29403033051136
"6517",0.0172265395381264
"7320",0.0115933422704158
"6941",0.00497169559825152
"16696",0.00263256095026611
"43059",0.979046379371765
"23916",0.0677728303741758
"25807",0.0297919968609136
"23102",0.00421105124386448
"24542",0.0178668488424357
"5450",0.0072435654555498
"14652",0.0295947876450994
"11178",0.00197142482516851
"20405",0.0250300663159136
"20259",0.00598980727620975
"32318",0.0508340064851831
"9183",0.0898687648098652
"8240",0.0153068016059997
"43684",0.548960091287246
"27767",0.00879993071555589
"28868",0.175758359619182
"5436",0.0110092108844918
"30229",0.00353398604128905
"21137",0.255708293598386
"21296",0.0274888438049448
"32805",0.468352650798303
"23913",0.0130411589558822
"33951",0.79630481540815
"8205",0.00457987180821006
"31303",0.349879001175923
"27308",0.0447518139159028
"11914",0.0261912582130909
"15913",0.0237698869253568
"11964",0.000583250544927799
"26887",0.701509446327837
"28990",0.107282976769642
"7144",0.013328863729827
"2798",0.0195113859484126
"41716",0.51392690274134
"40089",0.027505122388133
"34158",0.733662440319727
"36619",0.0796571135490103
"4098",0.00022749206108237
"10408",0.0520441589818952
"13630",0.0581041699596156
"16077",0.0535979575772209
"38781",0.0142738767482178
"16093",0.306437523126275
"43811",0.0163044174993051
"32930",0.669871869539346
"32631",0.0270304760211865
"34074",0.969183862089363
"28588",0.0343168164482865
"13925",0.0112530127811177
"6570",0.00155838589896399
"4469",0.00382133123236712
"8298",0.00324436833980888
"23877",0.0973903651433438
"15574",0.0164681542534197
"13659",0.0584083917365678
"17331",0.000519214947657229
"1467",0.00977970750962933
"30331",0.556686285176903
"13679",0.0209918683732042
"43104",0.615397051493193
"23097",0.000942624125575094
"29949",0.198775538455592
"18053",0.048681879977794
"38372",0.00248145814762092
"16567",0.0917732209080129
"43046",0.0839914631515281
"18392",0.0841599368548411
"10799",0.00299231365127035
"41027",0.152221689617609
"18207",0.0594507644250928
"19802",0.0122438980428484
"41398",0.272547488823412
"8608",0.0109096445539146
"36270",0.126399845930196
"18356",0.00115673156110548
"21302",0.0217018019129607
"37982",0.0250066869484624
"31938",0.563256333143941
"19166",0.0431681378925306
"38674",0.0040070127748051
"21134",0.0613556004764965
"39818",0.190661974378857
"10937",0.0746050650068001
"10006",0.032647411083606
"34268",0.0999268113794671
"44091",0.120456682961897
"37735",0.012543549463644
"19446",0.86390881473533
"36366",0.114871826378891
"25055",0.0448092146217151
"16734",0.62006868440922
"12828",0.0135474039590606
"32170",0.228528045330541
"19769",0.0440064501134595
"33892",0.473382016450392
"5234",0.0266569877047858
"38746",0.335709487849499
"23832",0.121318175688019
"15294",0.00649295179977541
"35715",0.00438775594513144
"28030",0.00555430041035126
"26349",0.00847308489355717
"6513",0.0253944497362903
"13668",0.0230724170675825
"27959",0.0282308949369625
"22447",0.0359969060108199
"20913",0.00983874346985435
"5916",0.00618596654690707
"32662",0.127795075802237
"10042",0.00772653506218573
"38144",0.175998274445138
"27304",0.0672794403225067
"17709",0.0236410958598551
"26714",0.00394096042776949
"38639",0.34173738358222
"27417",0.00389628241681567
"11018",0.0224156568707727
"9215",0.0929435320008338
"7486",0.141538436051485
"40267",0.335742477074071
"38597",0.106168806309545
"21354",0.0300946264829437
"25255",0.0256133039594216
"37504",0.021174753451646
"23946",0.000643998645813813
"43294",0.498845056058212
"43725",0.00249800333189604
"13634",0.0718945585975081
"13172",0.0200734686901037
"33912",0.921023781638406
"23041",0.00395679672476076
"9175",0.0500119766862655
"4181",0.00180974950674077
"12673",0.0108314446811537
"5233",0.0116329083389907
"35827",0.00612145347517018
"35417",0.0263511979163762
"19091",0.0903800860441934
"15615",0.123838598810494
"32324",0.0106779113348814
"30353",0.067817232881226
"19367",0.0340290744956744
"37260",0.163956989341169
"40991",0.0286998555177405
"4843",0.00182390511641457
"24346",0.0015800782363138
"4922",0.0104595046474012
"28184",0.0495330656636561
"3114",0.00457383201219709
"2018",0.0219742672540343
"18634",0.011878820329489
"18740",0.000672897618373896
"34840",0.044550125727819
"43591",0.1709100384697
"41934",0.410409979933288
"6546",0.0100628504624667
"36051",0.000568602148256723
"22623",0.0580339512392569
"38370",0.00169832354862634
"39550",0.540084283101713
"20601",0.0165467060543432
"28981",0.0192275138465509
"17006",0.0250847277572941
"836",0.00751893874747739
"28667",0.00749982600143695
"7062",0.0161391098499385
"26446",0.0397842351093762
"35909",0.0211976027100543
"43983",0.2119659083931
"11561",0.000838744594236461
"10984",0.0131667461187604
"19883",0.0178464551679427
"1116",0.000672675547793247
"13703",0.0180639358090604
"19287",0.456146576208375
"6743",0.000356624761415665
"20794",0.0151494083272954
"8965",0.0444654477848975
"34886",0.127014983798279
"21769",0.0631332765177277
"22714",0.0074002303952761
"40968",0.857123872463124
"642",0.00311426109908534
"7846",0.0217151030452855
"43766",0.403464918618798
"41357",0.00908756592795853
"39566",0.21421815620537
"20752",0.0876231905416626
"16837",0.00420615997113872
"8533",0.331001995099167
"14594",0.0149640467919734
"23476",0.0110781008905624
"1803",0.0127706179137828
"8178",0.0850195857666511
"25022",0.109761090630577
"31513",0.147197091029769
"33627",0.0345784007680439
"39414",0.024311098553488
"20355",0.024795415167578
"8112",0.0528270000883305
"33241",0.110945919747414
"18684",0.0070036853550326
"15838",0.0568478676470518
"29479",0.0604206236582344
"44686",0.110875285690272
"2456",0.00657609538458117
"39056",0.154898941222267
"31461",0.32248481953685
"37301",0.111827075311045
"33097",0.165121960691041
"21663",0.0156552533018158
"36581",0.209881585944564
"29110",0.0539908451312594
"35779",0.023917500637174
"20996",0.0474828626343352
"18058",0.0625002336503326
"13125",0.0129653120231521
"6695",0.0265515456567312
"5385",0.00156189436991696
"9470",0.0537216294620783
"15207",0.0212814487174469
"37625",0.0370232870293977
"20851",0.164982580223848
"25880",0.0533595751123895
"14668",0.251987422491258
"15730",0.00164194906405038
"18095",0.00834713529106482
"16917",0.0395486187405354
"35230",0.00896203883448127
"41143",0.0795049305730009
"40052",0.0743524165465184
"22730",0.0301432195437453
"25958",0.248298066182293
"5355",0.00107025792312091
"28566",0.033288699200723
"41797",0.831332189076292
"32254",0.0359392595477512
"33786",0.205909882687904
"44059",0.212859130240017
"35645",0.00366257119585043
"43868",0.180376115536261
"17304",0.00195378576613993
"37465",0.011531266641648
"37167",0.0312162040115092
"22641",0.027479895242365
"36180",0.00756450250993181
"25230",0.00987456387327059
"28175",0.0594914414095227
"36901",0.0104393709968749
"25537",0.00585806343734807
"3788",0.0325495480102313
"25762",0.0153598696339809
"32160",0.32203162271472
"42630",0.336942391055348
"42892",0.825738324124576
"13893",0.348878056717962
"29669",0.181313823684102
"40633",0.0793007687254157
"23135",0.0130925919562377
"5987",0.033267979526731
"38250",0.102822274967835
"13667",0.234060124772488
"25461",0.0500792467504487
"34741",0.200803296338132
"21623",0.0160306409858786
"22257",0.0330515501834764
"7131",0.00268637657367009
"40579",0.132492866675319
"7653",0.19539064371527
"5495",0.0328275170200962
"33637",0.0714687968744173
"11693",0.267428649532899
"15428",0.0554870094975616
"18919",0.0707948142362524
"35740",0.0976936663555702
"12549",0.00116091345572626
"17604",0.00822217981082421
"44058",0.566768699750738
"20587",0.0205511784318445
"8028",0.0174239359121254
"18050",0.0490622995634643
"43968",0.932224718551919
"32719",0.0493350626640324
"6694",0.00145578579074405
"4041",0.00414168597833686
"1482",0.0183824702950104
"40250",0.124915352611472
"38577",0.00490901022631387
"42877",0.15105905137604
"22905",0.0388984586627794
"28116",0.0023500903983291
"6189",0.00153147725599098
"743",0.00794330952720115
"14819",0.0452052797761122
"21847",0.0476389621086739
"21203",0.0141336530237558
"20773",0.0666849127125129
"23283",0.0354850191775218
"35500",0.00101330365574984
"8431",0.0365196051375369
"39625",0.0786407125956105
"39054",0.0278225603057668
"12558",0.00397441158637924
"1887",0.0124702213419632
"40892",0.0177545551404418
"42082",0.559009182171399
"42215",0.60626753743553
"38897",0.111554842996376
"36152",0.215501944202029
"12966",0.0546776654850483
"36716",0.0238976271900759
"548",0.0120451354004782
"34694",0.0373525187564611
"22457",0.0100519309316257
"7765",0.0683624069293785
"9145",0.712553957489551
"36689",0.00605913173636022
"16166",0.00157958321232351
"5983",0.0133681967342566
"28751",0.0483262534966947
"43447",0.330852751284442
"44589",0.0016503842515624
"3318",0.0228374773844617
"42263",0.0602708566229058
"39356",0.0105693216930056
"41050",0.188409607645688
"18219",0.0282628649109479
"42439",0.626853740461936
"19875",0.0120182308199311
"20416",0.0201195568695282
"39917",0.271836191094251
"29906",0.163593383896869
"12319",0.0434365921126227
"15761",0.0371750116086943
"33521",0.00250886887004455
"14439",0.132304521439073
"39452",0.151070749295056
"28452",0.0569689106515977
"20790",0.0331966998203513
"2327",0.0120589086346901
"26968",0.272720647784466
"6356",0.00361911129495285
"21612",0.0750502019544801
"36220",0.0090179140345352
"7457",0.00134603567327854
"43276",0.669519546915515
"17802",0.0166404227065151
"12626",0.00224906092945794
"3339",0.0271767581334971
"2549",0.0580069201084225
"41063",0.0806174237444989
"10638",0.0100153367995892
"33662",0.00763516542978817
"19160",0.301877218058329
"35204",0.0200196754843061
"7629",0.0592191686315903
"34497",0.039245504591796
"25971",0.0257136278654909
"15345",0.0814304517692017
"40319",0.0143305099444285
"10164",0.0111413281313948
"32079",0.159175813411814
"18339",0.00513406121368836
"13805",0.041188915187032
"29825",0.00216807011599034
"22111",0.0199798297008343
"26382",0.0328314219051774
"23509",0.00177628687408999
"13440",0.262670480860221
"41933",0.389665683560243
"16114",0.0117611064564636
"40104",0.30785762568681
"41603",0.111090093498585
"41131",0.0105660674734121
"40007",0.710367818990047
"34606",0.0708912826486789
"23857",0.22108562483094
"4988",0.344318590240479
"19830",0.00415819474206168
"37993",0.0197400984128471
"37877",0.053645926677012
"23482",0.0799876293988439
"655",0.0561759161910743
"25679",0.0850145700324378
"39365",0.088373848121864
"13856",0.0840801983256342
"14174",0.0641916058760762
"40100",0.168882672818905
"3129",0.0510080035693276
"20977",0.179092021422397
"34759",0.0349512865259365
"39957",0.217024400538194
"36289",0.0964106701037276
"38807",0.000643827867714944
"27962",0.000494358443148286
"24637",0.0571171472844406
"25360",0.100114487775951
"33613",0.154230148033717
"33454",0.123070484519283
"20934",0.00374149612349705
"18596",0.0548599696223083
"29531",0.000494759188235984
"8747",0.00847179061392816
"31279",0.567360103191529
"5570",0.00216420117600928
"12944",0.022290144004048
"31798",0.143125501891092
"19990",0.0264638203678928
"9725",0.00898966652675205
"37660",0.0466915193677779
"13642",0.057761690544215
"36693",0.499483971166915
"8577",0.0040003921930397
"24433",0.0689101708416391
"21475",0.385239258528534
"1974",0.00134996554274927
"2110",0.0277669714119455
"20641",0.247396763668492
"20548",0.0141528207069875
"3085",0.0165349153399025
"23247",0.0312701582849811
"44746",0.689748536183354
"21609",0.104449733643772
"44410",0.468996747463956
"31369",0.49805197436278
"12317",0.110809060093103
"31263",0.0178614913031708
"28205",0.00157628070255096
"31366",0.412375791967928
"39811",0.207510753400571
"40305",0.511697574067242
"8825",0.0288720221511568
"5004",0.082134410772764
"23962",0.00269697730256378
"32467",0.310539378440507
"19577",0.0234300125277737
"16322",0.0350674641071388
"5915",0.0148791701866298
"32152",0.654942728171963
"19580",0.0146324347715398
"25403",0.0184994097316102
"31109",0.172536488985823
"28781",0.0142297877995356
"10867",0.010153096084221
"36560",0.521433609108733
"37200",0.05207505956695
"28771",0.192639886210591
"29289",0.219840955952297
"31911",0.0077865274160074
"9769",0.0901337609330329
"126",0.0151199013059944
"41378",0.690677382752108
"16571",0.00516168894624
"44944",0.00245063757669539
"8503",0.12145471447306
"40289",0.077269386697125
"2342",0.156070966822196
"37071",0.0346596439049985
"7366",0.0123006406587211
"33724",0.0143327367184291
"383",0.023969167300816
"34464",0.333243411083284
"32911",0.0376799636609017
"19403",0.0674207860788661
"39934",0.0232816707971041
"6715",0.0170457075368243
"16836",0.0232555150107168
"4295",0.00864546360480178
"43286",0.90689835720533
"40433",0.0173099840356969
"30883",0.00208001385942468
"16431",0.221764009456061
"17254",0.0595141773315259
"23412",0.0862519458753559
"36354",0.0601977415185698
"7947",0.0112702837183062
"42907",0.110073478541975
"38847",0.032647164743064
"21864",0.0320934474117538
"34900",0.41453899443362
"35247",0.230845656269147
"5070",0.0122633092199475
"39744",0.0886007208042822
"38187",0.00384575288571696
"5075",0.00664010625220958
"6557",0.0114054589459261
"44276",0.152383148909179
"5496",0.00431094377323269
"38300",0.0925574374630298
"30403",0.0977534003454677
"13389",0.0212005541982852
"495",0.00706452683108524
"9182",0.00184048283512067
"17924",0.380722958986673
"22126",0.0347206589661007
"23785",0.0318508395704516
"10630",0.170815181715116
"20426",0.00988062230911859
"29318",0.249027012478746
"18286",0.646862985830554
"44250",0.0663451648011229
"3001",0.00150099385304343
"5597",0.0160154915092048
"16566",0.0182483025407533
"28912",0.0285375945841269
"3766",0.017321839129355
"33999",0.802006368056731
"8113",0.0204687221410216
"15982",0.00141279465635014
"28079",0.0167912899432043
"12573",0.00384025264754554
"28656",0.0636373609732228
"37280",0.168564230061873
"44344",0.0483858455318674
"25041",0.000433233447179816
"30943",0.00100393909933273
"44360",0.000722871212270312
"13665",0.000505349942780171
"30682",0.0332461098729666
"16925",0.00179002550628887
"33387",0.00662062712468405
"20161",0.0313125672236149
"36858",0.0233502184466951
"32843",0.239015973522612
"33413",0.242298189984154
"3306",0.065364029983766
"30856",0.00186248827150556
"37830",0.00175399869146555
"12199",0.006437296329744
"35989",0.165244251055216
"40479",0.0542419938864653
"26732",0.0187832595560985
"38073",0.0378746055186453
"17352",0.00789839694509815
"24701",0.00859396787923986
"24087",0.0819930677575508
"7143",0.0201675667698026
"9143",0.181829207008031
"742",0.0249822844201697
"38277",0.03978353722606
"22577",0.011007659575086
"41030",0.281021085103032
"24721",0.00135272562511023
"42098",0.0179825616166029
"26368",0.224426176322863
"13539",0.0354835472617467
"12017",0.000293808220924505
"9315",0.0235238335705645
"39423",0.0683941025451091
"36959",0.0802577309281585
"24840",0.736853962945833
"3401",0.000418189144242274
"39068",0.0690598807596462
"42043",0.000026808079616877
"1679",0.00549093133822172
"5351",0.0076979928984495
"42081",0.78868422541428
"16800",0.00937511675052271
"29704",0.139853104393
"18258",0.00659957540953443
"29196",0.093889754695052
"43475",0.361605209377133
"39062",0.0412664739795354
"12470",0.00300006666114987
"35401",0.00529426709573249
"12260",0.0980803537538612
"26841",0.0275451076026644
"255",0.00849556978779455
"42852",0.820175572436963
"37374",0.0275199034368807
"39896",0.670886796982428
"19552",0.012427442482924
"13794",0.0966081351450237
"24136",0.00457261557107745
"22196",0.0181686806079465
"41479",0.113573915616901
"310",0.00249509263529019
"12361",0.0020296447210778
"23926",0.101904373508332
"23083",0.0704613649372934
"12836",0.00386929967803934
"16765",0.0354622190370201
"25503",0.113738698798678
"23976",0.00320273396994384
"42625",0.379315932139998
"22349",0.00486102733233661
"5744",0.0188594162043751
"33578",0.0077002070744202
"43630",0.589945650965988
"39852",0.0328889718332294
"7841",0.0156245136798912
"18079",0.006595316774094
"23355",0.00294139778612541
"30",0.0223897604099997
"44368",0.15036334230019
"27644",0.703714323416267
"4030",0.00613828035046756
"21920",0.0120736468093802
"42679",0.0892301881028308
"829",0.00148237563411025
"20249",0.061191625112541
"26258",0.00147200746324423
"28177",0.0243196535381463
"34677",0.0260162324395205
"41188",0.59413918576161
"12118",0.037289502736334
"8455",0.00946550900986203
"3374",0.520178622516461
"34860",0.057040391472297
"35065",0.117527135987432
"17894",0.00423227945435866
"14637",0.0106096418157943
"10510",0.0114129864760581
"29161",0.00276971495682179
"33227",0.0187301608193688
"26477",0.0230247634245054
"41483",0.970925158123234
"8879",0.503466290590291
"28275",0.808633168320205
"20338",0.00734219725097959
"42918",0.0750893049154301
"32554",0.506199549232822
"16273",0.00864417097977497
"43245",0.953968594278834
"28660",0.0461903646088774
"28005",0.0648244996457558
"20647",0.0416419976342904
"14682",0.00900461681928523
"2482",0.00177067786605986
"36086",0.558440064037795
"16327",0.10159794167867
"17896",0.0355661125527856
"5889",0.180441951087918
"35669",0.0366155381630046
"2612",0.00917678283845585
"33179",0.0420552642011524
"17648",0.00364300230438489
"7487",0.00821545127233833
"12103",0.0518983170714026
"28325",0.00638648230240852
"37252",0.0378496086245449
"30756",0.173160671470331
"33774",0.418807665992915
"2503",0.00919843488863597
"44316",0.576341604430217
"32470",0.0708100362716634
"18685",0.00319697778645539
"27928",0.00211977793268896
"6900",0.00202835732013336
"42329",0.0600361413082788
"23578",0.0425154365175963
"12830",0.0644445824901632
"10655",0.194469121489697
"29711",0.220134296846841
"5824",0.00700413191218408
"27966",0.00294222633266166
"108",0.000499176920453006
"15421",0.00665375828568027
"38338",0.0580266646615826
"10594",0.698227695225053
"16126",0.108443997503171
"18927",0.0862807822381382
"42714",0.0267850128854725
"43875",0.0926524993234676
"44903",0.461389982062464
"6064",0.0097436021291105
"31754",0.526424237397624
"21902",0.0405494337075129
"23357",0.736653787191036
"16354",0.013750219183843
"23719",0.00107721595495229
"7336",0.00186824778837554
"25404",0.00775224009811249
"43228",0.821645697916846
"39718",0.326853688728489
"8340",0.000515683294755361
"2426",0.0549336851301494
"8015",0.141817658703489
"16376",0.0233001796035698
"28424",0.105041991379544
"29693",0.16767129970306
"13940",0.0320703046076986
"2558",0.0046897378361219
"17157",0.00293881105740599
"10369",0.0290340039289077
"25597",0.034886370221587
"3653",0.017888361636344
"33972",0.574273883638752
"629",0.0120061735841552
"9082",0.147764184196982
"1663",0.10768140340103
"1268",0.00650585519783804
"16192",0.0289762932177242
"7353",0.0102015118026443
"6921",0.00876867878582697
"10542",0.0427945130397719
"22348",0.197365123316794
"17774",0.0147128792482911
"9344",0.0661996173007042
"22632",0.0426521891042387
"20242",0.00309855837595488
"17628",0.000992037322157201
"41381",0.324032557172175
"21404",0.0135898661691004
"32780",0.00758071682101634
"14010",0.0188603175749021
"3652",0.0462791171716899
"33059",0.0401070538098693
"12154",0.00130373005684173
"26506",0.0330479142276897
"7535",0.00442497964987314
"44786",0.00280539734671191
"7941",0.00342140146565354
"34757",0.0555037773041293
"3969",0.015443466143841
"6711",0.0143192931628175
"40925",0.055182742764704
"26317",0.00762937220131293
"23956",0.00339466578546031
"7956",0.00614411679218266
"730",0.0113294339841165
"1722",0.00764387843111858
"24016",0.112619218694813
"44163",0.794129336416198
"19607",0.00154542619419789
"20387",0.618679078630374
"37553",0.000691546398191677
"9822",0.0444558077549299
"12568",0.0081025827427113
"20109",0.0163716131367996
"9053",0.020773847036586
"36982",0.00336025730481012
"29264",0.135097122093664
"40589",0.125909927860879
"40938",0.0192268056294875
"6645",0.00995027388554446
"43019",0.0513233837475501
"28977",0.00400985493809938
"28793",0.0300419887306898
"31613",0.58779637261633
"40662",0.0271883031516123
"23164",0.0656169455520381
"16181",0.0996367499317602
"34889",0.00178777476696062
"17342",0.27508099794565
"25636",0.0155857023306885
"14382",0.154681691334044
"3664",0.00569364183988034
"27082",0.085845590963924
"32153",0.467013332044622
"16823",0.0812070371026372
"22346",0.0119131055869567
"8102",0.0186602611477581
"4796",0.122227349654075
"39740",0.0955291746200523
"11255",0.660577101117697
"17797",0.0857219459830402
"22434",0.070948551456986
"9847",0.0617089942223128
"13184",0.0432311671753558
"8136",0.0470454823203171
"19007",0.568459255311969
"33861",0.0636318642008241
"15059",0.552388004459218
"15336",0.0635087847768322
"41827",0.323892914605391
"21642",0.0455220831814192
"36244",0.372816137835377
"14726",0.00852052512981479
"28547",0.0949338352676448
"8876",0.138637266201448
"7017",0.0182608011072744
"37621",0.0777245061843821
"42113",0.0376199928100069
"29803",0.0457875635057075
"15737",0.446812512881736
"40833",0.0287191983295933
"17423",0.0114836710791893
"8688",0.0426659391832515
"28359",0.601061982148108
"30955",0.0149089829973095
"41403",0.343857262287714
"6451",0.0164070230214527
"21315",0.0300709724258964
"36033",0.00279248489052617
"6198",0.0118078119617123
"17927",0.425080606261642
"8717",0.0821078528181217
"25589",0.119795183426339
"25715",0.0611389218027337
"15178",0.302568264348236
"37112",0.0736147105713114
"40547",0.195062063656167
"17899",0.052881359290736
"1608",0.0127990153001111
"9899",0.0176717355291371
"14370",0.00442335621249704
"1842",0.0126066889018329
"4049",0.00187138075615262
"27806",0.0734556830132996
"34342",0.218180235673285
"19233",0.0399031424337569
"2602",0.0243344056538217
"43912",0.249084557256832
"41765",0.0404560890527561
"1971",0.0134877417304674
"35099",0.0404653629985656
"21251",0.0326373079276142
"28203",0.0800218615229437
"28708",0.0251007113123286
"41918",0.993198910456481
"16007",0.0671840043106333
"15464",0.025014284268112
"16140",0.0181910308687335
"18617",0.000626067474637815
"39436",0.00849157640596999
"37552",0.000953960966225512
"13877",0.0774085645046823
"31800",0.231370304109654
"24895",0.0241272396353449
"38507",0.203356403075196
"3483",0.0357987414793963
"292",0.136943471290505
"3099",0.0485251620197971
"7986",0.118268053615968
"21837",0.0336884026259076
"6200",0.00107705495067685
"34740",0.0219109207812667
"2926",0.124220287758705
"4152",0.1177553675353
"21277",0.00431990230415053
"41736",0.0571677692234491
"1506",0.00677747496413441
"25482",0.063639023327156
"39706",0.583481180919597
"15363",0.121201637286871
"26797",0.00619201116210026
"1860",0.0140013759365029
"14906",0.232423571877511
"2891",0.00163096140661935
"37617",0.0229661131396237
"37879",0.078735386174218
"37705",0.0547906857822649
"5315",0.0125598408453684
"15436",0.0238957209658116
"6328",0.00811569657918161
"13611",0.00320863042074766
"41882",0.0330211951143585
"43361",0.656080366707789
"1197",0.013455873938397
"4426",0.0197662239818847
"32111",0.0408678983567653
"43240",0.445248148801782
"39065",0.052059602167628
"8890",0.404667588033697
"44816",0.390173201539958
"33125",0.0828858022547583
"29281",0.0752055248809102
"8835",0.268881929049392
"43130",0.251223518792746
"5268",0.0192174787165935
"812",0.00430623106617708
"19030",0.0600533510021052
"9559",0.00353927338833907
"24988",0.0859801041518043
"5879",0.00277749530457846
"21726",0.0686745520014825
"15797",0.0493029135279156
"6592",0.00584462162594837
"33714",0.569467405263047
"9718",0.650548714065615
"37589",0.264997773446268
"34215",0.00358448612906453
"31727",0.671456524081305
"31010",0.14450962561072
"34911",0.0105922618090794
"21362",0.0104339133272833
"13381",0.332582226134273
"16086",0.0124415639624604
"15859",0.604980355457842
"21207",0.0127562158808509
"23266",0.583193702190243
"32892",0.193070602295908
"28564",0.0185284615951042
"39522",0.338124397106527
"13576",0.0526001572275365
"6029",0.00625445194682918
"11955",0.0020573155644336
"25559",0.030853385199449
"37145",0.0222764250464267
"2246",0.0032854088749439
"21678",0.0165063846879405
"14788",0.0236674624796762
"16348",0.088121171878609
"24236",0.00595321769373977
"42155",0.583381339900429
"7309",0.00419747499388481
"4217",0.0302062177014995
"22961",0.011516552038134
"35733",0.558063415482857
"34875",0.00584254582187588
"27649",0.0253169627158489
"2528",0.0593861013560476
"26851",0.172875066338583
"8381",0.0240513695628006
"18032",0.00255737031878034
"29243",0.105819152826299
"40919",0.200038684250091
"4874",0.0103122391378529
"38860",0.0462491568058704
"15221",0.420220647438144
"23952",0.00978748883804803
"25390",0.208431770553291
"39627",0.0433162414536991
"45136",0.00877372306780255
"27457",0.00212208927263098
"45138",0.11501441304071
"44023",0.181131903294792
"41194",0.0368841762749809
"44631",0.782886442076647
"34085",0.86525956872756
"35046",0.05025355744497
"364",0.0215948391790631
"25505",0.176484060529749
"24662",0.0479305632228539
"13271",0.183441002453722
"9086",0.00453076689310619
"21584",0.0477756996300227
"34891",0.00230119647087699
"458",0.0691924977774779
"23518",0.13086818320372
"32094",0.21119904130796
"25064",0.01583670675673
"25106",0.041832937558815
"40531",0.0207857132688854
"20069",0.0228341866138304
"13431",0.0190179046297555
"26318",0.0207408581238145
"31120",0.461840625108549
"33459",0.0679320592587333
"31802",0.349989098006642
"12278",0.0688899801026501
"30447",0.0232244615204565
"20148",0.093426875889332
"4556",0.00653945890133616
"11345",0.0158221076411327
"34408",0.0211996673029343
"8802",0.00119657861671592
"38070",0.0332646195063828
"22322",0.0210288447750083
"16287",0.0105987116998475
"38531",0.0294734965075926
"30162",0.135545717054411
"21684",0.104630184729364
"40484",0.0286023624535328
"11752",0.0189139308773017
"39070",0.0411896357664697
"27418",0.033325568912699
"33281",0.127908220705638
"2595",0.0214039393766775
"20093",0.0179416729296114
"15534",0.0511166028319507
"29566",0.102303106303197
"8296",0.0255159187699491
"13892",0.14388703792602
"32694",0.200959612363057
"7939",0.020921567831042
"28955",0.113743018125167
"14286",0.00270195465241545
"29748",0.875379822982857
"28917",0.0610816477961223
"23044",0.0457467102534617
"22255",0.00988155061465741
"43711",0.738828559049615
"27416",0.203262995601482
"27263",0.0108588673692781
"28651",0.166336691462387
"43114",0.293509454404937
"34952",0.723407363394628
"34299",0.00869332350986228
"18208",0.0110733987746167
"19725",0.0474408960462521
"32820",0.00228025440976165
"2839",0.00130771816938484
"16707",0.000849811721763071
"27212",0.0385612911134276
"36212",0.0327102952164387
"39534",0.0343316092332327
"2089",0.00849473225788121
"8803",0.0690800078374567
"38935",0.393473741208693
"17071",0.0553179599022941
"9932",0.0792091574831675
"5061",0.0117405524142967
"42012",0.0425262377492419
"16647",0.0323993605108688
"11320",0.181977781688494
"44041",0.330867604992818
"37338",0.109658903680066
"44858",0.94111592613973
"26662",0.00565316518091321
"817",0.00795388887626495
"13321",0.00267325938859219
"15721",0.240448109676602
"13353",0.022047018299199
"31587",0.11932311264366
"15013",0.0474620974985573
"42817",0.00860385847142018
"13319",0.0133184300150936
"1037",0.00946282634023231
"21400",0.0344132740710527
"44638",0.708395173656971
"15757",0.000947731491737729
"444",0.0264368009107991
"4266",0.0278426548890845
"3710",0.0837677598382363
"4036",0.0925071551326234
"12316",0.0233057682831897
"36769",0.0924319871904852
"29267",0.342513278911754
"7267",0.00295821406625182
"41521",0.805707373018836
"4650",0.0346333378331074
"25743",0.0171431363606123
"22594",0.00933643329356549
"33655",0.00274445173870957
"7903",0.000956760863168599
"32673",0.0106143675545199
"32671",0.311403606352699
"6436",0.00421816869298899
"34515",0.0755854470700242
"32387",0.0176986924143644
"32414",0.182323729268994
"3585",0.0148432117404367
"17615",0.360531284338932
"24765",0.0229597967734947
"11750",0.0579472425897146
"17734",0.012455769497317
"28220",0.00333649589621372
"10087",0.0246352467650629
"11743",0.0178492840193796
"34830",0.0261393199026973
"14457",0.104231296833126
"27674",0.00189222201110702
"16489",0.0160108601302795
"43578",0.199615196315461
"12976",0.007582305392467
"44238",0.0316036744857716
"6793",0.0180994043496058
"5929",0.159751628809316
"7612",0.249221733816629
"377",0.0221597166833207
"44181",0.0754910257048165
"21176",0.0327672682568542
"5296",0.0333139451654571
"14814",0.0816296725484329
"3613",0.0224944984829164
"6293",0.00681653556817958
"34162",0.164713888139351
"27665",0.00124928237177274
"28615",0.0159857950887292
"28999",0.0355237700425911
"25113",0.0166544782099959
"7402",0.0179343809000993
"38158",0.00210999764074042
"4370",0.00115116413794624
"16146",0.290902280575762
"5489",0.000360161960949361
"17834",0.0138506094195243
"22294",0.0425777541079221
"42828",0.460621558719992
"38587",0.015237153406411
"20279",0.259965646822403
"4575",0.000958988103887261
"36387",0.0321217076119381
"18500",0.00364563175931546
"19800",0.111998937564593
"23309",0.00907099149734006
"28089",0.049448625858558
"34715",0.0705759557027721
"28666",0.0867629621330328
"9222",0.00233961411624171
"9576",0.111900877252607
"343",0.0056066525186635
"42532",0.526765571145
"11921",0.000822001858507025
"16351",0.0320631381967285
"35374",0.209150837408975
"28367",0.005455751851221
"45024",0.268135997519687
"4917",0.163477543718443
"28323",0.135001703816854
"42250",0.0993954197449169
"34075",0.29192628685939
"421",0.0665269196725994
"37710",0.0396105164980933
"29414",0.105817569272823
"21038",0.140233891174262
"13749",0.028692651764388
"553",0.0377453101215767
"44264",0.242255605267294
"14472",0.0835742444805723
"1243",0.00126761995927213
"43364",0.672886043226316
"13478",0.0675696101239343
"45016",0.800978015242818
"43032",0.533027105378634
"3579",0.0863149152299254
"5499",0.00335682098224023
"20227",0.0428984150218596
"44020",0.535408083460551
"44155",0.0136068328027215
"2816",0.0154546459569098
"13943",0.11863995253971
"4003",0.00541821205903789
"27795",0.0378553797913138
"1682",0.0109924319486249
"20092",0.0658560501710219
"874",0.00150921228252967
"12344",0.148898946965936
"8391",0.00057537875880859
"42391",0.484149776031877
"15510",0.0280794123492847
"25792",0.0245577793538613
"36133",0.230372023842966
"31287",0.389631352205013
"15288",0.283759021261731
"10360",0.0700091155306654
"10305",0.0143236385653228
"6615",0.0022027390419483
"13455",0.0521694381716309
"22923",0.0249324117293566
"29626",0.0735521754481814
"27482",0.0189115036151065
"35257",0.227019031619073
"6140",0.00101841805287625
"38268",0.00078373572951307
"7863",0.00127494440438096
"3654",0.00323671696692176
"30067",0.0394074255693099
"120",0.00437105673603219
"23061",0.239518146186518
"41115",0.174443295510447
"9921",0.037205091706766
"8754",0.145197750309405
"26060",0.301648546367893
"15117",0.0190477353672463
"42132",0.0833050062093852
"9235",0.00258611472352533
"41202",0.180416591788399
"18382",0.0093111819711782
"9572",0.00461756688678684
"7631",0.0198994658144124
"3227",0.0169619333422344
"20979",0.0164128352895231
"33855",0.775175880088443
"32936",0.0597902449721948
"24106",0.283408491862052
"21095",0.0301213793950698
"2870",0.00346987332157275
"18893",0.0450647495393645
"26738",0.0434467289796184
"21393",0.00848123184754959
"10894",0.0365283643067454
"33416",0.0608970482439186
"38431",0.00438829129840742
"30537",0.084189639501547
"29072",0.170817698351493
"33978",0.191037548052898
"6073",0.0100486631643435
"7448",0.0102400106530883
"23039",0.0232079575578388
"2815",0.00326080172471107
"27450",0.07662390107858
"3419",0.000515579121057393
"34547",0.0306221096303587
"38175",0.0581218234184201
"25117",0.0108895542131393
"45211",0.170914141447114
"37602",0.487944741316821
"31487",0.28171661141879
"30972",0.0877274704966229
"4171",0.0203656104302779
"36679",0.387123083398901
"2338",0.00362511349726913
"30917",0.00255089485770613
"5138",0.111343453447549
"26129",0.0201936982179591
"31230",0.344348561299767
"5668",0.0594325885583129
"3101",0.0292422590972497
"31097",0.151009074186569
"27072",0.0384718483287766
"35133",0.00264576633570329
"23620",0.334330183013198
"21732",0.00395088738386458
"38601",0.0231671896397536
"13294",0.0118007297314729
"31768",0.00446381378346612
"9611",0.00248414460488995
"44197",0.120959667342513
"3044",0.0103399962189959
"28349",0.651565408701901
"42286",0.0889376522462657
"28180",0.00810810503241216
"25440",0.360741347818156
"40444",0.0953284038907747
"10458",0.132826561776996
"5610",0.00161260794094024
"34616",0.00472573629686683
"38745",0.0347664968992367
"35097",0.320833090854749
"16337",0.166781508501339
"25561",0.0480358224736701
"6409",0.00559384575567139
"10580",0.049410743263854
"34146",0.310015544670225
"25924",0.00329446916422889
"43409",0.531075600527899
"35982",0.102067693876929
"34992",0.696038014642395
"14502",0.00368045748652618
"30711",0.00802916154818841
"5797",0.00931644882272819
"15618",0.00663888178955773
"14113",0.00378210210057646
"17424",0.00280462326616307
"12486",0.477572431731346
"34572",0.0117454628806166
"35651",0.00389722064033409
"22241",0.00372295888274643
"228",0.000587371168134044
"22836",0.0302210516228204
"16754",0.0197967121143346
"31654",0.207881645954627
"12398",0.081179435333041
"4616",0.0224876500854718
"3097",0.0458531834397619
"12868",0.0288951261522726
"11794",0.142301568764157
"41775",0.781354874958111
"14173",0.00466339373148639
"36781",0.201916744871134
"17206",0.0331177800512938
"40600",0.0576088770242332
"3743",0.0100186163928713
"2872",0.0106346494414381
"43929",0.508317718676325
"1403",0.000571323265652365
"34561",0.0216794521568069
"19777",0.00375292883498431
"6987",0.585866298842715
"9040",0.00679253582371898
"23788",0.00225143056665588
"22416",0.0101326598203098
"7837",0.0237695108790726
"36586",0.0544937060494453
"8417",0.0224351737748092
"5786",0.0122366611737104
"44445",0.311931854182875
"11244",0.0154455062472786
"15589",0.14864937882797
"29182",0.0229324119493644
"36817",0.0500220898501852
"27490",0.00498514504500672
"41495",0.809099208949644
"20672",0.0203897438968466
"15187",0.0617709487569361
"18862",0.00813089766271204
"21699",0.00470600283466405
"20604",0.360299906032821
"20886",0.192785399425288
"26767",0.0126496421818113
"29472",0.00707152921729891
"21519",0.0548289153446092
"3747",0.0202748920555099
"9150",0.00656066510932874
"872",0.0740962079709049
"11684",0.011157804246013
"24621",0.142470364768802
"22636",0.215576542351363
"12762",0.00161573395696837
"4511",0.123297117573078
"4555",0.0010998937871525
"28595",0.0173955187147483
"8629",0.366390725815555
"30825",0.00210666379160829
"44865",0.255504576785542
"34372",0.393608124657361
"9527",0.00328880766749785
"5506",0.0257107439466845
"3126",0.000351558563074238
"18238",0.00717038243712443
"14646",0.605324126798397
"44470",0.638635656948779
"9760",0.00564306220245573
"28605",0.162785345363626
"25936",0.150870568465678
"9622",0.050025067292484
"37603",0.0197100709020361
"38304",0.0163149357335895
"25849",0.0329692904165547
"36834",0.299047066816991
"19832",0.0885609326014757
"22186",0.168768570275599
"36030",0.00497149086867604
"41983",0.364826045633749
"22038",0.442942688734652
"12384",0.0878428847469882
"31659",0.106705512818996
"41720",0.11585818006812
"42380",0.365766769011161
"5295",0.010072212052404
"12987",0.197190919840849
"15606",0.190993365427772
"29875",0.037516844310816
"6634",0.0218599325955226
"33263",0.166018190442906
"23614",0.0469697863910239
"2944",0.00392852524229875
"12950",0.0422843682565433
"37290",0.00907894648334718
"7626",0.00199309319512689
"16682",0.00437882328730656
"35525",0.068021759684157
"42594",0.000374773240696826
"30713",0.0408172474937011
"14076",0.0142311361760686
"23589",0.00814818744754512
"26864",0.3096325601101
"1004",0.0046615460871953
"14040",0.0497524766372839
"22916",0.0460449063938127
"17305",0.0621794534483606
"36057",0.0336507291876933
"13174",0.0406385933637034
"15443",0.0500676610956685
"5307",0.0219375012627795
"8359",0.0074207989453238
"18460",0.00909687741726587
"43648",0.693091362283711
"42271",0.371540242328471
"32902",0.129939017871766
"31327",0.118785888646352
"32808",0.112239692198153
"11467",0.00590547633686621
"31554",0.202585172310412
"14013",0.0323772752852269
"28196",0.0804227180108026
"20510",0.334450774244607
"33165",0.0518926042947319
"24555",0.0233585075763793
"759",0.00698954489017864
"7633",0.144996085075035
"21337",0.00153010438628489
"36067",0.0504761517401955
"36738",0.015580516645383
"29037",0.671993733682128
"7481",0.261367603931712
"19294",0.0089309786106622
"33440",0.00139681886593544
"34441",0.00242437413818897
"17265",0.0295147433958759
"7637",0.0193958427789015
"32228",0.0590437492126284
"30769",0.044639974353398
"8172",0.013961959057528
"19341",0.269382500204885
"18170",0.0436626123313401
"4626",0.02395676367365
"33967",0.395064964219232
"6603",0.0478050281719039
"8817",0.029993481083945
"5737",0.017450625605508
"43979",0.00000224318657627367
"29791",0.00140338094553641
"42318",0.0408381740895432
"35658",0.0140142055261705
"5522",0.00611071282960112
"17478",0.0811445307242667
"30002",0.114988191952279
"44911",0.857903407777563
"23020",0.170424590719574
"40487",0.206860184289848
"13832",0.205135363383084
"43971",0.758163261651171
"6861",0.016365716962153
"6930",0.00815348047520201
"18158",0.0279519166565798
"29902",0.00365710004642419
"1611",0.00974367617006758
"39642",0.071479165735693
"34123",0.397727347144049
"20097",0.0761526219437812
"30545",0.058899087329891
"22078",0.0135723050099638
"33940",0.198652928763942
"45149",0.670629879847199
"43978",0.0966433843970065
"12169",0.000934534108888783
"10716",0.0338805322695363
"31867",0.444689895548267
"26982",0.0473275127091501
"5093",0.00496234156229653
"44548",0.510227374038578
"33432",0.0492324431397906
"30896",0.020788129945387
"12592",0.0400992006192664
"30432",0.0603644511582097
"24406",0.00633612731811619
"26215",0.14588190789672
"3672",0.0060793886386252
"40386",0.0948015193930714
"25451",0.0134189421183062
"9624",0.00461730766599425
"14148",0.0167359943797089
"5360",0.000249778076857626
"6750",0.0912122166669763
"26861",0.0596493005305473
"39773",0.0562811194113372
"28565",0.00847370631667758
"13898",0.00290482559950699
"14846",0.0527965964610733
"6875",0.261630152124166
"38094",0.0500991966711404
"17343",0.00297279091651896
"877",0.00726990276778349
"41620",0.100432063770223
"28678",0.0296491753446561
"14038",0.0467924960993959
"43892",0.361456783873092
"30632",0.0447767696761208
"19747",0.0353334857403738
"35652",0.0227301566070454
"13836",0.0306638375550152
"8739",0.0820280730122117
"36143",0.0620981803058315
"31783",0.0621280466311007
"40407",0.018516906720457
"33029",0.00832150988538794
"12634",0.0322790368455871
"30049",0.0556009411866917
"2893",0.0642442399907355
"35813",0.0188747099435981
"24395",0.0276966931869539
"30442",0.224705156884514
"24761",0.0218848264299235
"41748",0.87996692188483
"39655",0.536421599097763
"28903",0.302514562490515
"42247",0.254451680369674
"6236",0.0406838729565325
"4317",0.0489301032140517
"22827",0.00177097245276117
"3196",0.0151609549426254
"12873",0.731099637030948
"16358",0.00519727860745429
"6162",0.00713225583771461
"9978",0.0254207420085349
"25975",0.0816347062217179
"11161",0.14649846950528
"29943",0.281906746140097
"7311",0.00801294123675595
"24447",0.341102726517096
"7203",0.0120573060872724
"38759",0.000723717396147285
"18349",0.00236423918457802
"43674",0.492065697055012
"21948",0.0188730954918685
"7190",0.104103271608441
"26910",0.0695637366380102
"8462",0.000274516585630961
"14358",0.0373474884898892
"27562",0.0603800053643193
"31218",0.327210779213381
"21527",0.0521185064257538
"26927",0.183638942403899
"6256",0.00818921198500679
"40747",0.0572836958166126
"26495",0.0290772999313816
"17666",0.00375708256672647
"35243",0.0589993836655072
"31825",0.073161063166384
"37963",0.0321538398626888
"898",0.180843482059962
"25580",0.040053059768082
"1658",0.000678123021954186
"31647",0.105125840360123
"33468",0.129573673115691
"22817",0.174799705777822
"16133",0.0219826588857559
"11976",0.00183403057874165
"33767",0.229759594593835
"38446",0.0121515272060639
"35949",0.0304665793053697
"31637",0.126303480019734
"45042",0.138653032105741
"7253",0.276350931648918
"31812",0.229699551336393
"16916",0.0455553424464074
"3992",0.0206511334203697
"1948",0.00116192142909117
"42729",0.0135106208576125
"153",0.505388117117294
"2542",0.0391736030801068
"17467",0.0309003669851237
"22716",0.0222341248711948
"7950",0.000602162272169654
"41625",0.705171074408084
"11453",0.375090437380176
"40726",0.733460784834756
"97",0.0328360968084637
"5606",0.00239953382624759
"14917",0.0080138704787579
"41105",0.244541119366234
"6547",0.00192945311417415
"41631",0.352470205078666
"4613",0.0241070678143124
"18168",0.0297285525456631
"44673",0.152892579072489
"25704",0.398017672875128
"7533",0.00934979608819719
"22566",0.561697987789021
"24451",0.00486535859911068
"33657",0.00729551450843234
"9277",0.00110271010892755
"1666",0.0598585404593949
"17723",0.0404133783712007
"32561",0.29464707545783
"1427",0.0452453194972104
"41669",0.19738916688305
"19322",0.175535662351351
"21555",0.0127207811568981
"29596",0.0599270915209696
"29890",0.0203345121151837
"9640",0.000754619840571991
"39985",0.103086315555644
"42704",0.52522002141152
"327",0.0101778080617239
"44854",0.46751570139448
"29848",0.0567621237366087
"32915",0.131571713153653
"15874",0.0139476609903508
"29096",0.0196029760742063
"11576",0.00268227185916922
"6991",0.0124988079881953
"17596",0.00199619126415774
"42021",0.0932324281593202
"12355",0.249965973497054
"34557",0.0508825218509381
"34731",0.00176510084491779
"6532",0.0292651131421727
"18162",0.518717108036642
"37767",0.00192023159867739
"24750",0.00745682520507876
"22758",0.0299365139755944
"24040",0.083158039881387
"29402",0.0511877702605788
"1906",0.00478983334377556
"41681",0.340552645502867
"28788",0.00613032542999752
"38646",0.0157442907605766
"16527",0.0112663161093297
"10868",0.0123142351444158
"37894",0.009751960329999
"30988",0.0570460105740069
"41535",0.341368693989808
"10244",0.0214343742822726
"19013",0.0276377786336254
"25501",0.0144194703835897
"3957",0.0393772031690917
"15630",0.0165915304466883
"2969",0.000667188805169412
"15016",0.0025570345662925
"4101",0.00571400108741795
"19279",0.0871222682804098
"40425",0.0493826396651455
"15660",0.483793608703451
"31067",0.0263885025561365
"15287",0.154273896464787
"38415",0.0348945180954599
"40559",0.00722571427338041
"7933",0.0272581019546888
"43744",0.137469015921764
"38810",0.00184781615172026
"3806",0.00906530890058448
"28857",0.00459395554778218
"12175",0.000842922344912933
"4799",0.00565844300907768
"26782",0.0437472826901152
"7111",0.0155981107060861
"32457",0.0925781759203054
"41411",0.92175610450813
"10676",0.000205142941850456
"31152",0.474921683802983
"35701",0.00558061071479782
"39620",0.193296753341355
"37847",0.00068558110428976
"14550",0.0609965826358922
"24450",0.0204293921306285
"23046",0.0498327232906039
"29259",0.0688760318642911
"4324",0.0052854445789881
"41127",0.140231058977012
"36123",0.0556090946633817
"20115",0.0062479681607959
"38627",0.00156866005542495
"36164",0.0745406673008165
"40334",0.0236087230474528
"42316",0.0912197531662755
"19812",0.0132273858294332
"24325",0.156005641113772
"16293",0.0490021252048044
"37914",0.0301495141095576
"9064",0.00900660964925241
"2706",0.00441728992109117
"26289",0.0038403075545033
"13477",0.0272124117909569
"37517",0.00672067143104744
"16238",0.00331125022914175
"18554",0.0299344236013784
"21448",0.0394547680869427
"27787",0.0262971720241447
"22664",0.029942894990569
"28242",0.255564315916159
"1749",0.0245581229618992
"30126",0.214906869133477
"535",0.0179699987670484
"6267",0.0767679509651169
"24535",0.0632695526952861
"23724",0.00608705924461423
"2707",0.000918251509651007
"44846",0.172337290503221
"15368",0.0198356139602473
"17920",0.390147663760835
"466",0.0132181704049796
"42667",0.145548031434408
"11324",0.0169643597342822
"38283",0.0141894472237351
"33379",0.00883800272720361
"3531",0.0248044137788714
"38023",0.0251855638506626
"34959",0.17054997747841
"28018",0.00334369719748767
"31415",0.935015973521266
"33435",0.0714436878144863
"21526",0.0119103685015464
"811",0.00535202496095946
"32735",0.405576264596981
"29468",0.142643962026763
"27138",0.00335560466349159
"28901",0.057967898993305
"8495",0.0789994519765459
"18787",0.0017899810339151
"19433",0.00758246456682475
"425",0.00996846860747103
"28190",0.392298675194754
"43517",0.70317238618239
"945",0.0102607018678889
"28012",0.00995297061070905
"1889",0.0375520268361375
"38366",0.210558107692422
"3249",0.018061256132807
"10921",0.0126168729519493
"31365",0.410206366139287
"10551",0.0191798649967013
"22802",0.00711073501993576
"22350",0.00871115175722914
"23142",0.0970269189641158
"42089",0.179522024212467
"34161",0.950480649419633
"19191",0.0137699579547695
"3758",0.00911399827617532
"17683",0.00569480347622176
"12358",0.0577917089496145
"37647",0.180662864796932
"1585",0.0292850290691239
"36146",0.00546528134486068
"30973",0.175716742798812
"23681",0.00590991145017692
"4479",0.0168652967856728
"28646",0.417780942689631
"42198",0.606537874102617
"4618",0.0171071513546851
"4187",0.00859901046468919
"1051",0.00931350920984712
"17187",0.0022056288344145
"25481",0.0035785147962548
"42752",0.0224331123927608
"32518",0.196936937192722
"7383",0.0143432110667909
"21076",0.0205636476278616
"20813",0.0524270041117388
"21131",0.0473264142913562
"19643",0.0369848819375545
"30472",0.205564299310739
"31766",0.628077085938557
"18475",0.00344737775801013
"32539",0.266536551290243
"10823",0.0538301991918094
"11555",0.0896507433362447
"16902",0.369911985955072
"12590",0.00185930497673293
"28086",0.0119183449834637
"15284",0.00660843656402002
"17290",0.00603905402626478
"32829",0.24481324993068
"44809",0.245670672912584
"21133",0.00465319725541501
"26457",0.0673356822638621
"5494",0.0061003241625978
"19688",0.000420468815960897
"26173",0.00155615152319069
"17560",0.00234396152158038
"18169",0.0947972560983288
"16485",0.00671225570111466
"35680",0.00452072300722567
"7073",0.00935895885260053
"26481",0.201812280184994
"36787",0.0262105317290235
"13038",0.249050783560096
"5999",0.00549089012671577
"26629",0.0252818569414923
"13394",0.0368564148018795
"14830",0.139849385343727
"10832",0.0100323944106119
"37136",0.000894752950518644
"36027",0.00134337459311689
"42957",0.784111732870837
"28110",0.0213859125250409
"31349",0.644213138034127
"14357",0.0996638141097812
"27615",0.0633926541040652
"1398",0.0217877207477126
"15357",0.0465748422378496
"23138",0.0346763367904655
"35061",0.00537640668521769
"1385",0.000622390387055385
"4454",0.0884744547941442
"38803",0.00230267174337243
"44670",0.700168102242567
"10189",0.00940474746021557
"27395",0.0138973877700982
"26299",0.0505204671964919
"28663",0.011360404928443
"40312",0.243070416617593
"28060",0.143587458034349
"41542",0.0876406643962364
"10717",0.138903230433303
"28993",0.0153763356063623
"31457",0.73945067378571
"868",0.016289508724924
"1539",0.00165311469311052
"41356",0.066075148858231
"15649",0.00915647189737698
"4298",0.00753175177089099
"11045",0.00900342793770872
"6469",0.0256701066127782
"23480",0.0207231518105831
"7257",0.0175863482047433
"21256",0.0144930576908527
"32282",0.439376630739291
"8204",0.016642969541492
"38489",0.0632491424941859
"15401",0.0595400914465142
"34478",0.0329566690048495
"11962",0.0000902514645454751
"37936",0.0343091966772879
"27822",0.185375384494255
"10145",0.00188759292358721
"18218",0.102720619362244
"24227",0.00195668546281738
"28973",0.0226052206712432
"9045",0.587601001842836
"36940",0.0333680115686106
"15517",0.00454690467481665
"823",0.0147596458669646
"29577",0.00870189890931438
"43691",0.354478244467209
"22353",0.341886029186646
"42845",0.180567224663709
"41052",0.115617197716517
"42785",0.378472116342775
"38591",0.378307449759692
"34082",0.67635228939788
"16055",0.297597499014395
"12210",0.000948012598910621
"40097",0.473601694818505
"29451",0.130185194347666
"6395",0.00281387878325036
"6650",0.0157102813867924
"3681",0.00530895680201667
"21311",0.00581397379630999
"25966",0.148690046689726
"18773",0.220517379465359
"13895",0.14547071667994
"40117",0.0664029946022987
"28711",0.454686967275509
"29094",0.083371774848069
"14417",0.00596018318606013
"30423",0.0309044532227945
"39724",0.0955287541601275
"43102",0.00120074086272146
"44374",0.0496928956437448
"1647",0.0647371093585448
"37139",0.0283649979213601
"39095",0.238043454279126
"9406",0.00444697344525932
"21973",0.00680064565484517
"713",0.00179618182866425
"28440",0.00194891688548801
"39660",0.0776032134422887
"21188",0.14319869310558
"16695",0.00895961827924068
"23872",0.0408967989956531
"32119",0.0979847259587086
"10791",0.0644860590928303
"7579",0.0002939304740967
"2300",0.00362374384991597
"28715",0.0113748814790203
"38907",0.0171710310876437
"16992",0.198886472308196
"34833",0.241141179996215
"31559",0.0674547961661228
"17351",0.00934835639936803
"44127",0.00085406484757833
"33370",0.00616381087873669
"1099",0.00282556792551703
"16180",0.374690051584318
"22733",0.00421996491121878
"16659",0.0219781537906824
"32184",0.353616558767876
"10441",0.182182073355943
"17594",0.0251046117189573
"36126",0.0876736108085965
"29227",0.00951245935829116
"7332",0.0105773613456145
"11136",0.0120213333205685
"27808",0.122244524547184
"11314",0.00141046208821193
"10133",0.0756694436618879
"42539",0.448934670458112
"22077",0.0635878472537772
"30942",0.0430878679558206
"35248",0.0737002991205072
"35726",0.0244099648849938
"40723",0.0584591835400182
"6926",0.0156209880620595
"23163",0.0388601102313468
"32597",0.533945005438542
"8275",0.0413330979308775
"8091",0.00452896236980416
"34661",0.117940711645835
"4979",0.0291882075567046
"37678",0.0521922740659491
"38773",0.0282366333392634
"22544",0.0562476840435754
"24517",0.0720704955499904
"9019",0.0164254023604879
"25691",0.0162754399315628
"23740",0.0105792938562942
"38065",0.0859501116364651
"40707",0.429484811583137
"31961",0.746785648105258
"13715",0.0789997208833387
"1295",0.0119380535946969
"10786",0.0456772865608784
"36018",0.0286177363200237
"7206",0.0330643951281437
"19570",0.00964906328225991
"11272",0.00560934312510077
"44709",0.164836555209476
"21762",0.0313407084186611
"45025",0.129991129467756
"15429",0.0338450541213202
"40176",0.485928973266385
"28870",0.00793736278515902
"9485",0.0504174834672945
"32695",0.0427472330827502
"26241",0.0103450257304681
"34001",0.385362452412839
"28629",0.044696372386099
"34835",0.619645679341763
"11886",0.000970829673334092
"10778",0.00392135549920818
"15015",0.00779905766142811
"40480",0.174802488665402
"7988",0.00166249425388858
"42033",0.222195515167941
"13990",0.0428602576570284
"30907",0.0834009100007507
"41784",0.0214410122399416
"42762",0.20987118314767
"36973",0.0021901250834232
"39982",0.190942740975002
"14705",0.0105745666160645
"28747",0.0796453396594436
"12045",0.00452636631695344
"36855",0.0391590030858342
"18090",0.00242833216635405
"15324",0.00657793617940362
"38190",0.0707960300113182
"30837",0.00116276679871757
"999",0.261728983587902
"9245",0.314231085926685
"36831",0.0244465208373546
"29496",0.073082174461207
"6277",0.0112730520574454
"36884",0.080088559130233
"39203",0.00259604222540991
"37075",0.0503783010346713
"33384",0.0162769239143085
"21626",0.0109072223719162
"25575",0.314133369782243
"22252",0.0147760541329734
"36951",0.243990683994701
"4461",0.0254582234326692
"6238",0.00961384291401016
"27900",0.0127981347556751
"32620",0.0735091513099502
"3003",0.0233585902859497
"6114",0.0055709935146649
"40164",0.77080795081854
"15176",0.62928166664634
"42517",0.789021698755966
"42603",0.337798258007903
"34869",0.0880155812184524
"41915",0.91379962425977
"13481",0.114405546407272
"13340",0.060582536922173
"8019",0.0158378793211091
"42886",0.125197115474496
"22088",0.637523305501906
"25116",0.0183075914367136
"12677",0.00210442990054026
"36812",0.399981282802091
"6380",0.00579887668923728
"41448",0.0305000107907193
"5579",0.00220342641567658
"28979",0.0085288380785723
"15785",0.00525066733391894
"25162",0.00254769661525114
"7743",0.0173283112635485
"14572",0.0106013568107965
"5030",0.028653353218907
"45137",0.000308127562066978
"5253",0.00592398734716376
"9887",0.00126125546536439
"19571",0.0102880046077048
"36221",0.00162556970791163
"23516",0.0131990117565138
"23194",0.0153419132724042
"5859",0.0456440124999981
"21504",0.0116595839779857
"2566",0.000331499706419965
"26191",0.733099907366931
"21851",0.0544530074538417
"4265",0.00281166154001639
"6834",0.0470146500293329
"33476",0.00354120935992868
"34466",0.0357375642880155
"35110",0.0108006975586906
"24214",0.00612086103599104
"6528",0.0143768486588894
"17689",0.16070236121238
"17981",0.0265752364176565
"5582",0.00726569200875761
"38440",0.0528252565035061
"40920",0.213841681987705
"19887",0.310160732031304
"17235",0.019201618555616
"5713",0.0205592299920244
"42614",0.0507652581187019
"23304",0.0152059013706031
"29889",0.00745461038051223
"40945",0.301575902689498
"24419",0.00763777716348273
"6359",0.0362462652601281
"1505",0.00170076549378504
"41957",0.232314226884077
"31679",0.0620547600223692
"33664",0.0246261067213705
"9261",0.00781917584305654
"28100",0.00209823761825851
"15771",0.0667125717038742
"14651",0.0911146882714883
"15924",0.0173620918885882
"41989",0.0565527823259396
"19498",0.187938949827011
"25311",0.0361592367451472
"24936",0.105078188323965
"13388",0.00779474660611287
"22234",0.0711764012107796
"279",0.0016055580128779
"28657",0.0414330755466028
"10700",0.0630661285463519
"22588",0.0757737418807941
"8377",0.0423478761965247
"17597",0.00547185554345439
"29968",0.0690496925843085
"7483",0.00681015062976554
"45019",0.432655807302259
"40870",0.0963263690835439
"43974",0.927329390821341
"26105",0.251716601829584
"16009",0.18808385005601
"1562",0.0102034039065834
"11779",0.0622208637133089
"27761",0.0438626336099425
"25447",0.020730686119604
"4998",0.000593682829482989
"31971",0.358016690363479
"29738",0.0357585953308632
"4372",0.000467961753304514
"11006",0.0337169885253351
"21900",0.0088579177998299
"37606",0.0568279068782643
"33221",0.553073081626468
"9692",0.313059408609957
"23029",0.0252431496507193
"15928",0.0443123271645052
"25965",0.00337913725275727
"42861",0.764153674230489
"42248",0.0683634497304593
"23849",0.104724959646445
"42415",0.52520823612128
"13437",0.00166521730338424
"44992",0.826476889205028
"31241",0.348638746688764
"17421",0.0592037095338192
"8429",0.0257832817672265
"20491",0.036908356544548
"1592",0.0127277132542223
"17373",0.0419641899890779
"23917",0.0508086084287819
"13773",0.0235775263792547
"15585",0.0150356232809632
"25672",0.0516377243487247
"10005",0.0306902149718624
"43392",0.0561322280689925
"30808",0.00414032437155726
"21261",0.0141441232848608
"16780",0.278583426286099
"36712",0.00111540865882289
"43210",0.287074297915627
"25051",0.0651182019134089
"38058",0.0364685311559325
"22870",0.00705338270444738
"31194",0.0377458355609532
"28736",0.00544307206625179
"32208",0.574220791032032
"31567",0.0865660074767512
"32796",0.107836001753794
"3212",0.0361628658155252
"31054",0.346346394974282
"26111",0.636492162400247
"14555",0.00289225472026074
"24865",0.0494660196265121
"32068",0.416846343363927
"17",0.00374693178910219
"28551",0.20894232153944
"14396",0.0178427765862371
"32147",0.319049319497996
"17240",0.00501041444189707
"6077",0.0032619103372774
"21037",0.517839709998447
"33140",0.0102779100095753
"42940",0.133630065855624
"16222",0.0091053747352297
"40209",0.172993353939007
"31733",0.0819454764469437
"37818",0.137923805633903
"2197",0.00595778801328658
"11462",0.0748924703298646
"37872",0.0320298479344402
"30621",0.0590778829551519
"6594",0.00258281047903966
"7351",0.0783266585330171
"33727",0.0258074033832136
"16389",0.0442813042661001
"8605",0.00224986119849642
"4080",0.0135423065478283
"3960",0.0127054527629195
"26620",0.00837513093543607
"22295",0.00381093238620711
"24272",0.684604731636002
"34088",0.752445803559322
"38887",0.0148277027240895
"33961",0.481928334415209
"14078",0.369776724378349
"13364",0.0443745377838818
"11568",0.018360188732251
"1135",0.0109745775657426
"38240",0.00177987780301996
"13264",0.00759152587816556
"11644",0.0103653319823426
"29684",0.0374498178721698
"24369",0.00101192418650067
"34870",0.507041564164
"6003",0.00872511704988078
"30747",0.0384236391198692
"14749",0.322185889935058
"7110",0.0370186279715312
"34380",0.117563246014342
"35238",0.0560673490634347
"37593",0.381482830891576
"188",0.0172741957670659
"34813",0.0605263329545358
"41024",0.0357797120847032
"28682",0.113409630989411
"26427",0.0106599080385409
"1661",0.000406518853960977
"28851",0.0442170457058125
"5332",0.00340341188116803
"27373",0.0353624978131715
"29997",0.0748145264055795
"31894",0.0941494353121909
"14679",0.0237979935316637
"26726",0.0568627894702613
"29419",0.0056268545363691
"40288",0.0307725549171283
"10111",0.0671165471126752
"33622",0.0611464989040798
"25412",0.0297360761181984
"6984",0.000419211282716934
"5705",0.000248613607367881
"45208",0.330891034530132
"32389",0.611132437075854
"34569",0.00224683559938546
"4735",0.00292140320487575
"891",0.0263974355128876
"1753",0.0129128617045168
"14510",0.000391335357426071
"33889",0.0677973672274436
"6095",0.00533220521235863
"43386",0.974306980272388
"1486",0.000489459063209289
"1437",0.0178306394074715
"38618",0.0241626146272341
"13276",0.00166136140530643
"12381",0.0116505472980386
"2395",0.0183771402145792
"10262",0.0437406331316131
"20117",0.00852961017517224
"1991",0.0141384283854124
"29199",0.0222438817435636
"17717",0.104644369771668
"17444",0.00170009004425987
"2057",0.00274004067147646
"27755",0.0116286380101388
"35559",0.59997231861807
"677",0.00773856072137628
"98",0.00437123709966965
"8898",0.000638739940695343
"4990",0.00657250486306388
"37579",0.0643066164358611
"38717",0.00487452575526906
"22179",0.0199489780875835
"17188",0.200901610709778
"2174",0.0678839544927082
"17714",0.108922044937075
"106",0.00872333492489754
"8042",0.0167316060011432
"22047",0.0789837866556178
"2813",0.00996951490662801
"33784",0.149877066606573
"25254",0.0271156901773594
"21321",0.0206269133389983
"27756",0.00396566894312977
"22358",0.0431752707916358
"43543",0.275255901217648
"2716",0.00104520757554186
"30173",0.00202586620600094
"6243",0.0143848609860582
"23538",0.00233801601803936
"44157",0.112702521332779
"26244",0.0121820850857218
"22776",0.002997439822907
"26858",0.0668020397568473
"35579",0.00350762522194424
"3726",0.000941400883180693
"11595",0.0120726175007143
"3319",0.0181349732731827
"3403",0.00777959881244118
"44540",0.55208583370992
"11168",0.00612133231957425
"28199",0.038978534985321
"17339",0.00559771062785458
"20427",0.219653793026453
"41697",0.777708213196973
"11933",0.194790964043154
"14386",0.00545541337136382
"39348",0.0376701736968346
"25141",0.00213984744424729
"36983",0.0716849545228678
"19758",0.0718775611529606
"3429",0.0359835997163633
"23645",0.226676814827721
"967",0.00879767009279683
"41677",0.106628984394469
"8662",0.00163921574260793
"4579",0.00338273026618526
"31741",0.0390072502992957
"2645",0.00129386913380753
"13936",0.114729632495488
"38778",0.000872868651406734
"7944",0.00676857895964304
"11169",0.0401776167505836
"27135",0.00504098189513717
"4533",0.00432789366818002
"29201",0.676369289702751
"28348",0.00346748717691283
"33991",0.25866517391503
"37839",0.000992705499601789
"19132",0.0362493147820552
"776",0.0432333927758096
"32651",0.121583867788442
"33883",0.324086627409042
"26451",0.0455287006903397
"6186",0.0114493110374971
"17619",0.00483001668938886
"26350",0.0285091447024779
"6251",0.000624642150900975
"13552",0.0416640697606181
"6230",0.0220325853469855
"1877",0.00147356962565437
"26745",0.0345736824406508
"30064",0.24428582185939
"12046",0.000198559892696118
"19920",0.0161303226911768
"2269",0.0307443197513559
"30003",0.184885203970578
"8145",0.0400824677095818
"23856",0.0136303346462654
"23161",0.0189087159057539
"40708",0.309450446142647
"417",0.0965967883966185
"8579",0.017695846705986
"16227",0.00263567186525101
"10240",0.0664778582415335
"5357",0.00268418746093441
"16872",0.350935179326894
"1357",0.0091891980957918
"29895",0.00358161499233808
"34202",0.238379299763853
"27083",0.00577948041681592
"15601",0.00740868957443971
"22172",0.397246720003384
"44499",0.951480555454332
"36132",0.0396041648508198
"16956",0.0653106613277361
"38379",0.383099118563637
"2936",0.00719673846014673
"6137",0.025526654618117
"37983",0.00215402230062818
"37809",0.00612122814845777
"15807",0.0306775347679601
"2092",0.00423069465628015
"24836",0.0738252719032419
"27235",0.462362211872905
"3184",0.00034034075624871
"11939",0.00107530285199594
"22710",0.03213082953916
"18981",0.0324746660757045
"25466",0.138571081085768
"22786",0.0741698239554312
"30968",0.687581164833201
"2260",0.0316321856753728
"76",0.010568021678428
"33858",0.103097881331136
"24942",0.0557133742996899
"23363",0.0017509994080381
"39084",0.0871510401633206
"33897",0.312393460223176
"37192",0.103826253545853
"20141",0.120353715041999
"8643",0.0197122768192189
"13525",0.0489905864251041
"21068",0.00867367928164279
"19059",0.128728708150341
"14649",0.405509030860301
"6445",0.0115405443240821
"3718",0.0106394510025524
"9323",0.0198492166015813
"37512",0.357743141771262
"11547",0.414816288277762
"37405",0.0535523579662067
"4430",0.00312699553411234
"11707",0.000849610128986641
"31467",0.0232412523036923
"514",0.00536783167489036
"20006",0.0798021554689488
"25793",0.0846525235443459
"44951",0.317418197985889
"23884",0.251138493608384
"18543",0.0411496179512367
"3829",0.0229399206093684
"20963",0.154958026690095
"43434",0.778231274148447
"735",0.0582060902410818
"18225",0.00730735710119811
"31846",0.0438696310573906
"6068",0.00477700445193127
"11562",0.000943461515395639
"41129",0.0200342602249955
"16723",0.0278132970769087
"19618",0.0453813119698998
"6278",0.00502757041102178
"12347",0.0678446276435966
"10297",0.0279344569930196
"439",0.0295539698096883
"35",0.0372332589422385
"21739",0.0124039772575581
"492",0.0105735586726088
"21467",0.0422791432113664
"6152",0.00506121702678999
"12265",0.0118182771316414
"9279",0.0114776527673445
"22927",0.362444854230024
"28607",0.00833313307592905
"7348",0.00700582823779496
"34169",0.0572594372025403
"14341",0.00765789729573882
"4835",0.012331897937764
"25996",0.166952752941948
"2012",0.00737870757666561
"28260",0.057053680961143
"18865",0.0878274004083353
"24000",0.0661314127241862
"10121",0.00435939808631594
"19156",0.351752934916152
"23677",0.00223604306417771
"34362",0.221493098347079
"11937",0.00149809075872299
"37569",0.00907509013108278
"2423",0.00634164315911988
"8167",0.0410905279529675
"7511",0.00359293864605197
"2348",0.351993400051584
"19459",0.0581637298960037
"12603",0.000463565419386181
"42836",0.167132723294383
"33226",0.0132073218556935
"24292",0.104303740544411
"41678",0.0220650088805291
"4498",0.000251072256947415
"9645",0.00238306688426302
"37850",0.00870495057563372
"4699",0.000129307034411445
"11662",0.00163224378329402
"44606",0.004320345670716
"8201",0.00448984547041186
"4424",0.00289368391122989
"25817",0.213351104683235
"7849",0.0249941006202909
"28329",0.00534218689774338
"35100",0.0359574957981125
"34754",0.131824262896764
"32543",0.00495025257435315
"12090",0.573180433972324
"40673",0.689589347315242
"12506",0.00199223209850901
"32652",0.016165607988264
"21181",0.0554233523297349
"16564",0.0320923580664072
"44272",0.0283924769544526
"28561",0.233020049120346
"26655",0.110633037677023
"4903",0.0151384004957773
"40989",0.0552335603211831
"18072",0.0452385298799895
"3048",0.0444765767702831
"16770",0.01329540701336
"2553",0.000164365787927774
"13763",0.0108160318088334
"24094",0.0151168265638112
"3571",0.033330771675777
"28283",0.0217751119316602
"29268",0.856688591333096
"16941",0.0479846502750966
"10718",0.0141245935994722
"40468",0.0142281427361326
"10063",0.00246908666872906
"32332",0.287440071056148
"22491",0.021197495842107
"20826",0.044296500069095
"16394",0.0195321844906407
"27977",0.00250134702888074
"17810",0.0461326317654394
"41291",0.215531561977911
"13695",0.00962883428728851
"15827",0.103667952242972
"29423",0.0657413235807904
"29961",0.097788067044914
"24688",0.0144899251805154
"27633",0.00161519074029807
"6289",0.00925987505294699
"23679",0.00627641874371479
"17409",0.0134044337643638
"16438",0.0792296171282207
"39000",0.0306151226986365
"18931",0.068282135988485
"29819",0.122210758874209
"17148",0.0607098162538826
"43300",0.871458057312857
"3208",0.00321260433615265
"31909",0.0916956266992597
"35882",0.0361849093360729
"43255",0.905764031037658
"24381",0.229799000456954
"26279",0.0206042221280008
"43471",0.322619192466633
"36348",0.0468857161830067
"34149",0.763214748053216
"16617",0.0553620739755401
"8218",0.0267858722649992
"39108",0.18998615635086
"41721",0.032446760358086
"32049",0.143294432624319
"33084",0.126548740593251
"6586",0.0143627851977738
"12191",0.00244464472542955
"2694",0.0012634284726314
"24762",0.0447649588117813
"40264",0.0227722823312215
"33561",0.234585584885348
"7386",0.00209967333084021
"36739",0.00844334402570997
"21005",0.300114413293522
"23139",0.00777493265784094
"16811",0.0340146552424357
"34594",0.0596823518803328
"30411",0.0563183059130628
"34687",0.00181566391879178
"27180",0.0112127206153081
"6808",0.0263783330058229
"26553",0.0770887695400901
"10389",0.00241131240862909
"24706",0.425611931878722
"22208",0.0398185211341217
"34476",0.948626928295309
"22161",0.069093946728144
"10143",0.0290124974600023
"28331",0.0159714745890195
"2064",0.00107530907661779
"31735",0.0684469299582263
"16329",0.00414389382056427
"10333",0.014839379825451
"28815",0.00676045802388007
"5521",0.0108365667087895
"17349",0.00722877761324955
"3745",0.0283517736808813
"22389",0.496205310273757
"11378",0.180413582909958
"32329",0.0738002816768668
"17420",0.0161554689885357
"14511",0.00213750867579013
"1440",0.00282713234015604
"9233",0.0235886036573374
"12485",0.00684139430126376
"3279",0.00216457115220725
"5658",0.00744303064689384
"39516",0.0682657563771607
"8346",0.065772993757091
"24013",0.00499994981875443
"37026",0.00737909749592192
"27215",0.134821865344017
"5000",0.0350707762332907
"21211",0.00349587838113696
"13625",0.0537660464575959
"41434",0.423129646756405
"36655",0.532011338907324
"40795",0.127780427309335
"29532",0.0235769845195657
"13987",0.781086490848192
"15262",0.0124386512921464
"36996",0.00205236973770559
"21743",0.0125756028770319
"39711",0.663710325957892
"17846",0.0544014327262016
"22308",0.0305541317298313
"14244",0.0493255825414183
"29313",0.201256905431176
"26098",0.0439067442104696
"7000",0.0244116033083852
"18741",0.00257423248821033
"14277",0.0427505567031474
"45034",0.115663134131429
"29420",0.0643616707484882
"27260",0.07522140423839
"40011",0.251203826371486
"14464",0.0784419520986502
"42011",0.45523156729149
"14873",0.0275151856889157
"30678",0.179592435924565
"31269",0.232951701804736
"27591",0.0254024993751411
"26925",0.01299859045414
"7194",0.00780222511143196
"6673",0.0285339627881686
"32020",0.290131120319381
"30615",0.00359177923432301
"9585",0.0189349770255033
"12776",0.258933782900378
"35284",0.0902245249446423
"36507",0.00797550996705754
"39424",0.0788953982454901
"37247",0.0647094290403009
"40474",0.154483595322245
"33911",0.152412219647389
"31018",0.337651556377619
"9206",0.516380231073955
"1472",0.0250264045483765
"7316",0.00976237617946547
"2603",0.0342896861709499
"38702",0.0278561925196806
"19549",0.0259015905676524
"83",0.000458331387676772
"23378",0.0349808022594309
"5715",0.00117158373343216
"21374",0.0243042097297715
"18707",0.00320421174967851
"8128",0.016670999836594
"18688",0.045482545941936
"43798",0.461625009389454
"20969",0.552940744939524
"35804",0.0397461621227257
"20943",0.0589525314162126
"8951",0.00257464023106023
"39256",0.00221511679606609
"10949",0.569052915845408
"23185",0.0010504672193827
"25266",0.0809944833699652
"30425",0.0318480592217669
"30364",0.370919539081674
"36667",0.00158741125927301
"26488",0.0351631223294647
"12256",0.283263408555288
"24858",0.0601644575474545
"38677",0.00453688786754761
"23295",0.00220483525592461
"3034",0.00636982703053197
"32421",0.168359366769893
"11761",0.00244048542521124
"41278",0.165638696051389
"10608",0.0386926588389634
"41711",0.189172111144204
"31116",0.0632385937748997
"24198",0.002692160507581
"15541",0.0443223622615761
"37815",0.0418833991070304
"32676",0.0755270382359111
"30726",0.0963714461000203
"17963",0.00113233405856465
"28641",0.0768171213103417
"29639",0.102606319487116
"13062",0.0201302571756221
"34775",0.035633109747656
"8513",0.010890398973343
"15787",0.0574233232379783
"44893",0.390108732631298
"43994",0.853194158732617
"10561",0.000964834591804658
"36002",0.0627824287807465
"34020",0.147464201359674
"36771",0.023393832343463
"23354",0.00273140144977241
"31966",0.0448816606161277
"7767",0.0475710575776354
"13585",0.0750963446285508
"42952",0.838271069628075
"29113",0.0796979743976822
"9023",0.0415756415226441
"30290",0.0922955140223855
"43075",0.54276238182376
"36647",0.0109929363087789
"15893",0.00877186411181761
"5794",0.0027628400562289
"43576",0.578770341179557
"26512",0.0102774175311708
"22548",0.0842794463489933
"28754",0.223043328386843
"14494",0.00862724152301854
"26573",0.0277060835144615
"9209",0.0158492102703572
"25845",0.0378534484113303
"14050",0.03639008668981
"19128",0.0272870660043804
"21045",0.0483828444608974
"40122",0.280941073026752
"3872",0.0134615054446151
"18674",0.089686212579761
"13205",0.299246297051472
"17126",0.00353830702690725
"22617",0.0309938024022588
"41545",0.142238037085332
"3839",0.0914525598508952
"39296",0.00208218923171163
"21924",0.0244219237084366
"1624",0.00481740201148646
"33881",0.110280802924149
"8323",0.0634809486208982
"26109",0.0178412928482841
"20493",0.0552285898203061
"35341",0.0214439611744307
"38030",0.000943001397460887
"13536",0.050986006803425
"2041",0.00029139878460444
"33061",0.0128082545879997
"25193",0.034580040618461
"24430",0.031216045399608
"44759",0.417339819281292
"45075",0.431969287587639
"36699",0.0157528940874559
"27745",0.0148155129312734
"33829",0.0719191445006304
"15394",0.179374158201306
"9766",0.0132906063866588
"19385",0.0362759141763003
"31381",0.287444273984967
"23973",0.00887202734829025
"4189",0.006470161468442
"23173",0.0500045270827019
"39391",0.125296499593287
"35024",0.0476377083481955
"18891",0.110579080849864
"35388",0.0433926061514483
"28599",0.0285120544323364
"5240",0.0343001009505919
"43382",0.102967340115465
"225",0.373333373102749
"40994",0.0718620947615442
"22782",0.00793705475731516
"41179",0.0407392111983593
"7104",0.0100689095145701
"26915",0.0113771593790566
"3479",0.00663971029510793
"44012",0.909058307296421
"38224",0.00205144964006032
"12484",0.00988408488375842
"19370",0.699396229197478
"7792",0.00238385858620562
"38281",0.45092513362566
"339",0.0630175093435119
"21705",0.606977891017479
"26247",0.40320587822339
"9836",0.0347244801110239
"37447",0.00332584826152013
"31042",0.155281079758159
"27439",0.0308564631457557
"29700",0.100487740900851
"5596",0.00145574117892917
"43326",0.484582117872532
"22499",0.118385998789086
"28399",0.0514164333184768
"21946",0.215190890685773
"1510",0.0102426871421517
"8336",0.300650722125294
"25001",0.0699255691574597
"11023",0.06469610825641
"28776",0.000862095791925085
"8197",0.00475155653525988
"12391",0.148730119272894
"13354",0.0662585564139288
"29957",0.0057412751690125
"2127",0.025522070826492
"17828",0.64632731901234
"36847",0.0864358629371593
"39325",0.049296131816139
"173",0.00971568147340271
"31947",0.0508903433409907
"25217",0.0238331064841608
"8291",0.023847198395279
"13469",0.0021891884371384
"40888",0.366348249842662
"35392",0.0025510403991039
"3174",0.00662687406307066
"24984",0.069757105199275
"23100",0.0304077641965513
"14866",0.0247496254902023
"43322",0.295425392737519
"18235",0.00371531258281048
"34094",0.53035306491631
"21115",0.368119895948337
"41690",0.0463552911829343
"29759",0.277294248934345
"4892",0.0498193764909149
"25105",0.00256529527242678
"19584",0.015486559855432
"8222",0.0196784469019456
"42961",0.112813870104945
"33715",0.491008660962147
"33860",0.01436956796138
"32994",0.332242316626387
"29515",0.000843463314436398
"10776",0.00776114196856015
"26183",0.0722508323368357
"33152",0.11286412779624
"6879",0.00589001020615713
"28000",0.00270448765339634
"41743",0.972237227336856
"11843",0.00238984206776245
"35105",0.016067803749369
"24025",0.000641146162664624
"4391",0.000169425718172307
"20185",0.0525565165860492
"44382",0.0809880436114973
"26558",0.453130403548311
"4884",0.000399733361038223
"42613",0.219029754963153
"9923",0.165243306968315
"1571",0.0106612189340379
"31528",0.163910936940687
"42456",0.802630045772092
"44253",0.769294682502592
"39057",0.0254811082378109
"39854",0.154937240198021
"39975",0.149478465742201
"5907",0.00559976765945659
"40031",0.0239562977182412
"29905",0.0914996615160105
"37267",0.00227627958473379
"9805",0.212519029934519
"23344",0.000751232414132101
"12218",0.00180143295186785
"17781",0.269439581233536
"12078",0.00512498219673343
"21097",0.0407573320865268
"43459",0.301439357984569
"1202",0.000516244572932118
"43510",0.777983151147923
"23001",0.148563353958643
"2256",0.0105150802659611
"31795",0.140987860696624
"35420",0.0399943836450455
"22120",0.0543549030057689
"9518",0.0304803747429534
"1222",0.0756663319279002
"35174",0.370461693348171
"36861",0.0102459015291529
"28339",0.35946543425661
"3913",0.0563657258065341
"9246",0.0178429602395242
"33934",0.617107216402471
"16592",0.0407694687740202
"7259",0.000921155352104891
"28118",0.083020539654477
"23370",0.697337059436841
"26535",0.0381811185192016
"25976",0.0281917517282229
"24490",0.00391850381892354
"40374",0.363599600255931
"281",0.0470991118239632
"4921",0.00364059778382518
"20168",0.136081649165657
"26764",0.0448497615224494
"23762",0.00340617371421427
"17367",0.026220075939329
"44791",0.762201880739707
"26546",0.00205165992573435
"27543",0.0615662673954561
"25663",0.135156691365377
"8219",0.0795059129779304
"18307",0.295825079234862
"23302",0.0284546680328669
"21885",0.486560756970068
"12964",0.0184582010853282
"21428",0.0104088787417749
"8242",0.143514721017977
"22600",0.036781628364675
"2121",0.00255689750017622
"1833",0.345643462569265
"39652",0.267439154591875
"11372",0.0121109377382032
"28223",0.00715419474156561
"30323",0.00165676991731294
"41913",0.758966891944803
"3270",0.0128588953601712
"15709",0.0304358343237606
"29614",0.535804172289031
"9796",0.170800350870487
"21845",0.0402939012801969
"25446",0.0299114016032299
"43523",0.205221319792816
"39708",0.258631648344808
"2195",0.0076691879776801
"11116",0.343378525837211
"4063",0.0056163011249018
"9113",0.0601686897151087
"15745",0.0228341808606046
"34399",0.392178126229432
"25525",0.0498798622417929
"29409",0.228226756348784
"12685",0.0589153668304804
"32209",0.139844662440479
"42946",0.105609156441538
"38349",0.12812693673192
"3541",0.000155758830158791
"30691",0.00969310517284785
"4467",0.00171613363646714
"39353",0.280281192050128
"29602",0.00773710007456569
"20469",0.0141457133278229
"44371",0.0157906682163882
"31080",0.0162404304845288
"23795",0.0157217704449347
"1377",0.0185966460990607
"36452",0.00879621206518933
"14115",0.00754756015575802
"32764",0.00678580106792995
"30055",0.115953787684371
"21234",0.0376229687597687
"10058",0.00263613212255851
"2704",0.115958033250027
"29466",0.204276166987464
"9265",0.00642126667191438
"41778",0.224042158529739
"25195",0.02691707621871
"1497",0.0184290403840382
"17217",0.0184981846112497
"17818",0.0590244706845532
"16548",0.23603247332552
"21157",0.0594502938834488
"30857",0.00240493127671624
"19938",0.0920058858591871
"579",0.00847589646649591
"35080",0.178222487575855
"27859",0.0340345405943219
"15341",0.0311526587076054
"33344",0.205884761941619
"5870",0.00711980487982887
"44785",0.908490674250963
"789",0.0137596994016934
"15488",0.104543461296997
"14535",0.00576024280944534
"8369",0.0108067594328389
"23359",0.074233181152596
"39355",0.125548500744431
"43961",0.334039921103902
"38549",0.00203318122862328
"7069",0.0433248517763331
"39285",0.00220432921590996
"13142",0.0791559130097483
"26235",0.00673247796920583
"32965",0.0522013146186795
"34027",0.577804821786933
"25532",0.0303720165854104
"23118",0.0962730555739501
"1993",0.00874624330859872
"26621",0.00169932853770541
"44301",0.676763531973669
"35768",0.0802270636018494
"32732",0.171762638126061
"2278",0.00019270258150769
"2493",0.00659705401459728
"5882",0.00355454411908782
"16492",0.0198925455901291
"25863",0.0386437331638535
"42434",0.256052911536083
"40205",0.368569125461383
"11832",0.000598578615528606
"1924",0.00729160345583663
"37960",0.000858594800703086
"4446",0.00748883187229276
"38095",0.0108778101418441
"38708",0.0440509952441216
"44119",0.810972074855975
"16483",0.411465921535767
"501",0.00490020209809771
"5513",0.00402362248524775
"25289",0.0252573952620636
"15205",0.0504216990829827
"10696",0.0505672181553241
"22187",0.00994702041660275
"5337",0.0021410863038849
"36969",0.00204176869133611
"33910",0.113460214332128
"36573",0.708746555217231
"33977",0.401307875624487
"14292",0.0114847972355722
"35788",0.0167526615390163
"35516",0.748415364351858
"5282",0.0166769033917679
"44625",0.474005959517631
"12922",0.0216404492560698
"37411",0.911955987191679
"21417",0.0351409646623134
"32431",0.141282886595976
"19521",0.766816638436517
"22948",0.00768919941758834
"40258",0.329265210000311
"2419",0.0751919462638495
"8473",0.0610005069565398
"37278",0.00630933568898648
"19691",0.599404864661214
"3930",0.156638395856298
"23930",0.0316414640100666
"8529",0.141129693011196
"35739",0.408515218686349
"7524",0.00118171603272495
"13559",0.0451605852000459
"22628",0.0481098610233181
"32354",0.00674984320690832
"3219",0.056925384760952
"10036",0.00601878654899385
"28836",0.0020925110935937
"37256",0.0267749268568419
"7520",0.00214583951745458
"24317",0.00760784652306943
"26908",0.00140758038605539
"23738",0.00341345901117817
"8434",0.0519012256630443
"38239",0.100637095205681
"17643",0.945310184775388
"26344",0.0896410174086638
"7016",0.00756266539359867
"3066",0.014521890691984
"20297",0.822297762536288
"22068",0.438063773006921
"26798",0.0215938754782259
"5139",0.000752134840667109
"7706",0.042402662065779
"15964",0.0704713230947124
"23702",0.00503074066832511
"13580",0.0292399663400487
"43101",0.167294785464999
"33759",0.024973324910826
"39192",0.00750929978114284
"11531",0.00684607277619564
"3334",0.00252725122368761
"6297",0.0182142207013058
"16863",0.0165009052002815
"37161",0.0485863940747584
"31822",0.0627985263979919
"13289",0.198657667426203
"23221",0.0209740697788281
"13291",0.230253300397522
"7142",0.0090328896131486
"23184",0.0589223476377604
"31157",0.0162309139114911
"6203",0.0116240113939734
"34540",0.0651037787499812
"13956",0.0312322065786877
"20655",0.0218245913058785
"42574",0.414692918510879
"32000",0.799318622829677
"13496",0.00330566628619968
"8390",0.0330121364269708
"32110",0.00585597984316588
"2213",0.012181211458689
"5600",0.00159661380691898
"1464",0.00498879873148222
"26285",0.785006192152794
"1532",0.000790518559598412
"784",0.0104516011251109
"44528",0.319270324567899
"20633",0.0382087071224231
"4439",0.00179307118665688
"21248",0.000427172829450797
"44402",0.73050610398055
"33882",0.457801219228171
"11404",0.00165729999729041
"32365",0.405931544093677
"13736",0.0291317446734178
"35067",0.164555681892027
"29773",0.0304149955970283
"29946",0.0154865659011124
"11887",0.000893513960911283
"19145",0.00286827743257194
"10877",0.00459383574381732
"35358",0.0993472014047111
"22271",0.0433484346514907
"9663",0.0055416772217146
"11114",0.0376638500947403
"27311",0.00666440200440927
"36907",0.0461028580863863
"1816",0.0786822179668214
"771",0.00399433561935469
"2794",0.0172078316336858
"32794",0.739921917682431
"32447",0.0970827902109472
"38576",0.670246228290116
"13996",0.0178185742956593
"26993",0.00151538803281001
"42829",0.495746472071158
"3103",0.00117965595455253
"14988",0.00133808280443455
"37597",0.28506610988555
"27120",0.26818342947382
"37899",0.00614288893060011
"6676",0.00961675336041916
"19750",0.00652905367270117
"24577",0.0118841035189918
"44701",0.111946809274278
"3980",0.0165055163960401
"8260",0.0337143732066401
"6523",0.009025395462013
"42056",0.160978489643848
"24232",0.11247949617467
"4435",0.00989111771019508
"37888",0.28322097145856
"14081",0.00764262985024819
"9490",0.00567410721587738
"13107",0.0636894190297767
"37654",0.225051491123492
"27327",0.0777309560827975
"36677",0.50959277483507
"4759",0.0358978065543092
"20936",0.443117894962866
"28336",0.0994555230987955
"22270",0.0626113562157753
"19453",0.00969073261879169
"42984",0.500973405527361
"3216",0.00163990682010221
"32064",0.178067638487945
"26584",0.0368015213005088
"17621",0.334230135252556
"1379",0.00109575784504369
"8361",0.0254702687738373
"19726",0.0782533238247708
"32929",0.0625468029647717
"15060",0.0909264998701986
"33438",0.103489899180318
"7261",0.00131566463762952
"11690",0.000203193452637918
"33821",0.159982763329698
"1595",0.0166991409988819
"13971",0.113373779165474
"27411",0.00530494091856715
"31807",0.0924684713259986
"10502",0.00489771468482607
"36481",0.0800422906984201
"23773",0.711765540202629
"32584",0.231146545890687
"19866",0.00719289004489326
"37452",0.346841127561022
"4165",0.00356048873733771
"16168",0.00432847072632852
"40434",0.138932873772106
"11050",0.00282706682280298
"13499",0.0216340803189826
"10772",0.0109887855434558
"33674",0.00401116404562687
"10770",0.00381168236645277
"44347",0.632856503103664
"34883",0.100620396122881
"25323",0.0085258241461513
"2283",0.00238734945187337
"36299",0.00227226469422742
"34239",0.0746223903331408
"19531",0.0250851172613508
"35929",0.111228043863346
"23209",0.0100906097481329
"24896",0.0181251171149549
"29229",0.00670181135580889
"38164",0.0184741724545684
"23400",0.0594088567886634
"12284",0.0385115839859418
"20781",0.0245893582123683
"2551",0.195902096750991
"7969",0.0104662708722879
"31655",0.0660237206554224
"23469",0.00202051169305167
"32713",0.0345473226255983
"13646",0.0325795733171234
"32004",0.0914266230747456
"33443",0.0442661660454375
"2833",0.118827081240587
"7193",0.0381199797189581
"13059",0.206127444612663
"38371",0.0705719785001248
"35657",0.119318149502742
"35293",0.0506166236164709
"12080",0.000388470632055824
"26102",0.100636191714489
"20872",0.0386129340638296
"20189",0.0045666606174201
"26375",0.0134263220884931
"28555",0.00984276684761114
"31748",0.219047397543646
"28855",0.0359434408981111
"11692",0.0376547147770878
"4411",0.0143688156506549
"33706",0.227231194413117
"30566",0.0642654880772602
"20062",0.123825525936517
"4042",0.00966284949125902
"16255",0.0240198697002631
"25410",0.0202089736099034
"7927",0.199120896989892
"21408",0.0539817193151965
"19874",0.0304105980612185
"38487",0.0140053895460268
"2562",0.0698974370322241
"35938",0.0540624933415211
"13233",0.064297657224773
"34933",0.0582301414785943
"26290",0.479356307170375
"38013",0.249660542927448
"8591",0.00397982784968833
"21653",0.0358743486454322
"9239",0.0116352698914814
"33056",0.211839152978898
"33466",0.0530736579746956
"32309",0.0940044679130528
"17242",0.0265007117443006
"43910",0.81276152400521
"8685",0.00448557949948436
"22642",0.0800210598401362
"25988",0.0717650381399078
"3194",0.0592960753578228
"16231",0.442293701961934
"26204",0.0213325471425807
"23294",0.0976591500626479
"8539",0.0188156320567801
"43792",0.68620225719639
"26196",0.00676333657725286
"44588",0.00886783611364763
"32",0.0160731358581794
"9776",0.460541982448804
"10900",0.00476278745497351
"5025",0.160784098915505
"26707",0.0144315348151796
"1128",0.000308351745377648
"35303",0.0184256491372372
"11288",0.164977927902881
"11173",0.0573058833327795
"8048",0.0192933200175458
"26106",0.306086073155913
"34599",0.00521125243698962
"15259",0.0549346851944575
"14532",0.0376220330111846
"21102",0.104082955871503
"26071",0.0324097094127103
"21273",0.018509927172252
"26172",0.00881200476911776
"36763",0.0481679571740593
"13269",0.689660405059459
"21661",0.00526379286496765
"18416",0.005934638179191
"4005",0.0508617378570408
"21279",0.0111244271746423
"40800",0.433011324275071
"33437",0.174947372976731
"40182",0.104530022943783
"19056",0.054178657163388
"30386",0.343010833724068
"2136",0.0766904888534168
"5280",0.0601282418173561
"34237",0.347391529910457
"42988",0.887832230226022
"21825",0.0211094578498276
"5252",0.128179283249103
"39531",0.0507493436543577
"35975",0.0101085971698446
"167",0.00428069046915263
"41823",0.737945197636048
"11442",0.0306270377587305
"8587",0.0206867253721027
"32977",0.45702658700118
"11475",0.0238246511696408
"5476",0.0269133560929362
"14200",0.0125725608765389
"28436",0.0723858268390299
"15306",0.0469283402765801
"35940",0.119881612274209
"9467",0.00351234020600383
"27491",0.166478551187828
"5370",0.0364689084482818
"44009",0.420951501918829
"37175",0.00500632446354305
"31729",0.0139853055190257
"26093",0.147350582774249
"27831",0.0478206789767724
"5021",0.00509383035440098
"43219",0.362255291274856
"36438",0.0415899740065386
"33781",0.365648447900369
"17678",0.0294512857958966
"42922",0.148073155551868
"1695",0.00590976198541439
"18525",0.0216649388442819
"10249",0.0202448303085289
"28272",0.00387444664454926
"20651",0.102166410327012
"25809",0.00511889121968154
"35914",0.0429825717082257
"29068",0.0678950843769975
"25223",0.0332196740296264
"40585",0.0561468235392143
"10451",0.0171293452172881
"16692",0.0412212828984416
"16401",0.0457708521717178
"32236",0.0798122144862694
"39619",0.0396827072359581
"26091",0.0475552034672451
"12708",0.00723717906528027
"13301",0.17756975869159
"13445",0.00135081633403952
"20668",0.46231723825686
"30204",0.00304522898447518
"37156",0.0239244848549101
"17983",0.00881372020687824
"34675",0.0344448816139168
"40824",0.0772769047303581
"26515",0.0281048891594407
"43756",0.0977929884672762
"39704",0.0430060420268849
"9884",0.0397412559134584
"42383",0.101252317829812
"19288",0.0169984320910077
"3269",0.0112851405344991
"863",0.0219660290543643
"12089",0.0321829790089106
"2996",0.0310076534454927
"2705",0.000901907416410451
"29688",0.0242248580548791
"42536",0.151762130290753
"11042",0.0872567120864465
"1586",0.0421535378814363
"29144",0.0554727928711975
"26293",0.0292953609099143
"44888",0.77357758569673
"8638",0.00176147898105858
"1684",0.00365854825030723
"25640",0.0392001588379847
"29445",0.0558752293202621
"36761",0.101491121073347
"12205",0.000329090021301321
"10442",0.00385383839541631
"6013",0.00810199113851572
"35057",0.0167461135389947
"22436",0.00940159602675812
"33011",0.0909118835554208
"1291",0.0136302717981257
"11291",0.641068589813999
"19907",0.0115593184746339
"3862",0.0068713820444994
"40470",0.0852294611096479
"4045",0.00116649505819981
"33905",0.116973041561226
"38479",0.0849288954117153
"3182",0.00210022232249311
"3100",0.0125299217141348
"37165",0.0338530218489855
"33162",0.0595216295329611
"39099",0.363066025740333
"31629",0.238088867425596
"6023",0.00567034055893486
"16898",0.560555456268615
"36949",0.0268355715171207
"30716",0.0827205641255135
"35064",0.0156694527626162
"43669",0.0428753552778058
"34960",0.0195853781737039
"13080",0.0374594796326835
"20349",0.128463519856817
"8999",0.0286238610474202
"28640",0.0283406404170506
"38554",0.0725011840765469
"29369",0.0455201873016449
"38948",0.0178265076627446
"36952",0.0390684263692394
"6268",0.0137387790491828
"3850",0.0112732950909743
"8576",0.00451332431391818
"28520",0.0203190295396484
"45139",0.0577419290933003
"13818",0.00714512188142451
"44702",0.308133666250524
"34234",0.00117283725708226
"5078",0.0495709834485948
"14975",0.0224493277042282
"28513",0.0199892418119492
"20143",0.328236205399245
"6703",0.0548108101944399
"9046",0.012112840208999
"35255",0.00352526289694305
"42384",0.697471163801401
"14863",0.0533127791447525
"32979",0.0951123123096035
"8660",0.0931442206233569
"38656",0.00274222508199592
"13053",0.0732648450485386
"25101",0.00793332952639335
"20763",0.0314506737584244
"36838",0.0281581114198999
"1944",0.000621145922107959
"31236",0.580136166715263
"346",0.0801789264666406
"7007",0.0521043300935666
"37632",0.0302545288079715
"1044",0.00841965448291351
"12807",0.0205352900859554
"8245",0.0264724083742846
"5236",0.0874786186486896
"41476",0.896701860208535
"16964",0.0108539231396217
"45086",0.834784260857787
"39398",0.163738542269609
"15163",0.00029180508676482
"8675",0.169598050184323
"38208",0.0359424572682558
"37230",0.0496762992881117
"41733",0.0891798485860359
"31882",0.0867367318367963
"16573",0.0111158646649629
"21604",0.0639693674087997
"20181",0.033706749066286
"17335",0.0799474206471154
"36725",0.0315091928490777
"16206",0.36609998434673
"26661",0.0984705186474764
"24932",0.0320023332509098
"23898",0.0542269223559178
"20724",0.0116731271240122
"16516",0.555508257654761
"9779",0.0294468562935733
"44844",0.897534533997131
"38895",0.00373558769850568
"24547",0.0350535668579059
"33173",0.140050303283228
"23943",0.0408905767752192
"20804",0.229820004030114
"23177",0.0366919884673877
"33345",0.346007556721294
"22174",0.0186927499536636
"40169",0.652149320372737
"29673",0.0609103203269768
"30256",0.321423666577038
"16533",0.0301983169578415
"6877",0.0145963702465499
"18953",0.0508168251928561
"39647",0.132465510502695
"23873",0.0154928318062612
"44758",0.886604763144767
"44258",0.130732777169912
"14210",0.055692589688002
"8351",0.00112217947483081
"6435",0.0363060017414177
"40137",0.394477648048258
"10402",0.166399035368443
"32372",0.410886635709267
"37131",0.00357403690095109
"6934",0.194983652691492
"11498",0.0144996955941891
"36670",0.0514162028093568
"28950",0.125598078711498
"25231",0.00709631231325462
"6739",0.0113756590356454
"37351",0.00297185174221262
"39602",0.1343216253002
"29095",0.113614444587502
"18149",0.012393864473297
"4501",0.00935624023201751
"10973",0.0229577512942573
"9945",0.00101200862373019
"30110",0.00216499745620311
"1750",0.209842776200407
"38853",0.00339867174197786
"33410",0.21345574022926
"24213",0.0740599565312396
"22404",0.0120680834379182
"16693",0.706600250069508
"25065",0.416450699782755
"20268",0.0379015061504339
"41596",0.242218166022517
"22193",0.0270983486361072
"9347",0.0111575156870876
"44954",0.374258646495787
"19845",0.0551724497074946
"9891",0.0578569467965785
"38027",0.00719261730514956
"24908",0.0401457470361537
"20315",0.00628012070259223
"4829",0.0241172509285152
"27286",0.030172678895526
"25143",0.032782861659661
"44900",0.938712009177039
"13177",0.0941830781777897
"29228",0.0361341855846422
"19862",0.155354741471466
"34575",0.0517946908460458
"43077",0.690200724970125
"13476",0.0357809432531413
"26485",0.0147966889245803
"23814",0.0352252140997294
"41729",0.300032765636136
"15789",0.0017579719511098
"20994",0.0107405178164739
"19445",0.666719044160887
"32410",0.0750080784309969
"20691",0.0751521830570556
"7913",0.0156754699657355
"23175",0.00751189377534503
"44365",0.761272970490397
"7423",0.0973878507766048
"19597",0.0453708610203745
"45083",0.0185538689224297
"5258",0.0118694351312938
"13491",0.0062735748813714
"36075",0.0379474926456926
"27002",0.0808342647717625
"8913",0.0110430565807338
"7722",0.000569774657626899
"41988",0.299344275394439
"31132",0.215201685145862
"27301",0.033733146593671
"21566",0.118683754108013
"34429",0.0317072135206278
"41737",0.0612021769619589
"31158",0.177764290915583
"44429",0.288795557108554
"14223",0.756321805554057
"31000",0.00147121636384544
"31720",0.00809985015894992
"22862",0.010890767371554
"35637",0.0906445045000154
"21015",0.00672937133903456
"7919",0.00235219212299364
"10938",0.0196310157914254
"39001",0.0106255612682763
"4220",0.000276589474605805
"34981",0.0456525403620339
"13830",0.0695442846075699
"24200",0.00232772354163962
"10798",0.0345978508077158
"1577",0.00997980168822954
"28214",0.101147106234519
"43846",0.0019728053020963
"27179",0.0892436357964335
"18490",0.0431836731294163
"40573",0.0475035146274906
"2710",0.147600434967436
"11749",0.0194888656435709
"37119",0.0158727461148761
"29379",0.00806885227822166
"42686",0.0038885290900738
"7981",0.000803252156076405
"2014",0.000980230244608266
"14352",0.00758063467455159
"40700",0.0943060175495828
"3665",0.0350370680367717
"41076",0.242449885930019
"22441",0.00310545626616068
"6989",0.0247083604964309
"36518",0.00139454862949151
"38793",0.00463848907266265
"9540",0.0578142056127803
"6134",0.0203043474044675
"5663",0.00101521615033422
"14326",0.0055573333742631
"44623",0.987666406906529
"32230",0.306207562672206
"1490",0.00106821936183695
"21606",0.144133478424693
"16088",0.0459260394805886
"10842",0.0125375258371333
"2404",0.0122002823531473
"35109",0.0307816798723108
"25515",0.0066120669813209
"6787",0.00804180369016721
"35649",0.00449412166274427
"14427",0.0361888124102046
"8472",0.0759708221949171
"20415",0.0641644014779469
"11967",0.000768979059988892
"29518",0.241601773569691
"21832",0.00133537386491446
"25002",0.401499149034091
"8037",0.0173383602225222
"10082",0.00765737752209724
"12747",0.0520465168342788
"30558",0.0832747623208681
"35527",0.0493369498868938
"35344",0.118929973417676
"2273",0.00667511693791779
"13423",0.0291859196293783
"172",0.0100729513716147
"2818",0.119109605335672
"7057",0.0254944063957588
"13725",0.0745842831071003
"26531",0.00751392861772313
"43729",0.140813674178144
"25977",0.0905734371405564
"26776",0.196009498044754
"21630",0.136413900625568
"39504",0.0585769006089455
"13811",0.0456444861176368
"21945",0.749376624839421
"25237",0.073385909261986
"39577",0.468627746697861
"39837",0.185984636630094
"44635",0.869357212869336
"8897",0.0119275816727937
"15512",0.00923363685125773
"3178",0.00671113928021002
"1788",0.0353352236879289
"38434",0.31161530511972
"37333",0.0238472077840521
"36666",0.0437826510723927
"39486",0.0369785776516913
"10019",0.0672413404432956
"33677",0.00413047123678717
"22752",0.00758338152252453
"31147",0.0165311372923991
"8257",0.245993492754791
"31608",0.0664820853703288
"26248",0.00566790761082642
"6958",0.00299387250430466
"6591",0.0165465428728265
"15437",0.0168216700821214
"13603",0.0254302514162884
"38966",0.00359592901007281
"42055",0.351261148173498
"22399",0.233457993931453
"31484",0.318273462117978
"21012",0.0637403066212987
"2838",0.00778370000280126
"38616",0.107304754018136
"23308",0.0140825547124771
"8049",0.0070964841900242
"24672",0.180307837782863
"31074",0.155129137217461
"35837",0.843266151251491
"20111",0.0926194392201077
"35447",0.00746814434549497
"7113",0.0188799840538111
"11786",0.0090036463013601
"37539",0.0656640141484753
"37063",0.0272426385683389
"32974",0.0540457168666057
"3448",0.000342241220195069
"8056",0.0150005437070629
"39380",0.0111775450357052
"28525",0.00179398566987568
"38256",0.00156038460766151
"39178",0.0977150756938029
"10614",0.0387612506366021
"10833",0.0551734449121163
"39402",0.56482440901634
"4861",0.00403399215257651
"1311",0.00622369843103685
"21295",0.0272314126146152
"6701",0.0386487136183785
"41904",0.655371150703094
"28915",0.00109924479929304
"18821",0.000609255376804234
"5262",0.0033584123029838
"4112",0.00536751483744497
"2974",0.00718933878359212
"2287",0.00693099170671037
"4845",0.048411068478472
"983",0.00420846583418985
"16555",0.00121458880522955
"19219",0.0986599031228653
"2646",0.0013393774070047
"44011",0.65523489625735
"30267",0.0477598738082906
"2925",0.0103916112661038
"18546",0.300155210899533
"14168",0.270956283284891
"35398",0.0969271627304837
"20898",0.222603367537212
"39670",0.0112161060698758
"10750",0.0443178980628703
"44931",0.00570160737452143
"24453",0.0193205603884885
"26403",0.0513340945953898
"31593",0.499543747035565
"8084",0.0252405829638114
"34325",0.259582417068648
"15817",0.0363684729122858
"11266",0.0719389885902124
"24278",0.12058503951269
"31219",0.401899984914988
"33294",0.124171920651318
"27526",0.00214611594494621
"1439",0.0258251088780217
"29842",0.157005074322587
"34796",0.0968243929176853
"19843",0.0186759012328254
"24367",0.0265632760939861
"41549",0.574335166787286
"41042",0.019812064110974
"6406",0.0182670461759777
"43985",0.000920907071311627
"9882",0.0108539009790048
"26120",0.0190456849277617
"29923",0.133079973722427
"23474",0.619499841587614
"35016",0.0180677714315701
"40199",0.144987299073128
"39963",0.240410940350311
"13453",0.0125925008966767
"38183",0.0751237472196261
"26010",0.0230057359950594
"18512",0.00637322139312979
"2412",0.0405333223227129
"28302",0.00225306097333497
"15527",0.28253865670491
"43599",0.387742114854723
"21002",0.0152223328286799
"31902",0.100813677274521
"13030",0.0176022114428649
"9029",0.154840807360544
"38385",0.177302194245181
"1412",0.0169649363508383
"3187",0.00400067562467357
"27383",0.309066447224289
"10344",0.0534863507589685
"37148",0.00707816048573436
"14849",0.234471693986801
"34359",0.0987555191432887
"36880",0.0140696277748016
"18935",0.0756121283223413
"30748",0.933828308260677
"41360",0.03462888217476
"38221",0.0134215760972584
"9349",0.00542828007139615
"9942",0.0354390672586384
"43728",0.000901690733581013
"16814",0.146708941968902
"19916",0.341079306027401
"848",0.0053921406562363
"29830",0.0492298552704594
"5311",0.0227875457462521
"29050",0.0423529842256586
"31276",0.496348558865885
"1579",0.00172515185040107
"35422",0.0695607006191688
"41489",0.207495683545145
"24059",0.787342801792767
"1229",0.00291061153894668
"42305",0.262127629340166
"28340",0.0748824066615618
"44051",0.598399505784328
"25716",0.00592130167598022
"31238",0.733246648410905
"9842",0.0392131772687389
"2631",0.00928127388072319
"19087",0.0523919453746195
"10682",0.0172246020157802
"18968",0.0389021690465945
"38573",0.0179221072721449
"12273",0.027756405995304
"13134",0.0238045809998842
"13217",0.035354183709847
"39931",0.0466445007945243
"8868",0.0379340637524567
"8985",0.0106116593193635
"36176",0.13497859033355
"8864",0.0162691698874625
"33251",0.111101856207617
"41804",0.0369054730888979
"34199",0.107837615548368
"11301",0.0225541818087947
"4066",0.00439802391324164
"33477",0.062103271934179
"17189",0.00439597091444027
"31209",0.0910016221760914
"12228",0.00561291092725268
"6884",0.00599443556305741
"32263",0.180510070411585
"44676",0.8026449411677
"1139",0.135732593430073
"1802",0.0110721248496507
"15932",0.00740459279627376
"2207",0.0168942200629717
"12070",0.001497775710808
"44662",0.264678994009698
"4415",0.0127520917384836
"7554",0.00968677011568409
"18337",0.13884919993175
"14022",0.0185644254280138
"4785",0.00200408249555157
"27435",0.0293771799314231
"38342",0.14545523698311
"34246",0.384762728158474
"38845",0.247901279456813
"17350",0.00425140488538462
"13071",0.00540063713088108
"44077",0.0547382907685325
"21482",0.0136458656037702
"9564",0.07672871005501
"44584",0.823510341981983
"42712",0.1584002571335
"27666",0.00148769365420041
"25690",0.0217846712613171
"8707",0.559563375622564
"39945",0.0873227260359775
"25991",0.0139786980832509
"43677",0.322457407692339
"22535",0.0741971200270134
"6759",0.00253554144851435
"33635",0.313233806942597
"13216",0.198180517615375
"14235",0.0098579195439066
"19084",0.0473506117381178
"3205",0.0358449028915959
"40505",0.0849678052658349
"13141",0.0446431044060873
"6292",0.0108444278044782
"20167",0.0197332007721934
"14725",0.167296484034027
"44851",0.682384046906766
"749",0.00552627097830863
"12190",0.000781371785616654
"36843",0.000926482277029239
"41528",0.163036881007662
"10176",0.094647831634278
"10430",0.358649302217066
"21154",0.0163300132746028
"10044",0.0122366821312303
"38926",0.0550565023976077
"9597",0.0371524523794977
"1677",0.0145183356663687
"38288",0.044732277592632
"875",0.0373773272890332
"36247",0.0207065893301235
"9898",0.00931829270048889
"21662",0.0132080696541015
"4651",0.0067189130480769
"42512",0.478790271755862
"39456",0.356468160658376
"4457",0.0150082003044135
"12297",0.0106361803129241
"42223",0.263563341894408
"7341",0.00295505410659986
"1223",0.00830265962466795
"9794",0.0152458595381886
"25272",0.00473644878915814
"29651",0.288336601874125
"11223",0.000726419448805239
"19930",0.224217410227562
"26026",0.413178459129794
"22542",0.0549979585853692
"30503",0.0772334610795543
"35627",0.0617701441834452
"39168",0.0032369839411193
"11999",0.00029550669155394
"33047",0.172838201146935
"27870",0.0658353560734037
"3782",0.000339236846767164
"26099",0.0359878728769963
"17089",0.0457981129706154
"37035",0.0923871015271891
"44732",0.86468276967084
"37883",0.00840441247338166
"10020",0.117696493013703
"27803",0.00463958706741687
"11399",0.0376752105706449
"30117",0.0291919567787418
"15769",0.0540450499860427
"29737",0.0188469507741312
"44342",0.0212113404379666
"15001",0.0477074019603665
"2701",0.0344025351860689
"42905",0.579485617027817
"19910",0.0863205556519853
"2341",0.00148569219857353
"7232",0.015903872634912
"28635",0.0337798801533876
"24604",0.00657228853700219
"21179",0.0222037371700568
"14125",0.155741645690571
"27535",0.025042218842001
"26863",0.0527065619088438
"24820",0.0385728970148738
"14314",0.0584672188081122
"43267",0.496321556071038
"5599",0.13320321660871
"19285",0.111017341784588
"30984",0.00104167744979604
"29112",0.0257942622504315
"44251",0.781767689828288
"6721",0.0295745175259209
"29918",0.0177245283976668
"4081",0.023459037395607
"19413",0.239275292160903
"28294",0.0303586739023639
"8164",0.00667255321536901
"14958",0.0121162858667217
"12379",0.321967500243545
"22356",0.0751442379237987
"40956",0.0467406633493178
"549",0.00784863821266271
"10377",0.000910139491824071
"8355",0.00224249466013708
"37656",0.0301413510603268
"38777",0.00137642765605223
"29464",0.100147872723904
"35976",0.161417496311505
"30230",0.23770832216118
"29680",0.0199631192777429
"26123",0.0123942738809251
"4932",0.136639770538453
"17585",0.0160661836649668
"21925",0.37756662026613
"5012",0.0390277339672512
"40596",0.102317903937093
"6518",0.00636969581332141
"19574",0.112589012056824
"27780",0.0342097932318023
"5362",0.0368517518857124
"36654",0.0106299689662225
"20765",0.011376341221526
"38477",0.0405583863973642
"19174",0.387227181810864
"10694",0.283074104205916
"37671",0.0157619806932141
"17650",0.210440753980073
"17132",0.344244503058685
"22978",0.383020397225634
"7686",0.0175475514669197
"29787",0.0978656728210179
"42803",0.301126993734395
"27277",0.00325878148944319
"7216",0.0119685658494706
"17724",0.00824390026920264
"32955",0.685252121094116
"24990",0.00403302216562757
"25692",0.00584638731429674
"19712",0.122731555225559
"14670",0.00514653422826973
"17034",0.107145848667119
"8402",0.018901578655647
"23965",0.0939439871975234
"40049",0.108475517806972
"2570",0.0133484280309343
"8894",0.0139739329928191
"4687",0.00502880918654611
"3603",0.111895833497465
"33920",0.84619602240689
"29115",0.0712172646926826
"3800",0.00461615671637309
"34843",0.0383596065783745
"24356",0.00422637117164764
"29631",0.803612741247054
"7908",0.0183360765851686
"8062",0.0277292935639254
"29629",0.0660115516708232
"38102",0.00926490242503272
"13498",0.0563096146366788
"11321",0.051677345197234
"42170",0.409442429009583
"10463",0.00179833835181695
"15254",0.037203883690707
"33264",0.0203808980604608
"7263",0.00619167375966489
"19107",0.550004904366288
"9336",0.165998278115511
"35946",0.204267153164331
"40986",0.113708539892747
"21250",0.191689223602114
"28247",0.0316902103001837
"32185",0.0262413008404484
"17681",0.104235607865461
"23373",0.157559232550123
"9850",0.0300773772855654
"10165",0.496899273790659
"14000",0.0176636161765031
"41353",0.167852627530755
"14403",0.02369490540198
"23958",0.0028648090272608
"12524",0.00861076550786398
"18498",0.0342057932756513
"161",0.00405853632249474
"6063",0.0172024834363767
"29844",0.00321976934255463
"6171",0.0116131103109767
"9359",0.00941884663932874
"9472",0.0277110294737785
"44613",0.135777976662001
"352",0.103365029293084
"33314",0.00389964528428247
"26983",0.00234286325510789
"14281",0.0437580164519789
"30239",0.0042501608590112
"44440",0.382818431896887
"624",0.0109148038496489
"37441",0.223479268898699
"27171",0.0227307340176489
"19151",0.71662519937389
"19097",0.0282229459921655
"7940",0.00812458159616795
"1503",0.000176085228287471
"34556",0.00235835151638344
"25729",0.0392781165566353
"33225",0.0913307456828799
"27698",0.00503464050944463
"15766",0.0102236768689109
"29171",0.25652104970163
"32649",0.306774863662825
"43078",0.327146797608159
"25668",0.00350012919733952
"1156",0.016862879894972
"28411",0.0648187499139853
"36144",0.054370481123325
"41623",0.261333123222576
"10619",0.00932452080783259
"32143",0.152390679772948
"25985",0.387367376554955
"14356",0.00420638247418965
"10673",0.0467512729811255
"43886",0.00216771572166335
"2477",0.0110490281590335
"176",0.058138762888542
"1829",0.0427286082544367
"17762",0.126872624763986
"28630",0.3936102094072
"41195",0.0739135810636395
"14648",0.00646040063178662
"3414",0.16921311583708
"6762",0.0108574934393328
"18692",0.115087032243296
"2608",0.0269235029304853
"24067",0.00335313559816283
"7497",0.00606930604129197
"10011",0.0452748833152535
"36904",0.131321347081266
"12139",0.000775460251979644
"6704",0.00855162000591965
"26522",0.0573742960500469
"29653",0.00325135556836514
"31418",0.321175192468648
"37326",0.0298757248566573
"2414",0.0671882565389374
"38884",0.00228903115798928
"4084",0.0132466991601358
"40844",0.16341520066899
"41307",0.0735055104850482
"14354",0.247962862011426
"10796",0.00186491381221941
"2938",0.00893089484841258
"12095",0.000430383317865126
"1183",0.0715618397218797
"32690",0.897588787703972
"20410",0.00641690464597336
"6562",0.0188314990655401
"44720",0.281385695058243
"11137",0.00842824613890278
"31489",0.246574064549429
"8927",0.00851059699737653
"15181",0.406923083508636
"6854",0.0134903551358726
"6805",0.00328918767546868
"26929",0.00474527552919145
"29399",0.00464473235863631
"16802",0.0143904475037971
"33668",0.00159625710598937
"43278",0.779909985008687
"38075",0.0176648808231799
"9164",0.00430661122790542
"38326",0.0157230692956081
"44502",0.885190286020346
"24284",0.00525791299842276
"19327",0.087713186236667
"19461",0.0048428832009458
"42254",0.328733069660958
"34919",0.0501679253665347
"14434",0.0115357992991398
"21685",0.0513844922156335
"23168",0.00138358846082951
"40846",0.0972422009637356
"42114",0.327592847630387
"11335",0.122229106208792
"33076",0.00163023488542989
"13386",0.0412813457446837
"6534",0.0128563957870168
"3156",0.0112413355009383
"26264",0.0182825122792299
"10768",0.0778424768725049
"25197",0.022669235424342
"5421",0.0392111860700753
"12816",0.00328858478762259
"35511",0.744994016537887
"6882",0.000534387110637728
"26092",0.0545957456589728
"38896",0.0273777496722312
"28759",0.0238068103243284
"25495",0.0483503884249217
"8463",0.0229391323797368
"2175",0.0197595012873722
"20580",0.0625303523819027
"3994",0.000224946683901957
"28479",0.061531620063094
"8276",0.0212124632074254
"884",0.00444501282603251
"17921",0.128974513817069
"592",0.00180432408671741
"16085",0.0713586534422733
"35304",0.00730663217440695
"5691",0.00372602069320446
"24340",0.0564171598593297
"20246",0.567684234167678
"24753",0.0113143312943797
"18557",0.18865363111799
"41537",0.0744500448232016
"976",0.00491541078065029
"21610",0.0025094020155848
"32225",0.0909886999835462
"34650",0.00704328539616141
"41102",0.19498382531717
"42638",0.071482391901713
"38517",0.0043276123614536
"40168",0.779796521252765
"29475",0.237795149133254
"5108",0.000140911911767132
"41929",0.373749394519285
"15252",0.0107636941292334
"28911",0.00175830014633973
"26029",0.46829490905664
"11666",0.0308435935377146
"37961",0.0176959943035582
"44583",0.431707685308488
"1003",0.169898272463221
"35719",0.0110268093488462
"8018",0.0749800164325894
"33154",0.00375158083709909
"16060",0.0230401817610453
"32037",0.629007692762847
"8338",0.00802502221681585
"4666",0.00717586169214411
"29317",0.0602074980998494
"5335",0.0163146607966
"32057",0.219532993230139
"42097",0.026693342858952
"20964",0.00188743188663672
"35963",0.0320304031391003
"35678",0.000950664321128222
"14145",0.212705980447532
"12641",0.00232910490999728
"6433",0.0106171768910925
"13280",0.0828798545696761
"5367",0.139072145609575
"21934",0.0640332117619508
"16967",0.0503779240614821
"767",0.00277651180455666
"13447",0.0203237088729995
"31667",0.0832568178958228
"41023",0.139526936876083
"18598",0.096326711403608
"20973",0.00318106332876996
"30499",0.0314931863380101
"18021",0.396841141505561
"4087",0.0258047528200037
"17428",0.0445869446373571
"25560",0.0329176922704619
"30212",0.53590974674019
"12839",0.0377430179354745
"35991",0.0777752835901296
"4291",0.00240128880995655
"1207",0.00712707373455184
"30258",0.0397842486487262
"2656",0.0231885066229673
"14273",0.0243101087820042
"14808",0.238000383707409
"11142",0.0586392204035178
"3160",0.000370690629889418
"34386",0.553725817257509
"44568",0.17681030268041
"44324",0.570121923765927
"3058",0.0232513565124135
"2738",0.0263337876537837
"699",0.00693926375637511
"12882",0.0323739919132609
"41836",0.0808402415170924
"39242",0.00104930711147615
"19392",0.0366382928275592
"27143",0.00914513651512344
"36892",0.10828140610821
"6898",0.00615236245064346
"43424",0.986077798139108
"29100",0.0531518271250376
"44418",0.0540732953665598
"33321",0.00572191909465745
"5071",0.000315762595346214
"27992",0.0230183363963845
"5191",0.00030007508853274
"11508",0.621828373612914
"27469",0.0529085616948929
"17487",0.0207619031540161
"40912",0.180614172206172
"11295",0.012427726908774
"45061",0.835189011443342
"28803",0.140566948418568
"5844",0.00246330353660186
"40200",0.526178360589201
"20622",0.228515434832471
"38200",0.069261723165049
"26153",0.434301074308941
"6281",0.0140799757644511
"15047",0.036665109261241
"24996",0.0964274311559019
"39503",0.0937636866857805
"29131",0.174818002143728
"38818",0.0145456594371545
"42282",0.220992630153515
"34376",0.0403327950657927
"39672",0.291442182004608
"20027",0.194977193934026
"24553",0.00239192869632991
"44336",0.0604010600350392
"30380",0.0796444267729547
"44369",0.539470806429868
"11520",0.860212907608881
"12405",0.0015110142629807
"28789",0.0149961910814093
"20485",0.0357038050672176
"27985",0.0178054908446183
"29634",0.38543981776509
"23897",0.0129390845006409
"13651",0.0614069399880627
"21650",0.0317357522691917
"3729",0.00608467338008936
"25108",0.0041210726979188
"44124",0.000837773451635456
"26165",0.00145446420483414
"19308",0.0942950991181301
"5851",0.00162241000923757
"5956",0.00353065908226904
"9416",0.089878823923902
"28014",0.00251992686521466
"29001",0.153590369137059
"24187",0.106029285458978
"40151",0.295635395957108
"14375",0.196324949105517
"23680",0.0370297293084096
"24225",0.248746450232903
"20496",0.0324425104644795
"26505",0.230566364311757
"35158",0.0808807094597785
"13121",0.0279241449330394
"6116",0.00832692745543251
"19369",0.0335079359226234
"3143",0.00121955555054231
"43965",0.788608298955514
"10270",0.00183768209954628
"25523",0.0565892878659777
"45120",0.813976076063285
"20988",0.0346048026645838
"5317",0.0150016100828364
"18395",0.000546299279645775
"16600",0.00270449808147624
"13652",0.0478278167857319
"30306",0.182026883556558
"37239",0.0117716550113846
"36467",0.0109526618347011
"22276",0.0417313390372879
"36503",0.0156171255673866
"28429",0.0198223342295289
"32866",0.519643632383367
"35005",0.189590222946522
"21326",0.372019064996037
"18834",0.112461372892266
"38635",0.000902607109073771
"37091",0.102758224417261
"27145",0.00730651526548345
"8436",0.00756710397841241
"41702",0.233010716712835
"21174",0.0304641929610976
"6446",0.0137856433382874
"40839",0.140858940923016
"43734",0.535547960437253
"9008",0.0199986922019093
"32759",0.032718527473268
"32394",0.082680415477498
"1892",0.00862063812874131
"38413",0.151107115915942
"22073",0.0142986314122424
"5981",0.0125382359713659
"2103",0.000419192270199505
"32437",0.0454861885876957
"20726",0.837473518560023
"15142",0.149698330160792
"6612",0.0119357239567268
"21421",0.00261220222633373
"1809",0.00380568569123918
"39252",0.310838048220674
"35981",0.472979098736957
"1674",0.000223190237211353
"12496",0.128566519100014
"33732",0.0924553458139818
"2577",0.0300604217433113
"31609",0.00444093328378591
"35891",0.00389542880383197
"25574",0.0333301571747185
"8531",0.0385487596119171
"23576",0.00461066689593096
"18019",0.351643999914564
"29545",0.00318621509562258
"24579",0.00369798013479076
"10735",0.000426024200946573
"23761",0.0335572854668857
"21243",0.0533957795575611
"9128",0.0149329499882058
"25682",0.0119820194245236
"17639",0.00222361686818909
"17608",0.00543565143135826
"12459",0.045617594228735
"16772",0.00634532626356911
"623",0.00649373579019006
"40964",0.300586390658548
"26783",0.742120298201159
"14366",0.00203406607172637
"23775",0.00325767799458641
"692",0.0200287929292186
"29123",0.0399849290270589
"1246",0.00507820272266694
"8745",0.0912430815873642
"9610",0.026985504564534
"5701",0.00343081292377911
"6098",0.0228842197089524
"14021",0.015434894240938
"22849",0.0355573918948166
"10466",0.0234647384766883
"30554",0.113531907181909
"41187",0.689721045795408
"33766",0.617051406463355
"20326",0.0426247496045843
"3350",0.00112451015870956
"32969",0.0705496390777964
"754",0.0488536950310656
"2853",0.0248684805269999
"14269",0.0189870262697326
"13341",0.0553162946801044
"26160",0.144986339688314
"19204",0.0143852017769824
"12152",0.000378122482270452
"16162",0.0894387207583351
"2961",0.0142555290945604
"8855",0.196144877626304
"37826",0.00083344825031785
"40105",0.142283796568516
"13327",0.0215710289179553
"40950",0.0794018389279421
"19124",0.182486283757822
"21118",0.532246971000666
"5574",0.00541400453404011
"37178",0.00213021173106101
"8559",0.0167005252975452
"8388",0.000687830797694337
"9522",0.0209711071873045
"13756",0.0126005944355852
"21992",0.182453432738033
"16210",0.0900360523607131
"19424",0.0463025576622555
"8865",0.0155737983069246
"29029",0.0376949885170739
"41776",0.250340179479173
"11953",0.000696736205864894
"15662",0.00107467795173997
"28482",0.247613527432526
"26991",0.0342565513480756
"10387",0.00616618637137233
"13370",0.0137415303967928
"611",0.00222882509955284
"4233",0.00235430607358974
"40391",0.0514103559507693
"29121",0.21127244763079
"14974",0.00144418603452365
"17641",0.0128675115626727
"13643",0.0862213030117674
"12602",0.0406762986229934
"36241",0.0365294014796604
"25468",0.493074317645552
"15349",0.0353797842624134
"38177",0.0768725283608744
"17230",0.0487822726590705
"42881",0.830670538338312
"1026",0.0561002050128544
"1886",0.588566807196995
"6112",0.0742457150901838
"38713",0.108594171745768
"201",0.0837674665754439
"9437",0.0122725862338021
"20325",0.298237509279898
"9531",0.0356858706131486
"29406",0.0315318352465106
"18476",0.00591269031568613
"6876",0.0733183424982485
"42633",0.0931815591202451
"42433",0.247781523043818
"40664",0.219514359574096
"36522",0.00157321808181875
"21959",0.0138320636790906
"43590",0.746883190299168
"21477",0.0335723633999623
"30038",0.00108063581326029
"17975",0.143544995826253
"38318",0.00210320612332992
"11041",0.00821993633698107
"680",0.00608995971936661
"33266",0.142024139545131
"42669",0.206416121035425
"7580",0.0123439919366913
"5748",0.0204509180130782
"14965",0.365100771511572
"43530",0.123223476396222
"21928",0.0572173773006367
"5735",0.00818114995124975
"35711",0.00674167809063926
"24815",0.0239856752198844
"35967",0.0879877459287282
"25112",0.0197971468747008
"15845",0.0016440555735601
"25046",0.00188592197890722
"11175",0.019683450046487
"23835",0.00970426095380484
"7909",0.0163207367793208
"24221",0.0171780579312575
"32891",0.037252075508144
"18174",0.000745437383401532
"23986",0.00246454230834477
"17047",0.00856228196845671
"2920",0.0121279912528748
"41492",0.246647572687922
"42757",0.217244521763019
"24275",0.230230812523923
"31952",0.267772218108374
"25882",0.0262453914422369
"463",0.00324592158572585
"30245",0.00237467236067511
"2263",0.00282968130105274
"16155",0.0110509835028549
"10919",0.0135381945184908
"30569",0.0481960730458856
"25649",0.0300429829327606
"27842",0.256346595982448
"670",0.00260643703360635
"2417",0.0168091244390982
"33160",0.0841332618303725
"27033",0.0540513285825246
"22568",0.182407571238281
"43769",0.113631067205725
"27825",0.0138919162266819
"42323",0.257224132427912
"43016",0.78901825517003
"40091",0.230841459273394
"8857",0.0062953958333816
"17280",0.531303010912353
"1450",0.00762446219386914
"41396",0.773050373501546
"1423",0.000658322242341503
"13078",0.140797215729543
"34407",0.291879937018899
"34856",0.143200552752219
"35326",0.000979956294175545
"18618",0.000741290831776554
"8186",0.115851304982619
"24673",0.00308220148614245
"4911",0.025050817021665
"30539",0.227717428567242
"28304",0.0781551459402512
"37713",0.0248326666931413
"7303",0.0108618901794362
"28920",0.0273411161588261
"1828",0.0206784481967328
"13420",0.0262208028058386
"2165",0.00169273201305816
"19789",0.00994476079434801
"6193",0.0429802072407631
"13237",0.094316680561213
"26901",0.00136891721505819
"23145",0.0144819691981065
"36482",0.0520586796332242
"31284",0.369246103407872
"43013",0.277129294271858
"5834",0.0197963400456472
"36450",0.0710356214832523
"2151",0.0230327814467029
"43423",0.0662438437182186
"11213",0.0230982945545325
"40629",0.766310095252908
"19657",0.0444673790571149
"3919",0.00812223581771423
"25803",0.0580921328915949
"13231",0.0816321149077061
"27826",0.00789907985596497
"41339",0.71824346003244
"26237",0.0302601946899138
"16826",0.105422703725073
"11346",0.0761428579541185
"4504",0.00511391093253099
"43045",0.814028731413994
"9369",0.00143936546615462
"38460",0.00204348201827561
"41824",0.814784752166901
"38497",0.143310373011811
"27597",0.0255037799764565
"39631",0.419480994955026
"42151",0.0475206487927222
"38963",0.388696237953703
"4867",0.14678346784149
"33153",0.793451943745252
"4493",0.0806543076372269
"32267",0.0583120319067172
"4940",0.0151955520331736
"5422",0.0152059701214242
"41089",0.00903080955910275
"44073",0.372528862063828
"43467",0.202729035047461
"35452",0.0615152374985075
"14872",0.42980514655334
"1117",0.0044164044299797
"40646",0.416851396950783
"932",0.00548851592675612
"35169",0.000818305393952002
"20371",0.0831182525789296
"44065",0.105148016258946
"38881",0.0653535489487411
"21308",0.0120427010670219
"6168",0.00502376238793442
"1808",0.0167467152053134
"2660",0.00626645382082247
"29465",0.300768471879953
"23158",0.271926736137958
"11317",0.466908530687785
"6522",0.0037622100082887
"33548",0.119143370947417
"35170",0.0588874266585018
"32653",0.00284790236580709
"32524",0.019747571229873
"32836",0.419543661097082
"7049",0.0368750214058807
"28758",0.00399807158473856
"6839",0.291204762322505
"14799",0.0943382012169132
"14789",0.0821736064572205
"30898",0.00979730277162893
"37315",0.234239231679932
"44027",0.905054569261278
"1603",0.00333074068613569
"38994",0.0520342397809329
"8427",0.0590658048492794
"39375",0.0511108637192068
"32448",0.267109337272603
"15815",0.0517172020073313
"24582",0.587646196781605
"32319",0.528929620930144
"32262",0.172967846964102
"18269",0.0429024759700655
"26724",0.0239854157585068
"20417",0.0578233866169757
"29042",0.0173974170319417
"20165",0.0292586645954951
"19077",0.0720506764933698
"41892",0.180561406595616
"36780",0.0373541280405788
"12431",0.0340538015155872
"20766",0.0283765850831951
"22693",0.022436541749877
"9849",0.262119853984733
"32938",0.423128881778746
"44465",0.733500656165643
"43010",0.632542723641177
"18344",0.00394504364304142
"5871",0.132712712234161
"30381",0.74607629998966
"12388",0.0138487781427854
"2458",0.000255556737823441
"24440",0.00914817290789188
"45043",0.548967596976197
"39734",0.202094046688811
"3955",0.00445761538779125
"762",0.00687334245186586
"16779",0.152508040725245
"39894",0.115601966163947
"25039",0.0247602018158247
"13196",0.0106016541837977
"15734",0.0364419000433107
"617",0.0340976966261306
"24677",0.0325951503707371
"25895",0.0109797261144671
"38760",0.176135850239528
"20459",0.0237986963587412
"30268",0.0777480292488776
"26580",0.0806450652059175
"12487",0.00280301046024739
"26947",0.00429793131352949
"34967",0.0775498991417952
"36409",0.0594267671786306
"45112",0.418491439258217
"40455",0.0286828390993569
"10978",0.00203542052538771
"34811",0.08807436743858
"3849",0.00817567856993686
"10170",0.0339922764020906
"24605",0.00841841813338737
"28378",0.0703270923443045
"14478",0.000139184336975862
"35396",0.0960340684680347
"32222",0.0945548696351687
"24801",0.00261253060310854
"16096",0.00669555874489669
"33083",0.00211815041544924
"35161",0.031488333661643
"15302",0.0242017135505788
"22495",0.0690281274892705
"32600",0.0332773606938079
"7247",0.013199081333505
"19513",0.0583178747217776
"22867",0.239650629071237
"14266",0.00150953283215849
"37427",0.00281420361846274
"32872",0.139991759075653
"26049",0.0680816187383303
"24459",0.0266464365488426
"13124",0.118881459462908
"24363",0.00641580536936719
"5883",0.00621939548352885
"9260",0.0025340136022078
"13055",0.149053477371684
"15833",0.0344128557845471
"28659",0.0116076640996758
"24923",0.360624435567516
"12378",0.0459341885232109
"15511",0.211582594586395
"34442",0.303462031926986
"9095",0.0442546616136461
"10081",0.053355009979454
"19082",0.096135674419949
"14632",0.0220421400467645
"3858",0.0238243297701904
"11336",0.368470286912249
"35725",0.122971064696056
"40325",0.589574252221176
"14995",0.00242246037795162
"2498",0.0119900255507823
"41014",0.188141341042464
"7427",0.016263772303514
"21418",0.0613411621948382
"32602",0.140189871951172
"40621",0.0434781666494616
"24531",0.0410135744956671
"30492",0.769334365744581
"17289",0.00622544722874869
"1567",0.00728536688695322
"8123",0.00113571951380637
"16815",0.162946086521652
"6777",0.0287313697135985
"13983",0.0138308029720857
"43009",0.0709593015616055
"18582",0.0120959665049097
"31574",0.607251490462461
"8840",0.00241989950432256
"20375",0.0950660926064031
"15014",0.00899352982677409
"36849",0.0277490253647593
"17433",0.00907525902109169
"42565",0.762192767394661
"41281",0.241626455024329
"5339",0.00826634141438052
"10858",0.0590251491909026
"30829",0.0033920969321534
"14616",0.020773446350817
"20354",0.00731881732978161
"38469",0.661110921575821
"31038",0.00623125868977876
"15090",0.00319652187755913
"38644",0.0326162977948648
"12532",0.0606775820660426
"19960",0.0299810996850173
"19489",0.0446005500203779
"33555",0.211291434100096
"28397",0.00687882135803061
"38148",0.00586621028446302
"30402",0.0491816815334808
"36066",0.0273199886605032
"28295",0.0820608555811481
"22285",0.0199322090012789
"2502",0.0478124365102398
"18801",0.242152601809757
"31058",0.0620223859426825
"13214",0.163229403247416
"29508",0.0892974691380456
"35220",0.00519641695568593
"1023",0.0165223685990858
"40799",0.401029392224748
"44303",0.00127497584803722
"11943",0.152021768485538
"32733",0.0151203025707273
"13562",0.0178521369003221
"43468",0.705214698360404
"7861",0.00849519435158607
"26642",0.0294918406061772
"35112",0.0255851869953736
"25186",0.0296233741616217
"11748",0.00240548593992806
"39382",0.014731091636942
"37166",0.0592887105976757
"4347",0.00529829177206094
"23317",0.00819125761453349
"13814",0.00312591598171702
"740",0.0011695400634797
"26471",0.148764008371696
"35535",0.133986672662734
"21185",0.0376813892563614
"5553",0.258158086524201
"15271",0.0248584308427273
"43025",0.508619692482622
"21932",0.136795796612234
"1175",0.00972897710107061
"25615",0.0929877493791521
"15763",0.0272514738903489
"13568",0.0447245309221146
"26541",0.0367818939383752
"19709",0.0780665491069016
"21974",0.0527894447175767
"44949",0.096033616968223
"43137",0.62758022027064
"34827",0.00185179441060336
"34648",0.112946107118432
"27107",0.0301152854462544
"28685",0.0571823277521199
"32158",0.189657775750551
"1812",0.0167255764003858
"37827",0.16706756227837
"6986",0.0338485193582663
"16467",0.0459001010800823
"43426",0.114425157521243
"33938",0.366957887654451
"8813",0.0350842516694345
"37464",0.00489571006229837
"21655",0.0343502030086911
"2680",0.048037407508242
"20837",0.039944251857123
"25908",0.00293638476964432
"21109",0.00442777450094769
"39869",0.0839864354456362
"6576",0.0116414704689443
"34550",0.141323006580049
"7083",0.0201193233839214
"8014",0.0169256815571392
"1151",0.0192356034758932
"22482",0.257793707452714
"36875",0.0390230020303378
"30612",0.00773155784599188
"37970",0.2057810146984
"17851",0.0468824475527304
"11128",0.10921854322966
"7439",0.00613924383779703
"1558",0.00220685671381225
"19255",0.0278126750006106
"23764",0.00356195666755381
"20365",0.137553470795848
"37917",0.0409843311917288
"14334",0.00535832161968308
"36443",0.035927206657733
"13163",0.197534397068058
"3808",0.00025922221694603
"10916",0.226350802906241
"18260",0.00545759129636628
"21085",0.105870254503643
"14878",0.207570276992657
"7781",0.0657979654796504
"18589",0.0368916777463069
"12934",0.0409438868202767
"29909",0.141564980544086
"22532",0.000684953634612326
"37455",0.682020788003281
"7273",0.0166262277557542
"15451",0.00112381297630336
"5601",0.0229501674757819
"37382",0.0234021313652253
"4427",0.0233765941765204
"27522",0.38871822040925
"44136",0.305660116962394
"8833",0.389742429992531
"21791",0.0159857607842741
"16792",0.0474991150212879
"40501",0.00799464481839758
"39279",0.298572354504274
"19544",0.0427502080564317
"13091",0.109947535164555
"16179",0.0389865430228818
"27561",0.379323473956858
"44436",0.416337244352423
"12595",0.00798181320239927
"30526",0.0540732673587962
"32426",0.0871385947841469
"4494",0.0089029214431361
"8530",0.0209210914417388
"26518",0.0947444103870815
"42516",0.607113428812493
"31635",0.0241941231242803
"22605",0.104108575653324
"29925",0.213609017442225
"1537",0.0275235000785877
"6084",0.00732150169871883
"18135",0.0563743787225895
"21232",0.0228947942371034
"8035",0.271845451872093
"44899",0.97906211308965
"8993",0.0196750778614318
"40061",0.598355422148423
"39733",0.730622869529607
"36417",0.00501823880498401
"23010",0.0712608692471918
"18514",0.00167912225309219
"12241",0.000320900115616755
"7492",0.0229905328699303
"18101",0.00389966528568679
"25439",0.177082942787784
"25358",0.133606978444354
"21135",0.0047663789988245
"34761",0.0344816165829709
"38714",0.29089118310176
"10106",0.0702161987684351
"36423",0.0933038839022412
"15508",0.0321952232948546
"18564",0.0139259983960828
"3396",0.010339174712661
"25770",0.00554765342717992
"44894",0.544195915911425
"13358",0.525884915793013
"14828",0.011365190768688
"9039",0.316811421656147
"13745",0.0473765441514844
"29662",0.0540015088966986
"10409",0.0650148193457236
"16796",0.00970557116845655
"13532",0.406081698199628
"23433",0.00135912516977839
"12575",0.052869135169201
"42707",0.000193477733672828
"7943",0.000690340480030644
"37532",0.00283128459661308
"36063",0.164915646520576
"37258",0.0560274950489503
"35182",0.406779709621285
"35808",0.0136719714067425
"28097",0.0473057669379758
"34876",0.0038293012179055
"35338",0.0128329182915439
"41710",0.290958348770678
"13911",0.169209715430462
"13186",0.0121971437262123
"41908",0.940345895283629
"19950",0.0431940380314268
"12404",0.00549332289058463
"35611",0.514411583085082
"37024",0.193177294314389
"34240",0.14393512209927
"30366",0.00429136565150368
"24127",0.049768158128669
"32591",0.0652024938259886
"12935",0.000379073999861305
"3278",0.00655717173081926
"42964",0.546430464680503
"24194",0.00194121544074422
"12564",0.00141678128716236
"8791",0.0223087914396549
"7129",0.0553537757579624
"37820",0.0142304298071971
"17875",0.00134236958400447
"21494",0.117720281718608
"15736",0.0458091487896514
"38196",0.0976631405798315
"27854",0.150022894955787
"11186",0.0127747172740877
"8767",0.0348598747698854
"14424",0.706658138159219
"26169",0.0187982083808106
"15257",0.000968454286726633
"5283",0.022397331503709
"40485",0.00625447256157484
"5665",0.0317218221290835
"40397",0.0155174590690561
"28193",0.00292099120119429
"13713",0.000878969861580551
"17886",0.128968317277831
"7408",0.0233093795843375
"22879",0.023914065452123
"36993",0.0701323486879925
"11801",0.0819237563615471
"28084",0.00505171881648949
"23225",0.00724263733945173
"31950",0.0366452860171482
"41877",0.0539298457321414
"35142",0.0364330549027374
"2042",0.00408000454508781
"26819",0.00780298015647353
"34649",0.142999818807898
"21872",0.151362611829206
"34413",0.00123526526823124
"7590",0.00679410945433435
"11818",0.0191395840179631
"17809",0.20778886776821
"16645",0.267949428467378
"18904",0.00672983998902996
"6773",0.0611657266285892
"14446",0.0173417568641487
"40586",0.233547178243525
"13772",0.0281604375646641
"35599",0.517326788522568
"19336",0.0369892384549649
"17425",0.0191516604380923
"27989",0.0147258976157816
"34558",0.400526972887262
"23542",0.040399815908694
"34721",0.00637964583124299
"8712",0.00696628573240371
"15077",0.00434399047194071
"10863",0.00520776432090849
"35356",0.0127070313796642
"18917",0.0411687739030433
"39307",0.00100158541227243
"35622",0.537681046456165
"3783",0.0184090905996382
"22720",0.0125190191879755
"41752",0.223454101450032
"22792",0.0707609204826544
"3933",0.0202363056912315
"44704",0.976274756480627
"8880",0.0101369317017439
"26574",0.0260989302094249
"8922",0.0433005587097544
"20240",0.0582402444122407
"7195",0.00724063662870523
"3935",0.000410710109859562
"5609",0.00462677268097032
"6901",0.0346368551727648
"11492",0.305664683830577
"12594",0.00185054871167678
"41453",0.8372882351009
"22371",0.0113516580345548
"28710",0.0482078499333776
"34794",0.0137120085239246
"35597",0.00094654406636531
"36688",0.0548289327516013
"29104",0.0038166099703541
"1443",0.00091738591856001
"27840",0.020476459417716
"6262",0.142124602700283
"33921",0.920214854219387
"24718",0.186931998615047
"36931",0.0671322705339908
"11297",0.275440379029693
"42850",0.279416799918633
"21579",0.0295176685094837
"34191",0.0121973067250281
"42520",0.726827695661056
"10134",0.145786329915568
"40274",0.045485104452222
"38396",0.00461920884396173
"20464",0.0170858622561891
"7361",0.00786747460805383
"33787",0.39360249916758
"44176",0.164215640507051
"19941",0.00597216931829439
"29811",0.0367665703644753
"22011",0.0533889411145067
"308",0.00273374803583956
"12763",0.00704056722063196
"8104",0.0485827963371858
"42811",0.711236690202228
"12008",0.018905019298257
"24147",0.006569611536846
"4525",0.0114350014296475
"10428",0.310223846000403
"15069",0.0745921745624247
"16260",0.115522124488158
"20613",0.0772815735303996
"43649",0.0154014252545498
"32335",0.549388221659711
"11118",0.0107888097962489
"40493",0.053484346554237
"451",0.0300113176098299
"13929",0.0173622270731236
"7915",0.20698870933814
"31410",0.651036045658119
"18296",0.00126456720238261
"14704",0.0378017862665777
"30491",0.00657903932253887
"12171",0.00179954159275808
"6785",0.00731778635390789
"8684",0.0553473014327205
"14544",0.00610001187308898
"4718",0.00754930742261504
"35647",0.00163402415987341
"267",0.013353181855235
"27020",0.436466900630906
"26771",0.0383084043144975
"1501",0.00653316184170415
"22010",0.457732917802973
"6828",0.00203148144765778
"44443",0.300112804346417
"37918",0.0676764702895364
"51",0.0161495931659775
"31031",0.109113410794512
"40379",0.278907113005984
"13601",0.010432217872637
"2523",0.00432958112811675
"6593",0.0857144786684785
"25326",0.00695480454426133
"44799",0.501499099016803
"1861",0.317665524450755
"20556",0.0553736861869181
"15756",0.736826751383635
"20900",0.0360855372128719
"45020",0.271958966661606
"21644",0.019115914303358
"30251",0.292098966684834
"7340",0.0193570428069228
"15369",0.0210733078730366
"4527",0.0249686527332432
"22556",0.117748973651415
"8834",0.0258245279711829
"29461",0.24139627734542
"32240",0.00525854752022046
"3259",0.0446613151182711
"39354",0.00352036538790729
"2360",0.00913842472571787
"19608",0.0122602673860956
"23487",0.0160955324392518
"5976",0.0059425388269797
"1908",0.02213681945248
"38329",0.00261889387459681
"24035",0.250482896765395
"25177",0.0167648702564593
"13292",0.00342697609004951
"36472",0.00581357103749139
"34233",0.310088992263272
"41096",0.29186158203319
"2301",0.00204519934638465
"18290",0.0254760641012744
"15608",0.0157716384670061
"26646",0.0831157994610043
"44102",0.257140910117286
"28542",0.290259069376766
"5361",0.041155601227777
"16795",0.434871572567175
"32703",0.204186464519225
"30202",0.0797366999565494
"34295",0.0142574316880395
"3893",0.00361654963894722
"20918",0.0806736383063756
"6552",0.00300469643676463
"16774",0.00391112401493009
"28450",0.162519322734776
"40567",0.0685722650835279
"17680",0.157964230017145
"25987",0.0208736374303409
"23212",0.0427266116828305
"43704",0.775971675431342
"21690",0.0688970645144956
"42934",0.635680085312578
"7445",0.00666537091249378
"33065",0.33118419947116
"28164",0.188448709955138
"25984",0.848313612718082
"15364",0.0348273112977568
"35229",0.171392637848471
"21854",0.0250761612312865
"21221",0.0806520680879983
"780",0.0109164919468657
"24088",0.378216075145338
"33595",0.00337249773301351
"43463",0.702440399506841
"2030",0.00733111036955043
"40694",0.0987269375435495
"28040",0.0376450606383574
"5452",0.0049906547660073
"38033",0.0111063815769994
"33903",0.695412092766366
"17028",0.00207702816916312
"20332",0.642827436203491
"36427",0.0470743957781463
"41258",0.0394175149047235
"25206",0.106635373231494
"36673",0.0221613835550604
"1998",0.000682616853245083
"39971",0.253838346683259
"27914",0.0756912871267667
"15104",0.00713622344193998
"12963",0.000828155245901418
"24839",0.0676126059621771
"9340",0.0956746286859566
"11039",0.271226783327964
"2890",0.0707835423750033
"20925",0.0381354248881992
"8928",0.0244544816416585
"30816",0.0297968217874172
"32505",0.00334225966400414
"1520",0.000357397280191051
"17092",0.430631955274267
"10007",0.0677209495799117
"29535",0.0182089229472014
"44543",0.69343312064378
"43165",0.920795123744122
"12946",0.0614502387701995
"34218",0.0188029714223486
"22919",0.0118046170490658
"3344",0.00266863350323432
"8184",0.0242323843094757
"1590",0.0132253186525479
"13471",0.0156921742341522
"13605",0.112596062030811
"44692",0.507889402388428
"12021",0.00622519678778376
"24639",0.00764922726787542
"36400",0.0356225769113472
"23923",0.0787726202137293
"19283",0.284550195125555
"17492",0.00225888196537665
"35732",0.271742687832928
"1776",0.00957856836375943
"15621",0.0468413022946376
"42656",0.0209081965944771
"13675",0.00943511668783697
"8330",0.0124437284737531
"23467",0.0243583111606679
"11289",0.00120305800164863
"33377",0.180910045049992
"37672",0.00132838698784508
"44994",0.863790621169341
"37605",0.0520033791628991
"39130",0.173104013550434
"43311",0.941680349746922
"41097",0.00896743492348701
"16225",0.000807569580013805
"24118",0.033783478896868
"861",0.00703617967864576
"30075",0.666814033971293
"31215",0.485964641480368
"9219",0.293178446138435
"27251",0.047100823195057
"30001",0.555264432548834
"45189",0.41383207494762
"1639",0.0624700883169102
"35459",0.301972046613287
"9546",0.00175191547663765
"19337",0.251575419671951
"29206",0.120139304562092
"29627",0.0194209683597994
"32890",0.0705033394501467
"1161",0.0129196104169853
"27659",0.295097559326131
"4720",0.120465266666907
"39268",0.0811185113606724
"9492",0.135389094055782
"43095",0.0643524220352197
"34688",0.388641870751911
"11330",0.0248610225114155
"12751",0.00127429862225593
"40703",0.427732546997352
"15854",0.00485296702204778
"16109",0.0446513813426101
"2086",0.037474066090082
"9618",0.0597695303860798
"21824",0.0121884180752971
"26579",0.0466811888579604
"18255",0.000828632318254953
"17651",0.122102464480288
"36579",0.0242243502293956
"22016",0.00512893963039752
"36425",0.0568296529828717
"19614",0.763309197450285
"30606",0.0594731078948804
"19021",0.0555157874983349
"1121",0.00204535171563812
"806",0.0129933764286067
"37343",0.0347234482273678
"15353",0.0897833205665175
"15478",0.0218356909251609
"7632",0.0381601111373989
"12613",0.000417598555388264
"6931",0.00162557411843375
"8934",0.000767840670618672
"13075",0.00139485656158188
"5673",0.0151023841862782
"39871",0.0124889080577003
"9598",0.00687798182997021
"28342",0.00612805043239401
"38789",0.00116275752807154
"29140",0.113196868415986
"37624",0.3755770561235
"10245",0.0467723917881954
"1405",0.000283079528561949
"6519",0.00604398539436523
"33062",0.0958818422987921
"3417",0.00170120591501044
"16487",0.0692645427426531
"29868",0.0386679486733444
"35127",0.12941785317937
"4303",0.00727242271733904
"42233",0.387775406269442
"21619",0.0469491913356774
"18609",0.00472919779218457
"9553",0.0551722766438782
"14143",0.227337914419312
"2899",0.00868902176434491
"42680",0.32705405773987
"11483",0.0213236620245088
"43672",0.865411730473881
"4743",0.0088065934922766
"12340",0.0565860273388701
"32078",0.193810222692304
"13837",0.0124861059282744
"32347",0.118615247962185
"39305",0.00239841979969106
"26508",0.0779612382805367
"1018",0.00454922353159632
"1402",0.0182972139336983
"30762",0.0790125136616978
"40571",0.24594117653212
"36324",0.114354018691237
"43563",0.0107530417639193
"16486",0.0274190845958722
"8616",0.0157097361531385
"2782",0.0201123264329211
"20134",0.0477526481060753
"20754",0.0430486327462166
"23129",0.191123168129547
"5742",0.0759096768457752
"14234",0.357557732029501
"41460",0.127795022183037
"21001",0.0041291984411329
"4061",0.0521725625443751
"35084",0.0730081359718094
"15000",0.00157304862746914
"13226",0.00569665041055735
"13961",0.0146369468934559
"18010",0.00234578278286017
"22590",0.109738574640602
"28317",0.00410948850730651
"11001",0.0235300983558185
"21345",0.0279042035483718
"36690",0.00342919427204991
"43643",0.944861432415043
"17540",0.0033021012762146
"4292",0.0157694729789187
"29517",0.25264076971194
"22421",0.739503719090621
"45027",0.667441833086643
"11966",0.000231069450169495
"11038",0.0197923683165393
"34501",0.0431833937139659
"647",0.0370111373191228
"1388",0.0522913382255732
"25144",0.0145573051660245
"4693",0.000263633731596421
"26695",0.591119675500667
"44294",0.0300377178094234
"9767",0.0186469393368427
"17076",0.00511301915577638
"39102",0.0218083878970534
"25866",0.0640725789179809
"17468",0.0105505564692698
"21327",0.0706168148177624
"20395",0.00215549052164651
"5542",0.0638787654928764
"9391",0.00311514421897859
"9367",0.131393796853108
"38827",0.242498397578024
"30855",0.0211107811102372
"16974",0.00412155384950768
"26203",0.148766257002646
"36685",0.266450796278082
"29340",0.0536093110110925
"44811",0.244730820843418
"20552",0.0502496126239407
"27172",0.00210919735989244
"33207",0.00975717923298879
"33282",0.00885071236321754
"33023",0.00223135348843875
"1783",0.0253162421129877
"15298",0.233649399595807
"22675",0.0272863007167826
"33233",0.0839676085210368
"14394",0.0093568903482478
"22395",0.0418856257091083
"25756",0.0042123771263736
"21427",0.0415933856685183
"10202",0.0349848934935347
"29245",0.574914295761141
"35498",0.0787795091752014
"7711",0.013638103385389
"25086",0.00851074743062917
"5639",0.0121633638702424
"9741",0.0139489424513685
"8447",0.0166349530285314
"9992",0.21486443400099
"30417",0.0609351628897224
"42210",0.0187003658875212
"33283",0.061149163145434
"7694",0.0199519021811782
"16246",0.0242547187983434
"26039",0.0222167326324232
"3416",0.00836379857974825
"11753",0.0231714649927219
"38357",0.0910263200176567
"24868",0.00904249837675301
"6868",0.0189059169739997
"23052",0.0508429152235158
"43147",0.742420654487955
"33210",0.0398749872698687
"11377",0.307232952901437
"5474",0.00270502676711814
"21270",0.00778475449180293
"38968",0.00597738177433459
"39055",0.329803129201403
"44839",0.00302768346471887
"24438",0.0199689121014865
"34060",0.843511482467904
"37250",0.061716617288803
"11826",0.0396893475204736
"20503",0.0157933493071133
"42706",0.114908883011035
"22486",0.0181863317301061
"18954",0.131560684086302
"9823",0.602069652357404
"44054",0.000554241825323477
"36625",0.216771942298729
"31990",0.102607189929157
"36517",0.0905271782899292
"2071",0.000470112078511087
"27888",0.0596620685605106
"12593",0.0215627228445578
"26442",0.0393057504804761
"22822",0.00178911915962592
"8601",0.000567867825016899
"7019",0.0069693463702708
"12835",0.0288601573969799
"31904",0.0916131876007045
"35662",0.0197210052831713
"42979",0.818696395366272
"4827",0.0153057978750385
"12352",0.0117288018571944
"12745",0.108260151410512
"18528",0.0488942198612072
"44836",0.0285193337750379
"16535",0.221553805995832
"14187",0.0626297473628399
"19277",0.0469872373563617
"33541",0.0117269500881956
"15926",0.0128024222531374
"45152",0.0472519377377723
"34779",0.425812376589326
"6340",0.00268533966702677
"9906",0.0228302724437524
"19851",0.0758751810426639
"19842",0.0121161652259208
"21585",0.0433948271584508
"25914",0.000554309937044982
"34406",0.429058764062443
"10393",0.0631730754679318
"39855",0.605505663317453
"7146",0.250291185327085
"35337",0.155601421701329
"14796",0.00376267831252423
"36902",0.0286480417816837
"3254",0.0152999712861183
"11428",0.321101824659135
"33098",0.123099151013034
"25683",0.240589194858376
"30235",0.0200662533456065
"7090",0.00654741527423149
"12838",0.0148624889680246
"31466",0.0521132551248947
"42450",0.73973346302422
"43355",0.774950580128516
"38501",0.00129460498933633
"21358",0.0036866514453828
"37521",0.0187777406746868
"29348",0.0832289444711079
"34720",0.0688743086873717
"38694",0.000857074967437808
"41941",0.917730780462932
"37496",0.210543896258605
"23559",0.00899337291042203
"13638",0.00469725802417424
"37018",0.237324565066082
"29293",0.0896357710354172
"5493",0.00652554560828063
"12289",0.0238452396237852
"18447",0.00669680757040217
"15039",0.109346030522506
"3330",0.0172263754724921
"3732",0.00286958007407704
"36536",0.00408582338076731
"38921",0.0460821325422583
"8798",0.0820733578954408
"14776",0.0226999029225336
"21437",0.00138424283568795
"2403",0.0174081479191504
"37844",0.0112912933013836
"31224",0.05053687480015
"37549",0.373473885953087
"23243",0.122323183085801
"18978",0.0580448346290491
"42478",0.934471409998288
"30453",0.176092805699541
"39833",0.0120603392216766
"34916",0.0281858533387101
"9818",0.0212519383611647
"32194",0.0352393046190676
"25331",0.128452582041327
"18789",0.000989929779076292
"38155",0.00746183458103744
"36167",0.0551677702531564
"26694",0.0192989528513881
"18001",0.0918257804643347
"4333",0.00484440370794571
"26166",0.0615602386655779
"42989",0.884716369164115
"17055",0.0398986607106203
"4772",0.00544366959381945
"39431",0.00955865954842985
"11000",0.0231686296508895
"33309",0.0109862192431278
"32889",0.129777776483842
"14157",0.00733509904613761
"20815",0.348309770698721
"28896",0.0164123633477707
"11393",0.0573861096570458
"62",0.185075429316327
"44876",0.55389098408061
"21419",0.0490013793936755
"41380",0.01007045504956
"31787",0.472446872760435
"23539",0.00595334147822456
"17964",0.0388278712246048
"43998",0.460363432806524
"17728",0.00828931824619743
"10622",0.167526898646444
"12879",0.0283754574798587
"7987",0.020460777126229
"18810",0.00136943877172763
"21701",0.142401439069147
"24862",0.231623185638513
"3054",0.0147159998763074
"1523",0.0044336974621419
"33981",0.405818111339903
"36684",0.00517500340579525
"24724",0.109734339282053
"15243",0.0196835067910165
"11730",0.148139661336296
"26702",0.0108024425002716
"15416",0.255849692746816
"115",0.0039607428080509
"10473",0.013883960078834
"36539",0.356087727632607
"12276",0.0357911360286921
"17294",0.0182683537959439
"41026",0.328667962111593
"44572",0.496863032150553
"33994",0.104608659876004
"31578",0.0962018345853742
"30507",0.177595145856128
"39439",0.00714102983321959
"13829",0.00128368698720022
"5263",0.00540288038155452
"4918",0.00892379149007706
"5338",0.0468995910974719
"42571",0.16659972804303
"29854",0.0135130467237124
"41114",0.190388302376303
"35465",0.236618628789411
"22804",0.268664848400973
"8423",0.00661666813960688
"29075",0.00842489365499697
"20634",0.713370005309041
"39614",0.0425352002441782
"3260",0.0398699055224594
"40709",0.11068792480825
"23319",0.00175577211396875
"27267",0.0164638221812015
"37881",0.300838131352893
"4377",0.000530901106818176
"33288",0.0156376957248064
"3676",0.0134463022132365
"36839",0.00439230496580484
"42519",0.0965796890506177
"5334",0.0112890025590773
"17459",0.00185480870765091
"5182",0.00573182233029489
"37811",0.199691358549303
"41039",0.0674281189822929
"2648",0.0147299537206873
"42658",0.0574718832328826
"18345",0.0126690569883389
"13960",0.160767976172995
"3828",0.00340371337839655
"16046",0.107413037012269
"30578",0.0272094553298263
"8214",0.118019296578273
"241",0.00422066356474175
"26599",0.598713705189876
"40429",0.0644866388080288
"31021",0.435700900180015
"37977",0.0282001190858393
"11631",0.00947167459000622
"28812",0.0308563318086883
"14080",0.00359248463908735
"18007",0.244143195956899
"10311",0.00825487379160855
"10288",0.0167206871901998
"22893",0.00615265629414275
"45080",0.322772640532389
"12752",0.0116790982728433
"34491",0.0113448963253112
"40317",0.259152838268182
"43712",0.299377181994508
"24091",0.018617506434457
"3775",0.0712772567224233
"35708",0.00924623974956935
"28982",0.618268943209463
"21442",0.0166351425984551
"26170",0.0251975231811052
"32177",0.165754481061063
"9234",0.0131851579446494
"34384",0.00225986361223847
"43508",0.272080157375238
"31379",0.880227069729244
"19389",0.0118547665278096
"16776",0.310403448117687
"23622",0.00152636066744142
"21719",0.0833960088138086
"2387",0.659987790275146
"20135",0.0355801889482419
"36181",0.00768005581766498
"3191",0.181557426708664
"41270",0.00377216689018018
"14921",0.0330206223465128
"23520",0.0895236232883378
"40057",0.240589905006523
"6765",0.0979506418992523
"38367",0.0084973640871864
"17213",0.0138508745063021
"22476",0.0298647721667534
"13579",0.0357329609969553
"32201",0.0679208844312929
"3553",0.016976456434087
"29447",0.00457397475746138
"40554",0.0890890279044214
"6062",0.0473457035116332
"15456",0.305792661310883
"29723",0.554690714625128
"5970",0.00320793799892393
"18404",0.0604740847730405
"24424",0.0422450275243572
"4700",0.459785255087479
"10830",0.0318915250535401
"40299",0.239553149925322
"1184",0.00710857605519881
"33176",0.0132637336852716
"19139",0.0148573169306828
"33506",0.820214536795724
"18680",0.00126336402958518
"17859",0.0183934905760849
"17855",0.00415467101842554
"2874",0.00670470353905283
"22488",0.00363787585718303
"28013",0.0787640813645012
"41609",0.950292087810912
"33404",0.15166568194051
"35561",0.0332724871394803
"38170",0.0617821839988631
"6663",0.0313061154515854
"4351",0.0388320319392061
"33500",0.262313740386351
"16028",0.00114550710441852
"27406",0.361847018595082
"44717",0.233978654228549
"35245",0.00115522609998957
"6957",0.052988248455762
"29703",0.0641195553626999
"38802",0.00127644927880732
"475",0.623110471907139
"21794",0.0229658580482463
"44915",0.0447501060877042
"17250",0.00584754570410047
"39284",0.000655920988101111
"11755",0.00798988062903227
"19969",0.043441978413734
"9831",0.0263383480414228
"29188",0.0579021243653237
"41019",0.00280810883748444
"27525",0.0349978006364673
"30742",0.0593351901175846
"925",0.0215817519713336
"850",0.103642312324365
"7570",0.022949463090494
"35803",0.00350542287542808
"37318",0.0416713566299318
"29933",0.0479758307958556
"8889",0.0327782493503023
"12905",0.0138039914214575
"33337",0.0348131131078299
"42623",0.079741262937927
"8832",0.0636983574512919
"2766",0.00141948453517939
"35047",0.00757241913761633
"28465",0.0329547812284743
"40624",0.136409439587852
"28753",0.0948192524434022
"14611",0.00223390749731483
"35132",0.00670711157016627
"1965",0.00775494342811684
"16520",0.286659030363488
"26190",0.00875476047795146
"8708",0.0104250790759477
"497",0.0101505452503573
"37467",0.00117756846683757
"36588",0.0549791191833772
"1245",0.0191951050128707
"14163",0.653721066988535
"37640",0.0787476278304517
"36934",0.138416060375406
"37209",0.0854825293855794
"34490",0.0351290320695274
"26802",0.0117130904119045
"44629",0.322135431994429
"36576",0.257976247752732
"44477",0.000620523969710032
"22633",0.0735274074997748
"18223",0.012639878263432
"27046",0.122663559659315
"14103",0.0614722120613981
"37027",0.0729576571586729
"14463",0.0126919495633332
"24427",0.00165304048749706
"32593",0.00383988391137697
"29922",0.0106792151273416
"14653",0.00811865924208663
"23591",0.00286051627997905
"37578",0.00133197848072447
"19292",0.355076736246733
"35845",0.00274416415963027
"42226",0.453865590777867
"40917",0.81547322313967
"10587",0.0438239304703732
"17848",0.0145544821131503
"31688",0.0960762503655722
"17392",0.0235757631356512
"39767",0.149671115495
"29658",0.0272904829857052
"28887",0.00928832003354203
"23571",0.0581002247017145
"40727",0.371111168476089
"8267",0.0009164936796941
"18381",0.00256958704952326
"25321",0.00883039524451631
"8422",0.112569816680967
"40152",0.160083287994793
"28446",0.0487538690987861
"22883",0.509397347147744
"31565",0.090742117188536
"13629",0.00740771277347948
"20742",0.10363590282548
"34004",0.267791010697424
"5973",0.000524630930917999
"35131",0.00103526754527784
"37457",0.0624793020868871
"28045",0.23958200927764
"11763",0.367196497774759
"40226",0.144090893864647
"14484",0.0219619296051346
"34377",0.0178062209518388
"37511",0.294272863196638
"1449",0.0141186646578373
"42904",0.110116695908362
"16666",0.040343236924048
"15702",0.00118629555256421
"12517",0.00393699863963273
"17531",0.0659603477963518
"17269",0.0735452226640752
"37311",0.00267663649531473
"44314",0.739978686541268
"42313",0.453437763334154
"39289",0.0442487858840375
"7506",0.00381556567813413
"36927",0.0383248843223981
"43773",0.94007718754179
"8411",0.0165167794628687
"14410",0.0177904142103751
"20118",0.486081918303111
"44408",0.126161301714716
"22737",0.0712485467701571
"9759",0.0566966864572959
"33211",0.0719272763480358
"14868",0.0461005511712146
"112",0.0158565046667974
"20013",0.386496323326971
"7710",0.0112761774028421
"33340",0.00211240505406303
"38369",0.00231603608249159
"33728",0.062440355484337
"16773",0.00390349771026737
"21235",0.0418727627544292
"30444",0.0641574829141231
"32834",0.0889699568700077
"10484",0.0308388467922349
"1240",0.108330775799986
"12467",0.0138858337856826
"1013",0.0351534603439431
"25049",0.0307192340802684
"9954",0.00360288390492392
"18827",0.289818932383438
"30118",0.0156533376314283
"23439",0.10921484595863
"20329",0.0308393293087607
"25900",0.45443230913347
"19224",0.0227657945141702
"33502",0.0510004304089023
"39093",0.0509352456521854
"1702",0.058755480890061
"11822",0.00404543060704543
"19208",0.0102597114646021
"27042",0.0142536453062913
"39487",0.0160250190150904
"35933",0.0250954518201135
"7938",0.000438819111078269
"4797",0.0129134770166564
"38016",0.057183599305755
"19631",0.0671259078254989
"6035",0.0037876860459719
"21196",0.051714965881434
"5486",0.00197010866827143
"32191",0.0588790555878917
"19455",0.0197799581664082
"18580",0.0659184059210195
"9237",0.000220016190057417
"4336",0.00552232797213205
"38267",0.00733634707764672
"44736",0.981310916286403
"5437",0.0127274856415055
"6396",0.00591320159060948
"9073",0.0028946545439605
"4591",0.0444956086012354
"37231",0.0463380121411559
"16302",0.00198824108305334
"22937",0.0433648006147017
"22507",0.0568883778068008
"26503",0.484742764542486
"1331",0.0231755318351519
"2068",0.00146884354565828
"31920",0.220176117674166
"11771",0.00170426078850402
"36089",0.0280338527972003
"3987",0.00929309693604112
"26779",0.0540013083738506
"37065",0.459082728736454
"5377",0.000585210254077068
"8954",0.0381278834816669
"13130",0.296965363690389
"14490",0.00824881231267607
"3268",0.00782553285754499
"44227",0.706694650492206
"3753",0.0069598056584466
"28584",0.0175098546456096
"40350",0.294940104763446
"10255",0.0198854291976406
"37025",0.0907541578630558
"9977",0.0367461379803884
"45134",0.54702786773167
"7134",0.0177565974230586
"7266",0.00860265188746398
"16946",0.00921770362005857
"13429",0.0213647459121783
"16488",0.00757259647823954
"7970",0.00281844392890384
"26948",0.0726531508085919
"395",0.10718113505861
"39517",0.270504371611141
"27558",0.00976559887186503
"41548",0.258412140414034
"30394",0.105225709914424
"30787",0.00337423171152933
"3700",0.00577214828523278
"32692",0.0569457167092238
"24029",0.00729389408443514
"29286",0.0382300009813298
"32341",0.0424919552058489
"29801",0.0716820798870989
"40417",0.0792146829155764
"30304",0.159410114151761
"31070",0.292140501429835
"16515",0.0425161592674453
"33090",0.177682686446323
"8963",0.0627194200535935
"41468",0.74756356053237
"14094",0.118834640275774
"34144",0.365657243199511
"31296",0.711722996335338
"41525",0.499593129045816
"26871",0.147359378992864
"22743",0.480314209816995
"13791",0.357982389680296
"25356",0.0164697528469711
"37436",0.00577235105704555
"22593",0.027508203713521
"41840",0.164491136395925
"21469",0.0518040695066813
"19855",0.00470264471428611
"21271",0.0211203115273467
"33478",0.117067253432871
"26538",0.0125518806556613
"30263",0.631988922701408
"42203",0.0955652841230311
"43356",0.73424820420658
"25325",0.157286155230997
"37880",0.00621756291902058
"38645",0.00772608541109097
"19463",0.206958624387306
"38652",0.00787179965460817
"3372",0.0952171411524604
"43513",0.647083523392268
"11026",0.141934907724615
"1079",0.011036959215995
"32357",0.0193971128003526
"28494",0.469919747281392
"3822",0.00024922141807339
"15687",0.12666138192606
"556",0.00406202704739009
"24663",0.0213401332737954
"28752",0.600873368561652
"30753",0.118139066179509
"33540",0.0503639473909408
"29295",0.0172220670013514
"3714",0.0115319592878534
"3947",0.176016852621425
"10149",0.0404861895118201
"18455",0.121414987682813
"37418",0.34300102851028
"16886",0.127408829161833
"42169",0.650772562015392
"11264",0.0201667269704421
"39397",0.0180370225099486
"23031",0.20714112483924
"7810",0.00285427553142326
"40443",0.0832634153796991
"22519",0.0378946331095731
"9867",0.0296319363263201
"20133",0.00421935711589878
"17147",0.00511545735906738
"16248",0.480212347838847
"20559",0.588685148839237
"3979",0.000434063729086765
"39508",0.0996106071834708
"23416",0.0231649506111793
"24798",0.0443633989688697
"41267",0.0210531022654791
"9719",0.0160621608988534
"24357",0.0305298187096659
"14841",0.039323238424691
"428",0.00144944856203553
"16463",0.275681661226447
"33430",0.0338902096745409
"41911",0.463818672400844
"33380",0.0213151514691927
"14128",0.047922983069049
"4684",0.0571562522774555
"26555",0.0274560307145449
"37643",0.00502663530008806
"10392",0.00257229003980199
"35816",0.0122961237528238
"17500",0.0317323206307865
"6617",0.0208001031643547
"5908",0.00607953550826411
"21317",0.00572110769296213
"32370",0.117610204952723
"24880",0.0304347385154291
"9620",0.0278687021324783
"20384",0.0855182104324325
"4822",0.0122382872521118
"18944",0.0231132129909808
"14766",0.000620563549116382
"17032",0.752363132220456
"35044",0.243048922707306
"38328",0.0431757991517856
"24250",0.102410782634754
"7369",0.016481543527198
"16981",0.00900434219032274
"15137",0.0296107067741635
"17936",0.0018358701236302
"8634",0.001677709097624
"385",0.0292943738172449
"37884",0.148765893904701
"35294",0.132283832423017
"14885",0.0193127301904379
"18560",0.585256648929298
"44079",0.0406651125935579
"7935",0.00179710143394474
"6125",0.296101997921475
"482",0.00824143761950916
"24901",0.0520610186698763
"40362",0.154381203324673
"18831",0.0116797360447577
"13190",0.0306115569637824
"7250",0.0378049380280917
"36314",0.0748064839318094
"11107",0.0555301873048164
"1123",0.0106216243401412
"32578",0.121052497261174
"27434",0.230201740310584
"36765",0.0919855136168798
"26012",0.0148997189106181
"29793",0.203046795397453
"3621",0.00213076546107596
"29659",0.88641079882669
"20262",0.0138093292626862
"6452",0.668993829959582
"25329",0.198793708493747
"649",0.063426128630467
"16882",0.383833721819544
"1396",0.00900747810137873
"748",0.00917464908170704
"89",0.00670101188964753
"12712",0.0349418373546398
"16412",0.371499595928413
"26422",0.219625863051786
"2507",0.0407972009531935
"27884",0.133186890855864
"6790",0.0143621120982367
"20232",0.0221247999957655
"26981",0.0025983131374822
"7991",0.0211013237822646
"4950",0.0065631127307709
"7182",0.0501316566385183
"32573",0.0924917469228404
"10086",0.194452423827751
"28884",0.183985432812614
"38054",0.131933547500184
"35858",0.0398074391495395
"20839",0.112539626366553
"15076",0.0546708422289212
"22025",0.00441138643700705
"26997",0.00702701048007
"37007",0.0980868627882868
"28232",0.0249284387048376
"31450",0.233910358576394
"27735",0.00393033290576218
"20450",0.0483647655862695
"30416",0.015325401880282
"25394",0.0105496648653316
"16775",0.175307531435477
"24248",0.0844985568689586
"44231",0.0862434716091742
"21190",0.0187455355563241
"36534",0.0110372056353013
"38824",0.00157004660252905
"36541",0.105868451079721
"29192",0.174175738683018
"39022",0.0607068959863591
"26833",0.0585237887216358
"12581",0.00607043907688865
"14073",0.00621108098375369
"6903",0.0496036764893561
"36242",0.0242527813188382
"36287",0.274728473047366
"21453",0.0188846610747803
"36989",0.0240134471713509
"34823",0.0105670120861281
"27631",0.119936670687798
"20917",0.0551054451193976
"2302",0.0197045636465653
"20605",0.00887134196632587
"45023",0.0344509730248497
"28729",0.435480155722718
"17397",0.00996913159575382
"32603",0.149743636557069
"5458",0.0200247898783393
"41980",0.666633005697192
"18406",0.0186229889590941
"2819",0.0173541025274805
"434",0.00355360659942078
"40438",0.135225680005295
"25294",0.0340299011923359
"37708",0.143336983655148
"14640",0.0200890619382072
"18837",0.0114001966707064
"12290",0.00476173004521293
"42229",0.0217955845199914
"19550",0.0526136462332637
"17395",0.0335534734132363
"24784",0.133910861497366
"1386",0.000213583911167708
"32881",0.222668217263192
"32873",0.179448934769954
"7566",0.0700753161090402
"22380",0.0183818924228264
"26175",0.0263978528545468
"16410",0.00182026433552519
"37009",0.00139034580886561
"37330",0.00448065418563535
"44652",0.939418382590008
"803",0.00454512618982479
"44630",0.686617240267797
"29440",0.00935307114568451
"28475",0.0477621930607511
"36998",0.0015019110493582
"36386",0.0587061539213748
"1024",0.00832078511259144
"31715",0.569185627788614
"23900",0.0861921217439092
"4686",0.0102206745624044
"27696",0.0422997161850099
"5190",0.00470380300027855
"27211",0.00128573136290228
"5918",0.0373757141160387
"9648",0.0777601103166624
"13852",0.000980866206903239
"25631",0.00627432422353176
"16128",0.0480219884766279
"8470",0.207366884582785
"16356",0.0311228798288101
"15002",0.051986999361536
"32785",0.0783521819969494
"41739",0.664446977563318
"38722",0.0138181951373432
"34241",0.0748917347049235
"36141",0.0395755152730672
"3361",0.0379327182021156
"37376",0.0245529722460297
"31744",0.339068315608112
"42831",0.529870136095437
"11405",0.020310303033713
"43908",0.48333494693927
"33659",0.17455051604492
"40643",0.654578038557206
"34242",0.200361174798538
"41808",0.0446657134637578
"12425",0.0228968197622322
"23451",0.0733091670688466
"13747",0.00618753100493172
"26696",0.00628333414821435
"16583",0.0478840269771166
"31145",0.648055673277256
"14189",0.162931131453586
"6848",0.0496369531314055
"43706",0.842199228550214
"41",0.0113085469233319
"145",0.00330190880572004
"40816",0.252429892404897
"20715",0.00856494977699764
"22689",0.0126759512260925
"44002",0.002438756189624
"11698",0.0446247794000081
"36442",0.0140157436644379
"33958",0.0089410239342292
"21446",0.0641831503444683
"42409",0.76974881313858
"26386",0.00833474724115397
"6632",0.136407273942449
"28183",0.0560616565665955
"24179",0.0233363405876942
"30610",0.00394007708124338
"21855",0.301926977059925
"25723",0.0934411070948112
"44873",0.729836552350793
"28083",0.00459200512074757
"21083",0.0498851949004464
"24913",0.063554013885311
"22726",0.0457265013333468
"36040",0.0468618725967784
"22992",0.106752500511587
"41256",0.018134258638157
"9352",0.0753931058191646
"40198",0.513941974315774
"8080",0.0299211613675871
"23573",0.00228340131908026
"28556",0.00243329935995422
"16145",0.00349132462119464
"13001",0.00467258441783963
"32625",0.555476702184094
"28585",0.0519901984540154
"30137",0.0504313308396584
"42049",0.533204740207094
"4589",0.0215248760712463
"28428",0.0527672330679591
"20721",0.0101683937706551
"8983",0.0194696900231287
"42759",0.0333182529667622
"22133",0.00322616035041066
"44933",0.750321287259012
"35095",0.105538750406431
"15114",0.0374921786831532
"39829",0.416617104582272
"14639",0.329553908606084
"16875",0.0379754271436886
"44706",0.661750279310915
"31239",0.605902620919237
"20031",0.00394127079983479
"29729",0.0623035146103658
"11625",0.0690173810591418
"1176",0.00691846699892738
"12098",0.000623723585292135
"35850",0.0701422684083504
"12359",0.10170291216354
"1365",0.00605661864607633
"8480",0.00358977796465546
"43709",0.89161977765218
"41615",0.789958149644327
"20945",0.00754994603556755
"3303",0.0113856853536275
"40321",0.373034414563954
"35314",0.0770948127755326
"42690",0.00610196432973219
"7230",0.00201333562938259
"5974",0.276920193068669
"5731",0.0927061098903429
"35871",0.240326626574726
"24961",0.00202163800512334
"12903",0.0309328819894726
"8182",0.262913888044407
"8162",0.02366094766959
"194",0.00138721296552798
"3680",0.0879317669385538
"14750",0.00412750363413173
"7276",0.000679649494830194
"18422",0.00147143343341709
"28055",0.160231584675291
"37984",0.219033148938946
"12314",0.207408611363689
"24372",0.00655938338527534
"9402",0.11953907196238
"260",0.0179365713264358
"40062",0.257766561950122
"21034",0.0902547500330421
"3655",0.00266445927949953
"10188",0.0133239858929062
"5429",0.00294577701874934
"13179",0.0257734439303811
"23277",0.0106567756506536
"22820",0.0211406886045147
"29948",0.0159110227204834
"34890",0.00671928812650123
"1580",0.00840441167210989
"5860",0.0308162278937674
"17458",0.0038735200482507
"23812",0.0279302471526085
"28310",0.523964684701513
"35443",0.111616798013637
"44818",0.428471620859484
"9985",0.0634198942957661
"33520",0.00529392919581268
"33341",0.466789719351049
"29476",0.0781092972968124
"5365",0.0670824039507822
"19171",0.0819800524861188
"32610",0.30665060247152
"37387",0.0448953076880225
"21126",0.764734293748004
"21412",0.0308293042574714
"39751",0.0578245783786854
"1565",0.00761334282730187
"44841",0.0958128097904594
"12455",0.00215846543297413
"39150",0.179948393680431
"34265",0.0110344292056548
"21829",0.00505108894378903
"26014",0.0195235665969787
"9809",0.133220667465753
"41611",0.992119958805249
"26393",0.0374862775320702
"36478",0.00444814789264441
"2358",0.00877188400253487
"31017",0.508570802361818
"45160",0.0785198936819584
"35457",0.0631183795273826
"2951",0.00783125167351849
"45098",0.876859224240148
"3439",0.00408058664421673
"80",0.0142493709983701
"34414",0.00192671362630608
"7571",0.0496121630751153
"1854",0.00686140695349225
"1578",0.0532347654135609
"37536",0.00934314668026608
"17735",0.000439550244218852
"42503",0.752807703511155
"27421",0.0006559805636076
"4462",0.00395387815070314
"38332",0.00111328085076611
"21046",0.122279557033307
"23736",0.00501259677971422
"15427",0.106424396091364
"40568",0.0372516079750896
"31707",0.0957070270640966
"24485",0.0261464245693095
"40461",0.331573042142055
"18501",0.0899593607467051
"6809",0.00362348186663782
"4611",0.00438735817283282
"25304",0.0209717055093258
"29057",0.154243084944024
"41863",0.533073794977224
"6760",0.00665070514795517
"13894",0.0545278493218219
"7891",0.0887384573055169
"12052",0.00159252455922331
"2740",0.0105603912095912
"12918",0.0015814413857632
"11954",0.000949224627141758
"13114",0.0197464464340719
"40830",0.37653126680221
"9094",0.0824427035527691
"20718",0.0209764852966531
"14260",0.00497773708443364
"43174",0.951503234132939
"8252",0.00247478105182839
"8016",0.0224137192889214
"18683",0.0144576469160078
"35573",0.0775703692570156
"21600",0.0401630269673454
"19168",0.286307720595401
"6002",0.0172691123425087
"2829",0.00645864273751877
"21952",0.0556700032074431
"247",0.0165953142562378
"15017",0.0433427052413713
"9162",0.00156641376106963
"24671",0.0451007530323253
"40235",0.114093772879553
"27214",0.199841038883094
"44288",0.191485320514247
"30421",0.0140652832708709
"41655",0.958490642093863
"31110",0.138403021420367
"18044",0.132402480109444
"20339",0.0378741378228339
"13356",0.0123657410286484
"17817",0.0346454958287348
"43616",0.819500416354855
"4277",0.0247131212732692
"19825",0.0539311662213559
"7426",0.00196281330046864
"15484",0.15359980447244
"15431",0.239945143809805
"6692",0.047007527293166
"30693",0.663461385159026
"40904",0.115448210169811
"24593",0.0380385453294136
"15699",0.0776695734204903
"43553",0.243516043058537
"399",0.0125180727303641
"42291",0.0544647626834469
"42314",0.00959872953908303
"26271",0.0941737655992773
"35890",0.0544755943499525
"13762",0.318471154614822
"36165",0.0225174577908146
"18819",0.0126191973897672
"11391",0.012611846448921
"13330",0.0462834948605338
"27830",0.241303616447608
"15681",0.00192028828821333
"25926",0.198526861458849
"32398",0.00722634068784712
"5327",0.01210433172848
"43950",0.193259388242718
"28150",0.022673879515721
"39842",0.136355278184457
"31280",0.550893861848641
"8828",0.0760748519451221
"25011",0.0111444156005853
"35753",0.0579368145499101
"17979",0.0580666752055097
"33770",0.192161586541429
"33805",0.0269240965625649
"30392",0.163108695447675
"4447",0.00129383733989442
"3116",0.00197056098943767
"40291",0.0284940492530518
"29033",0.064059139004835
"22814",0.464927926926536
"36829",0.114569093753423
"31714",0.139596119889837
"2040",0.00493241253896457
"1878",0.0101749077741752
"15834",0.0973624299081774
"27529",0.0052618265119646
"17697",0.61401669572676
"44273",0.0482312883680306
"20123",0.446879827931852
"3723",0.0079707620816322
"30463",0.0458094620235533
"39875",0.121551002982732
"28458",0.053531412671846
"19619",0.00292803723407302
"5229",0.0205307590866526
"34370",0.00654391354647989
"20302",0.0314471364690032
"3110",0.0039978537456561
"19350",0.0305884325592431
"22006",0.0542727620866412
"16406",0.0318859188393176
"28717",0.00598874181054178
"44057",0.846478418553499
"18047",0.55352763933133
"1441",0.0210173878947093
"11672",0.0646807043382524
"7703",0.00466491151966561
"11659",0.000973161295407561
"29536",0.126088426689491
"5547",0.123289243280586
"25119",0.292250992935967
"37752",0.794949120105611
"35210",0.027689262305124
"40012",0.264656719464027
"16560",0.00168091173831006
"4466",0.0273133773407873
"37859",0.0541923532528776
"13058",0.22564701969243
"11469",0.0255823102798356
"24513",0.041254792873749
"7621",0.0408647858236622
"1006",0.0138554222115318
"41512",0.517253659492057
"3229",0.128460731456004
"8024",0.130677972659395
"30274",0.0361286167981105
"31462",0.0299994638782292
"15545",0.161152524117487
"38542",0.026937133639969
"34160",0.905435389002665
"40159",0.0144677864919205
"711",0.00469573105469084
"17978",0.0278896040834069
"23388",0.0415495536008002
"30021",0.0782235951318664
"32997",0.0202735388398302
"26426",0.0483548276497031
"22292",0.135882247403207
"26686",0.00172955247210634
"37410",0.00347468006390192
"19264",0.0112767707683405
"18352",0.00531825824139861
"22002",0.0575491050312074
"38287",0.37732171339354
"34598",0.0567794168495783
"31618",0.954249401380101
"44428",0.208801413161097
"1422",0.113774797794142
"8719",0.230814634916274
"14751",0.00183039610300445
"12721",0.0255173480069218
"43817",0.19930649200037
"43828",0.0507312812247978
"33562",0.35531659505155
"35939",0.0490648372030827
"10204",0.0236348839563923
"36331",0.104882257524152
"3754",0.0114521805208191
"129",0.00597222697697209
"38418",0.508315513335609
"42426",0.0180441946618932
"15995",0.0286824668267667
"8446",0.00612203969459908
"8903",0.0085950053910131
"44134",0.0639418160409397
"8348",0.00607924322826028
"43638",0.586832521481911
"6386",0.0163988621832079
"32606",0.273013227978655
"15193",0.410092945445659
"21921",0.0267980443634899
"17905",0.178532553760413
"12307",0.0351084935862169
"1985",0.000641727498059794
"10057",0.242349586578265
"745",0.00126061174644878
"16732",0.0120244369027015
"1937",0.0120395677127607
"8300",0.185090352335679
"18108",0.00137345160073428
"11373",0.130828681747371
"23967",0.00907646510589787
"41245",0.117599802379956
"29916",0.0785211464744151
"42171",0.245303553063442
"43181",0.327679563612561
"24186",0.0119227506085934
"21286",0.0165061705683649
"38965",0.0114336967393761
"3368",0.00460566091455258
"27981",0.204755238927142
"20572",0.0244858130973874
"4127",0.00492884242245552
"19523",0.0244207861152647
"8254",0.0358727354497436
"270",0.0280160609336993
"43212",0.979620675385862
"23839",0.00719506062398103
"41216",0.146263891218027
"7389",0.00260872065124374
"44266",0.818222629982396
"9322",0.185038506464827
"28503",0.0371059135395552
"40331",0.806535375077063
"16148",0.0380004529914837
"8376",0.0556797525337206
"35041",0.0862526724926521
"5399",0.0530346213728836
"4906",0.0447261939455458
"22153",0.0368267059196902
"28571",0.0126703091417502
"613",0.0164072405310646
"19505",0.00218275637301401
"12291",0.0438835222691467
"11338",0.018424177604767
"5517",0.00519689121751177
"11673",0.00201401051702683
"7325",0.236890188659254
"12469",0.0117778661952798
"41444",0.350370178838323
"26037",0.0513363813557213
"3530",0.00402186021799923
"10824",0.0641838878587747
"13945",0.807367986467478
"34583",0.372511239599519
"2723",0.00805418839780257
"30651",0.182167426127455
"23078",0.0689100727529764
"26753",0.00721752404514592
"286",0.0145380744456378
"9077",0.233829817229564
"29565",0.00763487023173163
"24264",0.0614007920689066
"37986",0.152996244651942
"24670",0.00143304754674998
"6398",0.000346292292169553
"31264",0.205531933054116
"7921",0.0014733719106448
"17767",0.0497644654593199
"30462",0.265252952163351
"39596",0.571462659045555
"24702",0.0415004818563226
"34477",0.0472142526744642
"37692",0.00124712964285163
"8741",0.000854500287155477
"6414",0.0168544967784799
"38866",0.0670530683274709
"24749",0.00875247674003439
"7545",0.018317198556217
"11049",0.00494165853444368
"20849",0.474598885580572
"13362",0.0533721398388106
"43321",0.577071691715166
"35050",0.0658140211927023
"6830",0.00835952821573138
"8154",0.00874223181796337
"9710",0.00272529821297483
"33665",0.00113480585027454
"22581",0.0566810053201399
"10482",0.00311253807208531
"5082",0.00187180452162316
"17165",0.00855934706903375
"15731",0.069557473269139
"3317",0.0301207964772772
"36204",0.0363512872816534
"34048",0.765954327791386
"31025",0.0193532450418168
"43099",0.204434848632529
"34417",0.0017426942582135
"15236",0.00436909108286793
"33603",0.00274105343041429
"27466",0.0208975086409786
"28396",0.0180519481839985
"26051",0.718652319370106
"37164",0.435660486642465
"12136",0.000662800370012705
"14547",0.179883137760903
"14740",0.152731270180162
"44153",0.508501227933167
"30987",0.00421611883040826
"26022",0.0607219321763361
"19040",0.132740649820048
"42065",0.952477166623757
"42251",0.599669345750187
"17698",0.132934627921804
"17778",0.00485779338498276
"15230",0.026967859215227
"36842",0.00787399752421108
"7275",0.0173198444057996
"9093",0.0126318092820179
"12305",0.00602478272455076
"30307",0.168238012085622
"21348",0.0158358659464157
"22175",0.138570871327194
"30608",0.0914016771204262
"21788",0.587937389429135
"13673",0.00392723804495161
"5932",0.0440449824144885
"16364",0.00893151888274137
"42341",0.0106896913456669
"31053",0.0995833569283503
"27580",0.0585536483792298
"36723",0.0438194920562399
"25779",0.00795581613281091
"11709",0.245028512048771
"44471",0.0595097163491224
"19372",0.0325664174378681
"12387",0.00261959637695309
"4758",0.0102909806640847
"25862",0.0267524058648458
"9523",0.0447342732785924
"27983",0.0170911845708839
"8251",0.0178422943739689
"43440",0.114309437009604
"43784",0.283889380828143
"36644",0.100689327471191
"34537",0.0349380387147938
"18998",0.0500230228577594
"26731",0.0118237674546018
"34452",0.064023232055855
"34316",0.0558239370029373
"42526",0.476172743061966
"12324",0.196027026174498
"24615",0.0951830494588155
"37545",0.00162300392706853
"36275",0.0466707237686824
"43816",0.178324273238871
"30262",0.137541711022249
"25509",0.038208510237715
"25967",0.0106952665674339
"41984",0.0802339693496295
"25028",0.0455342830006039
"29681",0.0642658482507117
"31098",0.00898621207274956
"29523",0.686447662366376
"30887",0.903611893422532
"5376",0.0186302835673212
"42887",0.375508298900521
"36819",0.920799163201903
"14837",0.00508709535737749
"15609",0.017170927734991
"6977",0.0533394933348698
"31329",0.101459651500605
"12591",0.0103481081645036
"15896",0.061190020334524
"44750",0.721499165596349
"32453",0.219621648728766
"18840",0.0197325199071342
"34225",0.0150588303561416
"41056",0.246147260160472
"5780",0.127541398541832
"457",0.00636151883691113
"39037",0.0376799895190991
"20028",0.470097211945568
"35990",0.0301505291955408
"19718",0.0225008785445605
"25137",0.0231450327125427
"14130",0.0172139809446484
"28670",0.00515212449298364
"3740",0.00863486530215552
"22926",0.0134269602191786
"44118",0.362152640555433
"18509",0.0079594462024591
"243",0.0134516123491436
"1640",0.0710752186916123
"30029",0.00319877902562622
"18612",0.0027981378393655
"638",0.0208618021708125
"14487",0.0696845828295923
"9197",0.00505166115495516
"25876",0.0347999950876157
"11769",0.015529083969646
"42188",0.0771738162765995
"32541",0.0695494362851738
"2051",0.0336408373569685
"44790",0.967222200893989
"31568",0.470304380022748
"37648",0.12965614305115
"3189",0.00839514055624275
"18061",0.220388145543226
"12392",0.053427509872195
"14990",0.0274441420687089
"16851",0.00885101432472331
"8766",0.15814130093829
"47",0.0222307206677356
"17507",0.0174102649725881
"12053",0.000367239911609488
"13300",0.0132435570227534
"22933",0.00957993723598721
"32559",0.0337575644230255
"13826",0.118458444210484
"39955",0.140511146382846
"38705",0.00284100914421267
"24878",0.00951948043051388
"25368",0.255418500393158
"6049",0.00351533725095901
"7226",0.0986460908520093
"15083",0.0403591959759466
"33374",0.0397337023543084
"28611",0.0378601035800796
"13396",0.425191842213827
"42366",0.0480417042935476
"22805",0.0598650301630071
"38788",0.00341318527497017
"38449",0.00178821803064071
"8859",0.138042989826366
"44116",0.178020133629703
"917",0.0551998457050508
"29084",0.00609598176677956
"28744",0.00484094335987805
"32648",0.0462968575036571
"6036",0.00572215484288141
"41204",0.00944065496998025
"20732",0.542559337343293
"37537",0.00404382816135455
"20063",0.017510863787251
"10413",0.0484871303354615
"11591",0.0899109265514155
"36134",0.207599373670889
"42978",0.472037242571706
"26329",0.0586977110317233
"12468",0.0105287119627298
"22113",0.0155823832113623
"36378",0.0410378838684418
"23186",0.00621512645765788
"34664",0.0721355136077014
"4491",0.0144440355599443
"5566",0.00101402650351127
"26197",0.0257673267807448
"25316",0.0246400843406698
"33164",0.00214276229954273
"21993",0.0917906833709851
"21378",0.687206304572299
"25796",0.360547404547392
"30853",0.0432056236627763
"29869",0.0855204541148928
"11246",0.0036521750386207
"23608",0.00259942107666881
"19120",0.312747980956127
"5868",0.00679101129294123
"38169",0.155910428361176
"41976",0.278927971724164
"27306",0.169947915136467
"22022",0.526335643985784
"37650",0.0757025046665064
"22530",0.323002458636958
"31022",0.00436555334000076
"10445",0.0531443476662085
"4573",0.323477394374586
"12157",0.00124059082341659
"3751",0.00227591408091428
"19063",0.641888617149676
"22108",0.234603014868786
"32810",0.352550824982256
"43260",0.526156273397711
"44254",0.606102568792092
"19900",0.072603741088003
"25199",0.025731487514507
"1154",0.0133058256394139
"25306",0.0949656961289426
"33713",0.545275877177445
"27218",0.344735657537069
"14152",0.00137734979257754
"28410",0.00157749771165306
"19719",0.0164443759231489
"26891",0.00901072518974175
"13098",0.0404001995986376
"4230",0.0522364729368856
"40932",0.0340913094058956
"28583",0.00516227655928112
"44892",0.794269773704282
"17784",0.0580903537996187
"33214",0.00188166281374721
"15666",0.00513183563621549
"32948",0.0552354542003203
"33212",0.0096576796366871
"23763",0.00345065015031672
"6488",0.0312609817930902
"28967",0.0823006891506562
"15074",0.0828690310232692
"10427",0.0231584707322614
"33529",0.07581736467592
"44860",0.728594005487139
"4710",0.0082165187871273
"41170",0.100516347707402
"43157",0.398139861888271
"35448",0.951042011710994
"28987",0.091619949878282
"26125",0.00194340634312183
"14118",0.0552123228598511
"17079",0.042359917220186
"6060",0.0172757225956623
"33982",0.206285622046535
"26799",0.137553132463756
"11612",0.0195097195044241
"42909",0.038911988321764
"37484",0.0175854769473248
"11363",0.0249780369231901
"32667",0.0604893738647952
"24217",0.044946594956003
"38134",0.0431818490576658
"43820",0.536773992068055
"30759",0.00295130072848446
"29325",0.658267804690118
"25399",0.0330473792515786
"443",0.0150722575920345
"32203",0.212949219163768
"43995",0.142700051194997
"11135",0.0473615194596088
"6032",0.0031941566893367
"26978",0.118149148035383
"23543",0.00561927014279029
"23656",0.00195458732003884
"23727",0.00156953466424911
"15314",0.0579080557505744
"7764",0.205284555278725
"29580",0.0958602170387741
"44787",0.949455953457556
"43887",0.00332338295116215
"2697",0.000743903889073538
"33909",0.928708628560181
"36527",0.00674759775350854
"6026",0.00270393937949347
"38763",0.000968912990017663
"3932",0.033435050409849
"23452",0.00715203343785158
"2540",0.0129394234847839
"7091",0.0477707223359221
"43629",0.125222548000699
"31496",0.543389575370342
"6046",0.00427136659020911
"879",0.00649020220487331
"17260",0.0161627579550138
"31863",0.196622548215504
"43999",0.307308170231932
"12069",0.000463355433644968
"9454",0.166251702871426
"10271",0.0047835229328596
"39249",0.00193677691351381
"44764",0.908245768176308
"43587",0.701281570238085
"1494",0.00155591437544105
"23470",0.0166877995656928
"13734",0.00187892974792794
"16660",0.0133632595628267
"25893",0.0256309198529984
"32167",0.00838263747712931
"30813",0.00486818512588495
"1265",0.00335617237054581
"11073",0.0378492811771406
"13054",0.0245188612866141
"42013",0.641963163377181
"39719",0.0445230881695652
"17136",0.000426533581635825
"25248",0.00500216597658424
"6678",0.0146439237445423
"42814",0.0387408966184676
"6346",0.000293203795631138
"35349",0.0173588544718944
"16035",0.0414963795384874
"4054",0.00865577382802584
"28668",0.07415103035336
"21780",0.0409713966741619
"1726",0.00637273625826988
"19414",0.135694278136284
"28412",0.01475551424958
"11309",0.0347887536007293
"24790",0.0052889315583746
"34709",0.0204085364748963
"18467",0.0375013151279009
"24041",0.218051853106379
"2722",0.0210356374429622
"31730",0.188066625529992
"30409",0.00683443658535879
"3293",0.0226648579243429
"17569",0.0111688882764218
"16473",0.0528591287725949
"24600",0.00655411371437416
"11538",0.0431121084115444
"39984",0.0482175474744379
"4012",0.00416501493804411
"16541",0.00131766387578682
"31023",0.158596977365677
"16330",0.200246372627392
"6964",0.0500000753465943
"25124",0.0707514276491126
"27673",0.00100195570998032
"5038",0.00379900357164262
"29041",0.0371732222014872
"10649",0.00807033896685136
"36330",0.0552086430742535
"22729",0.00124884291546057
"20795",0.071260967626653
"29749",0.0367978475207293
"22178",0.0382982432006659
"30750",0.00856012224698038
"35469",0.0278525530172756
"14772",0.000662931601110865
"24053",0.0997976762420173
"3345",0.00107281667575581
"16054",0.0345054135032928
"11423",0.0389013848711739
"39665",0.161316334758581
"33189",0.032061880154098
"2430",0.0724017778614731
"283",0.0336026087739488
"39159",0.0366091954665742
"184",0.037151694925672
"35604",0.013019525924603
"3981",0.00119720541636589
"34980",0.0372597300947819
"17609",0.00336486607716765
"23886",0.0221489175516301
"17563",0.0111997118915933
"14552",0.018332283634162
"20053",0.0764843741956791
"29367",0.150485113829254
"31758",0.282449618862851
"26469",0.00165509922324666
"38339",0.0628571396900881
"9043",0.00198006867118805
"15408",0.128655812133079
"35777",0.105641374563659
"25804",0.210250742533294
"22796",0.0184887663389695
"36735",0.0442490674501595
"38882",0.0032932355816257
"35793",0.0422035061970143
"41551",0.565717989068528
"34532",0.00976623387083488
"30607",0.059031742206043
"18247",0.00370274415165848
"27392",0.0272101376098076
"36720",0.00631565592899963
"8196",0.0144053712841131
"28185",0.159002316723599
"39094",0.735271055230984
"24935",0.0219828836310791
"34137",0.0877571264213501
"14641",0.216591450605581
"34084",0.228141227072117
"37211",0.0104789434465293
"11158",0.0232924866572934
"17207",0.0398506539515693
"41589",0.995314401763508
"7208",0.0367147352016597
"14279",0.14202991244018
"5002",0.0132604966193477
"19706",0.012747219784274
"25474",0.00660894872037392
"8738",0.00193362277954395
"35152",0.0347267328101534
"2130",0.00384342509168835
"33133",0.0530688587779421
"44335",0.901011486721293
"10337",0.00745222342468663
"34447",0.00134739989153774
"16810",0.250722027347326
"12919",0.0737998471692748
"30370",0.0178973534342134
"41688",0.799468193387102
"42954",0.549251077385426
"1841",0.0246077991387617
"34436",0.072656554776887
"38924",0.00185386728727677
"23409",0.00255071700695267
"44423",0.173695106607101
"1262",0.00987576090659183
"28837",0.238887996004125
"31844",0.431423311854356
"32112",0.593865320251431
"13464",0.0674257654228168
"38503",0.0771465469958446
"7748",0.00668432323946989
"12750",0.00112372448771105
"13479",0.00750111131324906
"43727",0.811975717318241
"6660",0.0507469860816315
"336",0.0038442523337836
"19692",0.0395179117296958
"41750",0.0639887391079367
"10666",0.107742647801854
"21783",0.0164662002690111
"16963",0.120602328260189
"35724",0.0331372748210784
"33035",0.0968884471476483
"37725",0.031005079301088
"5894",0.00115009079896301
"26949",0.0192000319759441
"19837",0.0101496555071651
"26034",0.0658668162717915
"12327",0.0187298329429796
"1728",0.00683681845583785
"20154",0.0140733936338269
"8083",0.281448864491367
"34383",0.221923972044015
"3580",0.00697363369383829
"21202",0.0157590311129676
"13338",0.0554844997129603
"17968",0.00715220961011616
"34018",0.293140495678239
"15088",0.14603229059959
"30146",0.0033641554162393
"38563",0.0590241108529955
"28995",0.323402774104205
"11120",0.600907561743954
"11948",0.00167987196080147
"14343",0.055960709537509
"27087",0.104406524035319
"7326",0.0120095976374486
"36947",0.0148104538028698
"13057",0.0490072229376305
"40911",0.0349567530043733
"33826",0.477828436108284
"31363",0.622467947842457
"18489",0.0216457496096406
"26796",0.043183879983232
"16003",0.110293335827934
"20621",0.0514192036914347
"23896",0.048550787988867
"29993",0.0645162961955083
"1330",0.0099014928181195
"483",0.00801174348342698
"11400",0.0104128004376997
"837",0.00442915474327843
"34577",0.299284406070086
"12941",0.133879298873735
"42794",0.0150551974116254
"34440",0.115344105653679
"23215",0.0188348690841395
"28360",0.0168021750158264
"716",0.00208656716880322
"28387",0.114996234756171
"20523",0.0427225179907192
"30484",0.159091202764432
"37646",0.00204004127792326
"28169",0.0268380421611547
"11780",0.254591943748292
"26291",0.0220154388984487
"14518",0.0106682361834643
"37758",0.311252608795739
"11420",0.0361631854665066
"28135",0.0286974482246431
"14831",0.053528768913916
"7391",0.0780251769560457
"3538",0.00586353050893902
"21637",0.0670630888929503
"24991",0.0116833106657778
"22079",0.106256772497878
"36717",0.110909938458406
"34990",0.0155181344803996
"27155",0.0577520668835531
"43532",0.782104760237297
"31967",0.616055597496345
"31033",0.280951775376718
"4938",0.0140720390621702
"39133",0.0227376578959816
"34555",0.00776626626363996
"31190",0.0195449402396369
"2060",0.00575120947488719
"11224",0.00182925002479695
"17219",0.0117161668553383
"24794",0.0432874808308987
"5445",0.0133357854402604
"21058",0.0745721653502243
"37114",0.385693047871871
"5076",0.0015556094101338
"2626",0.00166391499465625
"28573",0.0245379604588167
"16083",0.0291267284092716
"16040",0.00563499148292834
"2742",0.0103155882769549
"39758",0.0149877874926261
"25429",0.0253802517459231
"7095",0.0184266519150644
"17480",0.208633948799012
"5232",0.0167933654391141
"12881",0.383100643034729
"30966",0.42430756202224
"12047",0.00346585048638691
"29697",0.117480463653525
"22334",0.288747876649535
"29208",0.0274149281206558
"3007",0.0219665649042616
"22431",0.00515971363237413
"2799",0.0057327934103174
"20270",0.0729494331525383
"16855",0.0068967763416067
"12565",0.0762124804532949
"39798",0.0808087807409908
"11",0.0157382833316539
"22402",0.0427952173169499
"23436",0.00940175341949163
"33625",0.000656906994814586
"24153",0.330606703175601
"3464",0.0177215994812592
"19353",0.0144886435521739
"9617",0.102601562517726
"41530",0.767929516034301
"10729",0.0171729787408812
"19860",0.0102369820123797
"7856",0.0156321594890933
"37542",0.00217389487701331
"6475",0.113959431807302
"20482",0.0151267096705109
"13092",0.0179772902381985
"34461",0.171587808175925
"8000",0.0154984201393348
"33526",0.40623454025361
"3437",0.00391880297911064
"12699",0.0266892178826515
"26136",0.319316578953073
"16526",0.500804850339912
"16049",0.0131668261185855
"10280",0.138813135731542
"8906",0.0128446193567486
"38848",0.10216504517976
"4592",0.0105401311528097
"16499",0.0600638258743382
"19182",0.134360358287279
"5684",0.0116886003344604
"12077",0.000520794060657144
"26383",0.111476975240156
"2875",0.000374070349265629
"8721",0.00039706789530827
"26523",0.021487971305488
"30198",0.546168533502668
"30363",0.0118947335974214
"35222",0.116454049499624
"543",0.00536221494307972
"16749",0.0267461776196523
"29135",0.157299653563605
"5977",0.0366006569887303
"40228",0.233071515647002
"44961",0.426498425027909
"42760",0.159267588585836
"21927",0.0744962985226435
"37471",0.0471586596159183
"26390",0.0861657817202689
"43476",0.445026401907456
"19010",0.13564864778188
"32828",0.408089050213016
"39469",0.0784553267362209
"17904",0.485453030110235
"14339",0.0357946816309865
"22065",0.0147524919101683
"8374",0.056092446834099
"25904",0.0401616105574949
"2703",0.0323363893200347
"31890",0.299078031539641
"5325",0.011069366886954
"36732",0.256573743161455
"7513",0.0455788004105908
"12577",0.00589426073728582
"37303",0.0943535599732502
"43304",0.839609610156635
"7141",0.0253458051077197
"41420",0.0909382979925618
"17426",0.0596954722183698
"36004",0.194149696536656
"43754",0.0907843192379788
"40620",0.0341118311670204
"29066",0.00535114950647904
"25213",0.0646142670559016
"32089",0.144284486021752
"30961",0.191582667282868
"44883",0.143605617033914
"15909",0.018485254284792
"25149",0.0216055708191568
"29552",0.111795242984951
"17882",0.000613383643953185
"28292",0.0114284664703632
"20712",0.00941100604474542
"44351",0.711286223019575
"22505",0.0291805713810441
"44283",0.00105615598637847
"8331",0.00572757834378866
"29560",0.000648317010908152
"23847",0.231623934624577
"13635",0.0764242225938531
"20980",0.0409772739994303
"7720",0.0697197078828637
"14619",0.0147877700465078
"6520",0.0456606354053398
"27544",0.00213878377649728
"39225",0.322617189220041
"23112",0.0550713893745396
"23379",0.0125053513171771
"28512",0.0252890375128111
"10137",0.0556072004338156
"42529",0.0356707594068525
"16207",0.166837131864724
"24063",0.363575546828617
"18303",0.00291621548980569
"19246",0.0515454477065056
"21816",0.00453966570025687
"15441",0.00686614508062958
"30637",0.00215702808526112
"11452",0.355484467743581
"36097",0.108560647563979
"10945",0.0229143736196926
"9452",0.0230035743861701
"10301",0.0335418871375044
"9049",0.00443631714339747
"35592",0.0212735456783103
"29198",0.4720953018915
"32060",0.173171539526018
"43379",0.455845128524122
"4206",0.0101548010944726
"21067",0.0230674762762854
"4540",0.0101849232014129
"13135",0.0391369619076247
"15974",0.0208130219570759
"24863",0.0395549344473727
"24168",0.0737183833876956
"13405",0.0241897940575785
"37341",0.00238636425782651
"1730",0.0191727097393691
"11683",0.00305204039787338
"44386",0.507421953725316
"35180",0.0637081742197303
"9122",0.53419066519818
"32210",0.0152799413442766
"27232",0.0255683299957101
"39780",0.0463793318199683
"15185",0.0129135106537446
"27425",0.000730196978317587
"5716",0.00268175300632297
"24666",0.081882326180287
"14422",0.0238537801220159
"33058",0.140250776173989
"37857",0.0719131636280357
"31205",0.0682545183270559
"37761",0.149360387327659
"18355",0.158262743868981
"37408",0.105518540062331
"32490",0.113043883018592
"14745",0.159609076044125
"42159",0.00862311548565128
"33367",0.0626522168194437
"21622",0.0117826553399069
"20474",0.0913355220060824
"34405",0.0185264379577809
"16674",0.303365717303255
"27370",0.310753956100268
"28511",0.0689787058365071
"734",0.0197206776052199
"34421",0.00957600632272389
"13118",0.0212263914465395
"23327",0.0221321642772027
"12885",0.0912232774270183
"41117",0.350406679853451
"24467",0.00465474415732598
"34542",0.185946898328374
"23793",0.00682452442714684
"37736",0.309763119014796
"3231",0.00296991127744013
"4615",0.00207379587369534
"32450",0.492375888425758
"28471",0.0238838303300343
"11557",0.00312207979971646
"33747",0.114282564071436
"33490",0.0415659890260773
"43061",0.772173238330746
"27820",0.0606119498690243
"12179",0.000791905675242985
"9903",0.00775518878828475
"44088",0.717749240128434
"44248",0.147886933328904
"16867",0.0541624094832926
"18054",0.000820096816306404
"25469",0.116746083851875
"43584",0.683467661970863
"3378",0.00272642298792011
"8809",0.00557349057689406
"157",0.000879734645316474
"40924",0.165121961569879
"20903",0.0462375412185799
"24362",0.00572763571427073
"11977",0.000668597711002691
"30584",0.00336959568706571
"34725",0.0438428639233833
"30195",0.00337069687832759
"12245",0.00185147298043008
"16877",0.0155804920183784
"37519",0.747444155645525
"35752",0.257131280426946
"14852",0.0997094340334765
"2318",0.0126534727638428
"34785",0.0176060362296889
"27494",0.052890674822672
"33290",0.0311734746837719
"5640",0.00752819148336433
"19302",0.0826152940767337
"590",0.00121055894436328
"10127",0.021701572224316
"1057",0.0185525008218293
"12390",0.064133264491943
"23099",0.0687893076902111
"22198",0.0339953048829285
"42328",0.441385501192964
"9720",0.0424766487264609
"12583",0.00823638519464597
"38820",0.48623636839859
"32574",0.0324463649784478
"12226",0.000757696567341461
"30512",0.182809114117498
"9732",0.0046149596441965
"21826",0.0347935953664573
"9919",0.186822230905321
"33320",0.0143991470490564
"10979",0.00146300278816467
"25077",0.350903136050651
"43593",0.0680354719676584
"42466",0.0970584937142916
"18506",0.00509617187612872
"6978",0.000738993640154514
"15796",0.000800565731684597
"40359",0.183693739674643
"40537",0.00667552350710789
"19365",0.108080554056039
"32046",0.0455565839606448
"7958",0.00907531678130112
"17200",0.0206378825602779
"38832",0.00356933703119988
"26790",0.0325618467849518
"23462",0.00164884905948526
"25853",0.0260771606468543
"4231",0.00274602692201368
"42085",0.144539110544519
"35201",0.817435711580103
"15331",0.103391170787409
"17394",0.0290915135525479
"16724",0.3896264444726
"12624",0.055501758901279
"32071",0.0966855616278976
"44193",0.217318606476577
"31778",0.259255122048868
"27430",0.00339460015055117
"25492",0.0286559071087221
"43093",0.162587918761317
"40539",0.0990400584723874
"13087",0.0158360793351047
"30310",0.150994955475145
"21861",0.00705967122166388
"14406",0.00722131986038312
"6504",0.0155385783964734
"24580",0.00359947191678239
"31356",0.404430838286018
"896",0.000249984808620871
"39116",0.0357103667465651
"14979",0.0269900710425244
"39297",0.000848616567304554
"34175",0.183025883839311
"5817",0.0230663603496367
"17203",0.241695964811237
"21553",0.0743512331756124
"26227",0.0234730233701545
"19776",0.0283099211867379
"43781",0.353718830185566
"16643",0.0182597749851836
"4035",0.0197137353304595
"4679",0.00578978694197379
"6454",0.00377669668273806
"33877",0.927065126311831
"13841",0.00514660429678848
"34659",0.126847166768878
"41252",0.263630540648059
"28725",0.0281807767073916
"4483",0.0126767511959737
"3757",0.00724565232806345
"18341",0.286874959319183
"27660",0.0299914989546284
"33462",0.566031726601347
"4838",0.00805135450197586
"25566",0.0739457651882035
"35942",0.185128182685696
"18933",0.0139292797639739
"12142",0.000949812743919193
"2050",0.0122193662468377
"17780",0.0448554999893789
"38117",0.184675691300259
"21911",0.00161558863885522
"29864",0.0719728263253782
"14310",0.104864155078505
"17686",0.245129275622997
"8914",0.0153562242344928
"2073",0.000304466809603558
"33209",0.262076692198171
"14973",0.770839719507887
"40333",0.123204153369291
"38354",0.0966391892521644
"32088",0.0166067351966848
"37143",0.846384353517293
"11665",0.0178447369596605
"5428",0.147216225320278
"37789",0.305110674545161
"26636",0.0980107442388162
"19360",0.0835909026261237
"8382",0.0212669555569434
"42647",0.0908789966920538
"20294",0.0281597079093383
"34644",0.0330507892357124
"28035",0.665074260997922
"6827",0.0045352680649373
"9984",0.0473111448925877
"23040",0.0182724012576347
"27440",0.746842324915862
"27259",0.0419297752229068
"2956",0.236695855610389
"40605",0.0576739795865897
"5927",0.00233348966427131
"20337",0.0619365888923344
"22694",0.068116548612361
"22121",0.0199975603640451
"17303",0.00253415113587046
"25913",0.244902278490842
"12824",0.00514729711340527
"36749",0.134514052030241
"32512",0.100125503697447
"30454",0.218485725351783
"42661",0.0311603997849059
"43917",0.838346344657222
"41025",0.141063458531684
"28891",0.103307263557246
"38523",0.547453687460275
"30583",0.00151449580929568
"16896",0.0857288294077961
"10930",0.000571227260431393
"19500",0.0696743590311119
"34898",0.163620455754774
"30885",0.00400959553760542
"33924",0.182334849226307
"446",0.0102262383140683
"25989",0.0206096741583664
"41327",0.0386461017907481
"17066",0.030138847720358
"4376",0.00787094457981479
"8046",0.120753441657162
"18331",0.384315708410209
"41183",0.234549519243413
"24022",0.454982617450577
"42053",0.367896095811085
"17843",0.0851780647298997
"14666",0.0185739279351998
"39091",0.388114217604965
"16539",0.0114647824142643
"2720",0.0107440487838993
"29850",0.844359648327369
"42930",0.0734956332499147
"272",0.139787197518948
"11987",0.00217212408503831
"25600",0.0285389618291038
"10050",0.409860603604283
"17668",0.0404783163786244
"9607",0.0158377463189189
"41431",0.524971040036921
"8759",0.00933748919351305
"30436",0.122982156316161
"10511",0.00664868391514711
"21777",0.00951670958541973
"29529",0.120935053735753
"10263",0.0113337929437409
"42091",0.162116739694613
"19673",0.801183828727062
"14767",0.104899221089811
"669",0.00632050721351017
"20797",0.0157558370283939
"1589",0.0080808294426993
"36962",0.0424264397769034
"5090",0.0066160941344447
"27730",0.00387046325788079
"42379",0.989181632518924
"29054",0.0802929439919272
"23346",0.00109106712773538
"24556",0.0259143169622972
"17251",0.133563534110977
"11109",0.485897850703683
"19313",0.00958077905960884
"22086",0.0678419722784545
"15347",0.0251993082304516
"24630",0.0254143837642899
"11623",0.423704470078854
"23335",0.0559318502580229
"43164",0.238647264997442
"2288",0.0224031317143812
"39457",0.076099566348613
"36598",0.0160123027643415
"31619",0.104618592378122
"40724",0.0647715336363661
"37010",0.0224959092683966
"44734",0.902729181247109
"37451",0.00752650781601301
"18092",0.454257273299216
"38740",0.0528856016554177
"22487",0.840647863675943
"15283",0.00815860720090937
"22149",0.0364611262414939
"31865",0.00381189205056892
"40598",0.0349392591229869
"34651",0.00755430067998126
"14305",0.0266687467884176
"35246",0.00274787105535353
"2298",0.00734528790883701
"13307",0.119461014996591
"36514",0.330404272554333
"36937",0.0173866691812557
"9278",0.0894884904871222
"20348",0.042734624375716
"8001",0.00375857530980593
"32925",0.2004542083485
"10110",0.349741681921474
"11083",0.0158167368025648
"7546",0.00115282541358745
"20499",0.200203530140436
"6999",0.00124527339803463
"43690",0.00093482132394549
"41313",0.135439102689757
"21371",0.0129931026249396
"20022",0.336031516799594
"3418",0.0016535020456368
"25023",0.0156070615645286
"31325",0.0756278574587467
"20048",0.0769948688372862
"7512",0.000466717374236377
"2095",0.00556623732667399
"4346",0.0216446570264338
"20472",0.0110594725741154
"22598",0.00648331741693662
"39785",0.213614989611931
"28974",0.0296376090144151
"32018",0.0907156815661117
"12521",0.00465381287652034
"1656",0.00284496768511364
"26906",0.00129204321219428
"20385",0.0572958213710016
"20657",0.292198380515702
"15502",0.0131290325019914
"27112",0.0419821096893559
"2011",0.00847285805984306
"16183",0.467734135901439
"8334",0.00251409345540923
"2478",0.0118220817313394
"10820",0.229364883925036
"41746",0.213535008388754
"20626",0.0472646012770064
"36493",0.00153419397243898
"15646",0.141371273259643
"6195",0.0551407684795653
"37562",0.0010226435748169
"44171",0.184717768993476
"21542",0.225606823374871
"37197",0.197592895637474
"13746",0.0986557098702264
"30768",0.00289988296970897
"44595",0.0931201722385397
"42773",0.0680585488761282
"41169",0.155547256138252
"29234",0.245665495160229
"22525",0.0279028266530279
"6363",0.0158435314791627
"13466",0.0553941803875643
"25175",0.0168660676793423
"32458",0.046018454270014
"35537",0.101136420804733
"17152",0.00155360064993508
"14821",0.459415888946224
"28719",0.0452286070907999
"3702",0.173008044831981
"7910",0.000690983638343982
"28249",0.0111383058361787
"34707",0.042487210461862
"23693",0.0943010828986486
"30215",0.00704562649767893
"39702",0.462997451846139
"34142",0.492390174944691
"2531",0.0166744796905781
"21565",0.0114005839497007
"31393",0.202695190302846
"18939",0.0630407867049164
"41635",0.0362252963613957
"11027",0.298365333361346
"41368",0.185760871300528
"30645",0.118263156026255
"20845",0.0265756623417277
"3545",0.000597204870026699
"29503",0.003639234464932
"5904",0.00175296528741338
"3399",0.00369431062283954
"20663",0.298452604290916
"27363",0.00561231329754269
"37805",0.0438460192644116
"35795",0.00569538618890291
"14331",0.0125516033453593
"28861",0.04128665954839
"43056",0.113509443193482
"17744",0.00282510307537791
"25491",0.0308033571336395
"37938",0.0220938656801469
"2169",0.0899062724584625
"22017",0.0158197392526343
"10236",0.157881390059514
"19882",0.233117555837434
"6118",0.017017674894152
"42177",0.0906946180815946
"15536",0.0197610293509188
"16471",0.749746320055921
"18511",0.00172766639324465
"30783",0.0575277487829073
"13511",0.0865256729279477
"34354",0.00228082436149309
"10384",0.024593165058476
"22125",0.0168449887910882
"22180",0.0470824118415101
"23488",0.00615125044229127
"35593",0.124755838957634
"8366",0.0020336828598371
"9479",0.461540424194847
"21138",0.0721210854967867
"33415",0.247758575395473
"9775",0.242276065993708
"27584",0.0721457577545205
"33235",0.0013077870521156
"5188",0.106550559289476
"16288",0.219315929499076
"19923",0.540315908860939
"1288",0.0124341955373688
"43877",0.229129503467109
"8680",0.00308543828270591
"37106",0.00504486147343326
"12612",0.00677164855829411
"28535",0.0326837344696409
"12403",0.0295404513715185
"5996",0.00386272145749683
"10286",0.233728004795594
"15727",0.51586452870487
"22943",0.0421014640892618
"27408",0.00728873007699808
"32456",0.345000387660666
"40899",0.104848947444107
"34930",0.0296821367138622
"15352",0.0385918082651513
"36833",0.00605306120565186
"39074",0.0285961555060828
"31401",0.885387489275831
"19291",0.0352130032811079
"15160",0.0431463751261023
"37700",0.0376107417438354
"13442",0.0653643192806189
"35418",0.107848241936262
"19393",0.0247676227196054
"5384",0.210073265568156
"27357",0.00998447944800687
"29145",0.0627503709021104
"26972",0.0293625171849556
"42508",0.153849532919987
"39278",0.00805899190092785
"2541",0.0151309610241189
"29650",0.126520900106007
"718",0.00246121519215155
"4585",0.00706879218637528
"9888",0.0243706027317107
"20517",0.033445957048633
"12264",0.000720548214663788
"11731",0.00791776991894971
"39040",0.207969158537733
"35244",0.444566533879437
"8749",0.00178518094646252
"18134",0.0541303057410729
"22956",0.00106644586932828
"26108",0.0491519674777205
"38249",0.392487028322987
"28714",0.0447767532853884
"18880",0.0324801338185269
"2251",0.0019876319738046
"14139",0.00450942968541126
"12056",0.0267103317110299
"24432",0.367247918840041
"5875",0.011262298273949
"17675",0.00804231458968273
"37240",0.0156705927540049
"30131",0.0650151294241293
"29862",0.212997144302649
"11915",0.000439951101726016
"28597",0.010856109345305
"42941",0.0341279287449812
"1108",0.0451747368995326
"14461",0.0257481376634131
"17718",0.07152790145732
"28189",0.257439172126793
"40591",0.918806702307268
"25257",0.033227973771896
"105",0.0595462668042662
"40810",0.268205658825128
"17143",0.11802307217845
"4823",0.0126136633366203
"18798",0.00350041633291421
"20664",0.147014035369741
"32455",0.505222797416991
"33316",0.0287090859455227
"31115",0.100967019668163
"26773",0.0865096323855033
"25543",0.0232965892397872
"838",0.0102246491438269
"32617",0.00791063387307754
"7543",0.0076498145199932
"23406",0.00144441571262074
"12687",0.309360055708697
"7790",0.00392224927802029
"17748",0.003163152969394
"11292",0.000603660366222306
"6613",0.0201129420753958
"37158",0.00739290621516992
"2662",0.00169967887364432
"5433",0.0516701574651594
"33222",0.00922540291008617
"10566",0.0349085908181821
"29124",0.407622991116708
"41358",0.395882434124307
"41694",0.252478535742574
"21194",0.0116578744736309
"44619",0.412813513668927
"33992",0.851838682196137
"45049",0.532562227282017
"13731",0.0093153701083877
"33236",0.160275114309774
"22260",0.0773736323374346
"33971",0.00589212046377626
"5022",0.214283734049265
"40906",0.0601807684789277
"33284",0.324314948135721
"43637",0.0362180574254698
"367",0.00474052682689074
"36333",0.00268383523694946
"42374",0.0101377745934437
"20263",0.0614080022108824
"26909",0.0747515948768359
"8805",0.0177998498674506
"29715",0.00619180559023729
"30546",0.034450683841927
"20688",0.401831098873762
"10549",0.0212955430693419
"15086",0.0102468646451342
"26313",0.00182104521759309
"18046",0.0244067992430543
"3801",0.0610995538584486
"2194",0.00382002827937279
"37869",0.0587443906899725
"16970",0.0188383729737302
"36223",0.0399218618616574
"20827",0.017051554629231
"16703",0.0589285121675919
"14261",0.00359367629232832
"15654",0.342669376873497
"31404",0.391813296983868
"44666",0.960258769986339
"31089",0.016805645052463
"22742",0.012586597632642
"85",0.00940091186724881
"36961",0.509914276456487
"40755",0.228748004942729
"358",0.034399572064063
"43717",0.279121535698305
"38243",0.166058915285988
"39791",0.249588427414037
"7478",0.00150978483527084
"28860",0.108381793768639
"12728",0.0777485755664219
"25563",0.318758936077234
"6908",0.0414532442800279
"6136",0.00509563028382084
"28856",0.155242223762179
"5269",0.0125463783531159
"69",0.00879380475508523
"1193",0.00830936977322565
"20102",0.0136090618147137
"31326",0.987980133466696
"30978",0.00240685880833768
"16013",0.132860195459951
"38804",0.02622300618403
"32166",0.219998818564749
"20823",0.087168553885208
"30685",0.105196440835951
"18963",0.144237728258223
"39318",0.261619519618626
"12059",0.000520005702940735
"35710",0.0492987510951884
"1043",0.00127153078024738
"9602",0.239283526961979
"1280",0.00327798989671293
"24914",0.01105797507287
"26202",0.00173472207393985
"35478",0.00922313783845541
"37080",0.0238105278428242
"37264",0.00691692974903066
"31438",0.610550582053988
"23094",0.051711423963145
"6012",0.0206778970671353
"42650",0.168587290804182
"12172",0.000809714790433777
"8676",0.0300530580972393
"8816",0.0121688679566051
"32367",0.101290874637162
"17503",0.000670916831950673
"29866",0.0663978935413963
"20551",0.155859897401393
"9687",0.0922848438234686
"18908",0.461186753883903
"26803",0.00323270558558213
"2844",0.0272293514029205
"32884",0.0314765986509951
"36135",0.817972695500649
"21550",0.107465302869353
"1655",0.00519581835014126
"14222",0.573455068124859
"9166",0.0431580429514646
"28846",0.0938872566642017
"33755",0.304555348319536
"44602",0.00683002851629662
"2453",0.000365747240959649
"1271",0.00716832206690841
"6681",0.0256413439914697
"31957",0.223240235996784
"10497",0.101917327143816
"35496",0.0714035148438039
"14483",0.197216275306844
"15175",0.143778385591571
"28140",0.0530682806211729
"41469",0.800640375394197
"28986",0.0398773043725737
"23707",0.00401358372122924
"32461",0.755577716152698
"44064",0.228333898524388
"8150",0.00952711529352117
"17703",0.000876801958713106
"40965",0.606381762718849
"10708",0.0400688548928058
"23603",0.00104355569285773
"1561",0.000821293963987132
"13505",0.0680920571959314
"25522",0.0130581947163619
"22135",0.0204427271494914
"27011",0.0358786705844979
"41801",0.092219442195726
"35666",0.00522433435328481
"36005",0.00225588605966561
"27929",0.0386413440764956
"28703",0.412203810472319
"21704",0.00386074811508552
"29077",0.0424216365942142
"28652",0.0548888040902695
"13875",0.00382756522768281
"22888",0.00597986550592316
"15915",0.00229797588474228
"5655",0.0148557474626977
"36257",0.228907001144645
"24238",0.438103743430927
"17877",0.0282785255673397
"41843",0.991711178137907
"26525",0.663759426347459
"22045",0.0139733911075628
"18950",0.0520106094870306
"36741",0.236738401509884
"14400",0.131646406507015
"33773",0.0116896955812348
"10517",0.0321558155123082
"7726",0.0157383286749515
"10380",0.00687038683426922
"35428",0.0313478282441554
"17534",0.0349147373783718
"34788",0.0263483100950912
"13656",0.0378101988850951
"33034",0.0384015600490703
"28390",0.00922525648455967
"792",0.0598405580823049
"7900",0.0336526972549487
"36437",0.00197941775491256
"35239",0.036123794258071
"24994",0.0620527310543436
"44306",0.427894908632372
"33220",0.108015092124233
"35290",0.0406191095646094
"23454",0.0176918045486881
"42903",0.152319561557955
"25308",0.00704521997164283
"18306",0.00360419615581628
"31632",0.0562436174114734
"35012",0.102868559867512
"717",0.0643237947808002
"362",0.00411750234616309
"9286",0.00385008455402855
"13957",0.144400418479951
"23115",0.0285000446503179
"38947",0.0616111247445438
"30937",0.238925879323353
"26612",0.25364416747789
"41190",0.224825307421491
"11790",0.0140714212617946
"22024",0.036851629515064
"10361",0.045145761521803
"9959",0.594660883200622
"17801",0.00172728826394266
"21397",0.00500586739536656
"31581",0.377338495235102
"33712",0.00466334625966697
"41473",0.840976750802622
"44024",0.862133669133365
"41138",0.0227188546834874
"9310",0.408746933680281
"15489",0.0221578935551681
"30861",0.0128063942046098
"9716",0.0532508613863728
"29978",0.0448224941253666
"32835",0.153068104917786
"3199",0.0474144307556315
"36130",0.00776159640231561
"16906",0.321175948586313
"7289",0.112609321566662
"20394",0.0142979630656302
"36170",0.0546388716138304
"25883",0.582953150002595
"13573",0.00398377918222647
"1370",0.00767611484003959
"2592",0.00136587578108323
"2090",0.00163414397955675
"29930",0.00943046314168141
"37227",0.0211753363233086
"38603",0.0148923523514675
"26465",0.114221193477145
"22958",0.0374528449046129
"44225",0.0558060250964848
"15760",0.025470615038131
"28167",0.0529633754321729
"43331",0.9892485539694
"3904",0.0410036244648104
"16464",0.118246337603943
"4272",0.0597776919296946
"41450",0.210365334702502
"38813",0.00105475847386702
"12247",0.0433388116714705
"11354",0.00136265816345806
"42566",0.799090866776816
"39539",0.0184696506384016
"10362",0.00481958956175741
"15742",0.0226931809287053
"3213",0.00338301492288675
"23947",0.23834084074034
"27198",0.0348980106465806
"22962",0.0100592702390577
"6630",0.00209629416072053
"35503",0.0177628383945164
"16208",0.0499191152990064
"33087",0.365904720530845
"36404",0.00515814779679288
"19779",0.0350269594962262
"20770",0.543470852631231
"44983",0.142721627237753
"41978",0.0407187364536867
"6154",0.0084501712220235
"34991",0.0351610173682993
"14557",0.0741100061554029
"23650",0.000469861639393355
"8908",0.018929466902764
"37199",0.0269418542649543
"31150",0.434248003767003
"45007",0.818868512522844
"1231",0.0626667172297804
"12362",0.0208620679432134
"30343",0.10545632689873
"3686",0.0184236196730748
"7185",0.00863582627318175
"42992",0.00599634488985171
"7121",0.00855332479375305
"30852",0.0984088668281385
"5287",0.0631259790203533
"39293",0.000943021480420414
"26713",0.00899906130427203
"34437",0.134032727793969
"34096",0.870533512175429
"29707",0.138762505271598
"40021",0.0512653059272348
"2305",0.00585960625374004
"19017",0.283098166870353
"19693",0.329952530670934
"36253",0.0320114964560651
"13285",0.0847018701706515
"42287",0.29709857845542
"19715",0.0210097029332175
"28307",0.00756401783243486
"5354",0.0149864866742777
"19020",0.0427344805544412
"32122",0.281033675529288
"8208",0.000578738105204091
"35320",0.111493450516789
"16995",0.0540427319862766
"35790",0.123713830777325
"42258",0.833271230303303
"44075",0.0163039338806308
"22064",0.00626266791511198
"14672",0.132648648045781
"24018",0.0167293970663673
"17229",0.15379631408629
"41550",0.369564861747039
"12180",0.0229189826795437
"33119",0.093647840739193
"28504",0.306209222871613
"13194",0.00660939907310028
"24503",0.00344905844224613
"38610",0.0920902657756982
"26275",0.0163923847208393
"10875",0.010571035266795
"26437",0.0355467024604004
"19939",0.0305824521029959
"10294",0.00817323849975941
"37358",0.570052781539886
"24299",0.0292937454355621
"20049",0.16104331593292
"26240",0.00164543703942443
"18748",0.00258028728679252
"9007",0.0227833067023077
"44678",0.469017322209567
"32369",0.0825569756771606
"15339",0.00170922038803521
"43014",0.807428218449249
"2778",0.0410771520920661
"27424",0.00629064117886581
"20241",0.00879619692280661
"32922",0.0398458495031554
"36649",0.435241768516245
"36092",0.00386899125344211
"42567",0.989894149514854
"32761",0.105089600564399
"3463",0.042563580758094
"41425",0.0126744719290185
"2530",0.00998621797530952
"15818",0.218781488594655
"37388",0.615755524682371
"42965",0.819593925133965
"33798",0.0132011045023594
"26433",0.0561929248568609
"37435",0.0459223513838417
"5768",0.00685160850665487
"39877",0.227849610633347
"28415",0.0175527628146843
"17357",0.101772274009155
"41051",0.118270633371143
"42607",0.0262833128274521
"6609",0.00448034169085751
"3962",0.00529258369158159
"35092",0.11446161004469
"38132",0.00172124852899838
"32100",0.18405634897983
"6006",0.0976108278932308
"26115",0.0539728892273792
"31119",0.300051658915657
"26005",0.0833214660208919
"11505",0.0169623516548986
"794",0.0535341683598554
"11459",0.0387542348659823
"27881",0.00636905998395943
"34834",0.0945394444296493
"36193",0.0364058773635254
"20632",0.620769777346834
"6269",0.00727747855854508
"1279",0.00670174910308689
"12155",0.00110450756020791
"32714",0.287122518854303
"32666",0.0481427473814898
"31087",0.303702350739256
"25534",0.0626501663137762
"16577",0.014628291498772
"2074",0.0161532571789397
"42405",0.114228937872193
"25267",0.0355730649109783
"26292",0.018107169371784
"25484",0.132462562636217
"15356",0.0128310641287346
"10969",0.0419244321402083
"1337",0.0273564917500201
"44689",0.258915545616042
"32465",0.102465108902821
"33871",0.674601990380926
"14613",0.00368305716949936
"11723",0.00155978480821126
"21458",0.00142089134356648
"33215",0.58016519276595
"29223",0.0296441712982917
"16384",0.00186974546930921
"559",0.0135558320978663
"31207",0.388794741743879
"20312",0.253189504870474
"24824",0.00805825306669034
"13586",0.007036330662823
"33933",0.126578010958615
"7624",0.00798066146914369
"23850",0.0100936228594211
"5430",0.0163651227983416
"8322",0.000972211162265851
"41121",0.055521126524035
"22138",0.0209925679625423
"44897",0.724751525427092
"18478",0.0361690159020575
"18678",0.00581362920833153
"4909",0.0044464495251457
"39958",0.345845962211137
"32517",0.178575962367116
"30529",0.619761388121113
"11701",0.0070575628674708
"36203",0.00370799370255268
"6881",0.00557031355253221
"44122",0.00102812300766924
"37155",0.000825697487085882
"41722",0.681093532645246
"25533",0.00602846681805636
"36852",0.0417671669928499
"33507",0.0554284509750209
"27982",0.0365846314746142
"32463",0.723912477312956
"32473",0.239819322196218
"3687",0.00800834211929943
"20591",0.187791728732482
"37607",0.00264832025011872
"37871",0.373002182947666
"34293",0.0105130094763871
"33390",0.0560689605821651
"6563",0.000245126266230919
"10355",0.0273270332492496
"17466",0.029267155211973
"31992",0.11136750735089
"10609",0.0444808862506275
"34801",0.0446168271232269
"5775",0.0353080971927323
"7609",0.00697656256620263
"40746",0.426987478947445
"2945",0.0397426928212649
"40548",0.146243248761426
"25428",0.0196904316930445
"43865",0.424358385034635
"5167",0.00730895422919329
"24354",0.315878346056086
"24307",0.0225054903435099
"109",0.0731918205162245
"37469",0.0170244600311963
"44807",0.870070867877025
"15706",0.189978687218057
"27658",0.0185236850648443
"15596",0.00305018620987198
"26918",0.0591932998340628
"45155",0.144928340370505
"37535",0.0475433260592013
"8428",0.00972970490474138
"3769",0.00185135818712951
"38226",0.0340742684524334
"19557",0.00651789197671046
"41774",0.345998674841329
"10885",0.00854207132585448
"40112",0.10128402416622
"28859",0.0223204481600409
"15491",0.0346664055846806
"36657",0.0492911656019853
"28264",0.0496754330076915
"23924",0.0129725371987326
"15315",0.0087551387593184
"40349",0.0150228988639309
"14110",0.0129318693665309
"17663",0.00230388432803339
"6980",0.0016637881065261
"18929",0.193103376886851
"27098",0.0426905784862172
"7879",0.00236290100319665
"2885",0.0215691142610578
"19578",0.0122050561420188
"22122",0.0365626273206149
"8669",0.015724562188375
"7220",0.0181712967327099
"36557",0.00661856819169288
"35913",0.0180854678401932
"7884",0.0130294930502256
"44527",0.519580087899009
"43642",0.126625322113297
"12733",0.0208000850110047
"39844",0.0061845555411843
"14488",0.0361956119846777
"14146",0.0562728571782303
"42734",0.931999373751511
"37274",0.0586260733909508
"31289",0.243888485262813
"36963",0.283579418181486
"25550",0.346646543665603
"17849",0.0144490004695214
"31165",0.034743525514707
"42784",0.0592047223061946
"4840",0.0357313457003106
"2681",0.013754002259993
"15813",0.00314339826633312
"31490",0.0552024925959185
"22219",0.00728040009920396
"33474",0.0531633993922144
"22239",0.0175638526751274
"3923",0.0339816737655818
"43288",0.502391233158556
"41534",0.077583985399017
"9333",0.0089471419326386
"22213",0.535657407150555
"30010",0.361263826799724
"11410",0.0242393117158413
"671",0.0718765324110516
"20793",0.0384172337189466
"41967",0.0716976403646896
"15229",0.0555210052291296
"32408",0.308814041167936
"2362",0.00740247375946538
"18480",0.197219576057509
"42339",0.591005206838399
"11746",0.0531967097514682
"44179",0.639448181314177
"7404",0.058495146628447
"31963",0.578028849468465
"2330",0.0175957593678463
"28192",0.115167920561655
"26874",0.0158182238392605
"42769",0.037696298754736
"37821",0.25832419342223
"22637",0.0278737507179355
"14697",0.00863651043016081
"34019",0.953838819179816
"13595",0.0997503182989967
"10983",0.0423472474348299
"17081",0.0190417724620748
"27942",0.0156398418778355
"35632",0.0125128972702043
"20140",0.0702548062909019
"39820",0.116926534178175
"9259",0.0347228330995747
"40414",0.027377637045154
"38406",0.0186957955189288
"6128",0.00818459766799617
"40427",0.0553760715736782
"6974",0.00786257450214337
"13066",0.0471958391810838
"15342",0.00373505444291373
"42041",0.431116505382907
"40659",0.0000201904669475864
"41158",0.151194485920424
"32067",0.0501320198492693
"12538",0.0100802884233337
"7269",0.387472205442227
"12213",0.00261761570812654
"38468",0.00210283038274001
"33218",0.074481624242169
"32364",0.0553581772684025
"28389",0.033882565456997
"20322",0.04300946519752
"5243",0.00569844739212939
"18866",0.0239658382965258
"12162",0.0014284216019005
"19535",0.031283989805289
"27839",0.110031899858805
"4138",0.0530170962024144
"42995",0.13908284805127
"6484",0.0129269262299353
"35781",0.00550141094868589
"25130",0.0428338184079151
"36103",0.00157753411909026
"478",0.00283563904531404
"9606",0.120680125510179
"11015",0.397999248418211
"20101",0.319747798617091
"6350",0.00587167036436828
"12270",0.249079157179315
"11222",0.0835733713731428
"13031",0.0817398970329929
"15710",0.00161081571224622
"4075",0.00869015829896142
"36928",0.198613541476484
"41632",0.0587486091963918
"34669",0.00256520683263885
"22748",0.0601728125085253
"13212",0.0160027618729675
"3965",0.173928383060921
"35316",0.135503122063883
"22236",0.00503158510093171
"4227",0.0180489664713546
"15837",0.0213767803029501
"27916",0.00321066361840246
"22854",0.299863258971407
"10267",0.00391737156312457
"11113",0.000601612313686006
"8786",0.0364470703442952
"37180",0.443887309432989
"28609",0.0174569539225175
"12930",0.0661037776377448
"41741",0.644569487110144
"29149",0.147887688091468
"43782",0.396232828893433
"15409",0.00706039003338777
"6731",0.00140267991256034
"31526",0.251143338430879
"21386",0.284945089713897
"24305",0.000968680836706723
"40087",0.0624198740663605
"4820",0.00256445144221324
"40079",0.0588222357205476
"25384",0.00280708897328249
"27720",0.271569691332677
"24690",0.0210000734857631
"8088",0.0658861086098155
"7433",0.0115175541822926
"37431",0.0510211454189771
"36806",0.0292866917516397
"2413",0.0234155023187255
"15743",0.0320935387861069
"33874",0.392253374809644
"23458",0.000933122824342507
"1934",0.0421465546001734
"3261",0.0372756296425025
"900",0.0121180175022485
"38748",0.000925273047125291
"30624",0.270847734290545
"40082",0.263876817255761
"11243",0.17545688035864
"639",0.00841383861518581
"27774",0.0400213434355717
"7779",0.0169545368665824
"42993",0.0449784212534841
"44403",0.274643712611329
"31226",0.153004463946508
"9070",0.694826437133361
"38914",0.0160515140540902
"14153",0.511408529264986
"26808",0.0259631420690124
"26050",0.0259911153011784
"26974",0.0121805736412554
"31313",0.160456556280233
"40363",0.224960327043913
"14096",0.0112388799710019
"11499",0.155944994417928
"7249",0.0149585474975804
"14322",0.0243839255092179
"1429",0.0105259667574729
"27237",0.430486641630797
"2714",0.0148760403694943
"5301",0.00163102078720689
"11533",0.00647481728645371
"1744",0.000496133717838787
"4162",0.0676444859744122
"12705",0.0522067236411777
"28470",0.00268876050988575
"35000",0.0407577486994504
"20761",0.0208760706880443
"11532",0.00970858856522209
"29714",0.0198441553679412
"3475",0.00348784483141151
"32175",0.0317622463436255
"131",0.204380372536098
"34940",0.129907487396051
"28",0.00315972002122965
"38812",0.000998013746097148
"31442",0.765387283825176
"44576",0.616463956664028
"25299",0.0168215203363745
"15094",0.742296998769488
"36074",0.00773528326780244
"16641",0.588152492223381
"2637",0.00131567843865319
"43777",0.222445723629964
"16861",0.166492724216009
"6174",0.00591520065254579
"8147",0.00416007927674205
"38166",0.0743793300202382
"499",0.00219252409562857
"6485",0.000624457779285359
"39590",0.149882020753805
"3970",0.00182238103497341
"40802",0.039967832599542
"45181",0.344797074557848
"37696",0.282583355403572
"28053",0.0179903379297938
"34581",0.0621692886970556
"32273",0.0603262522789504
"16058",0.437769481361993
"4021",0.00329915916454509
"44522",0.83170082955123
"24204",0.17111039906082
"5550",0.0310209071793896
"15799",0.0569836856398976
"23535",0.0128942817852958
"1536",0.0151518519437858
"33870",0.230557487133349
"13820",0.002961807620551
"44061",0.62149371911746
"24222",0.0542478065874483
"17175",0.0520109291768731
"33112",0.167547766307371
"25432",0.627455531496501
"28459",0.295857304869492
"42464",0.0388821938843467
"41523",0.83870448438511
"15333",0.187876819498357
"3036",0.00841957790603388
"41977",0.109909292070409
"3473",0.00422493338218723
"357",0.0248839848069117
"31503",0.0195059774215375
"8814",0.0485190884918073
"15657",0.059259054703744
"32850",0.235764205994024
"29557",0.00176016761938042
"39114",0.00763726717069757
"11364",0.198209409603355
"41605",0.0203452020056415
"5086",0.00526626006757582
"42222",0.48506476513784
"29459",0.110719654588904
"41987",0.515210665396687
"32755",0.0698676886376649
"33075",0.0179102938366419
"41802",0.575377765369586
"31872",0.340326992266896
"36379",0.0213590670380406
"9889",0.064992576747205
"25242",0.000403356125089319
"35775",0.0132877335624822
"23644",0.107962780986209
"11860",0.0856382597092278
"25380",0.00369421483183002
"1798",0.00435386506726708
"43309",0.561958739324119
"19792",0.0484543276147687
"31529",0.341228624808755
"33470",0.001568960803297
"14709",0.0117521323890283
"35603",0.13454699082699
"35167",0.00377886724239055
"42000",0.653542901413314
"39138",0.268591771079143
"19782",0.0270346148901999
"34012",0.813339075854766
"32007",0.0428571965248197
"33381",0.0402322126626135
"38692",0.0177723407992078
"21577",0.0226861460524716
"25454",0.062172780675198
"11629",0.00525603899054634
"21047",0.0322339607237809
"27568",0.66554311899704
"32592",0.0139815567622275
"29516",0.03112821887139
"16559",0.0173276553114327
"42637",0.0350880680967219
"11671",0.0118725792232754
"18719",0.00109830567589363
"4052",0.000826312687461267
"504",0.0262485791233798
"18795",0.00299849757071464
"38678",0.0160743007981702
"11536",0.0163514997184336
"24477",0.00403102381560674
"26898",0.0277747343541028
"33421",0.0103887290085389
"2028",0.00494884103608575
"42972",0.52423026311285
"36219",0.463035351610927
"8045",0.00144640677604141
"40572",0.115141418581652
"38654",0.537680104623577
"38581",0.0154742501078203
"17105",0.446978674634594
"45128",0.378103387678119
"17548",0.00396273154719791
"761",0.0146436573838308
"37342",0.068406386057854
"34412",0.00541790794655138
"10053",0.0207313517535426
"40974",0.96675741562039
"23306",0.0173924065878461
"41693",0.0605671311202811
"40949",0.210630222470978
"18228",0.0104477340488155
"30391",0.0677900910094922
"16435",0.027115628074693
"8226",0.0126223381088293
"44837",0.00139786402610241
"933",0.00619304752768463
"17422",0.113156570748061
"20077",0.00353609603425189
"29998",0.105549045184913
"39016",0.371364178901579
"29603",0.276246037115619
"39329",0.00186362978446268
"28312",0.0145664529451939
"29059",0.00610909417990264
"618",0.00702184244341882
"34546",0.135010040325157
"29740",0.245272015544615
"25836",0.138286652631899
"7599",0.0110734069284593
"4570",0.00697817209035199
"9083",0.00124742596448847
"22998",0.0255770738099577
"24097",0.177447154759591
"28375",0.0194154881483756
"40640",0.0657463476773957
"8777",0.0412856746149295
"24408",0.293710903413079
"665",0.013905654217958
"18710",0.000672167185052247
"20104",0.00834151256664259
"43713",0.298866443149735
"31256",0.0928443055244754
"41798",0.149368945869934
"30248",0.0928504135814715
"2329",0.0538095753339926
"13910",0.0747144650800645
"4236",0.003235210273598
"26569",0.00643703908545265
"21551",0.0238893692021492
"40410",0.0285599094244642
"12446",0.0220165662370458
"8440",0.113166335285063
"37645",0.347131643251754
"20458",0.00342129735806232
"9793",0.0367526671540552
"5696",0.000855974665629032
"15583",0.00678602016973291
"15450",0.127823760937033
"3150",0.000148611231470504
"24962",0.0529606969933375
"40476",0.0131000664326352
"37372",0.507570354297718
"42604",0.733688878725313
"19976",0.00559150495946891
"40141",0.473785848675523
"34071",0.530741482583168
"13224",0.0327714443178102
"12800",0.018322606528185
"32114",0.236853989028583
"37561",0.00190070885222277
"26740",0.0156454850734439
"11923",0.0112171246927295
"6686",0.00820747625957122
"35462",0.528089471700319
"18403",0.0317029186755723
"12923",0.0105117452081456
"8874",0.0625658666514526
"11454",0.0324542651343437
"19395",0.0160973536843635
"1927",0.0111705405836244
"30866",0.848547617969807
"27753",0.223375077196069
"11503",0.00987813036089239
"33592",0.0118505615294785
"9394",0.0325000355433103
"34219",0.0579042110583362
"5557",0.0175154403891211
"12545",0.00215671084773748
"3490",0.0136979228419388
"27394",0.0145955095027845
"593",0.00777843611378268
"44667",0.307090753655158
"33172",0.0737423914416575
"26178",0.298685583933474
"32619",0.221766324176389
"13780",0.581431973952959
"34888",0.00197390470471292
"3761",0.0381527400289665
"44797",0.733334649877852
"22563",0.0541464776804566
"40195",0.0360209957454001
"6825",0.00744250043443089
"18377",0.00958554527050402
"36286",0.220731224841942
"15004",0.00300956640848883
"23672",0.137511782107642
"1203",0.0105856830179301
"29779",0.0562488265479928
"17155",0.00345029977897664
"44050",0.929488676618042
"10108",0.0382726876396866
"36278",0.0120632852707182
"4791",0.0000798702124044541
"3192",0.00330736633573837
"27445",0.0233088263014783
"37516",0.0361900403426334
"35578",0.0152374487177467
"33568",0.0539321058453095
"38560",0.030919756543266
"30273",0.0622258126151761
"18175",0.0339716570343327
"43071",0.0992518051549388
"8942",0.0450893202808871
"23048",0.263728971598646
"24308",0.00183205357060324
"5802",0.0330962257366439
"3323",0.270085630519193
"44684",0.00259233214419717
"7112",0.0212236109419939
"23777",0.000995035979169015
"9032",0.0748372638893107
"36585",0.0136347418462301
"34566",0.371787558633542
"45156",0.439517269851115
"24864",0.058758480744261
"6224",0.000980244265329366
"4904",0.0184787376305796
"8887",0.00652128213985637
"10098",0.287794689518496
"38488",0.110365018389215
"29617",0.110492913490651
"24298",0.0202200794001989
"35389",0.0752212290770981
"42697",0.127072986279195
"44192",0.319957712175421
"41751",0.577015392848317
"21994",0.0539089548421675
"12280",0.0465078711488339
"16569",0.0116296424577997
"34326",0.0996391690552312
"7491",0.000619315595082662
"13522",0.0145096202541845
"32323",0.0805588496720288
"40036",0.800769053993567
"18408",0.0356288957523362
"37623",0.483495769870495
"10475",0.00418538112294491
"36990",0.3624191430399
"4953",0.0196623504517045
"28997",0.026579664556139
"8341",0.105563278126139
"36124",0.0561742030053945
"42514",0.226895545154389
"44446",0.140049707545594
"33444",0.429769671698137
"41572",0.303288002133802
"43641",0.430877322180637
"3119",0.00849340799562862
"37923",0.00988645175061976
"34517",0.106016315089728
"11764",0.653040078639585
"19492",0.0184291991837186
"44156",0.595934067991716
"2149",0.00888987874716682
"44603",0.906209694534162
"4148",0.0240581782965104
"25379",0.104990164508908
"41455",0.744194302409362
"6833",0.0184753855703015
"19031",0.0136532504046408
"1916",0.00626122916673989
"18646",0.00037191800062924
"22597",0.0165618988827735
"5100",0.0283490071690778
"16411",0.149081786820599
"9647",0.0143600393536036
"16980",0.0248271641965919
"23265",0.047183734749548
"14931",0.00281481264496158
"1724",0.00770859705928554
"42460",0.493364741356478
"21208",0.193368049932169
"25301",0.0409942574709306
"1727",0.00653988571241554
"5393",0.0164133585458274
"44029",0.933546439560898
"10557",0.0795733496192233
"7034",0.0305554551429747
"13153",0.0533224999452213
"22377",0.00582744492275426
"33457",0.25517048432421
"7306",0.0104785420446946
"1028",0.00895655808753641
"17057",0.00391498640341374
"67",0.140140533991029
"38238",0.598761667946757
"10014",0.00482800807925286
"38730",0.214375802634316
"28727",0.0463612684319212
"42851",0.0990553565599948
"37846",0.00620145120381286
"14043",0.0136910756102566
"22412",0.0492976444375494
"2640",0.0131592602773113
"14947",0.199264652571934
"44978",0.389078771509347
"20575",0.017319672556072
"1221",0.00271311764954475
"44730",0.84635836474226
"8627",0.0141724262471038
"35620",0.0709805649180944
"17505",0.0291806798281618
"8878",0.0494196352808418
"21259",0.00535066820218906
"44794",0.470969925482923
"33453",0.610392495924299
"42775",0.029814793393961
"10714",0.0286847756684273
"6194",0.0126208887611779
"7102",0.00314440537402299
"38586",0.0467421872944332
"17521",0.0152149360995497
"28921",0.0124555712877625
"9784",0.0222859438336118
"2364",0.00287496402267209
"39484",0.050037871649995
"16937",0.003830319761056
"37950",0.50876529268662
"4407",0.0206510515056252
"18986",0.232598660664419
"13308",0.0495127723164756
"14388",0.188535569641897
"9386",0.208140353280715
"9653",0.00360232788797709
"37047",0.0373596448277399
"37788",0.0478758599019619
"37037",0.00610530910597399
"14840",0.554800761400322
"2029",0.0117154326858092
"11352",0.508038822279059
"18809",0.0153605538047337
"30329",0.260627116970077
"31585",0.0258937925530211
"30878",0.00165764790161739
"21054",0.648562118060161
"9872",0.0205321414447122
"25579",0.0107443753076882
"4539",0.00042779329578212
"9458",0.00344689057213015
"35953",0.0611372398961321
"15378",0.0932208059258816
"2663",0.013321853180653
"39510",0.2733604019756
"31819",0.173397182008348
"23875",0.0429208990876185
"34906",0.0795736687478619
"23902",0.0760076974269898
"28361",0.17444401794302
"22715",0.0213236648584453
"37445",0.0696253016019673
"39137",0.137967726354934
"35742",0.0488579201633086
"38918",0.120526665019305
"18771",0.0255173540075922
"38495",0.266891036140877
"18446",0.00717211504806013
"34031",0.211619863173059
"16605",0.0960111465170908
"26873",0.52788951012337
"575",0.0198689259820427
"30435",0.0133676833966719
"44302",0.00093044276192781
"7272",0.18801797859395
"19029",0.0767850860679896
"28898",0.520362841522148
"31384",0.564068016481278
"20245",0.0451781908330986
"18738",0.000947982585558483
"21119",0.042402217632725
"30345",0.949200714774898
"27302",0.0155154055347793
"31094",0.623560295777358
"16685",0.023143230423537
"39309",0.201197004047759
"44474",0.116515454402711
"18570",0.00984940434246392
"121",0.054463012942564
"34054",0.155198589908198
"14515",0.328668635097327
"23268",0.260288944521321
"17039",0.00869872335949068
"33895",0.788055704437196
"39117",0.127338649390106
"40704",0.0599615400223799
"28510",0.0374508518294745
"34108",0.674480849384425
"28971",0.0190166926024153
"25445",0.00420175745871947
"1493",0.0131222633425935
"1036",0.00372230951010882
"27734",0.109099142872566
"10912",0.14980990256682
"14379",0.0245368230512932
"32765",0.0744064526167267
"39136",0.0810996982915405
"6531",0.0307472736370902
"31035",0.0215662467047901
"27714",0.908845674511766
"17768",0.142159152042548
"12627",0.00347294352445135
"5122",0.0312295735178596
"17526",0.031732614695422
"30158",0.000708115465329106
"28764",0.0266822995072604
"4782",0.0937739880661209
"14380",0.022079553375079
"9509",0.215382105091981
"21200",0.050228691987124
"21706",0.0270477693228724
"38844",0.00221517108850967
"42788",0.201570222599316
"3921",0.0141145162135687
"17660",0.412913242339027
"28486",0.298909277709423
"6439",0.00893672593748096
"2824",0.00835282009247534
"9544",0.00294885038814975
"4717",0.00384119104219584
"11355",0.005161150999797
"28948",0.0130260059695961
"20882",0.0281111261138103
"30668",0.295916743103296
"31511",0.0848325461024003
"24343",0.00203108677760625
"15920",0.269294192426327
"693",0.0242139045189968
"25910",0.183903373369522
"43005",0.70700225539554
"25927",0.0323533611861562
"3956",0.0142676180411358
"1632",0.024516142813301
"23464",0.0303714132739872
"7489",0.00859126774893879
"28919",0.0372899488149078
"40147",0.602630393715018
"8454",0.013045393257477
"43060",0.0863074123245216
"22527",0.109885234738934
"1421",0.0105597074060235
"13882",0.0591030888418923
"41035",0.0806718465280331
"35384",0.0431881030375566
"22909",0.0528630461387449
"35493",0.795511072752971
"6495",0.000545420811545748
"25753",0.0366926628487609
"17030",0.0395098861215946
"30191",0.164054233608332
"35510",0.053110936151597
"22155",0.376536001742556
"8699",0.0021026342015952
"4694",0.0109995546866309
"37501",0.0418255089878662
"5483",0.0121419512065573
"10103",0.0782760351532258
"43666",0.144897758372094
"43715",0.84604067546287
"13555",0.00135877137963982
"11781",0.0249234557921133
"12026",0.000353810473627795
"39782",0.173976422631931
"17411",0.0212472215911718
"17861",0.0195449315039277
"13378",0.00280632825822623
"41878",0.238460060126726
"29940",0.0139357799874045
"38911",0.000543756721572854
"5281",0.0499873828412091
"2199",0.0120579294581552
"34714",0.0563209217816135
"8824",0.00152362915066693
"20597",0.0227073891720324
"39846",0.585877366267279
"44098",0.122075395602117
"4654",0.00872027483781835
"5447",0.012941869744961
"41876",0.800191512504246
"1625",0.0114301311443017
"18553",0.0105334441149691
"22626",0.0375236176478332
"4132",0.0133232161368702
"14565",0.00914863904220006
"41208",0.0939737083399135
"33597",0.0389310379308192
"37738",0.179033050337205
"16209",0.144435251895242
"29967",0.0110018348564877
"2669",0.00459973586352933
"37522",0.662200164611849
"25279",0.0122737729325444
"11130",0.00698613353850317
"42231",0.308351301228687
"18030",0.00494773524751921
"41692",0.035809301119421
"12000",0.00612813811278014
"21929",0.221318698737364
"37300",0.034135436338693
"13339",0.0711945544606986
"4818",0.00599214031245085
"25847",0.0572762124145852
"21898",0.0367634116454431
"4571",0.0478999134543281
"20094",0.0235254347607555
"20222",0.0141053221016686
"41561",0.80834850938036
"15095",0.0557759547231834
"17043",0.00163138107746992
"10779",0.0633339298431895
"12880",0.0051549116625055
"17546",0.0545272788939888
"27153",0.00630919095306655
"5755",0.00113783895813578
"28792",0.00196739416488381
"42924",0.0304467784038971
"38995",0.146613414645025
"34286",0.0461298660475304
"32382",0.103811913685042
"44708",0.265822359188722
"244",0.00491701159489502
"42911",0.0221517172860643
"20537",0.0578336278143183
"11712",0.661536010616518
"10924",0.00319333630208811
"17622",0.0348673601643566
"37269",0.0248815512200371
"39121",0.0300594991064287
"39494",0.110592210872555
"41275",0.00716919228518957
"29200",0.125139034206165
"1159",0.0392518829853755
"11129",0.0278484982146642
"39141",0.00164356043927592
"33185",0.0400872964167894
"28117",0.0779744297737751
"1323",0.00496969751623688
"11472",0.0227262560278085
"29071",0.13341452788402
"12894",0.0207294760791013
"24506",0.350820260118092
"4170",0.123135785147537
"11234",0.110371285834037
"30953",0.00915237594134942
"22145",0.0146466847754714
"26068",0.0274075362989334
"5898",0.0373878526906782
"15133",0.0416468600744986
"4412",0.00760501616613549
"28927",0.111944806778303
"34352",0.0517499961472581
"15273",0.263180585140835
"15697",0.040915646493739
"41288",0.232879393444747
"9683",0.00511004167722841
"16668",0.0656646254694772
"43268",0.883272838832117
"7698",0.00157884683603783
"4134",0.0288027578640529
"42542",0.345250388204218
"21079",0.0787826241067204
"23137",0.0302074769503274
"43537",0.793649309263096
"14411",0.00988031539211948
"28233",0.0319701020375912
"40327",0.582810249706937
"6312",0.00044227662887867
"32876",0.0124148173577711
"44110",0.118479388741588
"27253",0.188180845925603
"3030",0.0578908237124399
"24274",0.0140903325962527
"44569",0.034006968714463
"42022",0.228431306675792
"4948",0.00122976313355112
"29253",0.0407603510867712
"43044",0.813745686492023
"28257",0.171283035347131
"44848",0.805165334278312
"34784",0.0199128870303946
"15379",0.0138392693025076
"45197",0.29290563553784
"9425",0.0815624051120516
"22297",0.0484051964158422
"22333",0.0585143240355093
"8183",0.0861444446876264
"38855",0.00982286041678742
"7304",0.000372444907830328
"32704",0.0720779341999441
"11940",0.00867543955713569
"34308",0.919061695730037
"9774",0.0183671688350564
"44167",0.000570752026174939
"29904",0.0273039543092408
"35720",0.035844688195656
"33739",0.0675915862045758
"10684",0.226184652358266
"36245",0.00285704189005761
"25841",0.125140872872755
"39145",0.00693206480688815
"39889",0.0670287840062592
"18327",0.113762703695505
"8375",0.272598578446194
"42543",0.808457597901657
"15914",0.00467021264068608
"9311",0.0116648121990053
"20642",0.0381620992153797
"4329",0.00144961016036147
"36099",0.00475019959596404
"31700",0.05936613975402
"2492",0.0081983680130267
"9232",0.00467078919264485
"3131",0.0282818133290307
"25120",0.0157378059650136
"21307",0.0103225815247498
"32586",0.975434669729599
"27641",0.0164756601360324
"18009",0.025261820335164
"602",0.00886077310380559
"31709",0.387644199729065
"3015",0.112850540846469
"18855",0.0632954891370704
"33169",0.127472632771203
"9473",0.00911818403339769
"38399",0.00847921122770714
"39690",0.517947259191853
"34443",0.0604424780912002
"14220",0.0174036453089061
"35177",0.00309592423714264
"11732",0.000243544151362248
"39717",0.00687984450262662
"21529",0.0305603416181534
"28765",0.014095334476275
"3459",0.0800317496188305
"33447",0.00890021408992166
"14311",0.0187367478073946
"12805",0.0262953763534727
"44914",0.516788240669944
"28966",0.154337934423983
"2271",0.0146144081340519
"35958",0.180187073802257
"583",0.00930648985073921
"30428",0.0325055803803921
"16349",0.116345250818576
"27999",0.0512494016087496
"24144",0.0284593448566921
"38796",0.0012801411939339
"10648",0.00304359468659326
"16572",0.0628374244822753
"40185",0.0576459926663242
"518",0.00810888442353589
"17763",0.167491201163949
"26992",0.00260386682889187
"4243",0.0332457840463584
"35834",0.0354887209105125
"29316",0.176163108650286
"10588",0.0109731401234635
"22403",0.0254551237806945
"21201",0.00437182491092303
"25778",0.0356681706830688
"43363",0.869043101367871
"10505",0.00263060403616536
"5153",0.000231101005053639
"29148",0.0111975594128931
"16259",0.0465169567315089
"11875",0.025523727263167
"6295",0.0191799701623995
"26868",0.127305787041135
"4297",0.0199402132146027
"23765",0.00121719078812713
"6211",0.00291572717103739
"22557",0.118838526132053
"32339",0.730868491877423
"14503",0.00376517986382868
"44145",0.548296350733151
"37828",0.211072337281288
"34496",0.0775988251880674
"40050",0.598505933809657
"37694",0.00158974985768563
"20501",0.321556311596101
"22302",0.135648274926489
"2841",0.0799016861129341
"42504",0.738571952567788
"41563",0.475517807877044
"23876",0.0160174887512657
"20599",0.0473240225090229
"7931",0.000546478408592744
"10370",0.0200963758861054
"38583",0.0104221011856751
"38891",0.00437956950027345
"40656",0.295454608349129
"20201",0.0964943717257021
"32815",0.0335627210785569
"8921",0.0030066402470575
"22381",0.0426815001262712
"33973",0.573572359948944
"23064",0.0185576830202381
"34525",0.0111781697256397
"20046",0.023849221431523
"15170",0.0004610897186758
"36183",0.0548624307295407
"30792",0.513001463430677
"19685",0.0123569328091939
"29806",0.0244521762379091
"39327",0.0826328514137823
"22812",0.00297485875584743
"31605",0.677457785818396
"1894",0.076216977994294
"29952",0.0188701274636539
"5227",0.0133657625830719
"18413",0.0155148571953212
"26521",0.0135469061532963
"10363",0.0216832460287844
"38978",0.0020386307066508
"1039",0.0631662485510556
"17309",0.0327124678186909
"36856",0.162153283876761
"24817",0.00356215598308856
"33676",0.00300376649426627
"23014",0.232673421038129
"3349",0.000345037289104105
"18780",0.005276934486467
"27064",0.0170049139012683
"24111",0.265779043119573
"39378",0.0446565715369871
"27008",0.00171641972846641
"9627",0.120218654216369
"41038",0.135194284419857
"33103",0.131045569182658
"43368",0.496267092714004
"4999",0.0997561025437124
"21746",0.0299607720997746
"2091",0.00356999189702274
"31378",0.318013638633864
"4632",0.00470994830938727
"37285",0.0540449252565143
"18103",0.0104927640827201
"7791",0.080433196772338
"41044",0.105654563343896
"34544",0.189908681088842
"5796",0.00154308839271709
"1273",0.031501060548936
"4185",0.0190001123676609
"1096",0.000742199869084765
"17012",0.0193829981394127
"31773",0.113046449776878
"24578",0.0424623816660416
"18900",0.109239846958147
"7907",0.00998685957067304
"19057",0.0950704627752862
"18153",0.0344441362898711
"388",0.03648553237483
"9828",0.00778993228065797
"7854",0.00549427876804644
"29935",0.621714444485941
"43249",0.927550770413456
"171",0.167164242281857
"26842",0.296352585770272
"4285",0.0389202336218561
"37160",0.0579924164517395
"12375",0.03258999750305
"32005",0.0304240524203611
"7381",0.00696699327888864
"34726",0.0345420605941925
"10923",0.0436292133918591
"6855",0.0885435858087346
"4465",0.0131308029401674
"33194",0.0472813534359505
"22798",0.0530646200991355
"15738",0.0299659330587431
"2198",0.0156989483471092
"10852",0.257808141834451
"40234",0.0500950360132386
"41101",0.203106969047354
"22722",0.11673308555105
"31240",0.311615437472546
"32205",0.0906466110371941
"6037",0.0028179111790865
"5261",0.00822047562270653
"870",0.0207496822242672
"7393",0.52246758766911
"37746",0.0366318722936909
"33298",0.00311240533601581
"32136",0.096729492107784
"21530",0.00150871788210833
"6864",0.0123468962230233
"42351",0.776909102262272
"238",0.000992094382178836
"15119",0.028280564102858
"27794",0.0811246342635689
"40440",0.019050851001464
"43444",0.482880581030772
"38392",0.00631059251030534
"5209",0.00100539556554648
"16261",0.038718300843101
"11334",0.00662206085707326
"5622",0.0106547576079117
"16195",0.0110946879873344
"19188",0.0134527251760639
"29640",0.0566025486061955
"37",0.0322675279428878
"2112",0.00410975787677512
"6130",0.00674588385621536
"19092",0.0132926746256207
"22616",0.0437745392301128
"37320",0.0532005175039212
"29802",0.00783171208137966
"43801",0.452588739724099
"40535",0.0191588728087195
"14909",0.183717301380244
"40831",0.315115799076096
"35120",0.0300653653959939
"14602",0.00244631462554313
"3454",0.00573910523371448
"1191",0.0821477362961557
"15487",0.0300084685205801
"33959",0.0645943555685664
"6354",0.00952971306318182
"36487",0.0350763656697526
"7334",0.0609816676486255
"22171",0.0437392789384881
"21171",0.00882524370648156
"42261",0.613344097111492
"42024",0.112145307451635
"22759",0.187374573741181
"43810",0.00362399435415233
"25886",0.057930937506983
"1455",0.0168916941205689
"24550",0.0092798780651614
"21976",0.0150227459812133
"43352",0.511002406518543
"34309",0.105601363284007
"16700",0.0305888829564999
"42458",0.788379706676166
"17183",0.0978531841210232
"27091",0.0816276031790553
"42408",0.722482217993588
"24712",0.044975198996592
"16254",0.0889645997736097
"43290",0.369072013313797
"11635",0.00725541426164285
"21796",0.00756785682344661
"30160",0.00772416783603389
"17176",0.018741520873097
"43305",0.588186682419227
"35703",0.0456266888124955
"4146",0.000582965562899694
"22744",0.0484996212329482
"34541",0.021359301261866
"18184",0.0178968368779929
"16064",0.16535776212162
"41916",0.205030448307987
"11608",0.0262214263231863
"5793",0.000370442976497665
"35684",0.00888508660945873
"16997",0.0477053143744835
"7058",0.00175866106992265
"6929",0.00413324437060894
"10279",0.625609995091198
"18752",0.0768173718923052
"32903",0.0536096808849346
"3602",0.0014514712890727
"44201",0.561642278026091
"27550",0.0017255902559831
"14589",0.0557485547036012
"5",0.0172288879736376
"6010",0.00844661446797747
"36096",0.0726716833770477
"19705",0.0409597202702729
"38912",0.0366371123543125
"19605",0.0207162408965946
"12772",0.00201379064025999
"43195",0.963055915985129
"32568",0.637158131819669
"3032",0.0700670725367729
"43663",0.0994481152176789
"38184",0.00447054185759188
"37105",0.420444584485983
"31785",0.720987266369351
"6467",0.0159810584461408
"13812",0.0236819492579553
"42846",0.0321907486513683
"33325",0.010388471698889
"33585",0.03427292920039
"44895",0.357779827658696
"15891",0.012831073576458
"34235",0.444824246096601
"26065",0.0365607925396197
"14669",0.101400774875003
"16160",0.0110253222100535
"29567",0.00437837708506473
"2796",0.0127572232210388
"19411",0.0087347358676722
"25614",0.0605925205180341
"38672",0.0424864093792105
"28425",0.143465254496943
"41903",0.701420000489584
"16891",0.0131391425053714
"5728",0.0843236160417038
"17871",0.585570607034498
"20316",0.00356205553355054
"11702",0.006738674756283
"2085",0.00211690677606978
"747",0.0261272675383327
"35181",0.28234109372132
"1387",0.00451946781080083
"32325",0.680095758192895
"35223",0.154833054246071
"9453",0.00556144156307241
"43506",0.176538580381628
"32668",0.136396641829833
"8006",0.000534193377270111
"34284",0.0562070012318627
"42028",0.827674568435096
"30119",0.0655961871653609
"22453",0.468364512849786
"10177",0.0467006883157951
"20570",0.597317912920862
"4073",0.0397079893461344
"38973",0.00178513827418955
"35977",0.0424589219738981
"6654",0.0277959061030966
"42983",0.448080408947066
"13809",0.476079394086598
"4847",0.0116924350315343
"37525",0.165767184786844
"31671",0.293383875293515
"22497",0.012187621576058
"197",0.0128063723761313
"8812",0.389841185719794
"22251",0.0734214808522209
"14732",0.0325940429627735
"26975",0.0391998483912893
"19678",0.0582664247231563
"169",0.208403513575571
"26057",0.0435987708639081
"28961",0.0495395628114896
"34564",0.0314672908450636
"11078",0.165424330821163
"1376",0.0176585017825303
"38953",0.0196099862806008
"28866",0.0671004033736658
"10524",0.00916852325390382
"26703",0.0370559791238538
"37642",0.00209212669981855
"44237",0.037711923619646
"7924",0.000442744227112242
"1476",0.000358668685705993
"34695",0.165904548346701
"16172",0.0017497162218734
"42559",0.940033877845752
"15081",0.00177996901473986
"23938",0.0219309978153206
"23190",0.00468465071722942
"31781",0.835692730466028
"41201",0.0834825113400089
"38059",0.0143370900597229
"8752",0.0491677498169776
"30628",0.671577145383224
"32520",0.0585339444103327
"13041",0.00449796118559207
"1457",0.000197196152613981
"22092",0.0350233422663979
"38019",0.208980120537783
"386",0.00200077921414045
"20205",0.145344610761886
"9396",0.0539975573079577
"2025",0.00232669063952411
"16346",0.0595006444164856
"38105",0.000852754390008467
"44431",0.106455221257547
"41346",0.0867771843926488
"1174",0.182620179513144
"778",0.000407283836802811
"37595",0.00193278566840509
"40129",0.807369003195547
"12883",0.234550341214047
"35489",0.0392541523734067
"18268",0.00508479825092182
"8325",0.0546474383766166
"29224",0.0108650580851916
"32711",0.463314908741576
"6185",0.273793489673073
"20855",0.13934423987155
"21953",0.0161708971263246
"30030",0.0696039778056938
"36704",0.0245165885534527
"24910",0.0863959081493548
"38667",0.00667634323013853
"44943",0.882667910533688
"22917",0.0320435325961069
"38606",0.2585716546213
"21451",0.116912896354332
"43431",0.0350959034112086
"6303",0.0220559811834855
"18",0.000418522273230739
"18426",0.143107485021912
"32923",0.102615469574078
"34987",0.0533495613448001
"42214",0.414151751061676
"12911",0.265217012342835
"26327",0.00636500155816812
"8552",0.000789660081972591
"16311",0.0137145364012995
"19196",0.00671444771537612
"33849",0.0171559998038315
"1830",0.0197665953335599
"8686",0.000288156650641364
"8541",0.0386882979873432
"17471",0.0114726335294404
"8672",0.00868956643082129
"8152",0.0865337280383475
"28750",0.00171958185419456
"8779",0.00934777080602174
"17410",0.0486913293150342
"21716",0.00142656259793228
"9515",0.290227132435303
"24341",0.116313527708717
"13345",0.017972605656251
"31660",0.0849487524766692
"4744",0.0295296127635573
"36768",0.456552238186904
"33976",0.0813545867679837
"25211",0.0593578183798387
"24083",0.310388960801865
"38101",0.0394389127820928
"36272",0.00365387741365153
"11754",0.00101657311773468
"8535",0.0308277354464765
"26432",0.0115297250803784
"7600",0.00773801007775836
"8269",0.170208154095737
"22922",0.292853869941855
"41452",0.710129357819902
"25677",0.00808591875631794
"37683",0.0583171310379267
"6719",0.00250543884905778
"28809",0.115190209802957
"26141",0.00639732591504385
"24537",0.0132348193819691
"33636",0.0290472886911042
"22686",0.00654843468782039
"33537",0.665253582467221
"40654",0.129881793993778
"36488",0.00310572490392035
"198",0.00581369116966031
"12051",0.000449559369064863
"28230",0.00758844055654103
"43693",0.0249833176445481
"31399",0.400071414660795
"3159",0.00630640381421562
"2725",0.00297623965788186
"26880",0.279090272631158
"19220",0.607323210316992
"9296",0.00898434259055361
"24611",0.0163520279997067
"36572",0.159042267976403
"1269",0.00999098378491364
"24167",0.035265186462729
"35811",0.202943156753264
"3519",0.0626151974308289
"9918",0.0911078209867985
"3931",0.0297410790433947
"4129",0.0234658376430659
"17525",0.0560479228900775
"37328",0.0328628703296199
"35350",0.03505314918961
"25801",0.00714851887860688
"17652",0.308745270705115
"23226",0.0754018007549543
"34348",0.00271225297643738
"35027",0.515384898207549
"29040",0.429280532898169
"39308",0.364448915252543
"28767",0.0123599479188022
"19493",0.0620612100428013
"32701",0.488331702090383
"41975",0.194955660211523
"31340",0.618506273506904
"37723",0.0759176472327499
"29471",0.0521502216984579
"33473",0.0427501835078861
"42448",0.156039398654371
"43350",0.692123885344477
"34978",0.0607970377322058
"33253",0.362014727041517
"31002",0.619631423483709
"14154",0.560949892755559
"2768",0.110612489710643
"43689",0.831513626617595
"11205",0.0394504961739506
"28338",0.00428651002739104
"20265",0.0268921141166662
"5013",0.00469856941013813
"37999",0.0953578766142796
"21970",0.0436676668112062
"14421",0.0249181259289654
"39272",0.0061208560648184
"28059",0.0386197387981809
"5293",0.016955521276393
"45056",0.761249921103062
"43022",0.110568266808021
"33630",0.623199752209631
"24532",0.0234747151932438
"35596",0.0100331570639939
"22608",0.0750134579115987
"39899",0.315469190397023
"28332",0.00592473184377638
"22351",0.0470832910668014
"38410",0.29637853686272
"8126",0.0147850078827035
"23823",0.00305545787898813
"6074",0.14388007248355
"15895",0.0370768393162443
"41480",0.0371954749409605
"37833",0.0425156325324689
"12629",0.005856163498568
"40626",0.274335008329997
"11648",0.0335031690870654
"30334",0.0538112840042477
"38092",0.0292538018282388
"14120",0.000766549723209514
"28313",0.00170349419183779
"2202",0.073042751123824
"37261",0.662335864623187
"39918",0.140869594014686
"19271",0.0449110853878023
"17746",0.0271687905906152
"41960",0.690262810935963
"39233",0.00137532099115938
"7040",0.00219599312364695
"6301",0.0221711247735631
"37644",0.0927148490303917
"23734",0.00271365427298623
"7523",0.0159327578156085
"6911",0.00866053877613835
"5120",0.0248411878556605
"15795",0.445069102353791
"11700",0.00395778345470486
"2354",0.0654964035681494
"7291",0.0163479855222619
"10658",0.00288512885929872
"14824",0.00634798078014596
"30200",0.0811383200245328
"15528",0.115720872371433
"9964",0.0106335262723144
"454",0.0345888217470147
"22668",0.018112717272234
"24407",0.00200621137739548
"17201",0.110737591444641
"8280",0.0758480116577074
"13785",0.0409593141343831
"6299",0.0188173935550485
"43266",0.719193386377964
"35211",0.0300165985835022
"10994",0.00299844702190778
"25887",0.0827910371505695
"36136",0.0589947815076984
"38210",0.00391060188972574
"12670",0.0504805601403958
"34089",0.116666581525791
"25303",0.0064437180746149
"22019",0.0531340641743485
"22630",0.0340877748023448
"38313",0.0645282402668888
"38626",0.00756219451488507
"36065",0.0314153049151702
"40510",0.375661833575307
"3021",0.0845759432428208
"7165",0.164746769796646
"27134",0.0127404389999026
"28895",0.00467696833153595
"6318",0.0196690285698323
"28046",0.024259856581501
"42240",0.385824985390068
"12104",0.0011062438958771
"24080",0.0218923588167474
"28393",0.0677034355184185
"39528",0.393601432847782
"33002",0.15641499801332
"25752",0.0212176970186779
"4739",0.000455002246269349
"40676",0.629268792512158
"40002",0.0293792251270171
"20498",0.0204733454386939
"4949",0.0574296274497147
"5308",0.0128718781397446
"714",0.000270254234354802
"22415",0.038209012135232
"23744",0.0671082466117199
"18876",0.124703477442263
"11385",0.00130696501888628
"37002",0.00871629455087288
"14011",0.0909242344978674
"9214",0.00304119063443845
"20487",0.0262756434987047
"10644",0.281417123848264
"24252",0.00683060827632788
"17446",0.0469081287380429
"6143",0.0108647056432815
"36660",0.0016929185124474
"30052",0.278969269539949
"10426",0.029685644453221
"901",0.0241597301208618
"382",0.0158176548031815
"39601",0.1872227180953
"24620",0.750341376352756
"3625",0.00864612829008288
"13313",0.0068947480869262
"12730",0.00674057383305627
"30553",0.194475074383298
"45161",0.707464083289509
"22163",0.0194193957773682
"41675",0.735578742845122
"24882",0.00484189195579991
"2122",0.0491176370376295
"12954",0.110924545033896
"32542",0.309432442059964
"15248",0.0613436130448326
"10358",0.0356678915354049
"19138",0.0712044520749038
"44326",0.210776449335175
"19018",0.402843412716758
"42698",0.537264801283201
"23170",0.0207499688002107
"20321",0.0843445466069657
"26945",0.554774716055749
"13777",0.113604868682682
"24965",0.0334134804629538
"26491",0.339216835953562
"19922",0.0776934314876422
"42349",0.896432091487158
"11859",0.000718616987245944
"26273",0.0383687774553749
"17750",0.127095968735997
"10346",0.00387229817803868
"22061",0.060082575006476
"24480",0.00360738529454349
"10671",0.0488260064003506
"9756",0.147114736748569
"26342",0.00968806161815558
"44881",0.202870462189437
"13250",0.0081692274110899
"34585",0.034129822850633
"21071",0.00355582013613219
"33515",0.40187698477159
"35821",0.0693282810767595
"4688",0.0159893944376391
"36161",0.00947057265355964
"17106",0.0137003779198525
"38933",0.0805736490107966
"39807",0.637013573850206
"38083",0.07481600186349
"41526",0.405822718661111
"8948",0.0317998347104942
"40343",0.877464996400794
"17013",0.0227302122343543
"34672",0.843237922234024
"134",0.00322868360399262
"10642",0.00724784400138438
"30396",0.040071611567824
"22966",0.00844284256890248
"25834",0.094860453830653
"27156",0.208965579794144
"17657",0.0162577484615813
"13781",0.152499124929507
"28580",0.0248297394168408
"40574",0.0305902342505788
"19651",0.160815148676634
"697",0.000722159729300005
"18759",0.00297048647027223
"44601",0.000224074844585803
"19810",0.0118853075657871
"32501",0.113086520403394
"3481",0.0510074335621354
"33816",0.519754502596094
"32878",0.100318127509446
"4563",0.0223428573452661
"45052",0.132619096267507
"25286",0.0222626640049784
"1196",0.0147273903059044
"36827",0.264771556598164
"9505",0.054199755567018
"15050",0.025414529627902
"6246",0.00189227620791602
"1458",0.00781734248601048
"17980",0.033061163805702
"14636",0.371606112802434
"4809",0.0728271877316981
"33656",0.058294281323897
"5518",0.000214739809445115
"9478",0.028425593824861
"8023",0.00112152034012992
"12656",0.0167820675438151
"28665",0.0706754370924884
"44319",0.453606527700771
"4201",0.147843108975647
"28433",0.0530140259436516
"32331",0.0171837119035443
"36759",0.1061639160737
"29342",0.695748759223104
"40463",0.437012143822356
"9066",0.0286064054764817
"34767",0.0458167833412617
"5426",0.00712056826161315
"6317",0.0238560316848773
"27960",0.0873413657562443
"2170",0.0192408897603839
"42298",0.126134079135245
"28197",0.0059898412623252
"33408",0.133633621671948
"42026",0.365734435966793
"37444",0.135274774547707
"3609",0.00978170346398267
"40996",0.278395508216133
"44396",0.290766488577041
"21853",0.0141876435103081
"32826",0.0570353840570103
"24306",0.0142681826136172
"42860",0.981240662550484
"35045",0.0444763609796508
"42397",0.0116715123657655
"29107",0.258099739029404
"24421",0.0304956147795819
"10395",0.00431763309852264
"20149",0.0345639695803166
"42262",0.299741618811271
"30320",0.0287486719703467
"25123",0.0579080500424692
"3577",0.00740637374317468
"43707",0.322965853093859
"22912",0.00150788247097061
"23498",0.031697169505279
"29530",0.000840661433968089
"7521",0.000859349666935731
"29020",0.0765511334852153
"32953",0.28064530521102
"12331",0.0742270537273955
"16709",0.00664500686609933
"7951",0.00791180106339051
"11961",0.00110728954031789
"30994",0.0406871996092844
"30227",0.0157681009062723
"16061",0.0105347981635388
"23891",0.0691798788236754
"40422",0.181514994623444
"43664",0.801177561844013
"6145",0.00871941237325425
"36981",0.0255661988458483
"3589",0.00531245436295357
"23855",0.0476595637602176
"35567",0.657016654748194
"7716",0.000796163196194882
"23049",0.0771052290611542
"29497",0.103568156468638
"6225",0.0130534661987711
"33475",0.111529197700708
"1988",0.0213772622228348
"43470",0.0587900563759004
"940",0.0106351501852853
"7645",0.00548201222920764
"36568",0.0524732985298928
"44615",0.625449756937573
"2464",0.00832095996852044
"4824",0.012947493296134
"16457",0.0506290113179834
"29818",0.00514764276900574
"20829",0.00540361467689743
"11762",0.00126076386933877
"10230",0.0264279779970332
"27048",0.0156374645723836
"34927",0.00114557481726319
"5438",0.0124867243669164
"34704",0.0598308706599528
"39902",0.438743928096693
"25547",0.0783724041910577
"15255",0.0245312576932092
"11227",0.00353927155188063
"29204",0.0936197220947189
"15629",0.0992767938503434
"19838",0.119152771630294
"32663",0.666241056810957
"27675",0.00189354061133125
"22084",0.0324284332828813
"41963",0.650323980247404
"13924",0.00969756910633683
"14825",0.0287647219199854
"4669",0.0571925608435984
"21228",0.00389375448869452
"37838",0.0675395640897589
"44213",0.0127606262766858
"40060",0.772985934035219
"26156",0.0445920430997404
"36862",0.0517433076349897
"15971",0.0390746525762765
"20696",0.114868308058093
"34982",0.487009600756278
"12546",0.0145717826832827
"12322",0.0565030358945017
"28720",0.0226294389684885
"29999",0.0367350611911508
"32192",0.0505436314144845
"3180",0.00797428438076584
"40751",0.519232304758916
"29920",0.00233991642426915
"30275",0.00740587162962353
"20656",0.0131643997531855
"22132",0.0528090157306909
"319",0.0072558110617136
"39096",0.02418631794543
"41429",0.843799762892771
"33769",0.146105432949798
"2892",0.00533423968502158
"27586",0.0863372865821559
"43539",0.576609983257338
"33641",0.0913536352755291
"6261",0.00419050407625502
"3851",0.00728577791761033
"39699",0.0085125557811
"19752",0.026473116281864
"38795",0.00252901193353528
"20856",0.00121485340106712
"22918",0.00532423575975075
"41865",0.210153769003085
"38039",0.0124327510406414
"43037",0.0340457983011637
"27505",0.000681730504309006
"38513",0.0258460630419832
"8528",0.197892109542563
"22372",0.143483166189008
"17232",0.0301616275796921
"11545",0.0697060564005508
"42355",0.723057562599554
"12296",0.0737733030052423
"5624",0.000828106221773702
"13647",0.0777171902598132
"44547",0.00347258618490944
"22176",0.0152163705632414
"2340",0.00398190546793423
"6216",0.0134893770208428
"33803",0.210232165544905
"27933",0.00203809669239435
"44853",0.824318986812259
"41937",0.18877869639654
"24425",0.0092171935907162
"41009",0.56861366579171
"1336",0.0096278443058905
"23994",0.0492194978384665
"25670",0.00753426032350861
"43171",0.27103510930772
"38726",0.406202892041438
"13309",0.127062030842513
"35504",0.0430567044600228
"6360",0.0144258686083285
"6799",0.00136941106179128
"28280",0.0538305288706596
"11425",0.0120662257636571
"5322",0.016764564855673
"40077",0.2317106510207
"7984",0.0791843679832914
"25163",0.155885617242269
"35815",0.482015540917639
"25234",0.0903980123017798
"34635",0.146405168920021
"24510",0.261880198423791
"43038",0.378207431585409
"25307",0.0263025901918661
"44304",0.00218431957319373
"15812",0.473197419823631
"27021",0.0113623330526309
"21879",0.00692238838137888
"33066",0.00184604934961252
"13627",0.0023101473062165
"1517",0.0347866202667922
"28282",0.0702689193320155
"44332",0.594195135839347
"1077",0.00695942785483941
"25724",0.199470519841854
"38004",0.092590311396588
"15148",0.00336774495755143
"24017",0.00663356679044298
"17158",0.00265918710138845
"32428",0.0372272587129387
"30690",0.00545617036610969
"25265",0.00216760788676228
"18186",0.00467101447155928
"9474",0.00416986626486574
"21380",0.0151679206923106
"1084",0.0079208270940872
"14599",0.0149829412337105
"37701",0.00243437565388189
"41379",0.157478383942463
"42982",0.330417085685522
"33528",0.00307664538039086
"3426",0.00108887398741934
"44771",0.430087579080279
"30487",0.624333522271403
"43141",0.364667998478912
"34957",0.768843059122371
"12783",0.038335030959839
"33354",0.045202193596844
"9596",0.184160648759627
"39183",0.00564774637917387
"23748",0.0156785154487593
"38943",0.00175000663845361
"24528",0.310985801007928
"43885",0.0834809530590258
"38107",0.0285900983922252
"13903",0.0287887599146491
"2843",0.0141749540149033
"472",0.0513977236172874
"1850",0.0283823323726443
"23263",0.0148355398871229
"37506",0.0298321243422571
"24871",0.0863770847831771
"31104",0.155175376474355
"22896",0.144542581367781
"15955",0.0417214313484519
"43068",0.56229668827632
"26163",0.00225090959051404
"4774",0.011971415504011
"9878",0.00457048872347103
"14137",0.4028901031997
"10004",0.0167197719745373
"24295",0.121289573249458
"3818",0.0120503652470188
"24612",0.0251107626586564
"32195",0.693594978270012
"849",0.00523184259573909
"19625",0.0387716002327326
"35931",0.0445075214327305
"25134",0.104141137451327
"37225",0.151130482480344
"22218",0.0406196594842689
"13661",0.0622138891851402
"7319",0.0266846390487279
"11889",0.0350304197531397
"43466",0.127808247801596
"29582",0.0405099022189589
"27853",0.0246099025469904
"32022",0.189051840685544
"18594",0.157994574653165
"37186",0.0149486121008161
"21",0.0127992541268338
"23912",0.224088367360928
"37909",0.0675754905498389
"3675",0.0195342018971639
"7222",0.017138031594909
"41049",0.620257608093571
"33091",0.533819898914656
"25727",0.0574132000360331
"14271",0.0266434083273319
"18663",0.00171363652363008
"33378",0.0618586459810303
"37949",0.127046924124271
"25674",0.0159722084558124
"9191",0.00155975044716409
"1600",0.00691298185522531
"27052",0.00157354429179917
"42948",0.394893758556175
"16385",0.0101488967539378
"43238",0.916722602289251
"19179",0.710400693763687
"4040",0.000623712645393608
"16182",0.00161171337182604
"45123",0.00101255856267526
"29698",0.456059381336245
"39100",0.227744336720232
"8332",0.000501732175250811
"30593",0.69656153814706
"42122",0.0910631451107394
"23033",0.0448315316312476
"37084",0.110069433137151
"37691",0.877731355830756
"38574",0.00567069360207358
"24126",0.00240412017051202
"22471",0.0569025082628121
"26336",0.00167000452761594
"45009",0.225658111470191
"4191",0.00295972743218193
"36640",0.0030038999805316
"31197",0.0968138766974578
"10918",0.0286288516882511
"324",0.0204155499169325
"9949",0.220354582046181
"3998",0.0141943200953722
"37601",0.129192801729431
"7619",0.00142851796350468
"27508",0.00578666838468919
"34385",0.00240387683715632
"42675",0.168706256631047
"14856",0.033678666299754
"43830",0.757525222731921
"30104",0.00233735477180589
"15446",0.242925389922295
"19639",0.0877441675684149
"44544",0.119281912762016
"8730",0.0363611756636476
"27777",0.558100079152325
"23361",0.00327094290585301
"7302",0.056529584985165
"2564",0.0121671412659579
"12",0.0124582344962085
"34138",0.158595915405457
"20002",0.0093627686570069
"4038",0.157955699605584
"27821",0.204864374426444
"21782",0.524293253042007
"26064",0.0509941823476956
"28769",0.0625683193671726
"27240",0.00155187308972406
"14998",0.0184918061943647
"19974",0.033994627345545
"21903",0.032756156907113
"15855",0.00146716911755024
"8974",0.0470996362305354
"36531",0.0311001056751787
"30369",0.243571881833389
"13948",0.0171587791886331
"12913",0.0695499491160695
"20248",0.00345237663807989
"6669",0.00351777171602811
"32489",0.103514916140146
"17449",0.0187631054694001
"1777",0.00967952561516269
"9948",0.953734933304564
"7209",0.0262511974204644
"11734",0.00477524799312705
"22411",0.00832684215235414
"34266",0.204842001862725
"19332",0.148756885773004
"25467",0.0211859420677287
"2747",0.00568432361509719
"38758",0.00120453503317248
"7968",0.0160400698152507
"23407",0.00098843943893462
"1895",0.0655750760963296
"29011",0.0652461840032992
"45092",0.0341234041786525
"16300",0.100615744636287
"18236",0.0430878489277361
"9276",0.00504240857966048
"42340",0.183303139885478
"38566",0.00143873048402393
"19382",0.228025304523319
"33302",0.0508671253930505
"4474",0.0010625103691577
"43125",0.0652291255510968
"9820",0.0074867507550252
"4756",0.00863267334459457
"44907",0.00691160959307773
"38828",0.0978150722455201
"31388",0.100900445149733
"31286",0.688361738740633
"6497",0.0103459364205143
"2533",0.00340713191189842
"33611",0.00254335008672113
"33093",0.191650286467826
"2013",0.00115519106470653
"11111",0.00975215691258493
"19195",0.0635313211568021
"27955",0.054160384262591
"12181",0.000519548579973526
"42290",0.200755900291024
"657",0.0220068343796331
"23202",0.00407276092722224
"28811",0.0729180271583137
"11306",0.00244497840913409
"8199",0.0124091399432087
"31896",0.0435561544297315
"26434",0.00429249923116003
"37194",0.0605900080404218
"4888",0.0119721203274671
"9652",0.0406246289247451
"12902",0.0576522611810042
"14057",0.0385100117133923
"31360",0.560272391041619
"44278",0.00104978313396275
"18470",0.00414305092225711
"4517",0.0115683131648054
"39050",0.0438586690391442
"13507",0.146661935980157
"41701",0.577204091147308
"1723",0.000713189994762923
"8760",0.0590163775203016
"39258",0.00413906492988012
"34828",0.218124477719383
"22540",0.00573598952031896
"25772",0.016960426528737
"28370",0.048024447993
"30113",0.154059105610553
"28191",0.680010110375015
"27341",0.00373167283317465
"7830",0.0118323205984892
"31100",0.310143480694654
"211",0.00976912002878571
"7514",0.000947231923518591
"12164",0.000553173855721882
"39053",0.0195132234089665
"30095",0.0143813165031935
"34307",0.0309162696059212
"9966",0.000362332499877426
"11714",0.0403747734476109
"38688",0.177831962678921
"9389",0.00737885942488404
"40023",0.280301319764495
"26470",0.0032618329737585
"21546",0.0328961262483403
"4637",0.00115537670307677
"20874",0.00585561364439723
"9684",0.0109336910415145
"8230",0.00808542101276165
"37862",0.0178403875163305
"36813",0.0103013914043643
"880",0.00598575716730127
"949",0.0619771829403621
"22027",0.012920102699887
"37634",0.0907390830063857
"24925",0.199611282786453
"17084",0.118466575123688
"29076",0.05037181839385
"38546",0.571599612301552
"25768",0.0193953987630848
"32144",0.043874037403205
"4255",0.0217717437436985
"8700",0.000565013873765325
"38207",0.0298015795192473
"35616",0.0543174197600864
"13377",0.0250474375027908
"40933",0.549098580005683
"39511",0.14025621982518
"36295",0.0283609603692439
"26718",0.0923860524606102
"5490",0.0115384633763393
"31888",0.0398748490490748
"22306",0.00537717684555882
"12582",0.0081762186200593
"19971",0.0511143511001709
"34197",0.123143375837983
"35617",0.0593182550607344
"164",0.0415512411399853
"19468",0.0345786146538139
"32926",0.210352780386027
"32391",0.365804131240168
"25777",0.1466249631052
"20571",0.00410917785079215
"37590",0.000922765732129329
"3811",0.0066167203429759
"40029",0.105540834788007
"5577",0.00158760680055153
"18065",0.0578800575301591
"628",0.0331135223404498
"2550",0.0015573146606126
"16832",0.0333206029498788
"25500",0.019163303432189
"7582",0.0892612830214826
"34207",0.0579923463978062
"43546",0.0689805900455842
"20737",0.212245498144658
"28101",0.0372934525837738
"2901",0.0208257154546582
"20734",0.0408204587448043
"32823",0.102799401489543
"1479",0.0130240805184048
"10518",0.0150424220104347
"44483",0.0658122419018734
"33808",0.0221966834938097
"25592",0.134781354417718
"37353",0.016810960283582
"6665",0.0117908977238233
"36335",0.0437533826364464
"1366",0.0159512044813849
"34374",0.0531018450219522
"40227",0.901498858461015
"14773",0.00533031578204821
"16290",0.0725823481339141
"16766",0.00232691092712845
"44578",0.00173405902766821
"22325",0.0830338451958772
"25107",0.289387576291059
"18240",0.00513536408546733
"21031",0.0464153177582337
"17694",0.151915959138893
"31338",0.983722118136909
"5366",0.0141783381642618
"3508",0.00084294850091174
"13146",0.0412808593960864
"23098",0.00158437369609475
"23700",0.00950709516380401
"10891",0.0194607446639951
"10166",0.00272635557775266
"21889",0.0817320305773115
"27670",0.0266488495067339
"17876",0.070554801016086
"31183",0.176285853443566
"30014",0.00274550289913228
"20757",0.00780989375717105
"16884",0.0432185253482809
"10769",0.00270224464308773
"26537",0.0317466183896477
"27828",0.0179061862338855
"5155",0.00190705933979827
"19434",0.0619227593450503
"6349",0.00998957603432792
"34482",0.0105204890145534
"2292",0.000948142332799273
"19267",0.0352345638379416
"2520",0.183860578338324
"39573",0.0822176114863066
"36282",0.0640717572369923
"28749",0.0454581204717981
"40814",0.648099312401646
"13003",0.00934107336713691
"31444",0.954593728053527
"12635",0.00241555807405822
"23257",0.0398705185567354
"31368",0.257835316171161
"33306",0.275909985981312
"60",0.393799597936057
"9989",0.0373450882531254
"24813",0.0171006344870338
"4928",0.000248682856570199
"8598",0.0441849376943481
"24856",0.189358830197202
"22344",0.00379926312046877
"7689",0.0375670177743943
"44154",0.182726028419324
"43548",0.86530257455555
"21887",0.347760333490629
"14240",0.0286810520363744
"1919",0.00671425423530353
"11308",0.0711017034775674
"17895",0.0439453082212607
"11838",0.222922129007647
"44775",0.00619948574264509
"8487",0.0130987490503122
"22291",0.0294060471092824
"5726",0.0104237626264077
"4900",0.0191943139155526
"20043",0.68167532517067
"33078",0.216669549825659
"27750",0.149475410529648
"14023",0.0392849182722395
"40467",0.590857109767985
"26563",0.10930538968615
"41567",0.114523752197143
"26206",0.0592754083380385
"23841",0.0127693884400424
"30908",0.416188905706071
"29280",0.155017168800418
"6640",0.023007379640252
"27797",0.00621810924279164
"44715",0.413095545299364
"15063",0.0864923157588156
"8666",0.0194884087235407
"13744",0.0183075144287335
"11641",0.0142812285927558
"19729",0.0444422637108906
"21708",0.0419124332989682
"19254",0.0654231206774609
"43489",0.0848207965403064
"24172",0.00252873515794206
"6496",0.0262690855141469
"25202",0.00602612223400296
"28795",0.160035179736047
"13014",0.0129505539810606
"11268",0.131901500894151
"1864",0.082480341445882
"8867",0.0323398489923228
"3941",0.00659563514203743
"41470",0.800268387366768
"36992",0.116119436049767
"14556",0.000677500828143974
"37570",0.047693846083422
"20300",0.00251979066338796
"16291",0.0109124882150063
"7278",0.0501381472775925
"722",0.0091336260508416
"14006",0.155123557630106
"7012",0.061502766230641
"14800",0.0230221029329646
"42808",0.605477793587306
"9871",0.0299829474166449
"5743",0.00853415439243532
"30105",0.297836350765353
"3407",0.00769929465917747
"13048",0.0378165599249248
"22954",0.0447809347734258
"39338",0.0203404083481977
"17852",0.0058322214114352
"23940",0.0311323428744706
"29315",0.533008302805341
"18722",0.0046772715685883
"18636",0.28067062097723
"15758",0.0235018909046601
"44074",0.000797466398726923
"3827",0.0107743165513927
"41732",0.329925697043765
"38246",0.220443312176875
"19671",0.0615584543116993
"30703",0.0457999859805985
"18870",0.0700532936295191
"4786",0.00387827444145622
"37373",0.00384561042802792
"23440",0.012807400954157
"41033",0.880218774411
"40954",0.224522022097103
"25157",0.0631453806443848
"23747",0.0752550545777045
"44166",0.686451751975029
"41764",0.771272391772362
"32918",0.0439681629154766
"4313",0.0130638833915841
"7759",0.0637682356248616
"22046",0.00667279206425132
"4050",0.0329850519447346
"42484",0.333997509281724
"29275",0.0736334686137742
"27995",0.0387475764009572
"2784",0.0258010831615878
"7553",0.0752918060750166
"22202",0.222305845250323
